t1,treatment_1,t2,treatment_2,mean,lcl,ucl,effect_95CrI
trt_002,Acupuncture + AD,trt_001,Acupuncture,0.6786659444557493,0.13122789667457194,1.3767877812328606,0.679 (0.131 to 1.377)
trt_003,Any AD,trt_001,Acupuncture,0.007943546915538889,-1.2001112773448646,0.653215934239982,0.008 (-1.200 to 0.653)
trt_004,Any psychotherapy,trt_001,Acupuncture,-0.5041800351700746,-2.667199507598025,0.6531543126769925,-0.504 (-2.667 to 0.653)
trt_005,Attention placebo,trt_001,Acupuncture,-0.5452146828007741,-2.6506099409123594,0.6530832610268091,-0.545 (-2.651 to 0.653)
trt_006,Behavioural therapies individual,trt_001,Acupuncture,-0.7279693029973763,-2.9179541872315427,0.6530805910119216,-0.728 (-2.918 to 0.653)
trt_007,Behavioural therapies individual + AD,trt_001,Acupuncture,0.13470599199312425,-1.3699186334849922,0.7040620763795876,0.135 (-1.370 to 0.704)
trt_008,Cognitive and cognitive behavioural therapies group,trt_001,Acupuncture,0.27098206405794845,-0.7130160971307354,0.6680198060784173,0.271 (-0.713 to 0.668)
trt_009,Cognitive and cognitive behavioural therapies group + AD,trt_001,Acupuncture,0.34092831616481933,-0.9083338128616886,1.0639493598958745,0.341 (-0.908 to 1.064)
trt_010,Cognitive and cognitive behavioural therapies individual,trt_001,Acupuncture,0.17975319022517983,-0.7475853265895683,0.6537592626483945,0.180 (-0.748 to 0.654)
trt_011,Cognitive and cognitive behavioural therapies individual + AD,trt_001,Acupuncture,0.5542943626409713,-0.12449124994113016,1.1337114434133213,0.554 (-0.124 to 1.134)
trt_012,Cognitive and cognitive behavioural therapies individual + placebo,trt_001,Acupuncture,0.49870299516546085,-0.48684901908868516,1.2688879929466284,0.499 (-0.487 to 1.269)
trt_013,Counselling individual,trt_001,Acupuncture,0.09419471510528171,-1.0920553220292684,0.6546084872069612,0.094 (-1.092 to 0.655)
trt_014,Counselling individual + AD,trt_001,Acupuncture,-0.16754064539248972,-2.1720479671688384,0.6589033379641347,-0.168 (-2.172 to 0.659)
trt_015,Counselling individual + placebo,trt_001,Acupuncture,-0.3401761875417443,-2.9457650943254965,0.6635078769674486,-0.340 (-2.946 to 0.664)
trt_016,Exercise group,trt_001,Acupuncture,0.23683625349978085,-0.8912953854417354,0.6759549571733265,0.237 (-0.891 to 0.676)
trt_017,Exercise group + AD,trt_001,Acupuncture,1.521387056126755,0.5581262599970307,3.5702636491999455,1.521 (0.558 to 3.570)
trt_018,Exercise individual,trt_001,Acupuncture,0.16637955943993848,-1.0145412389394672,0.6608473439286349,0.166 (-1.015 to 0.661)
trt_019,Exercise individual + AD,trt_001,Acupuncture,0.48592250894194694,-0.5278185922425861,1.2550029769358209,0.486 (-0.528 to 1.255)
trt_020,Interpersonal psychotherapy (IPT) individual,trt_001,Acupuncture,0.011933788356813508,-1.2902355494887752,0.6538119610885407,0.012 (-1.290 to 0.654)
trt_021,Interpersonal psychotherapy (IPT) individual + AD,trt_001,Acupuncture,0.11291584278726782,-1.1684776289109573,0.6583975071070565,0.113 (-1.168 to 0.658)
trt_022,Interpersonal psychotherapy (IPT) individual + placebo,trt_001,Acupuncture,-0.010806160979079766,-1.4846470402182308,0.6555530827013551,-0.011 (-1.485 to 0.656)
trt_023,Light therapy,trt_001,Acupuncture,0.2242481426876152,-1.1726650333326516,0.8609265552794894,0.224 (-1.173 to 0.861)
trt_024,Light therapy + AD,trt_001,Acupuncture,0.37448289728383105,-0.7040045091857781,0.9860347171252468,0.374 (-0.704 to 0.986)
trt_025,Mindfulness or meditation group,trt_001,Acupuncture,1.888496689159449,0.5589710238189105,4.476939858831047,1.888 (0.559 to 4.477)
trt_026,Mirtazapine,trt_001,Acupuncture,0.10618502203517645,-0.8925606832859054,0.6531756938529196,0.106 (-0.893 to 0.653)
trt_027,Music therapy group,trt_001,Acupuncture,0.15470846497263643,-1.6393275751545269,1.041757307034896,0.155 (-1.639 to 1.042)
trt_028,No treatment,trt_001,Acupuncture,-0.17773325169147064,-1.5407049958012737,0.6530933001023664,-0.178 (-1.541 to 0.653)
trt_029,Peer support group,trt_001,Acupuncture,0.3518122778650211,-1.1293053363494034,1.3259229248656856,0.352 (-1.129 to 1.326)
trt_030,Peer support group + AD,trt_001,Acupuncture,0.41224975104209866,-1.0066966627295746,1.4466032394162907,0.412 (-1.007 to 1.447)
trt_031,Placebo,trt_001,Acupuncture,-0.19901399083119453,-1.455251244954745,0.6530805910119216,-0.199 (-1.455 to 0.653)
trt_032,Problem solving group,trt_001,Acupuncture,1.2605555455155368,0.5560212101681559,2.8845176259548624,1.261 (0.556 to 2.885)
trt_033,Problem solving individual,trt_001,Acupuncture,0.2455649308688696,-0.8125097277741918,0.66857926241857,0.246 (-0.813 to 0.669)
trt_034,Psychoeducation group,trt_001,Acupuncture,0.4407060694945989,-0.934478370681674,1.4793802161304965,0.441 (-0.934 to 1.479)
trt_035,Psychoeducation group + AD,trt_001,Acupuncture,-0.08004363943662413,-1.8999116373917109,0.6601734298145079,-0.080 (-1.900 to 0.660)
trt_036,Relaxation individual + AD,trt_001,Acupuncture,0.1796172520939284,-1.3925922414121965,0.8945033907139014,0.180 (-1.393 to 0.895)
trt_037,Relaxation individual + placebo,trt_001,Acupuncture,-0.13546785326969035,-2.0160407665451148,0.6575561858863795,-0.135 (-2.016 to 0.658)
trt_038,SNRIs,trt_001,Acupuncture,0.08725981047314849,-0.8929204992905934,0.6531143377530946,0.087 (-0.893 to 0.653)
trt_039,SSRIs,trt_001,Acupuncture,0.05921581887500743,-0.9308940579149954,0.6530832610268091,0.059 (-0.931 to 0.653)
trt_040,Self-help,trt_001,Acupuncture,0.06266772220412649,-1.0949070563048349,0.6535072477960285,0.063 (-1.095 to 0.654)
trt_041,Self-help with support,trt_001,Acupuncture,0.05004327517219655,-1.121533399379217,0.6533863134768144,0.050 (-1.122 to 0.653)
trt_042,Sham acupuncture,trt_001,Acupuncture,-0.11243500612821733,-1.3665420084147821,0.6530805910119216,-0.112 (-1.367 to 0.653)
trt_043,Short-term psychodynamic psychotherapies individual,trt_001,Acupuncture,0.07667717954082555,-1.1706515062496627,0.6551379337275633,0.077 (-1.171 to 0.655)
trt_044,Short-term psychodynamic psychotherapies individual + AD,trt_001,Acupuncture,-0.04490369707634204,-1.817798190255002,0.6625032139675229,-0.045 (-1.818 to 0.663)
trt_045,TAU,trt_001,Acupuncture,-0.06096406959490611,-1.3662571449668954,0.6531534386051998,-0.061 (-1.366 to 0.653)
trt_046,TCAs,trt_001,Acupuncture,0.10142212907277158,-0.8562177647989736,0.6531433156051203,0.101 (-0.856 to 0.653)
trt_047,Trazodone,trt_001,Acupuncture,-0.015458463960385128,-1.17101654993942,0.6530933001023664,-0.015 (-1.171 to 0.653)
trt_048,Waitlist,trt_001,Acupuncture,-0.6374118690810944,-2.4294163112356566,0.6530805910119216,-0.637 (-2.429 to 0.653)
trt_049,Yoga group,trt_001,Acupuncture,0.18894026596706473,-1.1601266049675687,0.7074667406577054,0.189 (-1.160 to 0.707)
trt_050,Yoga group + AD,trt_001,Acupuncture,0.6025987809768288,-0.7098903943291336,1.9125913646795412,0.603 (-0.710 to 1.913)
trt_001,Acupuncture,trt_002,Acupuncture + AD,-0.07415224810904017,-1.3767877812328606,0.6531429642743322,-0.074 (-1.377 to 0.653)
trt_003,Any AD,trt_002,Acupuncture + AD,-0.3684655493668559,-1.9572622598391907,0.6530805910119216,-0.368 (-1.957 to 0.653)
trt_004,Any psychotherapy,trt_002,Acupuncture + AD,-0.8805891314524694,-3.4179754670749,0.6530805910119216,-0.881 (-3.418 to 0.653)
trt_005,Attention placebo,trt_002,Acupuncture + AD,-0.921623779083169,-3.4190514935422307,0.6530805910119216,-0.922 (-3.419 to 0.653)
trt_006,Behavioural therapies individual,trt_002,Acupuncture + AD,-1.104378399279771,-3.6835413305697666,0.6530805910119216,-1.104 (-3.684 to 0.653)
trt_007,Behavioural therapies individual + AD,trt_002,Acupuncture + AD,-0.24170310428927055,-2.1237771523251414,0.6540955597351444,-0.242 (-2.124 to 0.654)
trt_008,Cognitive and cognitive behavioural therapies group,trt_002,Acupuncture + AD,-0.10542703222444642,-1.473709121597901,0.6531385894294912,-0.105 (-1.474 to 0.653)
trt_009,Cognitive and cognitive behavioural therapies group + AD,trt_002,Acupuncture + AD,-0.035480780117575474,-1.6571799151369844,0.6578007789030823,-0.035 (-1.657 to 0.658)
trt_010,Cognitive and cognitive behavioural therapies individual,trt_002,Acupuncture + AD,-0.19665590605721497,-1.5127801656530002,0.6530805910119216,-0.197 (-1.513 to 0.653)
trt_011,Cognitive and cognitive behavioural therapies individual + AD,trt_002,Acupuncture + AD,0.17788526635857652,-0.8828417431466331,0.6562211836410069,0.178 (-0.883 to 0.656)
trt_012,Cognitive and cognitive behavioural therapies individual + placebo,trt_002,Acupuncture + AD,0.12229389888306609,-1.242215540117235,0.6652426081936158,0.122 (-1.242 to 0.665)
trt_013,Counselling individual,trt_002,Acupuncture + AD,-0.28221438117711306,-1.8602094415833135,0.6530805910119216,-0.282 (-1.860 to 0.653)
trt_014,Counselling individual + AD,trt_002,Acupuncture + AD,-0.5439497416748845,-2.918808649400357,0.6533668601601277,-0.544 (-2.919 to 0.653)
trt_015,Counselling individual + placebo,trt_002,Acupuncture + AD,-0.7165852838241392,-3.689556445098217,0.6542909230357176,-0.717 (-3.690 to 0.654)
trt_016,Exercise group,trt_002,Acupuncture + AD,-0.13957284278261392,-1.6335952188123901,0.6532321591276093,-0.140 (-1.634 to 0.653)
trt_017,Exercise group + AD,trt_002,Acupuncture + AD,1.1449779598443603,0.5312004753898493,2.8143256574927036,1.145 (0.531 to 2.814)
trt_018,Exercise individual,trt_002,Acupuncture + AD,-0.2100295368424563,-1.7650941216351954,0.6531143377530946,-0.210 (-1.765 to 0.653)
trt_019,Exercise individual + AD,trt_002,Acupuncture + AD,0.10951341265955217,-1.2839193006804352,0.6642674926052579,0.110 (-1.284 to 0.664)
trt_020,Interpersonal psychotherapy (IPT) individual,trt_002,Acupuncture + AD,-0.3644753079255813,-2.0407245403676293,0.6530805910119216,-0.364 (-2.041 to 0.653)
trt_021,Interpersonal psychotherapy (IPT) individual + AD,trt_002,Acupuncture + AD,-0.263493253495127,-1.9154198618061746,0.6531385894294912,-0.263 (-1.915 to 0.653)
trt_022,Interpersonal psychotherapy (IPT) individual + placebo,trt_002,Acupuncture + AD,-0.38721525726147454,-2.227626281588772,0.6531143377530946,-0.387 (-2.228 to 0.653)
trt_023,Light therapy,trt_002,Acupuncture + AD,-0.1521609535947796,-1.9196510527540491,0.6549097143759239,-0.152 (-1.920 to 0.655)
trt_024,Light therapy + AD,trt_002,Acupuncture + AD,-0.0019261989985637441,-1.4463303525623576,0.6551397476767752,-0.002 (-1.446 to 0.655)
trt_025,Mindfulness or meditation group,trt_002,Acupuncture + AD,1.5120875928770543,0.5563416660034496,3.725025797981376,1.512 (0.556 to 3.725)
trt_026,Mirtazapine,trt_002,Acupuncture + AD,-0.27022407424721834,-1.6349322677852731,0.6530805910119216,-0.270 (-1.635 to 0.653)
trt_027,Music therapy group,trt_002,Acupuncture + AD,-0.22170063130975837,-2.3865190085553745,0.6597291652077188,-0.222 (-2.387 to 0.660)
trt_028,No treatment,trt_002,Acupuncture + AD,-0.5541423479738655,-2.301217987571079,0.6530805910119216,-0.554 (-2.301 to 0.653)
trt_029,Peer support group,trt_002,Acupuncture + AD,-0.024596818417373725,-1.8780265363502318,0.6728584854888469,-0.025 (-1.878 to 0.673)
trt_030,Peer support group + AD,trt_002,Acupuncture + AD,0.03584065475970385,-1.7548559950934899,0.698462345627253,0.036 (-1.755 to 0.698)
trt_031,Placebo,trt_002,Acupuncture + AD,-0.5754230871135892,-2.1978579026510916,0.6530805910119216,-0.575 (-2.198 to 0.653)
trt_032,Problem solving group,trt_002,Acupuncture + AD,0.884146449233142,0.14883162795606697,2.168777877314572,0.884 (0.149 to 2.169)
trt_033,Problem solving individual,trt_002,Acupuncture + AD,-0.1308441654135252,-1.5827599097934184,0.6531552009286231,-0.131 (-1.583 to 0.653)
trt_034,Psychoeducation group,trt_002,Acupuncture + AD,0.06429697321220411,-1.692942795379656,0.730952641500044,0.064 (-1.693 to 0.731)
trt_035,Psychoeducation group + AD,trt_002,Acupuncture + AD,-0.4564527357190189,-2.6569644897021663,0.65339319425208775,-0.456 (-2.657 to 0.653)
trt_036,Relaxation individual + AD,trt_002,Acupuncture + AD,-0.19679184418846637,-2.139884117500458,0.6560494930095478,-0.197 (-2.140 to 0.656)
trt_037,Relaxation individual + placebo,trt_002,Acupuncture + AD,-0.5118769495520852,-2.76367348262482,0.6532857066454324,-0.512 (-2.764 to 0.653)
trt_038,SNRIs,trt_002,Acupuncture + AD,-0.2891492858092463,-1.6332685848982544,0.6530805910119216,-0.289 (-1.633 to 0.653)
trt_039,SSRIs,trt_002,Acupuncture + AD,-0.31719327740738734,-1.6676492417823652,0.6530805910119216,-0.317 (-1.668 to 0.653)
trt_040,Self-help,trt_002,Acupuncture + AD,-0.3137413740782683,-1.8827275850223668,0.6530805910119216,-0.314 (-1.883 to 0.653)
trt_041,Self-help with support,trt_002,Acupuncture + AD,-0.32636582111019824,-1.9023480344641939,0.6530805910119216,-0.326 (-1.902 to 0.653)
trt_042,Sham acupuncture,trt_002,Acupuncture + AD,-0.48884410241061216,-2.370635982951193,0.6530805910119216,-0.489 (-2.371 to 0.653)
trt_043,Short-term psychodynamic psychotherapies individual,trt_002,Acupuncture + AD,-0.29973191674156935,-1.9362969826012424,0.6530832610268091,-0.300 (-1.936 to 0.653)
trt_044,Short-term psychodynamic psychotherapies individual + AD,trt_002,Acupuncture + AD,-0.4213127933587368,-2.563332468897772,0.65339319425208775,-0.421 (-2.563 to 0.653)
trt_045,TAU,trt_002,Acupuncture + AD,-0.4373731658773009,-2.1213294984216873,0.6530805910119216,-0.437 (-2.121 to 0.653)
trt_046,TCAs,trt_002,Acupuncture + AD,-0.27498696720962323,-1.6024730217324186,0.6530805910119216,-0.275 (-1.602 to 0.653)
trt_047,Trazodone,trt_002,Acupuncture + AD,-0.3918675602427799,-1.9122894681720748,0.6530805910119216,-0.392 (-1.912 to 0.653)
trt_048,Waitlist,trt_002,Acupuncture + AD,-1.013820965363489,-3.23739187804211,0.6530805910119216,-1.014 (-3.237 to 0.653)
trt_049,Yoga group,trt_002,Acupuncture + AD,-0.18746883031533007,-1.9307052421378372,0.6539799047940638,-0.187 (-1.931 to 0.654)
trt_050,Yoga group + AD,trt_002,Acupuncture + AD,0.22618968469443404,-1.4575696926753672,1.154707087928531,0.226 (-1.458 to 1.155)
trt_001,Acupuncture,trt_003,Any AD,0.5965701494311703,-0.02262661714384365,1.2001112773448646,0.597 (-0.023 to 1.200)
trt_002,Acupuncture + AD,trt_003,Any AD,0.9729792457135651,0.5535825764403584,1.9572622598391904,0.973 (0.554 to 1.957)
trt_004,Any psychotherapy,trt_003,Any AD,-0.20986673391225888,-2.04584959210655,0.6543523762666626,-0.210 (-2.046 to 0.654)
trt_005,Attention placebo,trt_003,Any AD,-0.2509013815429584,-2.041942212668955,0.653452001093242,-0.251 (-2.042 to 0.653)
trt_006,Behavioural therapies individual,trt_003,Any AD,-0.4336560017395606,-2.290672828896073,0.6530832610268091,-0.434 (-2.291 to 0.653)
trt_007,Behavioural therapies individual + AD,trt_003,Any AD,0.42901929325093996,-0.7278679376623867,1.242284490010262,0.429 (-0.728 to 1.242)
trt_008,Cognitive and cognitive behavioural therapies group,trt_003,Any AD,0.5652953653157641,-0.05429711682366525,1.1127619159685933,0.565 (-0.054 to 1.113)
trt_009,Cognitive and cognitive behavioural therapies group + AD,trt_003,Any AD,0.635241617422635,-0.09909386778357099,1.4312196681212344,0.635 (-0.099 to 1.431)
trt_010,Cognitive and cognitive behavioural therapies individual,trt_003,Any AD,0.4740664914829955,-0.07517356124403482,0.7616469418685974,0.474 (-0.075 to 0.762)
trt_011,Cognitive and cognitive behavioural therapies individual + AD,trt_003,Any AD,0.8486076638987871,0.529653750522612,1.6484502241470471,0.849 (0.530 to 1.648)
trt_012,Cognitive and cognitive behavioural therapies individual + placebo,trt_003,Any AD,0.7930162964232765,0.14949738727079337,1.8165913968958833,0.793 (0.149 to 1.817)
trt_013,Counselling individual,trt_003,Any AD,0.3885080163630974,-0.4586430925822484,0.800839969744523,0.389 (-0.459 to 0.801)
trt_014,Counselling individual + AD,trt_003,Any AD,0.12677265586532602,-1.4987009433613017,0.7862309637038327,0.127 (-1.499 to 0.786)
trt_015,Counselling individual + placebo,trt_003,Any AD,-0.045862886283928615,-2.283705845233295,0.8794622664629529,-0.046 (-2.284 to 0.879)
trt_016,Exercise group,trt_003,Any AD,0.5311495547575965,-0.26721131043431384,1.1801656314810354,0.531 (-0.267 to 1.180)
trt_017,Exercise group + AD,trt_003,Any AD,1.815700357384571,0.5590771671433378,4.163099225635028,1.816 (0.559 to 4.163)
trt_018,Exercise individual,trt_003,Any AD,0.46069286069775417,-0.3964957216401344,1.0316851194429946,0.461 (-0.396 to 1.032)
trt_019,Exercise individual + AD,trt_003,Any AD,0.7802358101997626,0.1579207361365494,1.7469619945430095,0.780 (0.158 to 1.747)
trt_020,Interpersonal psychotherapy (IPT) individual,trt_003,Any AD,0.3062470896146292,-0.573542616183679,0.6671463928534779,0.306 (-0.574 to 0.667)
trt_021,Interpersonal psychotherapy (IPT) individual + AD,trt_003,Any AD,0.40722914404508354,-0.41322081024079294,0.8348310429603591,0.407 (-0.413 to 0.835)
trt_022,Interpersonal psychotherapy (IPT) individual + placebo,trt_003,Any AD,0.2835071402787359,-0.7950304533272214,0.7189205527923394,0.284 (-0.795 to 0.719)
trt_023,Light therapy,trt_003,Any AD,0.5185614439454309,-0.5762097919122983,1.4447995985817341,0.519 (-0.576 to 1.445)
trt_024,Light therapy + AD,trt_003,Any AD,0.6687961985416467,-0.10310290981375475,1.567831919665705,0.669 (-0.103 to 1.568)
trt_025,Mindfulness or meditation group,trt_003,Any AD,2.182809990417265,0.5591015559072687,5.038925304241708,2.183 (0.559 to 5.039)
trt_026,Mirtazapine,trt_003,Any AD,0.4004983232929922,-0.2954297699434274,0.693775631594136,0.400 (-0.295 to 0.694)
trt_027,Music therapy group,trt_003,Any AD,0.4490217662304521,-1.0194050579183689,1.6079834031634799,0.449 (-1.019 to 1.608)
trt_028,No treatment,trt_003,Any AD,0.11658004956634498,-0.9026204756451274,0.6533166038228623,0.117 (-0.903 to 0.653)
trt_029,Peer support group,trt_003,Any AD,0.6461255791228367,-0.37429613061329786,1.7513172620296862,0.646 (-0.374 to 1.751)
trt_030,Peer support group + AD,trt_003,Any AD,0.7065630522999143,-0.24591328951046645,1.866873412184582,0.707 (-0.246 to 1.867)
trt_031,Placebo,trt_003,Any AD,0.0952993104266212,-0.8601038827774862,0.6531018949607533,0.095 (-0.860 to 0.653)
trt_032,Problem solving group,trt_003,Any AD,1.5548688467733525,0.558976634345962,3.472959970054907,1.555 (0.559 to 3.473)
trt_033,Problem solving individual,trt_003,Any AD,0.5398782321266853,-0.20161674677729455,1.155518242183022,0.540 (-0.202 to 1.156)
trt_034,Psychoeducation group,trt_003,Any AD,0.7350193707524145,-0.3227938256072269,2.0462313588558194,0.735 (-0.323 to 2.046)
trt_035,Psychoeducation group + AD,trt_003,Any AD,0.21426966182119156,-1.1670334882181908,0.8185041080238691,0.214 (-1.167 to 0.819)
trt_036,Relaxation individual + AD,trt_003,Any AD,0.4739305533517441,-0.7878710977590352,1.4698675226059845,0.474 (-0.788 to 1.470)
trt_037,Relaxation individual + placebo,trt_003,Any AD,0.1588454479881254,-1.4000490455667594,0.8351133477680962,0.159 (-1.400 to 0.835)
trt_038,SNRIs,trt_003,Any AD,0.3815731117309642,-0.29456969983685816,0.667923074505595,0.382 (-0.295 to 0.668)
trt_039,SSRIs,trt_003,Any AD,0.3535291201328231,-0.338150601226506,0.659769938176286,0.354 (-0.338 to 0.660)
trt_040,Self-help,trt_003,Any AD,0.35698102346194216,-0.480476898888457,0.7047735766596088,0.357 (-0.480 to 0.705)
trt_041,Self-help with support,trt_003,Any AD,0.3443565764300123,-0.49526691625427355,0.6851524745883802,0.344 (-0.495 to 0.685)
trt_042,Sham acupuncture,trt_003,Any AD,0.18187829512959833,-1.0162554828920314,0.6646070476705687,0.182 (-1.016 to 0.665)
trt_043,Short-term psychodynamic psychotherapies individual,trt_003,Any AD,0.3709904807986412,-0.549719058514397,0.8208012081017121,0.371 (-0.550 to 0.821)
trt_044,Short-term psychodynamic psychotherapies individual + AD,trt_003,Any AD,0.24940960418147362,-1.0822111536759624,0.8706256450178906,0.249 (-1.082 to 0.871)
trt_045,TAU,trt_003,Any AD,0.23334923166290955,-0.6960879198171356,0.6560870687789775,0.233 (-0.696 to 0.656)
trt_046,TCAs,trt_003,Any AD,0.3957354303305873,-0.25778185913497914,0.6711111111229573,0.396 (-0.258 to 0.671)
trt_047,Trazodone,trt_003,Any AD,0.27885483729743055,-0.574970542966628,0.6582585921881188,0.279 (-0.575 to 0.658)
trt_048,Waitlist,trt_003,Any AD,-0.34309856782327863,-1.833324468741834,0.6530805910119216,-0.343 (-1.833 to 0.653)
trt_049,Yoga group,trt_003,Any AD,0.4832535672248804,-0.5600986192823141,1.290102598753198,0.483 (-0.560 to 1.290)
trt_050,Yoga group + AD,trt_003,Any AD,0.8969120822346446,0.03248723449346272,2.3485390026156012,0.897 (0.032 to 2.349)
trt_001,Acupuncture,trt_004,Any psychotherapy,1.1086937315167837,0.5353231057136865,2.667199507598025,1.109 (0.535 to 2.667)
trt_002,Acupuncture + AD,trt_004,Any psychotherapy,1.4851028277991787,0.5584711939155224,3.417975467074899,1.485 (0.558 to 3.418)
trt_003,Any AD,trt_004,Any psychotherapy,0.8143804302589681,0.006254710735932625,2.0458495921065496,0.814 (0.006 to 2.046)
trt_005,Attention placebo,trt_004,Any psychotherapy,0.26122220054265505,-1.3481159910826732,1.1808532710086628,0.261 (-1.348 to 1.181)
trt_006,Behavioural therapies individual,trt_004,Any psychotherapy,0.07846758034605292,-1.3479077313101757,0.6611411909431784,0.078 (-1.348 to 0.661)
trt_007,Behavioural therapies individual + AD,trt_004,Any psychotherapy,0.9411428753365535,-0.06098068102076178,2.6135165309048407,0.941 (-0.061 to 2.614)
trt_008,Cognitive and cognitive behavioural therapies group,trt_004,Any psychotherapy,1.0774189474013776,0.49308717123395446,2.6043392205926814,1.077 (0.493 to 2.604)
trt_009,Cognitive and cognitive behavioural therapies group + AD,trt_004,Any psychotherapy,1.1473651995082486,0.409782814850461,2.9717718464135277,1.147 (0.410 to 2.972)
trt_010,Cognitive and cognitive behavioural therapies individual,trt_004,Any psychotherapy,0.986190073568609,0.4261708157362758,2.3041469618594057,0.986 (0.426 to 2.304)
trt_011,Cognitive and cognitive behavioural therapies individual + AD,trt_004,Any psychotherapy,1.3607312459844005,0.5571993479266325,3.1579405315359006,1.361 (0.557 to 3.158)
trt_012,Cognitive and cognitive behavioural therapies individual + placebo,trt_004,Any psychotherapy,1.3051398785088901,0.5512200947581872,3.2176038757298673,1.305 (0.551 to 3.218)
trt_013,Counselling individual,trt_004,Any psychotherapy,0.9006315984487109,0.1284335137502983,2.254270748240299,0.901 (0.128 to 2.254)
trt_014,Counselling individual + AD,trt_004,Any psychotherapy,0.6388962379509395,-0.8237767427698376,2.1589437010081,0.639 (-0.824 to 2.159)
trt_015,Counselling individual + placebo,trt_004,Any psychotherapy,0.4662606958016849,-1.5298460394161038,2.1648903739359127,0.466 (-1.530 to 2.165)
trt_016,Exercise group,trt_004,Any psychotherapy,1.04327313684321,0.35945991584315096,2.6001571160657315,1.043 (0.359 to 2.600)
trt_017,Exercise group + AD,trt_004,Any psychotherapy,2.3278239394701843,0.5590960221082943,5.467253333530503,2.328 (0.559 to 5.467)
trt_018,Exercise individual,trt_004,Any psychotherapy,0.9728164427833677,0.21087677846880168,2.4642311538257795,0.973 (0.211 to 2.464)
trt_019,Exercise individual + AD,trt_004,Any psychotherapy,1.2923593922853762,0.549520115038851,3.1981947095643504,1.292 (0.550 to 3.198)
trt_020,Interpersonal psychotherapy (IPT) individual,trt_004,Any psychotherapy,0.8183706717002427,-0.059749366413198175,2.117447379861887,0.818 (-0.060 to 2.117)
trt_021,Interpersonal psychotherapy (IPT) individual + AD,trt_004,Any psychotherapy,0.9193527261306971,0.09845817902369078,2.3739602271243667,0.919 (0.098 to 2.374)
trt_022,Interpersonal psychotherapy (IPT) individual + placebo,trt_004,Any psychotherapy,0.7956307223643494,-0.2049654414960645,2.1786404430068673,0.796 (-0.205 to 2.179)
trt_023,Light therapy,trt_004,Any psychotherapy,1.0306850260310443,0.1286512622168797,2.793682204905135,1.031 (0.129 to 2.794)
trt_024,Light therapy + AD,trt_004,Any psychotherapy,1.1809197806272602,0.5322521169855017,2.9658854431833905,1.181 (0.532 to 2.966)
trt_025,Mindfulness or meditation group,trt_004,Any psychotherapy,2.6949335725028782,0.5591020367943775,6.319572434774808,2.695 (0.559 to 6.320)
trt_026,Mirtazapine,trt_004,Any psychotherapy,0.9126219053786057,0.2227969618406551,2.2143000057571904,0.913 (0.223 to 2.214)
trt_027,Music therapy group,trt_004,Any psychotherapy,0.9611453483160656,-0.2400212717277373,2.8759674084985156,0.961 (-0.240 to 2.876)
trt_028,No treatment,trt_004,Any psychotherapy,0.6287036316519585,-0.355979681173245,1.6609367097780847,0.629 (-0.356 to 1.661)
trt_029,Peer support group,trt_004,Any psychotherapy,1.1582491612084502,0.22924386817119816,3.17414219214748,1.158 (0.229 to 3.174)
trt_030,Peer support group + AD,trt_004,Any psychotherapy,1.2186866343855278,0.3683172956001159,3.293173801146133,1.219 (0.368 to 3.293)
trt_031,Placebo,trt_004,Any psychotherapy,0.6074228925122347,-0.3602737954543737,1.5776780606726246,0.607 (-0.360 to 1.578)
trt_032,Problem solving group,trt_004,Any psychotherapy,2.066992428858966,0.5590834276683839,4.817461416775141,2.067 (0.559 to 4.817)
trt_033,Problem solving individual,trt_004,Any psychotherapy,1.0520018142122989,0.4092950196077712,2.5866811218054138,1.052 (0.409 to 2.587)
trt_034,Psychoeducation group,trt_004,Any psychotherapy,1.247142952838028,0.4236751333135075,3.3517865210597018,1.247 (0.424 to 3.352)
trt_035,Psychoeducation group + AD,trt_004,Any psychotherapy,0.726393243906805,-0.5390883856219425,2.2465710833208514,0.726 (-0.539 to 2.247)
trt_036,Relaxation individual + AD,trt_004,Any psychotherapy,0.9860541354373575,-0.0589060194310749,2.7844866484861237,0.986 (-0.059 to 2.784)
trt_037,Relaxation individual + placebo,trt_004,Any psychotherapy,0.6709690300737389,-0.686471192818505,2.157177749718856,0.671 (-0.686 to 2.157)
trt_038,SNRIs,trt_004,Any psychotherapy,0.8936966938165777,0.20895952107529084,2.1551381179516462,0.894 (0.209 to 2.155)
trt_039,SSRIs,trt_004,Any psychotherapy,0.8656527022184366,0.15759580463851897,2.091958433478999,0.866 (0.158 to 2.092)
trt_040,Self-help,trt_004,Any psychotherapy,0.8691046055475556,0.10138979474414628,2.165974140399317,0.869 (0.101 to 2.166)
trt_041,Self-help with support,trt_004,Any psychotherapy,0.8564801585156258,0.09539355502745929,2.1255014058892927,0.856 (0.095 to 2.126)
trt_042,Sham acupuncture,trt_004,Any psychotherapy,0.6940018772152118,-0.36892825560331866,1.9403956931188027,0.694 (-0.369 to 1.940)
trt_043,Short-term psychodynamic psychotherapies individual,trt_004,Any psychotherapy,0.8831140628842548,0.24542126352431443,2.0753910610705146,0.883 (0.245 to 2.075)
trt_044,Short-term psychodynamic psychotherapies individual + AD,trt_004,Any psychotherapy,0.7615331862670871,-0.4764564356888817,2.3090393498714583,0.762 (-0.476 to 2.309)
trt_045,TAU,trt_004,Any psychotherapy,0.745472813748523,-0.14871702768932454,1.9196614821979632,0.745 (-0.149 to 1.920)
trt_046,TCAs,trt_004,Any psychotherapy,0.9078590124162008,0.24333135949417403,2.1779325145002493,0.908 (0.243 to 2.178)
trt_047,Trazodone,trt_004,Any psychotherapy,0.790978419383044,-0.03581054754533215,1.9867757921188678,0.791 (-0.036 to 1.987)
trt_048,Waitlist,trt_004,Any psychotherapy,0.16902501426233482,-1.2769581018875757,0.7438492137831095,0.169 (-1.277 to 0.744)
trt_049,Yoga group,trt_004,Any psychotherapy,0.9953771493104939,0.1252429480567033,2.6521491872669896,0.995 (0.125 to 2.652)
trt_050,Yoga group + AD,trt_004,Any psychotherapy,1.4090356643202582,0.5438913872372345,3.75561998587171,1.409 (0.544 to 3.756)
trt_001,Acupuncture,trt_005,Attention placebo,1.1497283791474833,0.5511442884766807,2.650609940912359,1.150 (0.551 to 2.651)
trt_002,Acupuncture + AD,trt_005,Attention placebo,1.5261374754298782,0.5588718686253882,3.4190514935422303,1.526 (0.559 to 3.419)
trt_003,Any AD,trt_005,Attention placebo,0.8554150778896676,0.15985895612314793,2.041942212668954,0.855 (0.160 to 2.042)
trt_004,Any psychotherapy,trt_005,Attention placebo,0.3432914958040541,-1.180853271008665,1.3481159910826734,0.343 (-1.181 to 1.348)
trt_006,Behavioural therapies individual,trt_005,Attention placebo,0.11950222797675242,-1.4871403524046873,0.7514277407098358,0.120 (-1.487 to 0.751)
trt_007,Behavioural therapies individual + AD,trt_005,Attention placebo,0.982177522967253,0.09108055588951429,2.633099177930675,0.982 (0.091 to 2.633)
trt_008,Cognitive and cognitive behavioural therapies group,trt_005,Attention placebo,1.118453595032077,0.5482857442258071,2.5815217302525197,1.118 (0.548 to 2.582)
trt_009,Cognitive and cognitive behavioural therapies group + AD,trt_005,Attention placebo,1.188399847138948,0.5330822462892626,2.9859773222193615,1.188 (0.533 to 2.986)
trt_010,Cognitive and cognitive behavioural therapies individual,trt_005,Attention placebo,1.0272247211993084,0.5395136642278364,2.308180762760096,1.027 (0.540 to 2.308)
trt_011,Cognitive and cognitive behavioural therapies individual + AD,trt_005,Attention placebo,1.4017658936151,0.5584625644974569,3.156358640711096,1.402 (0.558 to 3.156)
trt_012,Cognitive and cognitive behavioural therapies individual + placebo,trt_005,Attention placebo,1.3461745261395897,0.5552107051990086,3.227816324331888,1.346 (0.555 to 3.228)
trt_013,Counselling individual,trt_005,Attention placebo,0.9416662460794104,0.3742869051141813,2.1783857869568384,0.942 (0.374 to 2.178)
trt_014,Counselling individual + AD,trt_005,Attention placebo,0.679930885581639,-0.6673163087942949,2.1813448326123,0.680 (-0.667 to 2.181)
trt_015,Counselling individual + placebo,trt_005,Attention placebo,0.5072953434323844,-1.3897669544671285,2.2108408390007397,0.507 (-1.390 to 2.211)
trt_016,Exercise group,trt_005,Attention placebo,1.0843077844739095,0.5206052103705276,2.6121252349993394,1.084 (0.521 to 2.612)
trt_017,Exercise group + AD,trt_005,Attention placebo,2.368858587100884,0.5591015559072687,5.4894026275129715,2.369 (0.559 to 5.489)
trt_018,Exercise individual,trt_005,Attention placebo,1.0138510904140672,0.38478094305151395,2.456609521075929,1.014 (0.385 to 2.457)
trt_019,Exercise individual + AD,trt_005,Attention placebo,1.3333940399160755,0.5545276538689029,3.211038289592824,1.333 (0.555 to 3.211)
trt_020,Interpersonal psychotherapy (IPT) individual,trt_005,Attention placebo,0.8594053193309422,0.09592717645578411,2.125961815726532,0.859 (0.096 to 2.126)
trt_021,Interpersonal psychotherapy (IPT) individual + AD,trt_005,Attention placebo,0.9603873737613966,0.23974675129940584,2.3851217597477885,0.960 (0.240 to 2.385)
trt_022,Interpersonal psychotherapy (IPT) individual + placebo,trt_005,Attention placebo,0.8366653699950489,-0.06740565033537167,2.194512702036715,0.837 (-0.067 to 2.195)
trt_023,Light therapy,trt_005,Attention placebo,1.0717196736617438,0.27719626085679344,2.8056505047776596,1.072 (0.277 to 2.806)
trt_024,Light therapy + AD,trt_005,Attention placebo,1.2219544282579597,0.5485027212548605,2.9577387198705662,1.222 (0.549 to 2.958)
trt_025,Mindfulness or meditation group,trt_005,Attention placebo,2.7359682201335778,0.5591020367943775,6.334270139488674,2.736 (0.559 to 6.334)
trt_026,Mirtazapine,trt_005,Attention placebo,0.9536565530093052,0.40072717848489015,2.198469438991107,0.954 (0.401 to 2.198)
trt_027,Music therapy group,trt_005,Attention placebo,1.0021799959467652,-0.1011435273571211,2.9000597491547615,1.002 (-0.101 to 2.900)
trt_028,No treatment,trt_005,Attention placebo,0.66973827928265794,-0.16182815643968193,1.6343472097349847,0.670 (-0.162 to 1.634)
trt_029,Peer support group,trt_005,Attention placebo,1.1992838088391498,0.3646949353655318,3.2111403553025384,1.199 (0.365 to 3.211)
trt_030,Peer support group + AD,trt_005,Attention placebo,1.2597212820162274,0.4918862313416564,3.3284351672708725,1.260 (0.492 to 3.328)
trt_031,Placebo,trt_005,Attention placebo,0.6484575401429342,-0.18425096389775375,1.5667476148092634,0.648 (-0.184 to 1.567)
trt_032,Problem solving group,trt_005,Attention placebo,2.1080270764896656,0.5591020367943775,4.791471885239322,2.108 (0.559 to 4.791)
trt_033,Problem solving individual,trt_005,Attention placebo,1.0930364618429984,0.5532331217395292,2.389302553129464,1.093 (0.553 to 2.389)
trt_034,Psychoeducation group,trt_005,Attention placebo,1.2881776004687275,0.5359708030487413,3.361118500595184,1.288 (0.536 to 3.361)
trt_035,Psychoeducation group + AD,trt_005,Attention placebo,0.7674278915375046,-0.41896834146394096,2.2622108341319964,0.767 (-0.419 to 2.262)
trt_036,Relaxation individual + AD,trt_005,Attention placebo,1.027088783068057,0.09278290111474004,2.8106846758008346,1.027 (0.093 to 2.811)
trt_037,Relaxation individual + placebo,trt_005,Attention placebo,0.7120036777044384,-0.5382126662943595,2.179987138107197,0.712 (-0.538 to 2.180)
trt_038,SNRIs,trt_005,Attention placebo,0.9347313414472772,0.3830971748035293,2.142670960135775,0.935 (0.383 to 2.143)
trt_039,SSRIs,trt_005,Attention placebo,0.9066873498491361,0.33465680014793625,2.0787845439791828,0.907 (0.335 to 2.079)
trt_040,Self-help,trt_005,Attention placebo,0.9101392531782552,0.3981194546121496,2.0427501824636956,0.910 (0.398 to 2.043)
trt_041,Self-help with support,trt_005,Attention placebo,0.8975148061463253,0.2752692497830914,2.1070231873081267,0.898 (0.275 to 2.107)
trt_042,Sham acupuncture,trt_005,Attention placebo,0.7350365248459113,-0.18970160770152253,1.922302947807032,0.735 (-0.190 to 1.922)
trt_043,Short-term psychodynamic psychotherapies individual,trt_005,Attention placebo,0.9241487105149542,0.23239506104528693,2.2533671738335457,0.924 (0.232 to 2.253)
trt_044,Short-term psychodynamic psychotherapies individual + AD,trt_005,Attention placebo,0.8025678338977866,-0.33211861195574777,2.325280904898601,0.803 (-0.332 to 2.325)
trt_045,TAU,trt_005,Attention placebo,0.7865074613792226,0.022198105172645855,1.9137895949419368,0.787 (0.022 to 1.914)
trt_046,TCAs,trt_005,Attention placebo,0.9488936600469003,0.4193718363138153,2.163740310150291,0.949 (0.419 to 2.164)
trt_047,Trazodone,trt_005,Attention placebo,0.8320130670137436,0.13833026741538829,1.9771034227511326,0.832 (0.138 to 1.977)
trt_048,Waitlist,trt_005,Attention placebo,0.21005966189303438,-1.0372848788615954,0.6900636070436017,0.210 (-1.037 to 0.690)
trt_049,Yoga group,trt_005,Attention placebo,1.0364117969411935,0.2969613955687265,2.6315511833931473,1.036 (0.297 to 2.632)
trt_050,Yoga group + AD,trt_005,Attention placebo,1.4500703119509575,0.5499823193760871,3.7939480929583325,1.450 (0.550 to 3.794)
trt_001,Acupuncture,trt_006,Behavioural therapies individual,1.3324829993440854,0.5585431633160579,2.9179541872315413,1.332 (0.559 to 2.918)
trt_002,Acupuncture + AD,trt_006,Behavioural therapies individual,1.7088920956264804,0.5591015559072687,3.6835413305697666,1.709 (0.559 to 3.684)
trt_003,Any AD,trt_006,Behavioural therapies individual,1.0381696980862698,0.5473659602046896,2.290672828896073,1.038 (0.547 to 2.291)
trt_004,Any psychotherapy,trt_006,Behavioural therapies individual,0.5260461160006563,-0.45321955107219664,1.3479077313101753,0.526 (-0.453 to 1.348)
trt_005,Attention placebo,trt_006,Behavioural therapies individual,0.4850114683699568,-0.7514277407098358,1.487140352404687,0.485 (-0.751 to 1.487)
trt_007,Behavioural therapies individual + AD,trt_006,Behavioural therapies individual,1.164932143163855,0.5248818178102546,2.913161891060075,1.165 (0.525 to 2.913)
trt_008,Cognitive and cognitive behavioural therapies group,trt_006,Behavioural therapies individual,1.3012082152286792,0.5581042295759822,2.855908661591724,1.301 (0.558 to 2.856)
trt_009,Cognitive and cognitive behavioural therapies group + AD,trt_006,Behavioural therapies individual,1.3711544673355502,0.5562632406960335,3.2629278965797894,1.371 (0.556 to 3.263)
trt_010,Cognitive and cognitive behavioural therapies individual,trt_006,Behavioural therapies individual,1.2099793413959108,0.5585080670573961,2.5255533147216855,1.210 (0.559 to 2.526)
trt_011,Cognitive and cognitive behavioural therapies individual + AD,trt_006,Behavioural therapies individual,1.5845205138117022,0.5590956890440753,3.4072613419759814,1.585 (0.559 to 3.407)
trt_012,Cognitive and cognitive behavioural therapies individual + placebo,trt_006,Behavioural therapies individual,1.5289291463361918,0.5588158729970355,3.5016166566063873,1.529 (0.559 to 3.502)
trt_013,Counselling individual,trt_006,Behavioural therapies individual,1.1244208662760127,0.5535233043232377,2.5120539805153594,1.124 (0.554 to 2.512)
trt_014,Counselling individual + AD,trt_006,Behavioural therapies individual,0.8626855057782412,-0.24013733416119246,2.477996059921601,0.863 (-0.240 to 2.478)
trt_015,Counselling individual + placebo,trt_006,Behavioural therapies individual,0.6900499636289866,-0.971750024555485,2.5092116283939947,0.690 (-0.972 to 2.509)
trt_016,Exercise group,trt_006,Behavioural therapies individual,1.2670624046705117,0.5566434534576712,2.885393467926,1.267 (0.557 to 2.885)
trt_017,Exercise group + AD,trt_006,Behavioural therapies individual,2.551613207297486,0.5591020367943775,5.785697688248039,2.552 (0.559 to 5.786)
trt_018,Exercise individual,trt_006,Behavioural therapies individual,1.1966057106106693,0.55445600305449,2.7316526527002796,1.197 (0.554 to 2.732)
trt_019,Exercise individual + AD,trt_006,Behavioural therapies individual,1.516148660112678,0.5584902117147369,3.4831657472036373,1.516 (0.558 to 3.483)
trt_020,Interpersonal psychotherapy (IPT) individual,trt_006,Behavioural therapies individual,1.0421599395275443,0.5394231480342808,2.3787070542124096,1.042 (0.539 to 2.379)
trt_021,Interpersonal psychotherapy (IPT) individual + AD,trt_006,Behavioural therapies individual,1.1431419939579988,0.5496991925506018,2.6462934807677585,1.143 (0.550 to 2.646)
trt_022,Interpersonal psychotherapy (IPT) individual + placebo,trt_006,Behavioural therapies individual,1.0194199901916512,0.40520476252878984,2.465681116094007,1.019 (0.405 to 2.466)
trt_023,Light therapy,trt_006,Behavioural therapies individual,1.254474293858346,0.5485205487916751,3.093186246174275,1.254 (0.549 to 3.093)
trt_024,Light therapy + AD,trt_006,Behavioural therapies individual,1.404709048454562,0.5578182565446347,3.247724046851747,1.405 (0.558 to 3.248)
trt_025,Mindfulness or meditation group,trt_006,Behavioural therapies individual,2.91872284033018,0.5591020367943775,6.646082431266154,2.919 (0.559 to 6.646)
trt_026,Mirtazapine,trt_006,Behavioural therapies individual,1.1364111732059072,0.5561377770273047,2.457237971703285,1.136 (0.556 to 2.457)
trt_027,Music therapy group,trt_006,Behavioural therapies individual,1.1849346161433674,0.32675557585563964,3.21094634028744,1.185 (0.327 to 3.211)
trt_028,No treatment,trt_006,Behavioural therapies individual,0.8524928994792602,0.29130586367204764,1.9004209961723728,0.852 (0.291 to 1.900)
trt_029,Peer support group,trt_006,Behavioural therapies individual,1.382038429035752,0.5510287350655022,3.485960924164358,1.382 (0.551 to 3.486)
trt_030,Peer support group + AD,trt_006,Behavioural therapies individual,1.4424759022128295,0.5540807801485961,3.6040584274446767,1.442 (0.554 to 3.604)
trt_031,Placebo,trt_006,Behavioural therapies individual,0.8312121603395364,0.2930785095095751,1.8151375653588053,0.831 (0.293 to 1.815)
trt_032,Problem solving group,trt_006,Behavioural therapies individual,2.2907816966862677,0.5591020367943775,5.120233493591301,2.291 (0.559 to 5.120)
trt_033,Problem solving individual,trt_006,Behavioural therapies individual,1.2757910820396006,0.5576570119244817,2.8567865653412943,1.276 (0.558 to 2.857)
trt_034,Psychoeducation group,trt_006,Behavioural therapies individual,1.4709322206653297,0.5551053356807313,3.670120292700609,1.471 (0.555 to 3.670)
trt_035,Psychoeducation group + AD,trt_006,Behavioural therapies individual,0.9501825117341067,0.031358855461398855,2.5602100173788687,0.950 (0.031 to 2.560)
trt_036,Relaxation individual + AD,trt_006,Behavioural therapies individual,1.2098434032646592,0.5199590617814889,3.0951334885995103,1.210 (0.520 to 3.095)
trt_037,Relaxation individual + placebo,trt_006,Behavioural therapies individual,0.8947582979010406,-0.09972390393571959,2.466455009044433,0.895 (-0.100 to 2.466)
trt_038,SNRIs,trt_006,Behavioural therapies individual,1.1174859616438793,0.5562094604042573,2.395129889816423,1.117 (0.556 to 2.395)
trt_039,SSRIs,trt_006,Behavioural therapies individual,1.0894419700457383,0.5553038891588908,2.3304275523369995,1.089 (0.555 to 2.330)
trt_040,Self-help,trt_006,Behavioural therapies individual,1.0928938733748574,0.5521796518500114,2.4138633748029936,1.093 (0.552 to 2.414)
trt_041,Self-help with support,trt_006,Behavioural therapies individual,1.0802694263429276,0.5518403739370673,2.3760785332239043,1.080 (0.552 to 2.376)
trt_042,Sham acupuncture,trt_006,Behavioural therapies individual,0.9177911450425136,0.24679723714243615,2.21738234006225,0.918 (0.247 to 2.217)
trt_043,Short-term psychodynamic psychotherapies individual,trt_006,Behavioural therapies individual,1.1069033307115563,0.5533655397691387,2.436258084299855,1.107 (0.553 to 2.436)
trt_044,Short-term psychodynamic psychotherapies individual + AD,trt_006,Behavioural therapies individual,0.9853224540943889,0.12065929729083674,2.6121953148907227,0.985 (0.121 to 2.612)
trt_045,TAU,trt_006,Behavioural therapies individual,0.9692620815758247,0.4910977004155938,2.1747769360842315,0.969 (0.491 to 2.175)
trt_046,TCAs,trt_006,Behavioural therapies individual,1.1316482802435026,0.5568281234312614,2.4135327544415035,1.132 (0.557 to 2.414)
trt_047,Trazodone,trt_006,Behavioural therapies individual,1.0147676872103457,0.5442397140584458,2.235930037262648,1.015 (0.544 to 2.236)
trt_048,Waitlist,trt_006,Behavioural therapies individual,0.39281428208963654,-0.6327359246692122,0.9872160344155216,0.393 (-0.633 to 0.987)
trt_049,Yoga group,trt_006,Behavioural therapies individual,1.2191664171377956,0.5494074935653239,2.9443149065370235,1.219 (0.549 to 2.944)
trt_050,Yoga group + AD,trt_006,Behavioural therapies individual,1.6328249321475599,0.5571656993059109,4.0739737395071165,1.633 (0.557 to 4.074)
trt_001,Acupuncture,trt_007,Behavioural therapies individual + AD,0.46980770435358493,-0.6987357471457165,1.369918633484992,0.470 (-0.699 to 1.370)
trt_002,Acupuncture + AD,trt_007,Behavioural therapies individual + AD,0.8462168006359797,0.056215745655997996,2.1237771523251414,0.846 (0.056 to 2.124)
trt_003,Any AD,trt_007,Behavioural therapies individual + AD,0.17549440309576925,-1.2422844900102623,0.7285279160748617,0.175 (-1.242 to 0.729)
trt_004,Any psychotherapy,trt_007,Behavioural therapies individual + AD,-0.3366291789898443,-2.6135165309048407,0.6560908187038816,-0.337 (-2.614 to 0.656)
trt_005,Attention placebo,trt_007,Behavioural therapies individual + AD,-0.37766382662054376,-2.633099177930675,0.6547401458147921,-0.378 (-2.633 to 0.655)
trt_006,Behavioural therapies individual,trt_007,Behavioural therapies individual + AD,-0.5604184468171459,-2.9131618910600756,0.6533166038228623,-0.560 (-2.913 to 0.653)
trt_008,Cognitive and cognitive behavioural therapies group,trt_007,Behavioural therapies individual + AD,0.43853292023817875,-0.7757237513941565,1.3191287923193242,0.439 (-0.776 to 1.319)
trt_009,Cognitive and cognitive behavioural therapies group + AD,trt_007,Behavioural therapies individual + AD,0.5084791723450496,-0.8411207186063387,1.654943206849919,0.508 (-0.841 to 1.655)
trt_010,Cognitive and cognitive behavioural therapies individual,trt_007,Behavioural therapies individual + AD,0.3473040464054101,-0.8738866185521945,1.0519763212841118,0.347 (-0.874 to 1.052)
trt_011,Cognitive and cognitive behavioural therapies individual + AD,trt_007,Behavioural therapies individual + AD,0.7218452188212017,-0.18624225868360733,1.8722751168620677,0.722 (-0.186 to 1.872)
trt_012,Cognitive and cognitive behavioural therapies individual + placebo,trt_007,Behavioural therapies individual + AD,0.6662538513456912,-0.47620672677102044,1.926332419141002,0.666 (-0.476 to 1.926)
trt_013,Counselling individual,trt_007,Behavioural therapies individual + AD,0.261745571285512,-1.1440246338461184,0.9819297459859588,0.262 (-1.144 to 0.982)
trt_014,Counselling individual + AD,trt_007,Behavioural therapies individual + AD,1.02107877406537e-5,-1.6275825927058665,0.6609825987197809,0.000 (-1.628 to 0.661)
trt_015,Counselling individual + placebo,trt_007,Behavioural therapies individual + AD,-0.17262533136151398,-2.455121606481497,0.6732785741207379,-0.173 (-2.455 to 0.673)
trt_016,Exercise group,trt_007,Behavioural therapies individual + AD,0.4043871096800112,-0.9160019219839376,1.325095377484986,0.404 (-0.916 to 1.325)
trt_017,Exercise group + AD,trt_007,Behavioural therapies individual + AD,1.6889379123069854,0.5577290267709802,4.176974995083666,1.689 (0.558 to 4.177)
trt_018,Exercise individual,trt_007,Behavioural therapies individual + AD,0.3339304156201688,-1.0447847404147157,1.167890020280964,0.334 (-1.045 to 1.168)
trt_019,Exercise individual + AD,trt_007,Behavioural therapies individual + AD,0.6534733651221772,-0.507736816733001,1.898491879262356,0.653 (-0.508 to 1.898)
trt_020,Interpersonal psychotherapy (IPT) individual,trt_007,Behavioural therapies individual + AD,0.1794846445370438,-1.319499966988782,0.8229013470807821,0.179 (-1.319 to 0.823)
trt_021,Interpersonal psychotherapy (IPT) individual + AD,trt_007,Behavioural therapies individual + AD,0.2804666989674982,-1.1597176444298218,1.0742592898249992,0.280 (-1.160 to 1.074)
trt_022,Interpersonal psychotherapy (IPT) individual + placebo,trt_007,Behavioural therapies individual + AD,0.15674469520115053,-1.470125854230656,0.8885102911929307,0.157 (-1.470 to 0.889)
trt_023,Light therapy,trt_007,Behavioural therapies individual + AD,0.3917989988678455,-1.1249897171973917,1.481262552163423,0.392 (-1.125 to 1.481)
trt_024,Light therapy + AD,trt_007,Behavioural therapies individual + AD,0.5420337534640614,-0.6977198584201979,1.6546230088260891,0.542 (-0.698 to 1.655)
trt_025,Mindfulness or meditation group,trt_007,Behavioural therapies individual + AD,2.0560475453396796,0.558895393640864,5.050393367204593,2.056 (0.559 to 5.050)
trt_026,Mirtazapine,trt_007,Behavioural therapies individual + AD,0.2737358782154068,-1.006218907716088,0.90498944310916285,0.274 (-1.006 to 0.905)
trt_027,Music therapy group,trt_007,Behavioural therapies individual + AD,0.3222593211528667,-1.5368820314060625,1.6082729637914697,0.322 (-1.537 to 1.608)
trt_028,No treatment,trt_007,Behavioural therapies individual + AD,-0.010182395511240365,-1.6277413588944114,0.6595284260920778,-0.010 (-1.628 to 0.660)
trt_029,Peer support group,trt_007,Behavioural therapies individual + AD,0.5193631340452515,-1.0231423282118464,1.8822126822618392,0.519 (-1.023 to 1.882)
trt_030,Peer support group + AD,trt_007,Behavioural therapies individual + AD,0.579800607222329,-0.8979351541064827,1.9967923679528088,0.580 (-0.898 to 1.997)
trt_031,Placebo,trt_007,Behavioural therapies individual + AD,-0.03146313465096415,-1.6010169371746936,0.6564064522978642,-0.031 (-1.601 to 0.656)
trt_032,Problem solving group,trt_007,Behavioural therapies individual + AD,1.428106401695767,0.554552360518354,3.5380119357014994,1.428 (0.555 to 3.538)
trt_033,Problem solving individual,trt_007,Behavioural therapies individual + AD,0.4131157870490999,-0.864875741998745,1.306869064215024,0.413 (-0.865 to 1.307)
trt_034,Psychoeducation group,trt_007,Behavioural therapies individual + AD,0.6082569256748291,-0.8510010231912626,2.0792272994577257,0.608 (-0.851 to 2.079)
trt_035,Psychoeducation group + AD,trt_007,Behavioural therapies individual + AD,0.08750721674360619,-1.8140404149841882,0.9586909562496361,0.088 (-1.814 to 0.959)
trt_036,Relaxation individual + AD,trt_007,Behavioural therapies individual + AD,0.3471681082741587,-1.0829894606792918,1.2650080001536406,0.347 (-1.083 to 1.265)
trt_037,Relaxation individual + placebo,trt_007,Behavioural therapies individual + AD,0.03208300291054002,-1.6989250005166954,0.679908687873099,0.032 (-1.699 to 0.680)
trt_038,SNRIs,trt_007,Behavioural therapies individual + AD,0.2548106666533788,-1.0351840533436492,0.8502026400131647,0.255 (-1.035 to 0.850)
trt_039,SSRIs,trt_007,Behavioural therapies individual + AD,0.22676667505523773,-1.0861132792909662,0.7871254833070833,0.227 (-1.086 to 0.787)
trt_040,Self-help,trt_007,Behavioural therapies individual + AD,0.2302185783843568,-1.1859827811366064,0.8983815803908589,0.230 (-1.186 to 0.898)
trt_041,Self-help with support,trt_007,Behavioural therapies individual + AD,0.2175941313524269,-1.2077454749176093,0.8681217133193164,0.218 (-1.208 to 0.868)
trt_042,Sham acupuncture,trt_007,Behavioural therapies individual + AD,0.05511585005201297,-1.638244215962729,0.6844968471112751,0.055 (-1.638 to 0.684)
trt_043,Short-term psychodynamic psychotherapies individual,trt_007,Behavioural therapies individual + AD,0.24422803572105584,-1.2160586401703966,0.9831774226257205,0.244 (-1.216 to 0.983)
trt_044,Short-term psychodynamic psychotherapies individual + AD,trt_007,Behavioural therapies individual + AD,0.12264715910388825,-1.5134870510781044,0.7965662842802881,0.123 (-1.513 to 0.797)
trt_045,TAU,trt_007,Behavioural therapies individual + AD,0.10658678658532418,-1.4274455897666376,0.6815471860139308,0.107 (-1.427 to 0.682)
trt_046,TCAs,trt_007,Behavioural therapies individual + AD,0.26897298525300195,-0.9989425146308919,0.8713354134736723,0.269 (-0.999 to 0.871)
trt_047,Trazodone,trt_007,Behavioural therapies individual + AD,0.1520923922198452,-1.281261215720414,0.6942308792728266,0.152 (-1.281 to 0.694)
trt_048,Waitlist,trt_007,Behavioural therapies individual + AD,-0.46986101290086396,-2.5573890134043813,0.6531543126769925,-0.470 (-2.557 to 0.653)
trt_049,Yoga group,trt_007,Behavioural therapies individual + AD,0.35649112214729506,-1.1435070573183583,1.3522690506016588,0.356 (-1.144 to 1.352)
trt_050,Yoga group + AD,trt_007,Behavioural therapies individual + AD,0.7701496371570592,-0.6015337144857551,2.460082343121428,0.770 (-0.602 to 2.460)
trt_001,Acupuncture,trt_008,Cognitive and cognitive behavioural therapies group,0.33353163228876076,-0.5886970045723858,0.7141424046158191,0.334 (-0.589 to 0.714)
trt_002,Acupuncture + AD,trt_008,Cognitive and cognitive behavioural therapies group,0.7099407285711556,0.15082231970569696,1.4737091215979006,0.710 (0.151 to 1.474)
trt_003,Any AD,trt_008,Cognitive and cognitive behavioural therapies group,0.039218331030945054,-1.1127619159685935,0.6532236184372489,0.039 (-1.113 to 0.653)
trt_004,Any psychotherapy,trt_008,Cognitive and cognitive behavioural therapies group,-0.4729052510546684,-2.6043392205926814,0.6531429642743322,-0.473 (-2.604 to 0.653)
trt_005,Attention placebo,trt_008,Cognitive and cognitive behavioural therapies group,-0.5139398986853679,-2.58152173025252,0.6530832610268091,-0.514 (-2.582 to 0.653)
trt_006,Behavioural therapies individual,trt_008,Cognitive and cognitive behavioural therapies group,-0.6966945188819701,-2.855908661591725,0.6530805910119216,-0.697 (-2.856 to 0.653)
trt_007,Behavioural therapies individual + AD,trt_008,Cognitive and cognitive behavioural therapies group,0.1659807761085305,-1.3191287923193247,0.7757237513941562,0.166 (-1.319 to 0.776)
trt_009,Cognitive and cognitive behavioural therapies group + AD,trt_008,Cognitive and cognitive behavioural therapies group,0.37220310028022546,-0.8193617261758744,1.1012091751946165,0.372 (-0.819 to 1.101)
trt_010,Cognitive and cognitive behavioural therapies individual,trt_008,Cognitive and cognitive behavioural therapies group,0.21102797434058598,-0.6795087031441317,0.6540024598458212,0.211 (-0.680 to 0.654)
trt_011,Cognitive and cognitive behavioural therapies individual + AD,trt_008,Cognitive and cognitive behavioural therapies group,0.5855691467563775,-0.0802023720824714,1.2119471780873745,0.586 (-0.080 to 1.212)
trt_012,Cognitive and cognitive behavioural therapies individual + placebo,trt_008,Cognitive and cognitive behavioural therapies group,0.5299777792808671,-0.4345053795030473,1.3457111827556834,0.530 (-0.435 to 1.346)
trt_013,Counselling individual,trt_008,Cognitive and cognitive behavioural therapies group,0.1254694992206879,-1.0120798626664356,0.6551530927304287,0.125 (-1.012 to 0.655)
trt_014,Counselling individual + AD,trt_008,Cognitive and cognitive behavioural therapies group,-0.13626586127708346,-2.1163233723770873,0.6605657650375798,-0.136 (-2.116 to 0.661)
trt_015,Counselling individual + placebo,trt_008,Cognitive and cognitive behavioural therapies group,-0.30890140342633815,-2.8771680609202903,0.665849953105003,-0.309 (-2.877 to 0.666)
trt_016,Exercise group,trt_008,Cognitive and cognitive behavioural therapies group,0.268111037615187,-0.8189098274828516,0.6970375655984958,0.268 (-0.819 to 0.697)
trt_017,Exercise group + AD,trt_008,Cognitive and cognitive behavioural therapies group,1.5526618402421613,0.5580883986444465,3.6624179489288307,1.553 (0.558 to 3.662)
trt_018,Exercise individual,trt_008,Cognitive and cognitive behavioural therapies group,0.19765434355534467,-0.9583444254124541,0.6652979131920377,0.198 (-0.958 to 0.665)
trt_019,Exercise individual + AD,trt_008,Cognitive and cognitive behavioural therapies group,0.5171972930573531,-0.46057798717933857,1.3171481964176777,0.517 (-0.461 to 1.317)
trt_020,Interpersonal psychotherapy (IPT) individual,trt_008,Cognitive and cognitive behavioural therapies group,0.043208572472219674,-1.2256705547673283,0.6543119766645814,0.043 (-1.226 to 0.654)
trt_021,Interpersonal psychotherapy (IPT) individual + AD,trt_008,Cognitive and cognitive behavioural therapies group,0.14419062690267406,-1.1020440324765923,0.6603246748741703,0.144 (-1.102 to 0.660)
trt_022,Interpersonal psychotherapy (IPT) individual + placebo,trt_008,Cognitive and cognitive behavioural therapies group,0.02046862313632641,-1.4269362847498992,0.6568885724175271,0.020 (-1.427 to 0.657)
trt_023,Light therapy,trt_008,Cognitive and cognitive behavioural therapies group,0.25552292680302136,-1.1387708525308513,0.9460607739408845,0.256 (-1.139 to 0.946)
trt_024,Light therapy + AD,trt_008,Cognitive and cognitive behavioural therapies group,0.40575768139923724,-0.6675718839637558,1.0784140870277945,0.406 (-0.668 to 1.078)
trt_025,Mindfulness or meditation group,trt_008,Cognitive and cognitive behavioural therapies group,1.9197714732748552,0.5590229312058563,4.519735993960063,1.920 (0.559 to 4.520)
trt_026,Mirtazapine,trt_008,Cognitive and cognitive behavioural therapies group,0.13745980615058262,-0.8833253535040839,0.6536852533853615,0.137 (-0.883 to 0.654)
trt_027,Music therapy group,trt_008,Cognitive and cognitive behavioural therapies group,0.1859832490880426,-1.5472601796522911,1.0947623634860177,0.186 (-1.547 to 1.095)
trt_028,No treatment,trt_008,Cognitive and cognitive behavioural therapies group,-0.14645846757606448,-1.4520228148858865,0.6530805910119216,-0.146 (-1.452 to 0.653)
trt_029,Peer support group,trt_008,Cognitive and cognitive behavioural therapies group,0.3830870619804273,-1.05283313592358,1.3690660988053767,0.383 (-1.053 to 1.369)
trt_030,Peer support group + AD,trt_008,Cognitive and cognitive behavioural therapies group,0.44352453515750484,-0.918687838180817,1.4813684636011029,0.444 (-0.919 to 1.481)
trt_031,Placebo,trt_008,Cognitive and cognitive behavioural therapies group,-0.16773920671578837,-1.451726290859348,0.6530805910119216,-0.168 (-1.452 to 0.653)
trt_032,Problem solving group,trt_008,Cognitive and cognitive behavioural therapies group,1.291830329630943,0.5567984767399048,2.9472627035177084,1.292 (0.557 to 2.947)
trt_033,Problem solving individual,trt_008,Cognitive and cognitive behavioural therapies group,0.2768397149842758,-0.7537020750244479,0.6795648902867459,0.277 (-0.754 to 0.680)
trt_034,Psychoeducation group,trt_008,Cognitive and cognitive behavioural therapies group,0.471980853610005,-0.8617896548116367,1.5331588620265393,0.472 (-0.862 to 1.533)
trt_035,Psychoeducation group + AD,trt_008,Cognitive and cognitive behavioural therapies group,-0.04876885532121795,-1.8212723897127372,0.661880695590539,-0.049 (-1.821 to 0.662)
trt_036,Relaxation individual + AD,trt_008,Cognitive and cognitive behavioural therapies group,0.21089203620933455,-1.3444768887297542,0.9785951099458989,0.211 (-1.344 to 0.979)
trt_037,Relaxation individual + placebo,trt_008,Cognitive and cognitive behavioural therapies group,-0.10419306915428418,-1.9653514271826302,0.6598109944876467,-0.104 (-1.965 to 0.660)
trt_038,SNRIs,trt_008,Cognitive and cognitive behavioural therapies group,0.11853459458855466,-0.8872273478265821,0.6533126276401352,0.119 (-0.887 to 0.653)
trt_039,SSRIs,trt_008,Cognitive and cognitive behavioural therapies group,0.09049060299041362,-0.9302009408000975,0.653142680598469,0.090 (-0.930 to 0.653)
trt_040,Self-help,trt_008,Cognitive and cognitive behavioural therapies group,0.09394250631953265,-1.0070520106161645,0.6535183015587649,0.094 (-1.007 to 0.654)
trt_041,Self-help with support,trt_008,Cognitive and cognitive behavioural therapies group,0.0813180592876027,-1.0352533221024627,0.6534220327651536,0.081 (-1.035 to 0.653)
trt_042,Sham acupuncture,trt_008,Cognitive and cognitive behavioural therapies group,-0.08116022201281116,-1.5666929525991609,0.6536853802238689,-0.081 (-1.567 to 0.654)
trt_043,Short-term psychodynamic psychotherapies individual,trt_008,Cognitive and cognitive behavioural therapies group,0.1079519636562317,-1.1194281093287068,0.6558759013808406,0.108 (-1.119 to 0.656)
trt_044,Short-term psychodynamic psychotherapies individual + AD,trt_008,Cognitive and cognitive behavioural therapies group,-0.013628912960935885,-1.7443835714604394,0.6646613388568738,-0.014 (-1.744 to 0.665)
trt_045,TAU,trt_008,Cognitive and cognitive behavioural therapies group,-0.02968928547949994,-1.2659328572802824,0.6531411550204614,-0.030 (-1.266 to 0.653)
trt_046,TCAs,trt_008,Cognitive and cognitive behavioural therapies group,0.1326969131881778,-0.8509604772083295,0.65328422504107,0.133 (-0.851 to 0.653)
trt_047,Trazodone,trt_008,Cognitive and cognitive behavioural therapies group,0.01581632015502105,-1.1599810895338725,0.6531552009286231,0.016 (-1.160 to 0.653)
trt_048,Waitlist,trt_008,Cognitive and cognitive behavioural therapies group,-0.6061370849656882,-2.363693008715653,0.6530805910119216,-0.606 (-2.364 to 0.653)
trt_049,Yoga group,trt_008,Cognitive and cognitive behavioural therapies group,0.2202150500824709,-1.1059967214774058,0.775241014900556,0.220 (-1.106 to 0.775)
trt_050,Yoga group + AD,trt_008,Cognitive and cognitive behavioural therapies group,0.633873565092235,-0.6276353027167312,1.9597930348128063,0.634 (-0.628 to 1.960)
trt_001,Acupuncture,trt_009,Cognitive and cognitive behavioural therapies group + AD,0.26358538018188993,-1.0639493598958751,0.90833381286168835,0.264 (-1.064 to 0.908)
trt_002,Acupuncture + AD,trt_009,Cognitive and cognitive behavioural therapies group + AD,0.6399944764642848,-0.3132451990507782,1.6571799151369844,0.640 (-0.313 to 1.657)
trt_003,Any AD,trt_009,Cognitive and cognitive behavioural therapies group + AD,-0.03072792107592581,-1.431219668121235,0.6538987983749845,-0.031 (-1.431 to 0.654)
trt_004,Any psychotherapy,trt_009,Cognitive and cognitive behavioural therapies group + AD,-0.5428515031615392,-2.971771846413528,0.6535344819806255,-0.543 (-2.972 to 0.654)
trt_005,Attention placebo,trt_009,Cognitive and cognitive behavioural therapies group + AD,-0.5838861507922388,-2.985977322219363,0.6532857066454324,-0.584 (-2.986 to 0.653)
trt_006,Behavioural therapies individual,trt_009,Cognitive and cognitive behavioural therapies group + AD,-0.7666407709888411,-3.2629278965797908,0.6530989095755316,-0.767 (-3.263 to 0.653)
trt_007,Behavioural therapies individual + AD,trt_009,Cognitive and cognitive behavioural therapies group + AD,0.09603452400165954,-1.6549432068499197,0.8411207186063382,0.096 (-1.655 to 0.841)
trt_008,Cognitive and cognitive behavioural therapies group,trt_009,Cognitive and cognitive behavioural therapies group + AD,0.23231059606648374,-1.1012091751946165,0.8193617261758737,0.232 (-1.101 to 0.819)
trt_010,Cognitive and cognitive behavioural therapies individual,trt_009,Cognitive and cognitive behavioural therapies group + AD,0.14108172223371512,-1.1929841610607865,0.6671290210901096,0.141 (-1.193 to 0.667)
trt_011,Cognitive and cognitive behavioural therapies individual + AD,trt_009,Cognitive and cognitive behavioural therapies group + AD,0.5156228946495066,-0.5196608232269883,1.37092089510961,0.516 (-0.520 to 1.371)
trt_012,Cognitive and cognitive behavioural therapies individual + placebo,trt_009,Cognitive and cognitive behavioural therapies group + AD,0.46003152717399615,-0.8176440368944576,1.4506067548334445,0.460 (-0.818 to 1.451)
trt_013,Counselling individual,trt_009,Cognitive and cognitive behavioural therapies group + AD,0.05552324711381701,-1.4867680956830764,0.6647560111300761,0.056 (-1.487 to 0.665)
trt_014,Counselling individual + AD,trt_009,Cognitive and cognitive behavioural therapies group + AD,-0.20621211338395443,-2.3960540797379033,0.6620101743878779,-0.206 (-2.396 to 0.662)
trt_015,Counselling individual + placebo,trt_009,Cognitive and cognitive behavioural therapies group + AD,-0.378847655533209,-3.119741286560687,0.6654888419188822,-0.379 (-3.120 to 0.665)
trt_016,Exercise group,trt_009,Cognitive and cognitive behavioural therapies group + AD,0.19816478550831615,-1.2568214258048653,0.8536996325609042,0.198 (-1.257 to 0.854)
trt_017,Exercise group + AD,trt_009,Cognitive and cognitive behavioural therapies group + AD,1.4827155881352905,0.554485251073274,3.730013332276819,1.483 (0.554 to 3.730)
trt_018,Exercise individual,trt_009,Cognitive and cognitive behavioural therapies group + AD,0.12770809144847378,-1.3910859274332257,0.7070826734529463,0.128 (-1.391 to 0.707)
trt_019,Exercise individual + AD,trt_009,Cognitive and cognitive behavioural therapies group + AD,0.44725104095048224,-0.8185845612982516,1.393256118058384,0.447 (-0.819 to 1.393)
trt_020,Interpersonal psychotherapy (IPT) individual,trt_009,Cognitive and cognitive behavioural therapies group + AD,-0.026737679634651203,-1.6204087233083382,0.657116482198473,-0.027 (-1.620 to 0.657)
trt_021,Interpersonal psychotherapy (IPT) individual + AD,trt_009,Cognitive and cognitive behavioural therapies group + AD,0.07424437479580312,-1.4455020910939909,0.6669722183108624,0.074 (-1.446 to 0.667)
trt_022,Interpersonal psychotherapy (IPT) individual + placebo,trt_009,Cognitive and cognitive behavioural therapies group + AD,-0.04947762897054448,-1.785479169622532,0.660109629785983,-0.049 (-1.785 to 0.660)
trt_023,Light therapy,trt_009,Cognitive and cognitive behavioural therapies group + AD,0.1855766746961505,-1.499326489850719,1.0334055734094756,0.186 (-1.499 to 1.033)
trt_024,Light therapy + AD,trt_009,Cognitive and cognitive behavioural therapies group + AD,0.33581142929236635,-1.077331107693389,1.205944277538426,0.336 (-1.077 to 1.206)
trt_025,Mindfulness or meditation group,trt_009,Cognitive and cognitive behavioural therapies group + AD,1.8498252211679844,0.5583074848490972,4.5830961541050605,1.850 (0.558 to 4.583)
trt_026,Mirtazapine,trt_009,Cognitive and cognitive behavioural therapies group + AD,0.06751355404371175,-1.3860000293315902,0.6611919629746512,0.068 (-1.386 to 0.661)
trt_027,Music therapy group,trt_009,Cognitive and cognitive behavioural therapies group + AD,0.11603699698117172,-1.8778098842442843,1.1541186374029107,0.116 (-1.878 to 1.154)
trt_028,No treatment,trt_009,Cognitive and cognitive behavioural therapies group + AD,-0.21640471968293537,-1.970513508852278,0.6536531486895825,-0.216 (-1.971 to 0.654)
trt_029,Peer support group,trt_009,Cognitive and cognitive behavioural therapies group + AD,0.3131408098735564,-1.2866702285141822,1.3276776647746322,0.313 (-1.287 to 1.328)
trt_030,Peer support group + AD,trt_009,Cognitive and cognitive behavioural therapies group + AD,0.37357828305063395,-1.1605053725608276,1.4471271423766465,0.374 (-1.161 to 1.447)
trt_031,Placebo,trt_009,Cognitive and cognitive behavioural therapies group + AD,-0.2376854588226592,-1.9731583862895348,0.653346013221169,-0.238 (-1.973 to 0.653)
trt_032,Problem solving group,trt_009,Cognitive and cognitive behavioural therapies group + AD,1.221884077524072,0.5399894070171987,3.077770291012832,1.222 (0.540 to 3.078)
trt_033,Problem solving individual,trt_009,Cognitive and cognitive behavioural therapies group + AD,0.2068934628774049,-1.2159013779170371,0.8292696835005797,0.207 (-1.216 to 0.829)
trt_034,Psychoeducation group,trt_009,Cognitive and cognitive behavioural therapies group + AD,0.40203460150313414,-1.2136630826058548,1.614573084412618,0.402 (-1.214 to 1.615)
trt_035,Psychoeducation group + AD,trt_009,Cognitive and cognitive behavioural therapies group + AD,-0.11871510742808881,-2.0875785930114517,0.6624787638546344,-0.119 (-2.088 to 0.662)
trt_036,Relaxation individual + AD,trt_009,Cognitive and cognitive behavioural therapies group + AD,0.1409457841024637,-1.6842403890929427,1.046543415990539,0.141 (-1.684 to 1.047)
trt_037,Relaxation individual + placebo,trt_009,Cognitive and cognitive behavioural therapies group + AD,-0.17413932126115506,-2.3043372481310507,0.6641098437121767,-0.174 (-2.304 to 0.664)
trt_038,SNRIs,trt_009,Cognitive and cognitive behavioural therapies group + AD,0.048588342481683776,-1.399149492939728,0.6587921510102299,0.049 (-1.399 to 0.659)
trt_039,SSRIs,trt_009,Cognitive and cognitive behavioural therapies group + AD,0.02054435088354273,-1.4529579324976927,0.6570620509554413,0.021 (-1.453 to 0.657)
trt_040,Self-help,trt_009,Cognitive and cognitive behavioural therapies group + AD,0.02399625421266178,-1.5206669245408742,0.6605734334241178,0.024 (-1.521 to 0.661)
trt_041,Self-help with support,trt_009,Cognitive and cognitive behavioural therapies group + AD,0.011371807180731835,-1.5501510349958663,0.659823782630302,0.011 (-1.550 to 0.660)
trt_042,Sham acupuncture,trt_009,Cognitive and cognitive behavioural therapies group + AD,-0.15110647411968203,-2.0041820996608184,0.656363045745947,-0.151 (-2.004 to 0.656)
trt_043,Short-term psychodynamic psychotherapies individual,trt_009,Cognitive and cognitive behavioural therapies group + AD,0.038005711549360846,-1.559568480663684,0.6654490768941176,0.038 (-1.560 to 0.665)
trt_044,Short-term psychodynamic psychotherapies individual + AD,trt_009,Cognitive and cognitive behavioural therapies group + AD,-0.08357516506780674,-2.0099725577033567,0.6658656266767625,-0.084 (-2.010 to 0.666)
trt_045,TAU,trt_009,Cognitive and cognitive behavioural therapies group + AD,-0.09963553758637084,-1.7525419175464503,0.6549002522913738,-0.100 (-1.753 to 0.655)
trt_046,TCAs,trt_009,Cognitive and cognitive behavioural therapies group + AD,0.06275066108130686,-1.3699671472795478,0.6594053319986094,0.063 (-1.370 to 0.659)
trt_047,Trazodone,trt_009,Cognitive and cognitive behavioural therapies group + AD,-0.05412993195184982,-1.64481650381842,0.6557282371451923,-0.054 (-1.645 to 0.656)
trt_048,Waitlist,trt_009,Cognitive and cognitive behavioural therapies group + AD,-0.6760833370725591,-2.897988026169231,0.6530805910119216,-0.676 (-2.898 to 0.653)
trt_049,Yoga group,trt_009,Cognitive and cognitive behavioural therapies group + AD,0.15026879797560003,-1.504727547861869,0.9059368635610661,0.150 (-1.505 to 0.906)
trt_050,Yoga group + AD,trt_009,Cognitive and cognitive behavioural therapies group + AD,0.5639273129853641,-0.8691568128548586,1.9114373758405798,0.564 (-0.869 to 1.911)
trt_001,Acupuncture,trt_010,Cognitive and cognitive behavioural therapies individual,0.4247605061215294,-0.25668270634177204,0.747585326589568,0.425 (-0.257 to 0.748)
trt_002,Acupuncture + AD,trt_010,Cognitive and cognitive behavioural therapies individual,0.8011696024039242,0.48377553699037884,1.512780165653,0.801 (0.484 to 1.513)
trt_003,Any AD,trt_010,Cognitive and cognitive behavioural therapies individual,0.1304472048637137,-0.7616469418685975,0.6531143377530946,0.130 (-0.762 to 0.653)
trt_004,Any psychotherapy,trt_010,Cognitive and cognitive behavioural therapies individual,-0.38167637722189984,-2.3041469618594075,0.6531373302337684,-0.382 (-2.304 to 0.653)
trt_005,Attention placebo,trt_010,Cognitive and cognitive behavioural therapies individual,-0.4227110248525993,-2.308180762760096,0.6531000354853939,-0.423 (-2.308 to 0.653)
trt_006,Behavioural therapies individual,trt_010,Cognitive and cognitive behavioural therapies individual,-0.6054656450492015,-2.5255533147216855,0.6530805910119216,-0.605 (-2.526 to 0.653)
trt_007,Behavioural therapies individual + AD,trt_010,Cognitive and cognitive behavioural therapies individual,0.2572096499412991,-1.051976321284112,0.8738866185521944,0.257 (-1.052 to 0.874)
trt_008,Cognitive and cognitive behavioural therapies group,trt_010,Cognitive and cognitive behavioural therapies individual,0.3934857220061232,-0.31558021319178753,0.6894062968068628,0.393 (-0.316 to 0.689)
trt_009,Cognitive and cognitive behavioural therapies group + AD,trt_010,Cognitive and cognitive behavioural therapies individual,0.4634319741129941,-0.5489890870009513,1.1929841610607863,0.463 (-0.549 to 1.193)
trt_011,Cognitive and cognitive behavioural therapies individual + AD,trt_010,Cognitive and cognitive behavioural therapies individual,0.6767980205891461,0.2821359512091367,1.2142783052774262,0.677 (0.282 to 1.214)
trt_012,Cognitive and cognitive behavioural therapies individual + placebo,trt_010,Cognitive and cognitive behavioural therapies individual,0.6212066531136357,-0.1283329944307008,1.4051866331542253,0.621 (-0.128 to 1.405)
trt_013,Counselling individual,trt_010,Cognitive and cognitive behavioural therapies individual,0.21669837305345652,-0.6788386272780086,0.6544251835253094,0.217 (-0.679 to 0.654)
trt_014,Counselling individual + AD,trt_010,Cognitive and cognitive behavioural therapies individual,-0.045036987444314905,-1.858981979514192,0.6640904930906896,-0.045 (-1.859 to 0.664)
trt_015,Counselling individual + placebo,trt_010,Cognitive and cognitive behavioural therapies individual,-0.21767252959356956,-2.6457551290195513,0.6729291289331735,-0.218 (-2.646 to 0.673)
trt_016,Exercise group,trt_010,Cognitive and cognitive behavioural therapies individual,0.35933991144795563,-0.5235088858607556,0.7530135523905944,0.359 (-0.524 to 0.753)
trt_017,Exercise group + AD,trt_010,Cognitive and cognitive behavioural therapies individual,1.64389071407493,0.5589293032782432,3.764486400859883,1.644 (0.559 to 3.764)
trt_018,Exercise individual,trt_010,Cognitive and cognitive behavioural therapies individual,0.2888832173881133,-0.6608187405650038,0.6706673688022421,0.289 (-0.661 to 0.671)
trt_019,Exercise individual + AD,trt_010,Cognitive and cognitive behavioural therapies individual,0.6084261668901217,-0.18422231648603052,1.4054405121981837,0.608 (-0.184 to 1.405)
trt_020,Interpersonal psychotherapy (IPT) individual,trt_010,Cognitive and cognitive behavioural therapies individual,0.1344374463049883,-0.8959329271827123,0.6538356931369396,0.134 (-0.896 to 0.654)
trt_021,Interpersonal psychotherapy (IPT) individual + AD,trt_010,Cognitive and cognitive behavioural therapies individual,0.23541950073544263,-0.7965700546479146,0.662768111749474,0.235 (-0.797 to 0.663)
trt_022,Interpersonal psychotherapy (IPT) individual + placebo,trt_010,Cognitive and cognitive behavioural therapies individual,0.11169749696909502,-1.137721804044077,0.6572377234075693,0.112 (-1.138 to 0.657)
trt_023,Light therapy,trt_010,Cognitive and cognitive behavioural therapies individual,0.34675180063579,-0.860302009165027,1.0478276940631683,0.347 (-0.860 to 1.048)
trt_024,Light therapy + AD,trt_010,Cognitive and cognitive behavioural therapies individual,0.4969865552320058,-0.3776504359199965,1.159239486359485,0.497 (-0.378 to 1.159)
trt_025,Mindfulness or meditation group,trt_010,Cognitive and cognitive behavioural therapies individual,2.011000347107624,0.559094515619753,4.639610058041041,2.011 (0.559 to 4.640)
trt_026,Mirtazapine,trt_010,Cognitive and cognitive behavioural therapies individual,0.22868867998335124,-0.5063656496551106,0.6531143377530946,0.229 (-0.506 to 0.653)
trt_027,Music therapy group,trt_010,Cognitive and cognitive behavioural therapies individual,0.2772121229208112,-1.3110499540587535,1.211726164877843,0.277 (-1.311 to 1.212)
trt_028,No treatment,trt_010,Cognitive and cognitive behavioural therapies individual,-0.05522959374329593,-1.1038273347322671,0.6530805910119216,-0.055 (-1.104 to 0.653)
trt_029,Peer support group,trt_010,Cognitive and cognitive behavioural therapies individual,0.4743159358131959,-0.7980621977378668,1.4862946585633219,0.474 (-0.798 to 1.486)
trt_030,Peer support group + AD,trt_010,Cognitive and cognitive behavioural therapies individual,0.5347534089902735,-0.6720100593241853,1.6017687651223145,0.535 (-0.672 to 1.602)
trt_031,Placebo,trt_010,Cognitive and cognitive behavioural therapies individual,-0.07651033288301973,-1.0462167311815431,0.6530805910119216,-0.077 (-1.046 to 0.653)
trt_032,Problem solving group,trt_010,Cognitive and cognitive behavioural therapies individual,1.3830592034637115,0.5586199618163363,3.0594283047695665,1.383 (0.559 to 3.059)
trt_033,Problem solving individual,trt_010,Cognitive and cognitive behavioural therapies individual,0.3680685888170444,-0.4393334458788207,0.7054201918033571,0.368 (-0.439 to 0.705)
trt_034,Psychoeducation group,trt_010,Cognitive and cognitive behavioural therapies individual,0.5632097274427736,-0.6099911696940248,1.6475181950763778,0.563 (-0.610 to 1.648)
trt_035,Psychoeducation group + AD,trt_010,Cognitive and cognitive behavioural therapies individual,0.04246001851155068,-1.567442402960611,0.667222698389391,0.042 (-1.567 to 0.667)
trt_036,Relaxation individual + AD,trt_010,Cognitive and cognitive behavioural therapies individual,0.3021209100421032,-1.08375234517535,1.0789966231510673,0.302 (-1.084 to 1.079)
trt_037,Relaxation individual + placebo,trt_010,Cognitive and cognitive behavioural therapies individual,-0.01296419532151556,-1.7012916188484621,0.6629298721043774,-0.013 (-1.701 to 0.663)
trt_038,SNRIs,trt_010,Cognitive and cognitive behavioural therapies individual,0.20976346842132326,-0.48745599861193006,0.6530805910119216,0.210 (-0.487 to 0.653)
trt_039,SSRIs,trt_010,Cognitive and cognitive behavioural therapies individual,0.18171947682318224,-0.522652142803649,0.6530805910119216,0.182 (-0.523 to 0.653)
trt_040,Self-help,trt_010,Cognitive and cognitive behavioural therapies individual,0.18517138015230128,-0.6883186881011869,0.6532939901279275,0.185 (-0.688 to 0.653)
trt_041,Self-help with support,trt_010,Cognitive and cognitive behavioural therapies individual,0.17254693312037134,-0.6917037481121048,0.6531756938529196,0.173 (-0.692 to 0.653)
trt_042,Sham acupuncture,trt_010,Cognitive and cognitive behavioural therapies individual,0.010068651819957393,-1.2727009724387925,0.6536435552783162,0.010 (-1.273 to 0.654)
trt_043,Short-term psychodynamic psychotherapies individual,trt_010,Cognitive and cognitive behavioural therapies individual,0.19918083748900028,-0.7686767384956054,0.6549266956942484,0.199 (-0.769 to 0.655)
trt_044,Short-term psychodynamic psychotherapies individual + AD,trt_010,Cognitive and cognitive behavioural therapies individual,0.07759996087183275,-1.4791333286121766,0.6725004400527606,0.078 (-1.479 to 0.673)
trt_045,TAU,trt_010,Cognitive and cognitive behavioural therapies individual,0.06153958835326868,-0.9460248992966082,0.6531000354853939,0.062 (-0.946 to 0.653)
trt_046,TCAs,trt_010,Cognitive and cognitive behavioural therapies individual,0.22392578702094637,-0.4399418116276856,0.6530832610268091,0.224 (-0.440 to 0.653)
trt_047,Trazodone,trt_010,Cognitive and cognitive behavioural therapies individual,0.10704519398778967,-0.7969836731504434,0.6530805910119216,0.107 (-0.797 to 0.653)
trt_048,Waitlist,trt_010,Cognitive and cognitive behavioural therapies individual,-0.5149082111329195,-2.0306318647658603,0.6530805910119216,-0.515 (-2.031 to 0.653)
trt_049,Yoga group,trt_010,Cognitive and cognitive behavioural therapies individual,0.3114439239152395,-0.8375851821947295,0.8715041238484315,0.311 (-0.838 to 0.872)
trt_050,Yoga group + AD,trt_010,Cognitive and cognitive behavioural therapies individual,0.7251024389250037,-0.3834971383033127,2.0773519033692884,0.725 (-0.383 to 2.077)
trt_001,Acupuncture,trt_011,Cognitive and cognitive behavioural therapies individual + AD,0.05021933370573788,-1.1337114434133218,0.6534624656000859,0.050 (-1.134 to 0.653)
trt_002,Acupuncture + AD,trt_011,Cognitive and cognitive behavioural therapies individual + AD,0.4266284299881327,-0.3860997400181485,0.882841743146633,0.427 (-0.386 to 0.883)
trt_003,Any AD,trt_011,Cognitive and cognitive behavioural therapies individual + AD,-0.2440939675520778,-1.6484502241470478,0.6530805910119216,-0.244 (-1.648 to 0.653)
trt_004,Any psychotherapy,trt_011,Cognitive and cognitive behavioural therapies individual + AD,-0.7562175496376913,-3.157940531535901,0.6530805910119216,-0.756 (-3.158 to 0.653)
trt_005,Attention placebo,trt_011,Cognitive and cognitive behavioural therapies individual + AD,-0.7972521972683907,-3.156358640711096,0.6530805910119216,-0.797 (-3.156 to 0.653)
trt_006,Behavioural therapies individual,trt_011,Cognitive and cognitive behavioural therapies individual + AD,-0.980006817464993,-3.407261341975982,0.6530805910119216,-0.980 (-3.407 to 0.653)
trt_007,Behavioural therapies individual + AD,trt_011,Cognitive and cognitive behavioural therapies individual + AD,-0.11733152247449241,-1.8722751168620682,0.6559094055079113,-0.117 (-1.872 to 0.656)
trt_008,Cognitive and cognitive behavioural therapies group,trt_011,Cognitive and cognitive behavioural therapies individual + AD,0.018944549590331705,-1.2119471780873745,0.6534354849932529,0.019 (-1.212 to 0.653)
trt_009,Cognitive and cognitive behavioural therapies group + AD,trt_011,Cognitive and cognitive behavioural therapies individual + AD,0.08889080169720258,-1.3709208951096103,0.6659748646066144,0.089 (-1.371 to 0.666)
trt_010,Cognitive and cognitive behavioural therapies individual,trt_011,Cognitive and cognitive behavioural therapies individual + AD,-0.07228432424243693,-1.2142783052774266,0.6530805910119216,-0.072 (-1.214 to 0.653)
trt_012,Cognitive and cognitive behavioural therapies individual + placebo,trt_011,Cognitive and cognitive behavioural therapies individual + AD,0.24666548069784416,-0.836475579352358,0.6722123718541396,0.247 (-0.836 to 0.672)
trt_013,Counselling individual,trt_011,Cognitive and cognitive behavioural therapies individual + AD,-0.15784279936233503,-1.581879830178674,0.6531000354853939,-0.158 (-1.582 to 0.653)
trt_014,Counselling individual + AD,trt_011,Cognitive and cognitive behavioural therapies individual + AD,-0.4195781598601064,-2.6609097554908483,0.6538724626482026,-0.420 (-2.661 to 0.654)
trt_015,Counselling individual + placebo,trt_011,Cognitive and cognitive behavioural therapies individual + AD,-0.592213702009361,-3.4300418762788114,0.6554304054163034,-0.592 (-3.430 to 0.655)
trt_016,Exercise group,trt_011,Cognitive and cognitive behavioural therapies individual + AD,-0.015201260967835866,-1.3806486884258666,0.6540024598458212,-0.015 (-1.381 to 0.654)
trt_017,Exercise group + AD,trt_011,Cognitive and cognitive behavioural therapies individual + AD,1.2693495416591383,0.5514878901793443,3.077661424901581,1.269 (0.551 to 3.078)
trt_018,Exercise individual,trt_011,Cognitive and cognitive behavioural therapies individual + AD,-0.08565795502767826,-1.5171499952457428,0.6533364774477467,-0.086 (-1.517 to 0.653)
trt_019,Exercise individual + AD,trt_011,Cognitive and cognitive behavioural therapies individual + AD,0.23388499447433023,-1.0111837876222685,0.7433782606456193,0.234 (-1.011 to 0.743)
trt_020,Interpersonal psychotherapy (IPT) individual,trt_011,Cognitive and cognitive behavioural therapies individual + AD,-0.24010372611080327,-1.7747602097504338,0.6530805910119216,-0.240 (-1.775 to 0.653)
trt_021,Interpersonal psychotherapy (IPT) individual + AD,trt_011,Cognitive and cognitive behavioural therapies individual + AD,-0.13912167168034886,-1.6438641660483544,0.6532321591276093,-0.139 (-1.644 to 0.653)
trt_022,Interpersonal psychotherapy (IPT) individual + placebo,trt_011,Cognitive and cognitive behavioural therapies individual + AD,-0.2628436754466965,-1.9743266893753697,0.6531668302511108,-0.263 (-1.974 to 0.653)
trt_023,Light therapy,trt_011,Cognitive and cognitive behavioural therapies individual + AD,-0.027789371780001466,-1.6802899789739332,0.6593664232945446,-0.028 (-1.680 to 0.659)
trt_024,Light therapy + AD,trt_011,Cognitive and cognitive behavioural therapies individual + AD,0.12244538281621431,-1.2062000337786807,0.6633536686050737,0.122 (-1.206 to 0.663)
trt_025,Mindfulness or meditation group,trt_011,Cognitive and cognitive behavioural therapies individual + AD,1.6364591746918324,0.5579716181945629,3.9617591547136244,1.636 (0.558 to 3.962)
trt_026,Mirtazapine,trt_011,Cognitive and cognitive behavioural therapies individual + AD,-0.1458524924324402,-1.406676282531962,0.6530805910119216,-0.146 (-1.407 to 0.653)
trt_027,Music therapy group,trt_011,Cognitive and cognitive behavioural therapies individual + AD,-0.09732904949498032,-2.121819910087425,0.6702080662431744,-0.097 (-2.122 to 0.670)
trt_028,No treatment,trt_011,Cognitive and cognitive behavioural therapies individual + AD,-0.42977076615908744,-2.034077945737264,0.6530805910119216,-0.430 (-2.034 to 0.653)
trt_029,Peer support group,trt_011,Cognitive and cognitive behavioural therapies individual + AD,0.0997747633974044,-1.6052766466452615,0.7886739403783133,0.100 (-1.605 to 0.789)
trt_030,Peer support group + AD,trt_011,Cognitive and cognitive behavioural therapies individual + AD,0.16021223657448191,-1.4762944744607824,0.9032071177573786,0.160 (-1.476 to 0.903)
trt_031,Placebo,trt_011,Cognitive and cognitive behavioural therapies individual + AD,-0.4510515052988112,-1.9735095126109727,0.6530805910119216,-0.451 (-1.974 to 0.653)
trt_032,Problem solving group,trt_011,Cognitive and cognitive behavioural therapies individual + AD,1.00851803104792,0.430252187423107,2.4002799137918736,1.009 (0.430 to 2.400)
trt_033,Problem solving individual,trt_011,Cognitive and cognitive behavioural therapies individual + AD,-0.006472583598747156,-1.317714486859733,0.6536288419746525,-0.006 (-1.318 to 0.654)
trt_034,Psychoeducation group,trt_011,Cognitive and cognitive behavioural therapies individual + AD,0.18866855502698215,-1.430475744809262,0.9712910057462847,0.189 (-1.430 to 0.971)
trt_035,Psychoeducation group + AD,trt_011,Cognitive and cognitive behavioural therapies individual + AD,-0.33208115390424087,-2.382137036235821,0.653857982426891,-0.332 (-2.382 to 0.654)
trt_036,Relaxation individual + AD,trt_011,Cognitive and cognitive behavioural therapies individual + AD,-0.07242026237368833,-1.8941129991568026,0.6612441857203242,-0.072 (-1.894 to 0.661)
trt_037,Relaxation individual + placebo,trt_011,Cognitive and cognitive behavioural therapies individual + AD,-0.387505367737307,-2.5110783584761847,0.6536445588991873,-0.388 (-2.511 to 0.654)
trt_038,SNRIs,trt_011,Cognitive and cognitive behavioural therapies individual + AD,-0.16477770399446828,-1.411036264142618,0.6530805910119216,-0.165 (-1.411 to 0.653)
trt_039,SSRIs,trt_011,Cognitive and cognitive behavioural therapies individual + AD,-0.19282169559260928,-1.4503891880910313,0.6530805910119216,-0.193 (-1.450 to 0.653)
trt_040,Self-help,trt_011,Cognitive and cognitive behavioural therapies individual + AD,-0.18936979226349027,-1.6082032133030477,0.6530933001023664,-0.189 (-1.608 to 0.653)
trt_041,Self-help with support,trt_011,Cognitive and cognitive behavioural therapies individual + AD,-0.20199423929542012,-1.6266508909949882,0.6530805910119216,-0.202 (-1.627 to 0.653)
trt_042,Sham acupuncture,trt_011,Cognitive and cognitive behavioural therapies individual + AD,-0.36447252059583407,-2.1256467346603647,0.6530989095755316,-0.364 (-2.126 to 0.653)
trt_043,Short-term psychodynamic psychotherapies individual,trt_011,Cognitive and cognitive behavioural therapies individual + AD,-0.17536033492679118,-1.6635563043021848,0.6531000354853939,-0.175 (-1.664 to 0.653)
trt_044,Short-term psychodynamic psychotherapies individual + AD,trt_011,Cognitive and cognitive behavioural therapies individual + AD,-0.29694121154395875,-2.296462452152535,0.65412167293672,-0.297 (-2.296 to 0.654)
trt_045,TAU,trt_011,Cognitive and cognitive behavioural therapies individual + AD,-0.3130015840625229,-1.8299590296651198,0.6530805910119216,-0.313 (-1.830 to 0.653)
trt_046,TCAs,trt_011,Cognitive and cognitive behavioural therapies individual + AD,-0.1506153853948451,-1.3705847848730883,0.6530805910119216,-0.151 (-1.371 to 0.653)
trt_047,Trazodone,trt_011,Cognitive and cognitive behavioural therapies individual + AD,-0.2674959784280019,-1.687731732811904,0.6530805910119216,-0.267 (-1.688 to 0.653)
trt_048,Waitlist,trt_011,Cognitive and cognitive behavioural therapies individual + AD,-0.8894493835487111,-2.963512071863648,0.6530805910119216,-0.889 (-2.964 to 0.653)
trt_049,Yoga group,trt_011,Cognitive and cognitive behavioural therapies individual + AD,-0.06309724850055194,-1.670117170798997,0.6555480585252611,-0.063 (-1.670 to 0.656)
trt_050,Yoga group + AD,trt_011,Cognitive and cognitive behavioural therapies individual + AD,0.35056126650921215,-1.1828651857796302,1.3762695624141794,0.351 (-1.183 to 1.376)
trt_001,Acupuncture,trt_012,Cognitive and cognitive behavioural therapies individual + placebo,0.10581070118124834,-1.268887992946629,0.6627364352467439,0.106 (-1.269 to 0.663)
trt_002,Acupuncture + AD,trt_012,Cognitive and cognitive behavioural therapies individual + placebo,0.48221979746364313,-0.524980306462742,1.242215540117235,0.482 (-0.525 to 1.242)
trt_003,Any AD,trt_012,Cognitive and cognitive behavioural therapies individual + placebo,-0.18850260007656738,-1.8165913968958836,0.6533266984762327,-0.189 (-1.817 to 0.653)
trt_004,Any psychotherapy,trt_012,Cognitive and cognitive behavioural therapies individual + placebo,-0.7006261821621809,-3.2176038757298673,0.6531000354853939,-0.701 (-3.218 to 0.653)
trt_005,Attention placebo,trt_012,Cognitive and cognitive behavioural therapies individual + placebo,-0.7416608297928804,-3.227816324331888,0.6531143377530946,-0.742 (-3.228 to 0.653)
trt_006,Behavioural therapies individual,trt_012,Cognitive and cognitive behavioural therapies individual + placebo,-0.9244154499894826,-3.5016166566063878,0.6530805910119216,-0.924 (-3.502 to 0.653)
trt_007,Behavioural therapies individual + AD,trt_012,Cognitive and cognitive behavioural therapies individual + placebo,-0.06174015499898203,-1.9263324191410025,0.6648638668836464,-0.062 (-1.926 to 0.665)
trt_008,Cognitive and cognitive behavioural therapies group,trt_012,Cognitive and cognitive behavioural therapies individual + placebo,0.07453591706584219,-1.3457111827556836,0.6604701410003009,0.075 (-1.346 to 0.660)
trt_009,Cognitive and cognitive behavioural therapies group + AD,trt_012,Cognitive and cognitive behavioural therapies individual + placebo,0.14448216917271303,-1.4506067548334456,0.8176440368944574,0.144 (-1.451 to 0.818)
trt_010,Cognitive and cognitive behavioural therapies individual,trt_012,Cognitive and cognitive behavioural therapies individual + placebo,-0.016692956766926448,-1.4051866331542258,0.6541544935785604,-0.017 (-1.405 to 0.654)
trt_011,Cognitive and cognitive behavioural therapies individual + AD,trt_012,Cognitive and cognitive behavioural therapies individual + placebo,0.35784821564886504,-0.6105193737749331,0.8364755793523578,0.358 (-0.611 to 0.836)
trt_013,Counselling individual,trt_012,Cognitive and cognitive behavioural therapies individual + placebo,-0.10225143188682456,-1.7124225680152028,0.6544044213155499,-0.102 (-1.712 to 0.654)
trt_014,Counselling individual + AD,trt_012,Cognitive and cognitive behavioural therapies individual + placebo,-0.36398679238459597,-2.6993961997085894,0.6554962720807822,-0.364 (-2.699 to 0.655)
trt_015,Counselling individual + placebo,trt_012,Cognitive and cognitive behavioural therapies individual + placebo,-0.5366223345338506,-3.4403045506256333,0.6581347288479542,-0.537 (-3.440 to 0.658)
trt_016,Exercise group,trt_012,Cognitive and cognitive behavioural therapies individual + placebo,0.0403901065076746,-1.4865497756101251,0.6615941891761692,0.040 (-1.487 to 0.662)
trt_017,Exercise group + AD,trt_012,Cognitive and cognitive behavioural therapies individual + placebo,1.324940909134649,0.5493419134218496,3.3528764272352753,1.325 (0.549 to 3.353)
trt_018,Exercise individual,trt_012,Cognitive and cognitive behavioural therapies individual + placebo,-0.03006658755216778,-1.628413160579735,0.6572541928788105,-0.030 (-1.628 to 0.657)
trt_019,Exercise individual + AD,trt_012,Cognitive and cognitive behavioural therapies individual + placebo,0.28947636194984067,-1.1032829450957937,1.0504671034333941,0.289 (-1.103 to 1.050)
trt_020,Interpersonal psychotherapy (IPT) individual,trt_012,Cognitive and cognitive behavioural therapies individual + placebo,-0.18451235863529278,-1.9002094236854759,0.6537383233544284,-0.185 (-1.900 to 0.654)
trt_021,Interpersonal psychotherapy (IPT) individual + AD,trt_012,Cognitive and cognitive behavioural therapies individual + placebo,-0.08353030420483844,-1.7495657117122632,0.6556828193186524,-0.084 (-1.750 to 0.656)
trt_022,Interpersonal psychotherapy (IPT) individual + placebo,trt_012,Cognitive and cognitive behavioural therapies individual + placebo,-0.20725230797118604,-2.0655982641230413,0.6545091384742179,-0.207 (-2.066 to 0.655)
trt_023,Light therapy,trt_012,Cognitive and cognitive behavioural therapies individual + placebo,0.027801995695508924,-1.7389909243117616,0.6840399228803368,0.028 (-1.739 to 0.684)
trt_024,Light therapy + AD,trt_012,Cognitive and cognitive behavioural therapies individual + placebo,0.17803675029172478,-1.286732537397921,0.8008870116774803,0.178 (-1.287 to 0.801)
trt_025,Mindfulness or meditation group,trt_012,Cognitive and cognitive behavioural therapies individual + placebo,1.6920505421673429,0.5575499602049375,4.222209441450088,1.692 (0.558 to 4.222)
trt_026,Mirtazapine,trt_012,Cognitive and cognitive behavioural therapies individual + placebo,-0.09026112495692983,-1.5855428418127848,0.6536028622591418,-0.090 (-1.586 to 0.654)
trt_027,Music therapy group,trt_012,Cognitive and cognitive behavioural therapies individual + placebo,-0.04173768201946985,-2.1543728983273542,0.7754228429031332,-0.042 (-2.154 to 0.775)
trt_028,No treatment,trt_012,Cognitive and cognitive behavioural therapies individual + placebo,-0.374179398683577,-2.189972640285262,0.6530832610268091,-0.374 (-2.190 to 0.653)
trt_029,Peer support group,trt_012,Cognitive and cognitive behavioural therapies individual + placebo,0.15536613087291487,-1.6555354704305951,1.057768592147019,0.155 (-1.656 to 1.058)
trt_030,Peer support group + AD,trt_012,Cognitive and cognitive behavioural therapies individual + placebo,0.21580360404999238,-1.5213051048220556,1.169866399132099,0.216 (-1.521 to 1.170)
trt_031,Placebo,trt_012,Cognitive and cognitive behavioural therapies individual + placebo,-0.39546013782330075,-2.169955699229715,0.6530805910119216,-0.395 (-2.170 to 0.653)
trt_032,Problem solving group,trt_012,Cognitive and cognitive behavioural therapies individual + placebo,1.0641093985234304,0.35943396373595615,2.6854170883914206,1.064 (0.359 to 2.685)
trt_033,Problem solving individual,trt_012,Cognitive and cognitive behavioural therapies individual + placebo,0.04911878387676333,-1.4362987181602256,0.6604935658395241,0.049 (-1.436 to 0.660)
trt_034,Psychoeducation group,trt_012,Cognitive and cognitive behavioural therapies individual + placebo,0.24425992250249262,-1.4699411704130219,1.237473801613048,0.244 (-1.470 to 1.237)
trt_035,Psychoeducation group + AD,trt_012,Cognitive and cognitive behavioural therapies individual + placebo,-0.27648978642873034,-2.432047087808787,0.6560494930095478,-0.276 (-2.432 to 0.656)
trt_036,Relaxation individual + AD,trt_012,Cognitive and cognitive behavioural therapies individual + placebo,-0.01682889489817786,-1.9399569331619653,0.6891924912794355,-0.017 (-1.940 to 0.689)
trt_037,Relaxation individual + placebo,trt_012,Cognitive and cognitive behavioural therapies individual + placebo,-0.3319140002617966,-2.5623799516330203,0.655395897381577,-0.332 (-2.562 to 0.655)
trt_038,SNRIs,trt_012,Cognitive and cognitive behavioural therapies individual + placebo,-0.10918633651895779,-1.6027711079590887,0.65342057027632,-0.109 (-1.603 to 0.653)
trt_039,SSRIs,trt_012,Cognitive and cognitive behavioural therapies individual + placebo,-0.13723032811709882,-1.6484414271584644,0.6532857066454324,-0.137 (-1.648 to 0.653)
trt_040,Self-help,trt_012,Cognitive and cognitive behavioural therapies individual + placebo,-0.13377842478797977,-1.7520912034728264,0.6539847596939338,-0.134 (-1.752 to 0.654)
trt_041,Self-help with support,trt_012,Cognitive and cognitive behavioural therapies individual + placebo,-0.14640287181990974,-1.7700081174800344,0.6536852533853615,-0.146 (-1.770 to 0.654)
trt_042,Sham acupuncture,trt_012,Cognitive and cognitive behavioural therapies individual + placebo,-0.3088811531203236,-2.2278639885699887,0.6533781675940162,-0.309 (-2.228 to 0.653)
trt_043,Short-term psychodynamic psychotherapies individual,trt_012,Cognitive and cognitive behavioural therapies individual + placebo,-0.11976896745128071,-1.7856362984445073,0.6544251835253094,-0.120 (-1.786 to 0.654)
trt_044,Short-term psychodynamic psychotherapies individual + AD,trt_012,Cognitive and cognitive behavioural therapies individual + placebo,-0.2413498440684483,-2.339761348206304,0.6570025881204838,-0.241 (-2.340 to 0.657)
trt_045,TAU,trt_012,Cognitive and cognitive behavioural therapies individual + placebo,-0.2574102165870124,-1.981743594749612,0.6532135383413905,-0.257 (-1.982 to 0.653)
trt_046,TCAs,trt_012,Cognitive and cognitive behavioural therapies individual + placebo,-0.09502401791933471,-1.5614213144392561,0.6534220327651536,-0.095 (-1.561 to 0.653)
trt_047,Trazodone,trt_012,Cognitive and cognitive behavioural therapies individual + placebo,-0.21190461095249138,-1.8529773247950203,0.6532465086281162,-0.212 (-1.853 to 0.653)
trt_048,Waitlist,trt_012,Cognitive and cognitive behavioural therapies individual + placebo,-0.8338580160732006,-3.1190951280175203,0.6530805910119216,-0.834 (-3.119 to 0.653)
trt_049,Yoga group,trt_012,Cognitive and cognitive behavioural therapies individual + placebo,-0.0075058810250415425,-1.7470842609135104,0.6669124871152191,-0.008 (-1.747 to 0.667)
trt_050,Yoga group + AD,trt_012,Cognitive and cognitive behavioural therapies individual + placebo,0.4061526339847226,-1.2132339121529063,1.6432201377335187,0.406 (-1.213 to 1.643)
trt_001,Acupuncture,trt_013,Counselling individual,0.5103189812414275,-0.2529874081456009,1.0920553220292677,0.510 (-0.253 to 1.092)
trt_002,Acupuncture + AD,trt_013,Counselling individual,0.8867280775238223,0.48526149565158644,1.8602094415833135,0.887 (0.485 to 1.860)
trt_003,Any AD,trt_013,Counselling individual,0.2160056799836118,-0.8008399697445231,0.658649332860173,0.216 (-0.801 to 0.659)
trt_004,Any psychotherapy,trt_013,Counselling individual,-0.29611790210200173,-2.2542707482402986,0.6537475450154369,-0.296 (-2.254 to 0.654)
trt_005,Attention placebo,trt_013,Counselling individual,-0.33715254973270126,-2.1783857869568406,0.6531543126769925,-0.337 (-2.178 to 0.653)
trt_006,Behavioural therapies individual,trt_013,Counselling individual,-0.5199071699293034,-2.51205398051536,0.6530805910119216,-0.520 (-2.512 to 0.653)
trt_007,Behavioural therapies individual + AD,trt_013,Counselling individual,0.34276812506119714,-0.9819297459859592,1.144024633846118,0.343 (-0.982 to 1.144)
trt_008,Cognitive and cognitive behavioural therapies group,trt_013,Counselling individual,0.4790441971260213,-0.3059280039385341,1.0120798626664353,0.479 (-0.306 to 1.012)
trt_009,Cognitive and cognitive behavioural therapies group + AD,trt_013,Counselling individual,0.5489904492328922,-0.4990538752983011,1.4867680956830762,0.549 (-0.499 to 1.487)
trt_010,Cognitive and cognitive behavioural therapies individual,trt_013,Counselling individual,0.3878153232932527,-0.3347843791333983,0.6889484786667432,0.388 (-0.335 to 0.689)
trt_011,Cognitive and cognitive behavioural therapies individual + AD,trt_013,Counselling individual,0.7623564957090442,0.2620022982562857,1.581879830178674,0.762 (0.262 to 1.582)
trt_012,Cognitive and cognitive behavioural therapies individual + placebo,trt_013,Counselling individual,0.7067651282335338,-0.08979374240311173,1.7124225680152025,0.707 (-0.090 to 1.712)
trt_014,Counselling individual + AD,trt_013,Counselling individual,0.04052148767558319,-1.7703883735337551,0.7296254421538727,0.041 (-1.770 to 0.730)
trt_015,Counselling individual + placebo,trt_013,Counselling individual,-0.13211405447367136,-2.5440432529873944,0.7912040370240518,-0.132 (-2.544 to 0.791)
trt_016,Exercise group,trt_013,Counselling individual,0.44489838656785374,-0.477774449443002,1.0528156095213936,0.445 (-0.478 to 1.053)
trt_017,Exercise group + AD,trt_013,Counselling individual,1.729449189194828,0.558905149705491,4.028340474490838,1.729 (0.559 to 4.028)
trt_018,Exercise individual,trt_013,Counselling individual,0.37444169250801135,-0.6172355302935573,0.911124394492762,0.374 (-0.617 to 0.911)
trt_019,Exercise individual + AD,trt_013,Counselling individual,0.6939846420100199,-0.12253001324137194,1.6935202956920141,0.694 (-0.123 to 1.694)
trt_020,Interpersonal psychotherapy (IPT) individual,trt_013,Counselling individual,0.2199959214248864,-0.9006138909317446,0.6672889023386046,0.220 (-0.901 to 0.667)
trt_021,Interpersonal psychotherapy (IPT) individual + AD,trt_013,Counselling individual,0.3209779758553407,-0.7707823401296964,0.846892616459754,0.321 (-0.771 to 0.847)
trt_022,Interpersonal psychotherapy (IPT) individual + placebo,trt_013,Counselling individual,0.19725597208899312,-1.09825876770561,0.6952324584955338,0.197 (-1.098 to 0.695)
trt_023,Light therapy,trt_013,Counselling individual,0.4323102757556881,-0.7865963120086511,1.3120893824747304,0.432 (-0.787 to 1.312)
trt_024,Light therapy + AD,trt_013,Counselling individual,0.582545030351904,-0.32677251418606046,1.4559922066900686,0.583 (-0.327 to 1.456)
trt_025,Mindfulness or meditation group,trt_013,Counselling individual,2.096558822227522,0.559089532648456,4.875872195835229,2.097 (0.559 to 4.876)
trt_026,Mirtazapine,trt_013,Counselling individual,0.31424715510324935,-0.5514955497236268,0.6687786294276182,0.314 (-0.551 to 0.669)
trt_027,Music therapy group,trt_013,Counselling individual,0.3627705980407093,-1.1933124898510066,1.4440441890479359,0.363 (-1.193 to 1.444)
trt_028,No treatment,trt_013,Counselling individual,0.030328881376602165,-1.096186234803929,0.6531429642743322,0.030 (-1.096 to 0.653)
trt_029,Peer support group,trt_013,Counselling individual,0.559874410933094,-0.7268292011704379,1.7489478943383416,0.560 (-0.727 to 1.749)
trt_030,Peer support group + AD,trt_013,Counselling individual,0.6203118841101716,-0.5916127814188459,1.860924808199043,0.620 (-0.592 to 1.861)
trt_031,Placebo,trt_013,Counselling individual,0.009048142236878382,-1.1213691090944662,0.6531373302337684,0.009 (-1.121 to 0.653)
trt_032,Problem solving group,trt_013,Counselling individual,1.4686176785836096,0.5586818278726073,3.323333521681069,1.469 (0.559 to 3.323)
trt_033,Problem solving individual,trt_013,Counselling individual,0.45362706393694247,-0.27109958186173666,0.877170392183842,0.454 (-0.271 to 0.877)
trt_034,Psychoeducation group,trt_013,Counselling individual,0.6487682025626718,-0.5039258031589798,1.8853049589288062,0.649 (-0.504 to 1.885)
trt_035,Psychoeducation group + AD,trt_013,Counselling individual,0.1280184936314488,-1.494408065210287,0.7901143235113166,0.128 (-1.494 to 0.790)
trt_036,Relaxation individual + AD,trt_013,Counselling individual,0.3876793851620013,-0.9984108008784489,1.3457691773573575,0.388 (-0.998 to 1.346)
trt_037,Relaxation individual + placebo,trt_013,Counselling individual,0.07259427979838255,-1.6296654485714794,0.7197343635685342,0.073 (-1.630 to 0.720)
trt_038,SNRIs,trt_013,Counselling individual,0.2953219435412214,-0.5575816430927768,0.6611190209165178,0.295 (-0.558 to 0.661)
trt_039,SSRIs,trt_013,Counselling individual,0.26727795194308035,-0.6017960733844432,0.657411272716944,0.267 (-0.602 to 0.657)
trt_040,Self-help,trt_013,Counselling individual,0.2707298552721994,-0.6536772664052051,0.661512786478994,0.271 (-0.654 to 0.662)
trt_041,Self-help with support,trt_013,Counselling individual,0.25810540824026945,-0.7115864118719327,0.6629259611066187,0.258 (-0.712 to 0.663)
trt_042,Sham acupuncture,trt_013,Counselling individual,0.09562712693985556,-1.2276273003087448,0.6585687544473866,0.096 (-1.228 to 0.659)
trt_043,Short-term psychodynamic psychotherapies individual,trt_013,Counselling individual,0.2847393126088984,-0.7792803479658366,0.7079394816334753,0.285 (-0.779 to 0.708)
trt_044,Short-term psychodynamic psychotherapies individual + AD,trt_013,Counselling individual,0.16315843599173085,-1.42067414969777,0.8543281399521112,0.163 (-1.421 to 0.854)
trt_045,TAU,trt_013,Counselling individual,0.14709806347316676,-0.9276250757708102,0.6548792730204691,0.147 (-0.928 to 0.655)
trt_046,TCAs,trt_013,Counselling individual,0.30948426214084446,-0.5188612418590834,0.6624094328644076,0.309 (-0.519 to 0.662)
trt_047,Trazodone,trt_013,Counselling individual,0.19260366910768775,-0.8275856724645198,0.6561528904082762,0.193 (-0.828 to 0.656)
trt_048,Waitlist,trt_013,Counselling individual,-0.42934973601302145,-2.0351672141429766,0.6530805910119216,-0.429 (-2.035 to 0.653)
trt_049,Yoga group,trt_013,Counselling individual,0.3970023990351376,-0.763510094854134,1.1436284208780656,0.397 (-0.764 to 1.144)
trt_050,Yoga group + AD,trt_013,Counselling individual,0.8106609140449017,-0.3047150969739155,2.340154889180845,0.811 (-0.305 to 2.340)
trt_001,Acupuncture,trt_014,Counselling individual + AD,0.7720543417391988,-0.27907352789412515,2.172047967168838,0.772 (-0.279 to 2.172)
trt_002,Acupuncture + AD,trt_014,Counselling individual + AD,1.1484634380215937,0.4701962009569001,2.9188086494003573,1.148 (0.470 to 2.919)
trt_003,Any AD,trt_014,Counselling individual + AD,0.4777410404813832,-0.786230963703833,1.4987009433613012,0.478 (-0.786 to 1.499)
trt_004,Any psychotherapy,trt_014,Counselling individual + AD,-0.0343825416042303,-2.158943701008101,0.8237767427698369,-0.034 (-2.159 to 0.824)
trt_005,Attention placebo,trt_014,Counselling individual + AD,-0.07541718923492977,-2.1813448326123006,0.6923098685211926,-0.075 (-2.181 to 0.692)
trt_006,Behavioural therapies individual,trt_014,Counselling individual + AD,-0.25817180943153195,-2.477996059921601,0.658655844616042,-0.258 (-2.478 to 0.659)
trt_007,Behavioural therapies individual + AD,trt_014,Counselling individual + AD,0.6045034855589686,-0.4132210678154739,1.627582592705864,0.605 (-0.413 to 1.628)
trt_008,Cognitive and cognitive behavioural therapies group,trt_014,Counselling individual + AD,0.7407795576237927,-0.34996820814405355,2.116323372377088,0.741 (-0.350 to 2.116)
trt_009,Cognitive and cognitive behavioural therapies group + AD,trt_014,Counselling individual + AD,0.8107258097306635,-0.3599867171649928,2.3960540797379015,0.811 (-0.360 to 2.396)
trt_010,Cognitive and cognitive behavioural therapies individual,trt_014,Counselling individual + AD,0.6495506837910241,-0.465024213201637,1.858981979514192,0.650 (-0.465 to 1.859)
trt_011,Cognitive and cognitive behavioural therapies individual + AD,trt_014,Counselling individual + AD,1.0240918562068155,0.2316757549596607,2.6609097554908474,1.024 (0.232 to 2.661)
trt_012,Cognitive and cognitive behavioural therapies individual + placebo,trt_014,Counselling individual + AD,0.9685004887313051,-0.036683424267564206,2.699396199708589,0.969 (-0.037 to 2.699)
trt_013,Counselling individual,trt_014,Counselling individual + AD,0.563992208671126,-0.7288967992028641,1.770388373533753,0.564 (-0.729 to 1.770)
trt_015,Counselling individual + placebo,trt_014,Counselling individual + AD,0.1296213060241,-1.4411960124141214,0.7540056821592839,0.130 (-1.441 to 0.754)
trt_016,Exercise group,trt_014,Counselling individual + AD,0.7066337470656251,-0.48298347157499144,2.101404164330758,0.707 (-0.483 to 2.101)
trt_017,Exercise group + AD,trt_014,Counselling individual + AD,1.9911845496925995,0.5586283771178613,4.940523008291606,1.991 (0.559 to 4.941)
trt_018,Exercise individual,trt_014,Counselling individual + AD,0.6361770530057828,-0.622629120240719,1.960043894805234,0.636 (-0.623 to 1.960)
trt_019,Exercise individual + AD,trt_014,Counselling individual + AD,0.9557200025077912,-0.049050724695122574,2.6712049600031187,0.956 (-0.049 to 2.671)
trt_020,Interpersonal psychotherapy (IPT) individual,trt_014,Counselling individual + AD,0.4817312819226578,-0.8857702503657113,1.6039257624763001,0.482 (-0.886 to 1.604)
trt_021,Interpersonal psychotherapy (IPT) individual + AD,trt_014,Counselling individual + AD,0.5827133363531122,-0.7110114275764299,1.8387536810886949,0.583 (-0.711 to 1.839)
trt_022,Interpersonal psychotherapy (IPT) individual + placebo,trt_014,Counselling individual + AD,0.4589913325867645,-1.0179610741349352,1.6445287583387787,0.459 (-1.018 to 1.645)
trt_023,Light therapy,trt_014,Counselling individual + AD,0.6940456362534595,-0.6745035331846778,2.257264347199882,0.694 (-0.675 to 2.257)
trt_024,Light therapy + AD,trt_014,Counselling individual + AD,0.8442803908496753,-0.2624492757404588,2.432766085670121,0.844 (-0.262 to 2.433)
trt_025,Mindfulness or meditation group,trt_014,Counselling individual + AD,2.3582941827252935,0.5590229312058563,5.77845713192855,2.358 (0.559 to 5.778)
trt_026,Mirtazapine,trt_014,Counselling individual + AD,0.5759825156010208,-0.6183614139627339,1.7239403111315315,0.576 (-0.618 to 1.724)
trt_027,Music therapy group,trt_014,Counselling individual + AD,0.6245059585384807,-1.0491058203804187,2.340813864450766,0.625 (-1.049 to 2.341)
trt_028,No treatment,trt_014,Counselling individual + AD,0.2920642418743736,-1.220322914507143,1.182042475981264,0.292 (-1.220 to 1.182)
trt_029,Peer support group,trt_014,Counselling individual + AD,0.8216097714308653,-0.5200185504130838,2.5940003326025782,0.822 (-0.520 to 2.594)
trt_030,Peer support group + AD,trt_014,Counselling individual + AD,0.8820472446079429,-0.3860613960638149,2.7098226982216556,0.882 (-0.386 to 2.710)
trt_031,Placebo,trt_014,Counselling individual + AD,0.2707835027346498,-1.2023691977186115,1.0914006358415138,0.271 (-1.202 to 1.091)
trt_032,Problem solving group,trt_014,Counselling individual + AD,1.730353039081381,0.5578488453259647,4.306990807584938,1.730 (0.558 to 4.307)
trt_033,Problem solving individual,trt_014,Counselling individual + AD,0.7153624244347139,-0.4441849309114905,2.1001665043136346,0.715 (-0.444 to 2.100)
trt_034,Psychoeducation group,trt_014,Counselling individual + AD,0.9105035630604431,-0.398697196956364,2.8184074779777215,0.911 (-0.399 to 2.818)
trt_035,Psychoeducation group + AD,trt_014,Counselling individual + AD,0.38975385412922015,-1.3322579910294918,1.6792407224256765,0.390 (-1.332 to 1.679)
trt_036,Relaxation individual + AD,trt_014,Counselling individual + AD,0.6494147456597726,-0.7311126618399492,2.114426383407106,0.649 (-0.731 to 2.114)
trt_037,Relaxation individual + placebo,trt_014,Counselling individual + AD,0.334329640296154,-1.3503636519768087,1.487903519032606,0.334 (-1.350 to 1.488)
trt_038,SNRIs,trt_014,Counselling individual + AD,0.5570573040389928,-0.6402882338027136,1.666745928844727,0.557 (-0.640 to 1.667)
trt_039,SSRIs,trt_014,Counselling individual + AD,0.5290133124408517,-0.6881074622847642,1.6075343776173638,0.529 (-0.688 to 1.608)
trt_040,Self-help,trt_014,Counselling individual + AD,0.5324652157699707,-0.7661421797118388,1.6939070899092816,0.532 (-0.766 to 1.694)
trt_041,Self-help with support,trt_014,Counselling individual + AD,0.5198407687380409,-0.7875913000622385,1.664107528788962,0.520 (-0.788 to 1.664)
trt_042,Sham acupuncture,trt_014,Counselling individual + AD,0.35736248743762694,-1.200757658059211,1.4339975234595115,0.357 (-1.201 to 1.434)
trt_043,Short-term psychodynamic psychotherapies individual,trt_014,Counselling individual + AD,0.5464746731066699,-0.7853818509839314,1.7681832169694283,0.546 (-0.785 to 1.768)
trt_044,Short-term psychodynamic psychotherapies individual + AD,trt_014,Counselling individual + AD,0.4248937964895022,-0.7336737509253264,1.228027212358719,0.425 (-0.734 to 1.228)
trt_045,TAU,trt_014,Counselling individual + AD,0.4088334239709382,-1.0052336297977942,1.4342146867139454,0.409 (-1.005 to 1.434)
trt_046,TCAs,trt_014,Counselling individual + AD,0.5712196226386159,-0.6037434580013414,1.6925563347575596,0.571 (-0.604 to 1.693)
trt_047,Trazodone,trt_014,Counselling individual + AD,0.4543390296054592,-0.8752646886503478,1.4982739173342348,0.454 (-0.875 to 1.498)
trt_048,Waitlist,trt_014,Counselling individual + AD,-0.16761437551525002,-2.146277258987405,0.6583808937549214,-0.168 (-2.146 to 0.658)
trt_049,Yoga group,trt_014,Counselling individual + AD,0.658737759532909,-0.6989553862073488,2.136623136352089,0.659 (-0.699 to 2.137)
trt_050,Yoga group + AD,trt_014,Counselling individual + AD,1.0723962745426732,-0.0877145528867712,3.1744389713550647,1.072 (-0.088 to 3.174)
trt_001,Acupuncture,trt_015,Counselling individual + placebo,0.9446898838884535,-0.34803366979424255,2.945765094325496,0.945 (-0.348 to 2.946)
trt_002,Acupuncture + AD,trt_015,Counselling individual + placebo,1.3210989801708484,0.40513359131869703,3.689556445098217,1.321 (0.405 to 3.690)
trt_003,Any AD,trt_015,Counselling individual + placebo,0.6503765826306378,-0.879462266462953,2.283705845233295,0.650 (-0.879 to 2.284)
trt_004,Any psychotherapy,trt_015,Counselling individual + placebo,0.13825300054502435,-2.164890373935914,1.5298460394161026,0.138 (-2.165 to 1.530)
trt_005,Attention placebo,trt_015,Counselling individual + placebo,0.09721835291432479,-2.21084083900074,1.3897669544671265,0.097 (-2.211 to 1.390)
trt_006,Behavioural therapies individual,trt_015,Counselling individual + placebo,-0.08553626728227735,-2.509211628393995,0.9717500245554842,-0.086 (-2.509 to 0.972)
trt_007,Behavioural therapies individual + AD,trt_015,Counselling individual + placebo,0.7771390277082232,-0.5500109162831864,2.455121606481495,0.777 (-0.550 to 2.455)
trt_008,Cognitive and cognitive behavioural therapies group,trt_015,Counselling individual + placebo,0.9134150997730474,-0.4120068821349831,2.8771680609202903,0.913 (-0.412 to 2.877)
trt_009,Cognitive and cognitive behavioural therapies group + AD,trt_015,Counselling individual + placebo,0.9833613518799182,-0.391183334746379,3.1197412865606866,0.983 (-0.391 to 3.120)
trt_010,Cognitive and cognitive behavioural therapies individual,trt_015,Counselling individual + placebo,0.8221862259402787,-0.5449566303303711,2.6457551290195505,0.822 (-0.545 to 2.646)
trt_011,Cognitive and cognitive behavioural therapies individual + AD,trt_015,Counselling individual + placebo,1.1967273983560702,0.16109147529071796,3.4300418762788096,1.197 (0.161 to 3.430)
trt_012,Cognitive and cognitive behavioural therapies individual + placebo,trt_015,Counselling individual + placebo,1.1411360308805598,-0.06300695542661988,3.440304550625633,1.141 (-0.063 to 3.440)
trt_013,Counselling individual,trt_015,Counselling individual + placebo,0.7366277508203807,-0.7912040370240526,2.544043252987392,0.737 (-0.791 to 2.544)
trt_014,Counselling individual + AD,trt_015,Counselling individual + placebo,0.4748923903226092,-0.7540056821592844,1.4411960124141212,0.475 (-0.754 to 1.441)
trt_016,Exercise group,trt_015,Counselling individual + placebo,0.8792692892148798,-0.5330843221784101,2.85205940156543,0.879 (-0.533 to 2.852)
trt_017,Exercise group + AD,trt_015,Counselling individual + placebo,2.163820091841854,0.5582004886434487,5.634357529053736,2.164 (0.558 to 5.634)
trt_018,Exercise individual,trt_015,Counselling individual + placebo,0.8088125951550373,-0.6725442651509288,2.7158208063759988,0.809 (-0.673 to 2.716)
trt_019,Exercise individual + AD,trt_015,Counselling individual + placebo,1.128355544657046,-0.08142443022953376,3.397572603815635,1.128 (-0.081 to 3.398)
trt_020,Interpersonal psychotherapy (IPT) individual,trt_015,Counselling individual + placebo,0.6543668240719124,-0.9466791802534644,2.362087899456961,0.654 (-0.947 to 2.362)
trt_021,Interpersonal psychotherapy (IPT) individual + AD,trt_015,Counselling individual + placebo,0.7553488785023668,-0.7651591157061501,2.5915960770194295,0.755 (-0.765 to 2.592)
trt_022,Interpersonal psychotherapy (IPT) individual + placebo,trt_015,Counselling individual + placebo,0.6316268747360191,-1.055408975112565,2.392119809930004,0.632 (-1.055 to 2.392)
trt_023,Light therapy,trt_015,Counselling individual + placebo,0.8666811784027141,-0.6847869699395848,2.9674842538288817,0.867 (-0.685 to 2.967)
trt_024,Light therapy + AD,trt_015,Counselling individual + placebo,1.01691593299893,-0.29474376397032775,3.173678820946172,1.017 (-0.295 to 3.174)
trt_025,Mindfulness or meditation group,trt_015,Counselling individual + placebo,2.530929724874548,0.5589293032782432,6.461852429470826,2.531 (0.559 to 6.462)
trt_026,Mirtazapine,trt_015,Counselling individual + placebo,0.7486180577502753,-0.7033235379185152,2.4983297701414466,0.749 (-0.703 to 2.498)
trt_027,Music therapy group,trt_015,Counselling individual + placebo,0.7971415006877353,-1.0295626846112955,3.006763944325493,0.797 (-1.030 to 3.007)
trt_028,No treatment,trt_015,Counselling individual + placebo,0.4646997840236282,-1.289095789679368,1.9612793436937281,0.465 (-1.289 to 1.961)
trt_029,Peer support group,trt_015,Counselling individual + placebo,0.99424531358012,-0.5209113118082314,3.285630394343503,0.994 (-0.521 to 3.286)
trt_030,Peer support group + AD,trt_015,Counselling individual + placebo,1.0546827867571975,-0.39989636097105014,3.4061992540803883,1.055 (-0.400 to 3.406)
trt_031,Placebo,trt_015,Counselling individual + placebo,0.4434190448839044,-1.2971606230363313,1.8788344895219233,0.443 (-1.297 to 1.879)
trt_032,Problem solving group,trt_015,Counselling individual + placebo,1.9029885812306357,0.556799046093536,5.023904000379388,1.903 (0.557 to 5.024)
trt_033,Problem solving individual,trt_015,Counselling individual + placebo,0.8879979665839685,-0.5016441199714273,2.856829126092238,0.888 (-0.502 to 2.857)
trt_034,Psychoeducation group,trt_015,Counselling individual + placebo,1.0831391052096977,-0.3866262192802799,3.5041540881329283,1.083 (-0.387 to 3.504)
trt_035,Psychoeducation group + AD,trt_015,Counselling individual + placebo,0.5623893962784747,-1.333598371530323,2.386694144027455,0.562 (-1.334 to 2.387)
trt_036,Relaxation individual + AD,trt_015,Counselling individual + placebo,0.8220502878090273,-0.7476050778269374,2.844127739279567,0.822 (-0.748 to 2.844)
trt_037,Relaxation individual + placebo,trt_015,Counselling individual + placebo,0.5069651824454086,-1.385445316990139,2.197705141239591,0.507 (-1.385 to 2.198)
trt_038,SNRIs,trt_015,Counselling individual + placebo,0.7296928461882474,-0.7200723351740466,2.4542314551559112,0.730 (-0.720 to 2.454)
trt_039,SSRIs,trt_015,Counselling individual + placebo,0.7016488545901063,-0.7796400490718429,2.392132277863738,0.702 (-0.780 to 2.392)
trt_040,Self-help,trt_015,Counselling individual + placebo,0.7051007579192253,-0.8309982616660483,2.4579948705934327,0.705 (-0.831 to 2.458)
trt_041,Self-help with support,trt_015,Counselling individual + placebo,0.6924763108872954,-0.8542709470988419,2.4249662756361707,0.692 (-0.854 to 2.425)
trt_042,Sham acupuncture,trt_015,Counselling individual + placebo,0.5299980295868816,-1.2420508787230402,2.175765805894951,0.530 (-1.242 to 2.176)
trt_043,Short-term psychodynamic psychotherapies individual,trt_015,Counselling individual + placebo,0.7191102152559244,-0.847768474580863,2.529021249964158,0.719 (-0.848 to 2.529)
trt_044,Short-term psychodynamic psychotherapies individual + AD,trt_015,Counselling individual + placebo,0.5975293386387569,-0.8724029718557643,2.05619037843888,0.598 (-0.872 to 2.056)
trt_045,TAU,trt_015,Counselling individual + placebo,0.5814689661201928,-1.0747388829424376,2.210090332875323,0.581 (-1.075 to 2.210)
trt_046,TCAs,trt_015,Counselling individual + placebo,0.7438551647878705,-0.6967104080194497,2.4829737564488994,0.744 (-0.697 to 2.483)
trt_047,Trazodone,trt_015,Counselling individual + placebo,0.6269745717547138,-0.9586443089483601,2.266635164531319,0.627 (-0.959 to 2.267)
trt_048,Waitlist,trt_015,Counselling individual + placebo,0.005021166634004545,-2.2187314610340163,1.0458230139933467,0.005 (-2.219 to 1.046)
trt_049,Yoga group,trt_015,Counselling individual + placebo,0.8313733016821636,-0.731243173939504,2.864082748999678,0.831 (-0.731 to 2.864)
trt_050,Yoga group + AD,trt_015,Counselling individual + placebo,1.2450318166919276,-0.06927336737194055,3.8492614506566345,1.245 (-0.069 to 3.849)
trt_001,Acupuncture,trt_016,Exercise group,0.3676774428469284,-0.6270133864547893,0.8912953854417354,0.368 (-0.627 to 0.891)
trt_002,Acupuncture + AD,trt_016,Exercise group,0.7440865391293231,0.12449531150291335,1.6335952188123897,0.744 (0.124 to 1.634)
trt_003,Any AD,trt_016,Exercise group,0.07336414158911264,-1.1801656314810356,0.6549736633882273,0.073 (-1.180 to 0.655)
trt_004,Any psychotherapy,trt_016,Exercise group,-0.4387594404965008,-2.6001571160657315,0.65339319425208775,-0.439 (-2.600 to 0.653)
trt_005,Attention placebo,trt_016,Exercise group,-0.47979408812720037,-2.61212523499934,0.6532135383413905,-0.480 (-2.612 to 0.653)
trt_006,Behavioural therapies individual,trt_016,Exercise group,-0.6625487083238025,-2.885393467926,0.6530805910119216,-0.663 (-2.885 to 0.653)
trt_007,Behavioural therapies individual + AD,trt_016,Exercise group,0.200126586666698,-1.3250953774849865,0.9160019219839357,0.200 (-1.325 to 0.916)
trt_008,Cognitive and cognitive behavioural therapies group,trt_016,Exercise group,0.3364026587315222,-0.6893451670438638,0.8189098274828515,0.336 (-0.689 to 0.819)
trt_009,Cognitive and cognitive behavioural therapies group + AD,trt_016,Exercise group,0.40634891083839303,-0.8536996325609051,1.2568214258048644,0.406 (-0.854 to 1.257)
trt_010,Cognitive and cognitive behavioural therapies individual,trt_016,Exercise group,0.24517378489875358,-0.7530135523905948,0.6622826430744934,0.245 (-0.753 to 0.662)
trt_011,Cognitive and cognitive behavioural therapies individual + AD,trt_016,Exercise group,0.6197149573145451,-0.11140613041217753,1.3806486884258662,0.620 (-0.111 to 1.381)
trt_012,Cognitive and cognitive behavioural therapies individual + placebo,trt_016,Exercise group,0.5641235898390347,-0.44295829703064693,1.4865497756101251,0.564 (-0.443 to 1.487)
trt_013,Counselling individual,trt_016,Exercise group,0.15961530977885546,-1.0528156095213939,0.6610440671631282,0.160 (-1.053 to 0.661)
trt_014,Counselling individual + AD,trt_016,Exercise group,-0.10212005071891597,-2.10140416433076,0.6663720537734348,-0.102 (-2.101 to 0.666)
trt_015,Counselling individual + placebo,trt_016,Exercise group,-0.27475559286817053,-2.8520594015654304,0.6724899780707994,-0.275 (-2.852 to 0.672)
trt_017,Exercise group + AD,trt_016,Exercise group,1.5868076508003288,0.5581151031056797,3.7713436992223492,1.587 (0.558 to 3.771)
trt_018,Exercise individual,trt_016,Exercise group,0.23180015411351224,-0.908503801600711,0.6755755115249691,0.232 (-0.909 to 0.676)
trt_019,Exercise individual + AD,trt_016,Exercise group,0.5513431036155207,-0.46202719374846635,1.4563767024497154,0.551 (-0.462 to 1.456)
trt_020,Interpersonal psychotherapy (IPT) individual,trt_016,Exercise group,0.07735438303038726,-1.2615303155370945,0.6577574053723548,0.077 (-1.262 to 0.658)
trt_021,Interpersonal psychotherapy (IPT) individual + AD,trt_016,Exercise group,0.17833643746084157,-1.1265383226613848,0.6791038867552494,0.178 (-1.127 to 0.679)
trt_022,Interpersonal psychotherapy (IPT) individual + placebo,trt_016,Exercise group,0.05461443369449398,-1.4466653272975858,0.6620504733511161,0.055 (-1.447 to 0.662)
trt_023,Light therapy,trt_016,Exercise group,0.2896687373611889,-1.1231706172574332,1.0745144328275784,0.290 (-1.123 to 1.075)
trt_024,Light therapy + AD,trt_016,Exercise group,0.4399034919574048,-0.67363402055602,1.2166656132011702,0.440 (-0.674 to 1.217)
trt_025,Mindfulness or meditation group,trt_016,Exercise group,1.9539172838330228,0.5589861446698376,4.633501871583248,1.954 (0.559 to 4.634)
trt_026,Mirtazapine,trt_016,Exercise group,0.1716056167087502,-0.9263851941983805,0.6569425028052396,0.172 (-0.926 to 0.657)
trt_027,Music therapy group,trt_016,Exercise group,0.22012905964621018,-1.52469767694518,1.1967329293788478,0.220 (-1.525 to 1.197)
trt_028,No treatment,trt_016,Exercise group,-0.11231265701789689,-1.4716835910886021,0.6530989095755316,-0.112 (-1.472 to 0.653)
trt_029,Peer support group,trt_016,Exercise group,0.41723287253859487,-1.0509455920176378,1.5085370411097392,0.417 (-1.051 to 1.509)
trt_030,Peer support group + AD,trt_016,Exercise group,0.4776703457156724,-0.9315656000004056,1.636097665909846,0.478 (-0.932 to 1.636)
trt_031,Placebo,trt_016,Exercise group,-0.13359339615762078,-1.5003859633471832,0.6530805910119216,-0.134 (-1.500 to 0.653)
trt_032,Problem solving group,trt_016,Exercise group,1.3259761401891106,0.5558029253711995,3.123381322244168,1.326 (0.556 to 3.123)
trt_033,Problem solving individual,trt_016,Exercise group,0.31098552554244335,-0.7910932735239582,0.8319603103374338,0.311 (-0.791 to 0.832)
trt_034,Psychoeducation group,trt_016,Exercise group,0.5061266641681726,-0.8364997193642882,1.6499479112410895,0.506 (-0.836 to 1.650)
trt_035,Psychoeducation group + AD,trt_016,Exercise group,-0.014623044763050371,-1.8300565479110307,0.6721802007162325,-0.015 (-1.830 to 0.672)
trt_036,Relaxation individual + AD,trt_016,Exercise group,0.24503784676750215,-1.340652411452843,1.106368446953407,0.245 (-1.341 to 1.106)
trt_037,Relaxation individual + placebo,trt_016,Exercise group,-0.07004725859611659,-1.9577498343136528,0.6652178211308893,-0.070 (-1.958 to 0.665)
trt_038,SNRIs,trt_016,Exercise group,0.15268040514672224,-0.9364778150886244,0.6552398725493215,0.153 (-0.936 to 0.655)
trt_039,SSRIs,trt_016,Exercise group,0.12463641354858118,-0.9821836723232077,0.654375796304016,0.125 (-0.982 to 0.654)
trt_040,Self-help,trt_016,Exercise group,0.12808831687770025,-1.09438329903408,0.6575651709327345,0.128 (-1.094 to 0.658)
trt_041,Self-help with support,trt_016,Exercise group,0.1154638698457703,-1.1190684120192105,0.6568457808112869,0.115 (-1.119 to 0.657)
trt_042,Sham acupuncture,trt_016,Exercise group,-0.04701441145464358,-1.5959698328353737,0.6551379337275633,-0.047 (-1.596 to 0.655)
trt_043,Short-term psychodynamic psychotherapies individual,trt_016,Exercise group,0.14209777421439929,-1.1563098405766452,0.6637121057302208,0.142 (-1.156 to 0.664)
trt_044,Short-term psychodynamic psychotherapies individual + AD,trt_016,Exercise group,0.0205168975972317,-1.7478906240920105,0.6783920303330122,0.021 (-1.748 to 0.678)
trt_045,TAU,trt_016,Exercise group,0.004456525078667631,-1.2672494887576529,0.6534220327651536,0.004 (-1.267 to 0.653)
trt_046,TCAs,trt_016,Exercise group,0.16684272374634532,-0.9006885772596108,0.65556509174742,0.167 (-0.901 to 0.656)
trt_047,Trazodone,trt_016,Exercise group,0.04996213071318862,-1.1921565847048912,0.6540024598458212,0.050 (-1.192 to 0.654)
trt_048,Waitlist,trt_016,Exercise group,-0.5719912744075206,-2.4614557705976057,0.6530805910119216,-0.572 (-2.461 to 0.653)
trt_049,Yoga group,trt_016,Exercise group,0.25436086064063845,-1.122727705161995,0.9349397496634314,0.254 (-1.123 to 0.935)
trt_050,Yoga group + AD,trt_016,Exercise group,0.6680193756504026,-0.637052494156579,2.102200978720442,0.668 (-0.637 to 2.102)
trt_001,Acupuncture,trt_017,Exercise group + AD,-0.9168733597800459,-3.570263649199946,0.6530805910119216,-0.917 (-3.570 to 0.653)
trt_002,Acupuncture + AD,trt_017,Exercise group + AD,-0.5404642634976511,-2.8143256574927045,0.6532321591276093,-0.540 (-2.814 to 0.653)
trt_003,Any AD,trt_017,Exercise group + AD,-1.2111866610378617,-4.163099225635029,0.6530805910119216,-1.211 (-4.163 to 0.653)
trt_004,Any psychotherapy,trt_017,Exercise group + AD,-1.723310243123475,-5.467253333530505,0.6530805910119216,-1.723 (-5.467 to 0.653)
trt_005,Attention placebo,trt_017,Exercise group + AD,-1.7643448907541746,-5.489402627512972,0.6530805910119216,-1.764 (-5.489 to 0.653)
trt_006,Behavioural therapies individual,trt_017,Exercise group + AD,-1.9470995109507767,-5.785697688248039,0.6530805910119216,-1.947 (-5.786 to 0.653)
trt_007,Behavioural therapies individual + AD,trt_017,Exercise group + AD,-1.0844242159602762,-4.176974995083667,0.6530989095755316,-1.084 (-4.177 to 0.653)
trt_008,Cognitive and cognitive behavioural therapies group,trt_017,Exercise group + AD,-0.9481481438954521,-3.662417948928831,0.6530805910119216,-0.948 (-3.662 to 0.653)
trt_009,Cognitive and cognitive behavioural therapies group + AD,trt_017,Exercise group + AD,-0.8782018917885812,-3.7300133322768194,0.6531411550204614,-0.878 (-3.730 to 0.653)
trt_010,Cognitive and cognitive behavioural therapies individual,trt_017,Exercise group + AD,-1.0393770177282207,-3.7644864008598837,0.6530805910119216,-1.039 (-3.764 to 0.653)
trt_011,Cognitive and cognitive behavioural therapies individual + AD,trt_017,Exercise group + AD,-0.6648358453124292,-3.0776614249015815,0.6531373302337684,-0.665 (-3.078 to 0.653)
trt_012,Cognitive and cognitive behavioural therapies individual + placebo,trt_017,Exercise group + AD,-0.7204272127879398,-3.3528764272352762,0.6532517902559425,-0.720 (-3.353 to 0.653)
trt_013,Counselling individual,trt_017,Exercise group + AD,-1.1249354928481188,-4.028340474490838,0.6530805910119216,-1.125 (-4.028 to 0.653)
trt_014,Counselling individual + AD,trt_017,Exercise group + AD,-1.3866708533458902,-4.940523008291606,0.6530805910119216,-1.387 (-4.941 to 0.653)
trt_015,Counselling individual + placebo,trt_017,Exercise group + AD,-1.5593063954951447,-5.634357529053738,0.6531418211678621,-1.559 (-5.634 to 0.653)
trt_016,Exercise group,trt_017,Exercise group + AD,-0.9822939544536197,-3.77134369922235,0.6530805910119216,-0.982 (-3.771 to 0.653)
trt_018,Exercise individual,trt_017,Exercise group + AD,-1.0527506485134621,-3.9143978300618296,0.6530805910119216,-1.053 (-3.914 to 0.653)
trt_019,Exercise individual + AD,trt_017,Exercise group + AD,-0.7332076990114536,-3.3812146394258695,0.6531854395856103,-0.733 (-3.381 to 0.653)
trt_020,Interpersonal psychotherapy (IPT) individual,trt_017,Exercise group + AD,-1.207196419596587,-4.203099944658975,0.6530805910119216,-1.207 (-4.203 to 0.653)
trt_021,Interpersonal psychotherapy (IPT) individual + AD,trt_017,Exercise group + AD,-1.1062143651661327,-4.049380137353472,0.6530805910119216,-1.106 (-4.049 to 0.653)
trt_022,Interpersonal psychotherapy (IPT) individual + placebo,trt_017,Exercise group + AD,-1.2299363689324803,-4.338893128448533,0.6530805910119216,-1.230 (-4.339 to 0.653)
trt_023,Light therapy,trt_017,Exercise group + AD,-0.9948820652657853,-3.9790830206850494,0.6530832610268091,-0.995 (-3.979 to 0.653)
trt_024,Light therapy + AD,trt_017,Exercise group + AD,-0.8446473106695694,-3.5667347697529213,0.6531018949607533,-0.845 (-3.567 to 0.653)
trt_025,Mindfulness or meditation group,trt_017,Exercise group + AD,0.6693664812060486,-0.8862434881237563,2.354228501105587,0.669 (-0.886 to 2.354)
trt_026,Mirtazapine,trt_017,Exercise group + AD,-1.112945185918224,-3.8993205864004423,0.6530805910119216,-1.113 (-3.899 to 0.653)
trt_027,Music therapy group,trt_017,Exercise group + AD,-1.064421742980764,-4.37907780059164,0.6531433156051203,-1.064 (-4.379 to 0.653)
trt_028,No treatment,trt_017,Exercise group + AD,-1.3968634596448712,-4.516242056844178,0.6530805910119216,-1.397 (-4.516 to 0.653)
trt_029,Peer support group,trt_017,Exercise group + AD,-0.8673179300883794,-3.886956069767498,0.6534148729313092,-0.867 (-3.887 to 0.653)
trt_030,Peer support group + AD,trt_017,Exercise group + AD,-0.8068804569113018,-3.7672891295051305,0.6534605147991769,-0.807 (-3.767 to 0.653)
trt_031,Placebo,trt_017,Exercise group + AD,-1.418144198784595,-4.4874240260822775,0.6530805910119216,-1.418 (-4.487 to 0.653)
trt_032,Problem solving group,trt_017,Exercise group + AD,0.041425337562136254,-1.9149407509288965,0.8691042000230514,0.041 (-1.915 to 0.869)
trt_033,Problem solving individual,trt_017,Exercise group + AD,-0.9735652770845309,-3.7435510406600776,0.6530832610268091,-0.974 (-3.744 to 0.653)
trt_034,Psychoeducation group,trt_017,Exercise group + AD,-0.7784241384588017,-3.7052071600471015,0.6534820319014357,-0.778 (-3.705 to 0.653)
trt_035,Psychoeducation group + AD,trt_017,Exercise group + AD,-1.2991738473900245,-4.679860426499879,0.6530832610268091,-1.299 (-4.680 to 0.653)
trt_036,Relaxation individual + AD,trt_017,Exercise group + AD,-1.0395129558594722,-4.175824582439374,0.6531418211678621,-1.040 (-4.176 to 0.653)
trt_037,Relaxation individual + placebo,trt_017,Exercise group + AD,-1.3545980612230908,-4.78631643749108,0.6530805910119216,-1.355 (-4.786 to 0.653)
trt_038,SNRIs,trt_017,Exercise group + AD,-1.131870397480252,-3.919215511457411,0.6530805910119216,-1.132 (-3.919 to 0.653)
trt_039,SSRIs,trt_017,Exercise group + AD,-1.1599143890783932,-3.9706014177232474,0.6530805910119216,-1.160 (-3.971 to 0.653)
trt_040,Self-help,trt_017,Exercise group + AD,-1.156462485749274,-4.066408296408223,0.6530805910119216,-1.156 (-4.066 to 0.653)
trt_041,Self-help with support,trt_017,Exercise group + AD,-1.169086932781204,-4.091371004468823,0.6530805910119216,-1.169 (-4.091 to 0.653)
trt_042,Sham acupuncture,trt_017,Exercise group + AD,-1.3315652140816179,-4.495492491785336,0.6530805910119216,-1.332 (-4.495 to 0.653)
trt_043,Short-term psychodynamic psychotherapies individual,trt_017,Exercise group + AD,-1.1424530284125751,-4.096760729154932,0.6530805910119216,-1.142 (-4.097 to 0.653)
trt_044,Short-term psychodynamic psychotherapies individual + AD,trt_017,Exercise group + AD,-1.2640339050297427,-4.603079119985049,0.6530832610268091,-1.264 (-4.603 to 0.653)
trt_045,TAU,trt_017,Exercise group + AD,-1.2800942775483066,-4.30990749488539,0.6530805910119216,-1.280 (-4.310 to 0.653)
trt_046,TCAs,trt_017,Exercise group + AD,-1.1177080788806288,-3.8874300823146566,0.6530805910119216,-1.118 (-3.887 to 0.653)
trt_047,Trazodone,trt_017,Exercise group + AD,-1.2345886719137855,-4.157193015972776,0.6530805910119216,-1.235 (-4.157 to 0.653)
trt_048,Waitlist,trt_017,Exercise group + AD,-1.856542077034495,-5.440475690764964,0.6530805910119216,-1.857 (-5.440 to 0.653)
trt_049,Yoga group,trt_017,Exercise group + AD,-1.0301899419863358,-4.003181426395564,0.6530832610268091,-1.030 (-4.003 to 0.653)
trt_050,Yoga group + AD,trt_017,Exercise group + AD,-0.6165314269765716,-3.467155924598233,0.6550034360828242,-0.617 (-3.467 to 0.655)
trt_001,Acupuncture,trt_018,Exercise individual,0.4381341369067707,-0.4700458261811213,1.0145412389394672,0.438 (-0.470 to 1.015)
trt_002,Acupuncture + AD,trt_018,Exercise individual,0.8145432331891655,0.277702282581961,1.7650941216351954,0.815 (0.278 to 1.765)
trt_003,Any AD,trt_018,Exercise individual,0.143820835648955,-1.0316851194429948,0.6570664905340897,0.144 (-1.032 to 0.657)
trt_004,Any psychotherapy,trt_018,Exercise individual,-0.3683027464366585,-2.4642311538257804,0.6536442158316124,-0.368 (-2.464 to 0.654)
trt_005,Attention placebo,trt_018,Exercise individual,-0.409337394067358,-2.456609521075929,0.65328422504107,-0.409 (-2.457 to 0.653)
trt_006,Behavioural therapies individual,trt_018,Exercise individual,-0.5920920142639602,-2.7316526527002796,0.6530805910119216,-0.592 (-2.732 to 0.653)
trt_007,Behavioural therapies individual + AD,trt_018,Exercise individual,0.27058328072654037,-1.1678900202809657,1.0447847404147157,0.271 (-1.168 to 1.045)
trt_008,Cognitive and cognitive behavioural therapies group,trt_018,Exercise individual,0.40685935279136454,-0.5424547092390775,0.958344425412454,0.407 (-0.542 to 0.958)
trt_009,Cognitive and cognitive behavioural therapies group + AD,trt_018,Exercise individual,0.4768056048982354,-0.7036302052428635,1.3910859274332255,0.477 (-0.704 to 1.391)
trt_010,Cognitive and cognitive behavioural therapies individual,trt_018,Exercise individual,0.3156304789585959,-0.6079355330313657,0.6830495034222817,0.316 (-0.608 to 0.683)
trt_011,Cognitive and cognitive behavioural therapies individual + AD,trt_018,Exercise individual,0.6901716513743874,0.03409550812572714,1.5171499952457423,0.690 (0.034 to 1.517)
trt_012,Cognitive and cognitive behavioural therapies individual + placebo,trt_018,Exercise individual,0.634580283898877,-0.29872722383808026,1.6284131605797347,0.635 (-0.299 to 1.628)
trt_013,Counselling individual,trt_018,Exercise individual,0.23007200383869783,-0.9111243944927623,0.6740683977596665,0.230 (-0.911 to 0.674)
trt_014,Counselling individual + AD,trt_018,Exercise individual,-0.03166335665907359,-1.9600438948052343,0.6806551322097442,-0.032 (-1.960 to 0.681)
trt_015,Counselling individual + placebo,trt_018,Exercise individual,-0.20429889880832822,-2.7158208063759997,0.6943664903385969,-0.204 (-2.716 to 0.694)
trt_016,Exercise group,trt_018,Exercise individual,0.37271354223319697,-0.6253055355283584,0.908503801600711,0.373 (-0.625 to 0.909)
trt_017,Exercise group + AD,trt_018,Exercise individual,1.6572643448601712,0.5585981890163931,3.914397830061829,1.657 (0.559 to 3.914)
trt_019,Exercise individual + AD,trt_018,Exercise individual,0.6217997976753631,-0.24580308584021573,1.5256368207080988,0.622 (-0.246 to 1.526)
trt_020,Interpersonal psychotherapy (IPT) individual,trt_018,Exercise individual,0.14781107709022961,-1.1126393725028167,0.6621384691397063,0.148 (-1.113 to 0.662)
trt_021,Interpersonal psychotherapy (IPT) individual + AD,trt_018,Exercise individual,0.24879313152068397,-0.9745123335037799,0.7625142297604967,0.249 (-0.975 to 0.763)
trt_022,Interpersonal psychotherapy (IPT) individual + placebo,trt_018,Exercise individual,0.12507112775433638,-1.301153487698917,0.6718505292305414,0.125 (-1.301 to 0.672)
trt_023,Light therapy,trt_018,Exercise individual,0.3601254314210313,-0.9720477878960465,1.209460651736796,0.360 (-0.972 to 1.209)
trt_024,Light therapy + AD,trt_018,Exercise individual,0.5103601860172472,-0.5144432319537371,1.349694939164953,0.510 (-0.514 to 1.350)
trt_025,Mindfulness or meditation group,trt_018,Exercise individual,2.024373977892865,0.5590728948732734,4.7671508225200325,2.024 (0.559 to 4.767)
trt_026,Mirtazapine,trt_018,Exercise individual,0.24206231076859258,-0.7688160708583776,0.6623861088681314,0.242 (-0.769 to 0.662)
trt_027,Music therapy group,trt_018,Exercise individual,0.29058575370605255,-1.3742141659472988,1.3245646793484833,0.291 (-1.374 to 1.325)
trt_028,No treatment,trt_018,Exercise individual,-0.04185596295805461,-1.3124027635016733,0.6531543126769925,-0.042 (-1.312 to 0.653)
trt_029,Peer support group,trt_018,Exercise individual,0.4876895665984372,-0.9089619047729287,1.6404608251882986,0.488 (-0.909 to 1.640)
trt_030,Peer support group + AD,trt_018,Exercise individual,0.5481270397755148,-0.7805560773486406,1.7680808218318973,0.548 (-0.781 to 1.768)
trt_031,Placebo,trt_018,Exercise individual,-0.0631367020977784,-1.3414073222449656,0.6531385894294912,-0.063 (-1.341 to 0.653)
trt_032,Problem solving group,trt_018,Exercise individual,1.396432834248953,0.5573308358396387,3.2563962564411284,1.396 (0.557 to 3.256)
trt_033,Problem solving individual,trt_018,Exercise individual,0.3814422196022857,-0.6466940038755891,0.9589185700211336,0.381 (-0.647 to 0.959)
trt_034,Psychoeducation group,trt_018,Exercise individual,0.576583358228015,-0.6844479179022885,1.7786646727115636,0.577 (-0.684 to 1.779)
trt_035,Psychoeducation group + AD,trt_018,Exercise individual,0.05583364929679201,-1.6786774426554734,0.7018634808109994,0.056 (-1.679 to 0.702)
trt_036,Relaxation individual + AD,trt_018,Exercise individual,0.3154945408273445,-1.1904087935463357,1.2421891167918673,0.315 (-1.190 to 1.242)
trt_037,Relaxation individual + placebo,trt_018,Exercise individual,4.0943546372578947e-4,-1.812333770929861,0.6772957554735521,0.000 (-1.812 to 0.677)
trt_038,SNRIs,trt_018,Exercise individual,0.2231370992065646,-0.7770266401017926,0.6584878536842103,0.223 (-0.777 to 0.658)
trt_039,SSRIs,trt_018,Exercise individual,0.19509310760842355,-0.8236489457619796,0.6561079140028802,0.195 (-0.824 to 0.656)
trt_040,Self-help,trt_018,Exercise individual,0.19854501093754262,-0.9491603185456509,0.6640719538794424,0.199 (-0.949 to 0.664)
trt_041,Self-help with support,trt_018,Exercise individual,0.18592056390561268,-0.9702440818115626,0.6620645439244878,0.186 (-0.970 to 0.662)
trt_042,Sham acupuncture,trt_018,Exercise individual,0.023442282605198806,-1.44574208157636,0.6572299406692838,0.023 (-1.446 to 0.657)
trt_043,Short-term psychodynamic psychotherapies individual,trt_018,Exercise individual,0.21255446827424163,-1.0049011615413717,0.6803814766283046,0.213 (-1.005 to 0.680)
trt_044,Short-term psychodynamic psychotherapies individual + AD,trt_018,Exercise individual,0.09097359165707408,-1.6002413409620713,0.7564510156842682,0.091 (-1.600 to 0.756)
trt_045,TAU,trt_018,Exercise individual,0.07491321913851001,-1.1861751836337744,0.6550738924505677,0.075 (-1.186 to 0.655)
trt_046,TCAs,trt_018,Exercise individual,0.2372994178061877,-0.7461084807789219,0.6594403094072716,0.237 (-0.746 to 0.659)
trt_047,Trazodone,trt_018,Exercise individual,0.120418824773031,-1.0402394135512272,0.6552398725493215,0.120 (-1.040 to 0.655)
trt_048,Waitlist,trt_018,Exercise individual,-0.5015345803476783,-2.3163782639265524,0.6530805910119216,-0.502 (-2.316 to 0.653)
trt_049,Yoga group,trt_018,Exercise individual,0.32481755470048085,-0.9816983024664163,1.0668048232448728,0.325 (-0.982 to 1.067)
trt_050,Yoga group + AD,trt_018,Exercise individual,0.738476069710245,-0.48365838377738124,2.2370910640014126,0.738 (-0.484 to 2.237)
trt_001,Acupuncture,trt_019,Exercise individual + AD,0.11859118740476227,-1.255002976935822,0.6657653024193997,0.119 (-1.255 to 0.666)
trt_002,Acupuncture + AD,trt_019,Exercise individual + AD,0.49500028368715704,-0.5142919945720945,1.2839193006804344,0.495 (-0.514 to 1.284)
trt_003,Any AD,trt_019,Exercise individual + AD,-0.17572211385305345,-1.7469619945430093,0.6532857066454324,-0.176 (-1.747 to 0.653)
trt_004,Any psychotherapy,trt_019,Exercise individual + AD,-0.6878456959386671,-3.198194709564351,0.6531411550204614,-0.688 (-3.198 to 0.653)
trt_005,Attention placebo,trt_019,Exercise individual + AD,-0.7288803435693665,-3.2110382895928247,0.6531018949607533,-0.729 (-3.211 to 0.653)
trt_006,Behavioural therapies individual,trt_019,Exercise individual + AD,-0.9116349637659688,-3.483165747203639,0.6530832610268091,-0.912 (-3.483 to 0.653)
trt_007,Behavioural therapies individual + AD,trt_019,Exercise individual + AD,-0.048959668775468104,-1.898491879262356,0.6671463928534779,-0.049 (-1.898 to 0.667)
trt_008,Cognitive and cognitive behavioural therapies group,trt_019,Exercise individual + AD,0.08731640328935611,-1.3171481964176786,0.6615293284966712,0.087 (-1.317 to 0.662)
trt_009,Cognitive and cognitive behavioural therapies group + AD,trt_019,Exercise individual + AD,0.15726265539622697,-1.3932561180583842,0.8185845612982515,0.157 (-1.393 to 0.819)
trt_010,Cognitive and cognitive behavioural therapies individual,trt_019,Exercise individual + AD,-0.003912470543412536,-1.405440512198185,0.6546226126240703,-0.004 (-1.405 to 0.655)
trt_011,Cognitive and cognitive behavioural therapies individual + AD,trt_019,Exercise individual + AD,0.37062870187237895,-0.7433782606456195,1.011183787622268,0.371 (-0.743 to 1.011)
trt_012,Cognitive and cognitive behavioural therapies individual + placebo,trt_019,Exercise individual + AD,0.31503733439686854,-1.0504671034333966,1.1032829450957937,0.315 (-1.050 to 1.103)
trt_013,Counselling individual,trt_019,Exercise individual + AD,-0.08947094566331062,-1.6935202956920146,0.6547796457816696,-0.089 (-1.694 to 0.655)
trt_014,Counselling individual + AD,trt_019,Exercise individual + AD,-0.35120630616108206,-2.6712049600031187,0.6557779913692345,-0.351 (-2.671 to 0.656)
trt_015,Counselling individual + placebo,trt_019,Exercise individual + AD,-0.5238418483103366,-3.397572603815636,0.6581269233473385,-0.524 (-3.398 to 0.658)
trt_016,Exercise group,trt_019,Exercise individual + AD,0.05317059273118852,-1.4563767024497156,0.6624787638546344,0.053 (-1.456 to 0.662)
trt_017,Exercise group + AD,trt_019,Exercise individual + AD,1.3377213953581628,0.549699596655122,3.3812146394258673,1.338 (0.550 to 3.381)
trt_018,Exercise individual,trt_019,Exercise individual + AD,-0.017286101328653856,-1.5256368207080993,0.65572360489455,-0.017 (-1.526 to 0.656)
trt_020,Interpersonal psychotherapy (IPT) individual,trt_019,Exercise individual + AD,-0.17173187241177884,-1.8694191343047626,0.653908440064955,-0.172 (-1.869 to 0.654)
trt_021,Interpersonal psychotherapy (IPT) individual + AD,trt_019,Exercise individual + AD,-0.07074981798132451,-1.7123563217372342,0.6560111640040995,-0.071 (-1.712 to 0.656)
trt_022,Interpersonal psychotherapy (IPT) individual + placebo,trt_019,Exercise individual + AD,-0.1944718217476721,-2.0336863060633936,0.6547575720538846,-0.194 (-2.034 to 0.655)
trt_023,Light therapy,trt_019,Exercise individual + AD,0.04058248191902285,-1.7169607278014951,0.6910725652230636,0.041 (-1.717 to 0.691)
trt_024,Light therapy + AD,trt_019,Exercise individual + AD,0.1908172365152387,-1.2796629906672325,0.8315020833936038,0.191 (-1.280 to 0.832)
trt_025,Mindfulness or meditation group,trt_019,Exercise individual + AD,1.7048310283908568,0.5579281525343133,4.223747252533401,1.705 (0.558 to 4.224)
trt_026,Mirtazapine,trt_019,Exercise individual + AD,-0.0774806387334159,-1.5774097853417053,0.653821817022852,-0.077 (-1.577 to 0.654)
trt_027,Music therapy group,trt_019,Exercise individual + AD,-0.02895719579595592,-2.1082156405225723,0.7839442834718705,-0.029 (-2.108 to 0.784)
trt_028,No treatment,trt_019,Exercise individual + AD,-0.36139891246006306,-2.136069587320687,0.6530933001023664,-0.361 (-2.136 to 0.653)
trt_029,Peer support group,trt_019,Exercise individual + AD,0.16814661709642872,-1.5942942102353101,1.0534571935959869,0.168 (-1.594 to 1.053)
trt_030,Peer support group + AD,trt_019,Exercise individual + AD,0.2285840902735063,-1.4666701226358805,1.1754137722455478,0.229 (-1.467 to 1.175)
trt_031,Placebo,trt_019,Exercise individual + AD,-0.38267965159978684,-2.161368314228664,0.6530805910119216,-0.383 (-2.161 to 0.653)
trt_032,Problem solving group,trt_019,Exercise individual + AD,1.0768898847469444,0.37515362880791153,2.721617484436816,1.077 (0.375 to 2.722)
trt_033,Problem solving individual,trt_019,Exercise individual + AD,0.06189927010027724,-1.4232488306619602,0.6623670789674609,0.062 (-1.423 to 0.662)
trt_034,Psychoeducation group,trt_019,Exercise individual + AD,0.25704040872600653,-1.4304862303711456,1.2412178338769169,0.257 (-1.430 to 1.241)
trt_035,Psychoeducation group + AD,trt_019,Exercise individual + AD,-0.26370930020521643,-2.3879201904827214,0.6561528904082762,-0.264 (-2.388 to 0.656)
trt_036,Relaxation individual + AD,trt_019,Exercise individual + AD,-0.004048408674663943,-1.9269464969186019,0.7024607120917882,-0.004 (-1.927 to 0.702)
trt_037,Relaxation individual + placebo,trt_019,Exercise individual + AD,-0.3191335140382827,-2.5421774579163343,0.65572360489455,-0.319 (-2.542 to 0.656)
trt_038,SNRIs,trt_019,Exercise individual + AD,-0.09640585029544387,-1.5932372148674843,0.6535738634798683,-0.096 (-1.593 to 0.654)
trt_039,SSRIs,trt_019,Exercise individual + AD,-0.1244498418935849,-1.638514935715871,0.6533672956417121,-0.124 (-1.639 to 0.653)
trt_040,Self-help,trt_019,Exercise individual + AD,-0.12099793856446586,-1.7345018454263539,0.6540577397251546,-0.121 (-1.735 to 0.654)
trt_041,Self-help with support,trt_019,Exercise individual + AD,-0.1336223855963958,-1.753811300123434,0.6538791959588991,-0.134 (-1.754 to 0.654)
trt_042,Sham acupuncture,trt_019,Exercise individual + AD,-0.2961006668968097,-2.210167548076603,0.6536435552783162,-0.296 (-2.210 to 0.654)
trt_043,Short-term psychodynamic psychotherapies individual,trt_019,Exercise individual + AD,-0.10698848122776687,-1.7681958975611696,0.6549002522913738,-0.107 (-1.768 to 0.655)
trt_044,Short-term psychodynamic psychotherapies individual + AD,trt_019,Exercise individual + AD,-0.22856935784493437,-2.310382735414778,0.6569547031936332,-0.229 (-2.310 to 0.657)
trt_045,TAU,trt_019,Exercise individual + AD,-0.24462973036349847,-1.973081726576407,0.6532548918950158,-0.245 (-1.973 to 0.653)
trt_046,TCAs,trt_019,Exercise individual + AD,-0.08224353169582078,-1.5600390156087984,0.6536449510700831,-0.082 (-1.560 to 0.654)
trt_047,Trazodone,trt_019,Exercise individual + AD,-0.19912412472897745,-1.8355322040426347,0.6532857066454324,-0.199 (-1.836 to 0.653)
trt_048,Waitlist,trt_019,Exercise individual + AD,-0.8210775298496866,-3.1058139948215637,0.6530805910119216,-0.821 (-3.106 to 0.653)
trt_049,Yoga group,trt_019,Exercise individual + AD,0.005274605198472386,-1.7262479894134768,0.6689011187077467,0.005 (-1.726 to 0.669)
trt_050,Yoga group + AD,trt_019,Exercise individual + AD,0.41893312020823653,-1.1697462842802804,1.6376929846102866,0.419 (-1.170 to 1.638)
trt_001,Acupuncture,trt_020,Interpersonal psychotherapy (IPT) individual,0.5925799079898957,-0.12445910537899453,1.290235549488775,0.593 (-0.124 to 1.290)
trt_002,Acupuncture + AD,trt_020,Interpersonal psychotherapy (IPT) individual,0.9689890042722905,0.5464177232150228,2.0407245403676293,0.969 (0.546 to 2.041)
trt_003,Any AD,trt_020,Interpersonal psychotherapy (IPT) individual,0.29826660673208,-0.588331606176883,0.6652682703597302,0.298 (-0.588 to 0.665)
trt_004,Any psychotherapy,trt_020,Interpersonal psychotherapy (IPT) individual,-0.2138569753535335,-2.1174473798618885,0.6548565084812827,-0.214 (-2.117 to 0.655)
trt_005,Attention placebo,trt_020,Interpersonal psychotherapy (IPT) individual,-0.254891622984233,-2.125961815726532,0.6537836402061246,-0.255 (-2.126 to 0.654)
trt_006,Behavioural therapies individual,trt_020,Interpersonal psychotherapy (IPT) individual,-0.4376462431808352,-2.378707054212409,0.6530933001023664,-0.438 (-2.379 to 0.653)
trt_007,Behavioural therapies individual + AD,trt_020,Interpersonal psychotherapy (IPT) individual,0.4250290518096654,-0.8229013470807823,1.3194999669887815,0.425 (-0.823 to 1.319)
trt_008,Cognitive and cognitive behavioural therapies group,trt_020,Interpersonal psychotherapy (IPT) individual,0.5613051238744895,-0.19301662521916302,1.225670554767328,0.561 (-0.193 to 1.226)
trt_009,Cognitive and cognitive behavioural therapies group + AD,trt_020,Interpersonal psychotherapy (IPT) individual,0.6312513759813604,-0.30470007547035605,1.6204087233083377,0.631 (-0.305 to 1.620)
trt_010,Cognitive and cognitive behavioural therapies individual,trt_020,Interpersonal psychotherapy (IPT) individual,0.4700762500417209,-0.22700714040237577,0.8959329271827121,0.470 (-0.227 to 0.896)
trt_011,Cognitive and cognitive behavioural therapies individual + AD,trt_020,Interpersonal psychotherapy (IPT) individual,0.8446174224575124,0.398894303931766,1.7747602097504336,0.845 (0.399 to 1.775)
trt_012,Cognitive and cognitive behavioural therapies individual + placebo,trt_020,Interpersonal psychotherapy (IPT) individual,0.789026054982002,0.06105665709596308,1.9002094236854747,0.789 (0.061 to 1.900)
trt_013,Counselling individual,trt_020,Interpersonal psychotherapy (IPT) individual,0.3845177749218228,-0.5704493587074067,0.9006138909317443,0.385 (-0.570 to 0.901)
trt_014,Counselling individual + AD,trt_020,Interpersonal psychotherapy (IPT) individual,0.12278241442405141,-1.6039257624763004,0.8857702503657109,0.123 (-1.604 to 0.886)
trt_015,Counselling individual + placebo,trt_020,Interpersonal psychotherapy (IPT) individual,-0.04985312772520324,-2.3620878994569625,0.9466791802534644,-0.050 (-2.362 to 0.947)
trt_016,Exercise group,trt_020,Interpersonal psychotherapy (IPT) individual,0.5271593133163219,-0.36688661496891,1.2615303155370938,0.527 (-0.367 to 1.262)
trt_017,Exercise group + AD,trt_020,Interpersonal psychotherapy (IPT) individual,1.8117101159432962,0.55899010635300606,4.203099944658975,1.812 (0.559 to 4.203)
trt_018,Exercise individual,trt_020,Interpersonal psychotherapy (IPT) individual,0.4567026192564796,-0.4924003145024752,1.1126393725028163,0.457 (-0.492 to 1.113)
trt_019,Exercise individual + AD,trt_020,Interpersonal psychotherapy (IPT) individual,0.776245568758488,0.02243190099575731,1.869419134304762,0.776 (0.022 to 1.869)
trt_021,Interpersonal psychotherapy (IPT) individual + AD,trt_020,Interpersonal psychotherapy (IPT) individual,0.40323890260380896,-0.5260158016248906,0.9326880257512757,0.403 (-0.526 to 0.933)
trt_022,Interpersonal psychotherapy (IPT) individual + placebo,trt_020,Interpersonal psychotherapy (IPT) individual,0.27951689883746134,-0.8484586271902907,0.7563876549838635,0.280 (-0.848 to 0.756)
trt_023,Light therapy,trt_020,Interpersonal psychotherapy (IPT) individual,0.5145712025041563,-0.648922321254901,1.496342193455681,0.515 (-0.649 to 1.496)
trt_024,Light therapy + AD,trt_020,Interpersonal psychotherapy (IPT) individual,0.6648059571003722,-0.18701680426310058,1.6333286115328662,0.665 (-0.187 to 1.633)
trt_025,Mindfulness or meditation group,trt_020,Interpersonal psychotherapy (IPT) individual,2.1788197489759904,0.5590986810389655,5.082857498791934,2.179 (0.559 to 5.083)
trt_026,Mirtazapine,trt_020,Interpersonal psychotherapy (IPT) individual,0.39650808185171754,-0.4161352768754517,0.7936935054174017,0.397 (-0.416 to 0.794)
trt_027,Music therapy group,trt_020,Interpersonal psychotherapy (IPT) individual,0.4450315247891775,-1.0792622618062147,1.6555916407319669,0.445 (-1.079 to 1.656)
trt_028,No treatment,trt_020,Interpersonal psychotherapy (IPT) individual,0.11258980812507038,-1.0293957703733863,0.6547479490585458,0.113 (-1.029 to 0.655)
trt_029,Peer support group,trt_020,Interpersonal psychotherapy (IPT) individual,0.6421353376815622,-0.5331657590628712,1.889091294923299,0.642 (-0.533 to 1.889)
trt_030,Peer support group + AD,trt_020,Interpersonal psychotherapy (IPT) individual,0.7025728108586398,-0.4028651686754808,2.005421298938001,0.703 (-0.403 to 2.005)
trt_031,Placebo,trt_020,Interpersonal psychotherapy (IPT) individual,0.09130906898534659,-0.9877653816594852,0.6533668601601277,0.091 (-0.988 to 0.653)
trt_032,Problem solving group,trt_020,Interpersonal psychotherapy (IPT) individual,1.5508786053320778,0.5588215037758284,3.5336726930043287,1.551 (0.559 to 3.534)
trt_033,Problem solving individual,trt_020,Interpersonal psychotherapy (IPT) individual,0.5358879906854107,-0.3066870963775413,1.2411734699545796,0.536 (-0.307 to 1.241)
trt_034,Psychoeducation group,trt_020,Interpersonal psychotherapy (IPT) individual,0.73102912931114,-0.3885529103646633,2.0984258053110114,0.731 (-0.389 to 2.098)
trt_035,Psychoeducation group + AD,trt_020,Interpersonal psychotherapy (IPT) individual,0.210279420379917,-1.2915578084371147,0.9221627948010275,0.210 (-1.292 to 0.922)
trt_036,Relaxation individual + AD,trt_020,Interpersonal psychotherapy (IPT) individual,0.4699403119104695,-0.8519675707206957,1.5230277757604729,0.470 (-0.852 to 1.523)
trt_037,Relaxation individual + placebo,trt_020,Interpersonal psychotherapy (IPT) individual,0.15485520654685075,-1.4750150845641747,0.8862801115069053,0.155 (-1.475 to 0.886)
trt_038,SNRIs,trt_020,Interpersonal psychotherapy (IPT) individual,0.37758287028968957,-0.4226542730401556,0.7256646052748597,0.378 (-0.423 to 0.726)
trt_039,SSRIs,trt_020,Interpersonal psychotherapy (IPT) individual,0.34953887869154854,-0.46949876455747547,0.6818897384625277,0.350 (-0.469 to 0.682)
trt_040,Self-help,trt_020,Interpersonal psychotherapy (IPT) individual,0.3529907820206676,-0.5996484199363737,0.803879058992271,0.353 (-0.600 to 0.804)
trt_041,Self-help with support,trt_020,Interpersonal psychotherapy (IPT) individual,0.34036633498873764,-0.6173201004738516,0.7712091824837662,0.340 (-0.617 to 0.771)
trt_042,Sham acupuncture,trt_020,Interpersonal psychotherapy (IPT) individual,0.17788805368832372,-1.1060630469070436,0.6725424659539027,0.178 (-1.106 to 0.673)
trt_043,Short-term psychodynamic psychotherapies individual,trt_020,Interpersonal psychotherapy (IPT) individual,0.3670002393573666,-0.6499829633216355,0.9090313804269485,0.367 (-0.650 to 0.909)
trt_044,Short-term psychodynamic psychotherapies individual + AD,trt_020,Interpersonal psychotherapy (IPT) individual,0.24541936274019907,-1.2247158153743225,0.9958536170836579,0.245 (-1.225 to 0.996)
trt_045,TAU,trt_020,Interpersonal psychotherapy (IPT) individual,0.229358990221635,-0.8363705006700265,0.6645640485081038,0.229 (-0.836 to 0.665)
trt_046,TCAs,trt_020,Interpersonal psychotherapy (IPT) individual,0.3917451888893127,-0.3873501066902081,0.7444693257269633,0.392 (-0.387 to 0.744)
trt_047,Trazodone,trt_020,Interpersonal psychotherapy (IPT) individual,0.27486459585615597,-0.6929784783407544,0.667292023852305,0.275 (-0.693 to 0.667)
trt_048,Waitlist,trt_020,Interpersonal psychotherapy (IPT) individual,-0.3470888092645532,-1.965309818780027,0.6530805910119216,-0.347 (-1.965 to 0.653)
trt_049,Yoga group,trt_020,Interpersonal psychotherapy (IPT) individual,0.4792633257836058,-0.6413090575443536,1.3475997536072564,0.479 (-0.641 to 1.348)
trt_050,Yoga group + AD,trt_020,Interpersonal psychotherapy (IPT) individual,0.89292184079337,-0.11821614474398451,2.479540256688975,0.893 (-0.118 to 2.480)
trt_001,Acupuncture,trt_021,Interpersonal psychotherapy (IPT) individual + AD,0.49159785355944136,-0.40114256376583834,1.168477628910957,0.492 (-0.401 to 1.168)
trt_002,Acupuncture + AD,trt_021,Interpersonal psychotherapy (IPT) individual + AD,0.8680069498418361,0.35057131788148865,1.9154198618061733,0.868 (0.351 to 1.915)
trt_003,Any AD,trt_021,Interpersonal psychotherapy (IPT) individual + AD,0.19728455230162567,-0.8348310429603595,0.6569123337310594,0.197 (-0.835 to 0.657)
trt_004,Any psychotherapy,trt_021,Interpersonal psychotherapy (IPT) individual + AD,-0.3148390297839878,-2.373960227124367,0.6541311363006098,-0.315 (-2.374 to 0.654)
trt_005,Attention placebo,trt_021,Interpersonal psychotherapy (IPT) individual + AD,-0.3558736774146873,-2.38512175974779,0.6534925190529851,-0.356 (-2.385 to 0.653)
trt_006,Behavioural therapies individual,trt_021,Interpersonal psychotherapy (IPT) individual + AD,-0.5386282976112895,-2.6462934807677585,0.6530832610268091,-0.539 (-2.646 to 0.653)
trt_007,Behavioural therapies individual + AD,trt_021,Interpersonal psychotherapy (IPT) individual + AD,0.32404699737921105,-1.0742592898249994,1.1597176444298216,0.324 (-1.074 to 1.160)
trt_008,Cognitive and cognitive behavioural therapies group,trt_021,Interpersonal psychotherapy (IPT) individual + AD,0.46032306944403517,-0.46431433499821056,1.1020440324765923,0.460 (-0.464 to 1.102)
trt_009,Cognitive and cognitive behavioural therapies group + AD,trt_021,Interpersonal psychotherapy (IPT) individual + AD,0.530269321550906,-0.5348082080048189,1.4455020910939904,0.530 (-0.535 to 1.446)
trt_010,Cognitive and cognitive behavioural therapies individual,trt_021,Interpersonal psychotherapy (IPT) individual + AD,0.36909419561126655,-0.5289313708199636,0.7965700546479146,0.369 (-0.529 to 0.797)
trt_011,Cognitive and cognitive behavioural therapies individual + AD,trt_021,Interpersonal psychotherapy (IPT) individual + AD,0.7436353680270581,0.11831169450164525,1.643864166048354,0.744 (0.118 to 1.644)
trt_012,Cognitive and cognitive behavioural therapies individual + placebo,trt_021,Interpersonal psychotherapy (IPT) individual + AD,0.6880440005515476,-0.21477276076858676,1.749565711712263,0.688 (-0.215 to 1.750)
trt_013,Counselling individual,trt_021,Interpersonal psychotherapy (IPT) individual + AD,0.28353572049136844,-0.8468926164597543,0.7707823401296964,0.284 (-0.847 to 0.771)
trt_014,Counselling individual + AD,trt_021,Interpersonal psychotherapy (IPT) individual + AD,0.02180035999359707,-1.8387536810886953,0.7127961647330165,0.022 (-1.839 to 0.713)
trt_015,Counselling individual + placebo,trt_021,Interpersonal psychotherapy (IPT) individual + AD,-0.15083518215565755,-2.5915960770194295,0.7651591157061491,-0.151 (-2.592 to 0.765)
trt_016,Exercise group,trt_021,Interpersonal psychotherapy (IPT) individual + AD,0.4261772588858676,-0.6348003991311937,1.1265383226613837,0.426 (-0.635 to 1.127)
trt_017,Exercise group + AD,trt_021,Interpersonal psychotherapy (IPT) individual + AD,1.710728061512842,0.5588170426116242,4.049380137353471,1.711 (0.559 to 4.049)
trt_018,Exercise individual,trt_021,Interpersonal psychotherapy (IPT) individual + AD,0.3557205648260252,-0.7625142297604968,0.9745123335037797,0.356 (-0.763 to 0.975)
trt_019,Exercise individual + AD,trt_021,Interpersonal psychotherapy (IPT) individual + AD,0.6752635143280337,-0.22007962094457886,1.7123563217372337,0.675 (-0.220 to 1.712)
trt_020,Interpersonal psychotherapy (IPT) individual,trt_021,Interpersonal psychotherapy (IPT) individual + AD,0.20127479374290022,-0.9326880257512769,0.6636190176956427,0.201 (-0.933 to 0.664)
trt_022,Interpersonal psychotherapy (IPT) individual + placebo,trt_021,Interpersonal psychotherapy (IPT) individual + AD,0.17853484440700695,-1.082570377275002,0.6703879030944189,0.179 (-1.083 to 0.670)
trt_023,Light therapy,trt_021,Interpersonal psychotherapy (IPT) individual + AD,0.41358914807370195,-0.8914309089841571,1.3404642878453545,0.414 (-0.891 to 1.340)
trt_024,Light therapy + AD,trt_021,Interpersonal psychotherapy (IPT) individual + AD,0.5638239026699178,-0.43531924583478177,1.4835486525858637,0.564 (-0.435 to 1.484)
trt_025,Mindfulness or meditation group,trt_021,Interpersonal psychotherapy (IPT) individual + AD,2.077837694545536,0.5590834276683839,4.92439462038893,2.078 (0.559 to 4.924)
trt_026,Mirtazapine,trt_021,Interpersonal psychotherapy (IPT) individual + AD,0.2955260274212632,-0.7010335055128419,0.6885025240626284,0.296 (-0.701 to 0.689)
trt_027,Music therapy group,trt_021,Interpersonal psychotherapy (IPT) individual + AD,0.3440494703587232,-1.3205283894735906,1.4930503107866602,0.344 (-1.321 to 1.493)
trt_028,No treatment,trt_021,Interpersonal psychotherapy (IPT) individual + AD,0.01160775369461605,-1.3136577093729513,0.6540814108024222,0.012 (-1.314 to 0.654)
trt_029,Peer support group,trt_021,Interpersonal psychotherapy (IPT) individual + AD,0.5411532832511079,-0.7604327470442064,1.7066266459656438,0.541 (-0.760 to 1.707)
trt_030,Peer support group + AD,trt_021,Interpersonal psychotherapy (IPT) individual + AD,0.6015907564281854,-0.6336029002232079,1.8205007623932163,0.602 (-0.634 to 1.821)
trt_031,Placebo,trt_021,Interpersonal psychotherapy (IPT) individual + AD,-0.00967298544510773,-1.277837588244659,0.6532443207710656,-0.010 (-1.278 to 0.653)
trt_032,Problem solving group,trt_021,Interpersonal psychotherapy (IPT) individual + AD,1.4498965509016235,0.5577812229947611,3.3955130289206426,1.450 (0.558 to 3.396)
trt_033,Problem solving individual,trt_021,Interpersonal psychotherapy (IPT) individual + AD,0.4349059362549563,-0.5767904657328311,1.1095660583574676,0.435 (-0.577 to 1.110)
trt_034,Psychoeducation group,trt_021,Interpersonal psychotherapy (IPT) individual + AD,0.6300470748806856,-0.642127006435558,1.9418005604080406,0.630 (-0.642 to 1.942)
trt_035,Psychoeducation group + AD,trt_021,Interpersonal psychotherapy (IPT) individual + AD,0.10929736594946261,-1.374788209807299,0.674865000279356,0.109 (-1.375 to 0.675)
trt_036,Relaxation individual + AD,trt_021,Interpersonal psychotherapy (IPT) individual + AD,0.36895825748001515,-1.094000597174308,1.3702867745861633,0.369 (-1.094 to 1.370)
trt_037,Relaxation individual + placebo,trt_021,Interpersonal psychotherapy (IPT) individual + AD,0.05387315211639645,-1.7181304989802988,0.7263209702575382,0.054 (-1.718 to 0.726)
trt_038,SNRIs,trt_021,Interpersonal psychotherapy (IPT) individual + AD,0.27660081585923524,-0.7054018808033947,0.6698269118281244,0.277 (-0.705 to 0.670)
trt_039,SSRIs,trt_021,Interpersonal psychotherapy (IPT) individual + AD,0.24855682426109418,-0.7604435445336688,0.6638669074647694,0.249 (-0.760 to 0.664)
trt_040,Self-help,trt_021,Interpersonal psychotherapy (IPT) individual + AD,0.2520087275902132,-0.8820472736482877,0.6901621170325785,0.252 (-0.882 to 0.690)
trt_041,Self-help with support,trt_021,Interpersonal psychotherapy (IPT) individual + AD,0.2393842805582833,-0.8983087284723896,0.681750695331125,0.239 (-0.898 to 0.682)
trt_042,Sham acupuncture,trt_021,Interpersonal psychotherapy (IPT) individual + AD,0.0769059992578694,-1.3655625367139048,0.6624693605702635,0.077 (-1.366 to 0.662)
trt_043,Short-term psychodynamic psychotherapies individual,trt_021,Interpersonal psychotherapy (IPT) individual + AD,0.26601818492691226,-0.9279441384002589,0.7733081690527326,0.266 (-0.928 to 0.773)
trt_044,Short-term psychodynamic psychotherapies individual + AD,trt_021,Interpersonal psychotherapy (IPT) individual + AD,0.1444373083097447,-1.461376172412108,0.8299868279624376,0.144 (-1.461 to 0.830)
trt_045,TAU,trt_021,Interpersonal psychotherapy (IPT) individual + AD,0.1283769357911806,-1.115935835582854,0.6582194044226279,0.128 (-1.116 to 0.658)
trt_046,TCAs,trt_021,Interpersonal psychotherapy (IPT) individual + AD,0.2907631344588584,-0.675635946493573,0.6745974196184723,0.291 (-0.676 to 0.675)
trt_047,Trazodone,trt_021,Interpersonal psychotherapy (IPT) individual + AD,0.17388254142570161,-0.971463701999027,0.6592071781927075,0.174 (-0.971 to 0.659)
trt_048,Waitlist,trt_021,Interpersonal psychotherapy (IPT) individual + AD,-0.44807086369500754,-2.244967025053599,0.6530805910119216,-0.448 (-2.245 to 0.653)
trt_049,Yoga group,trt_021,Interpersonal psychotherapy (IPT) individual + AD,0.3782812713531515,-0.8941415305126771,1.200703839911711,0.378 (-0.894 to 1.201)
trt_050,Yoga group + AD,trt_021,Interpersonal psychotherapy (IPT) individual + AD,0.7919397863629156,-0.3413194981797213,2.2958696969363195,0.792 (-0.341 to 2.296)
trt_001,Acupuncture,trt_022,Interpersonal psychotherapy (IPT) individual + placebo,0.615319857325789,-0.23155271680268358,1.4846470402182301,0.615 (-0.232 to 1.485)
trt_002,Acupuncture + AD,trt_022,Interpersonal psychotherapy (IPT) individual + placebo,0.9917289536081838,0.520204901840749,2.227626281588772,0.992 (0.520 to 2.228)
trt_003,Any AD,trt_022,Interpersonal psychotherapy (IPT) individual + placebo,0.3210065560679733,-0.7183726263865189,0.7950304533272207,0.321 (-0.718 to 0.795)
trt_004,Any psychotherapy,trt_022,Interpersonal psychotherapy (IPT) individual + placebo,-0.19111702601764027,-2.1786404430068678,0.6571822722247421,-0.191 (-2.179 to 0.657)
trt_005,Attention placebo,trt_022,Interpersonal psychotherapy (IPT) individual + placebo,-0.23215167364833975,-2.1945127020367146,0.655069194353384,-0.232 (-2.195 to 0.655)
trt_006,Behavioural therapies individual,trt_022,Interpersonal psychotherapy (IPT) individual + placebo,-0.414906293844942,-2.4656811160940078,0.6532690909175997,-0.415 (-2.466 to 0.653)
trt_007,Behavioural therapies individual + AD,trt_022,Interpersonal psychotherapy (IPT) individual + placebo,0.4477690011455587,-0.8885102911929307,1.470125854230656,0.448 (-0.889 to 1.470)
trt_008,Cognitive and cognitive behavioural therapies group,trt_022,Interpersonal psychotherapy (IPT) individual + placebo,0.5840450732103828,-0.3042745935403888,1.4269362847498985,0.584 (-0.304 to 1.427)
trt_009,Cognitive and cognitive behavioural therapies group + AD,trt_022,Interpersonal psychotherapy (IPT) individual + placebo,0.6539913253172537,-0.3713754076828468,1.7854791696225316,0.654 (-0.371 to 1.785)
trt_010,Cognitive and cognitive behavioural therapies individual,trt_022,Interpersonal psychotherapy (IPT) individual + placebo,0.4928161993776142,-0.37652854017098675,1.137721804044077,0.493 (-0.377 to 1.138)
trt_011,Cognitive and cognitive behavioural therapies individual + AD,trt_022,Interpersonal psychotherapy (IPT) individual + placebo,0.8673573717934057,0.2927208739858135,1.9743266893753688,0.867 (0.293 to 1.974)
trt_012,Cognitive and cognitive behavioural therapies individual + placebo,trt_022,Interpersonal psychotherapy (IPT) individual + placebo,0.8117660043178953,-0.021042736031481563,2.0655982641230413,0.812 (-0.021 to 2.066)
trt_013,Counselling individual,trt_022,Interpersonal psychotherapy (IPT) individual + placebo,0.40725772425771606,-0.6843941412175769,1.0982587677056095,0.407 (-0.684 to 1.098)
trt_014,Counselling individual + AD,trt_022,Interpersonal psychotherapy (IPT) individual + placebo,0.14552236375994468,-1.6445287583387802,1.0179610741349328,0.146 (-1.645 to 1.018)
trt_015,Counselling individual + placebo,trt_022,Interpersonal psychotherapy (IPT) individual + placebo,-0.02711317838930998,-2.3921198099300045,1.0554089751125637,-0.027 (-2.392 to 1.055)
trt_016,Exercise group,trt_022,Interpersonal psychotherapy (IPT) individual + placebo,0.5498992626522152,-0.4554728707323021,1.4466653272975851,0.550 (-0.455 to 1.447)
trt_017,Exercise group + AD,trt_022,Interpersonal psychotherapy (IPT) individual + placebo,1.8344500652791895,0.558897891487433,4.338893128448533,1.834 (0.559 to 4.339)
trt_018,Exercise individual,trt_022,Interpersonal psychotherapy (IPT) individual + placebo,0.47944256859237283,-0.5868316527413967,1.3011534876989168,0.479 (-0.587 to 1.301)
trt_019,Exercise individual + AD,trt_022,Interpersonal psychotherapy (IPT) individual + placebo,0.7989855180943813,-0.0474726773993231,2.033686306063393,0.799 (-0.047 to 2.034)
trt_020,Interpersonal psychotherapy (IPT) individual,trt_022,Interpersonal psychotherapy (IPT) individual + placebo,0.32499679750924787,-0.7563876549838635,0.8484586271902894,0.325 (-0.756 to 0.848)
trt_021,Interpersonal psychotherapy (IPT) individual + AD,trt_022,Interpersonal psychotherapy (IPT) individual + placebo,0.4259788519397022,-0.588401227878185,1.0825703772750017,0.426 (-0.588 to 1.083)
trt_023,Light therapy,trt_022,Interpersonal psychotherapy (IPT) individual + placebo,0.5373111518400496,-0.7075682667415409,1.6499351760547172,0.537 (-0.708 to 1.650)
trt_024,Light therapy + AD,trt_022,Interpersonal psychotherapy (IPT) individual + placebo,0.6875459064362655,-0.26230746371703695,1.7997829973867747,0.688 (-0.262 to 1.800)
trt_025,Mindfulness or meditation group,trt_022,Interpersonal psychotherapy (IPT) individual + placebo,2.2015596983118835,0.5590834276683839,5.224861218522466,2.202 (0.559 to 5.225)
trt_026,Mirtazapine,trt_022,Interpersonal psychotherapy (IPT) individual + placebo,0.41924803118761084,-0.5357126458943431,1.0086014407472337,0.419 (-0.536 to 1.009)
trt_027,Music therapy group,trt_022,Interpersonal psychotherapy (IPT) individual + placebo,0.46777147412507075,-1.1220128227535202,1.7840548879791986,0.468 (-1.122 to 1.784)
trt_028,No treatment,trt_022,Interpersonal psychotherapy (IPT) individual + placebo,0.13532975746096365,-1.1567465810648057,0.6618608777727797,0.135 (-1.157 to 0.662)
trt_029,Peer support group,trt_022,Interpersonal psychotherapy (IPT) individual + placebo,0.6648752870174555,-0.582371013022473,2.0185632557115083,0.665 (-0.582 to 2.019)
trt_030,Peer support group + AD,trt_022,Interpersonal psychotherapy (IPT) individual + placebo,0.725312760194533,-0.44649587004273056,2.155977796043936,0.725 (-0.446 to 2.156)
trt_031,Placebo,trt_022,Interpersonal psychotherapy (IPT) individual + placebo,0.11404901832123987,-1.1167889857529698,0.65679935705552,0.114 (-1.117 to 0.657)
trt_032,Problem solving group,trt_022,Interpersonal psychotherapy (IPT) individual + placebo,1.573618554667971,0.5585618227438246,3.6980937141539836,1.574 (0.559 to 3.698)
trt_033,Problem solving individual,trt_022,Interpersonal psychotherapy (IPT) individual + placebo,0.558627940021304,-0.3988171986780316,1.4353490814966108,0.559 (-0.399 to 1.435)
trt_034,Psychoeducation group,trt_022,Interpersonal psychotherapy (IPT) individual + placebo,0.7537690786470332,-0.4405440120648853,2.2414321622658986,0.754 (-0.441 to 2.241)
trt_035,Psychoeducation group + AD,trt_022,Interpersonal psychotherapy (IPT) individual + placebo,0.23301936971581025,-1.335356668753971,1.0538816316769282,0.233 (-1.335 to 1.054)
trt_036,Relaxation individual + AD,trt_022,Interpersonal psychotherapy (IPT) individual + placebo,0.49268026124636277,-0.9010705132853297,1.6609506617759182,0.493 (-0.901 to 1.661)
trt_037,Relaxation individual + placebo,trt_022,Interpersonal psychotherapy (IPT) individual + placebo,0.17759515588274405,-1.51650740739609,1.026863915864205,0.178 (-1.517 to 1.027)
trt_038,SNRIs,trt_022,Interpersonal psychotherapy (IPT) individual + placebo,0.40032281962558286,-0.5492390538775608,0.9431618313311689,0.400 (-0.549 to 0.943)
trt_039,SSRIs,trt_022,Interpersonal psychotherapy (IPT) individual + placebo,0.3722788280274418,-0.599974502955684,0.8812412280122512,0.372 (-0.600 to 0.881)
trt_040,Self-help,trt_022,Interpersonal psychotherapy (IPT) individual + placebo,0.3757307313565609,-0.7182802143733498,1.0050027319112325,0.376 (-0.718 to 1.005)
trt_041,Self-help with support,trt_022,Interpersonal psychotherapy (IPT) individual + placebo,0.36310628432463093,-0.7292541965225479,0.9714409936261491,0.363 (-0.729 to 0.971)
trt_042,Sham acupuncture,trt_022,Interpersonal psychotherapy (IPT) individual + placebo,0.20062800302421704,-1.18924464062102,0.7863720867281417,0.201 (-1.189 to 0.786)
trt_043,Short-term psychodynamic psychotherapies individual,trt_022,Interpersonal psychotherapy (IPT) individual + placebo,0.3897401886932599,-0.7527150900201344,1.0996253846232666,0.390 (-0.753 to 1.100)
trt_044,Short-term psychodynamic psychotherapies individual + AD,trt_022,Interpersonal psychotherapy (IPT) individual + placebo,0.26815931207609234,-1.2891931024639065,1.1476482670106027,0.268 (-1.289 to 1.148)
trt_045,TAU,trt_022,Interpersonal psychotherapy (IPT) individual + placebo,0.25209893955752827,-0.9491605635303806,0.746029554850744,0.252 (-0.949 to 0.746)
trt_046,TCAs,trt_022,Interpersonal psychotherapy (IPT) individual + placebo,0.414485138225206,-0.5130143984094246,0.9603307605699165,0.414 (-0.513 to 0.960)
trt_047,Trazodone,trt_022,Interpersonal psychotherapy (IPT) individual + placebo,0.29760454519204926,-0.8106611390556984,0.7873786559700481,0.298 (-0.811 to 0.787)
trt_048,Waitlist,trt_022,Interpersonal psychotherapy (IPT) individual + placebo,-0.32434885992865997,-2.079132047224624,0.6530989095755316,-0.324 (-2.079 to 0.653)
trt_049,Yoga group,trt_022,Interpersonal psychotherapy (IPT) individual + placebo,0.5020032751194992,-0.7079933710083959,1.5018883594419483,0.502 (-0.708 to 1.502)
trt_050,Yoga group + AD,trt_022,Interpersonal psychotherapy (IPT) individual + placebo,0.9156617901292632,-0.1587143435888989,2.610228768472496,0.916 (-0.159 to 2.610)
trt_001,Acupuncture,trt_023,Light therapy,0.380265553659094,-0.8609265552794897,1.1726650333326514,0.380 (-0.861 to 1.173)
trt_002,Acupuncture + AD,trt_023,Light therapy,0.7566746499414888,-0.10021584976141293,1.919651052754049,0.757 (-0.100 to 1.920)
trt_003,Any AD,trt_023,Light therapy,0.08595225240127831,-1.4447995985817346,0.670815475687665,0.086 (-1.445 to 0.671)
trt_004,Any psychotherapy,trt_023,Light therapy,-0.42617132968433524,-2.793682204905135,0.6545473256283759,-0.426 (-2.794 to 0.655)
trt_005,Attention placebo,trt_023,Light therapy,-0.4672059773150347,-2.80565050477766,0.6539603521563814,-0.467 (-2.806 to 0.654)
trt_006,Behavioural therapies individual,trt_023,Light therapy,-0.6499605975116369,-3.093186246174275,0.653142680598469,-0.650 (-3.093 to 0.653)
trt_007,Behavioural therapies individual + AD,trt_023,Light therapy,0.21271469747886368,-1.481262552163423,1.1249897171973906,0.213 (-1.481 to 1.125)
trt_008,Cognitive and cognitive behavioural therapies group,trt_023,Light therapy,0.3489907695436878,-0.9460607739408848,1.1387708525308504,0.349 (-0.946 to 1.139)
trt_009,Cognitive and cognitive behavioural therapies group + AD,trt_023,Light therapy,0.4189370216505587,-1.033405573409476,1.4993264898507188,0.419 (-1.033 to 1.499)
trt_010,Cognitive and cognitive behavioural therapies individual,trt_023,Light therapy,0.25776189571091923,-1.047827694063169,0.8603020091650262,0.258 (-1.048 to 0.860)
trt_011,Cognitive and cognitive behavioural therapies individual + AD,trt_023,Light therapy,0.6323030681267107,-0.3610303870842331,1.6802899789739332,0.632 (-0.361 to 1.680)
trt_012,Cognitive and cognitive behavioural therapies individual + placebo,trt_023,Light therapy,0.5767117006512003,-0.6440598760837125,1.7389909243117616,0.577 (-0.644 to 1.739)
trt_013,Counselling individual,trt_023,Light therapy,0.17220342059102114,-1.312089382474731,0.7865963120086498,0.172 (-1.312 to 0.787)
trt_014,Counselling individual + AD,trt_023,Light therapy,-0.08953193990675029,-2.257264347199883,0.6933490633094598,-0.090 (-2.257 to 0.693)
trt_015,Counselling individual + placebo,trt_023,Light therapy,-0.26216748205600493,-2.967484253828882,0.7003646449761547,-0.262 (-2.967 to 0.700)
trt_016,Exercise group,trt_023,Light therapy,0.31484495898552023,-1.0745144328275789,1.1231706172574323,0.315 (-1.075 to 1.123)
trt_017,Exercise group + AD,trt_023,Light therapy,1.5993957616124945,0.556973062091853,3.979083020685048,1.599 (0.557 to 3.979)
trt_018,Exercise individual,trt_023,Light therapy,0.24438826492567792,-1.2094606517367967,0.9720477878960464,0.244 (-1.209 to 0.972)
trt_019,Exercise individual + AD,trt_023,Light therapy,0.5639312144276863,-0.6699694575557006,1.716960727801495,0.564 (-0.670 to 1.717)
trt_020,Interpersonal psychotherapy (IPT) individual,trt_023,Light therapy,0.08994249384255293,-1.4963421934556835,0.683408394392359,0.090 (-1.496 to 0.683)
trt_021,Interpersonal psychotherapy (IPT) individual + AD,trt_023,Light therapy,0.19092454827300726,-1.3404642878453554,0.8914309089841562,0.191 (-1.340 to 0.891)
trt_022,Interpersonal psychotherapy (IPT) individual + placebo,trt_023,Light therapy,0.06720254450665966,-1.649935176054718,0.7102722470588817,0.067 (-1.650 to 0.710)
trt_024,Light therapy + AD,trt_023,Light therapy,0.45249160276957046,-0.7042636370977738,1.2993851922605697,0.452 (-0.704 to 1.299)
trt_025,Mindfulness or meditation group,trt_023,Light therapy,1.9665053946451885,0.5586199618163363,4.85179175500742,1.967 (0.559 to 4.852)
trt_026,Mirtazapine,trt_023,Light therapy,0.18419372752091587,-1.177767713897636,0.7105397903279905,0.184 (-1.178 to 0.711)
trt_027,Music therapy group,trt_023,Light therapy,0.23271717045837578,-1.6999324466581023,1.4216716874871675,0.233 (-1.700 to 1.422)
trt_028,No treatment,trt_023,Light therapy,-0.0997245462057313,-1.7953478317984124,0.65572360489455,-0.100 (-1.795 to 0.656)
trt_029,Peer support group,trt_023,Light therapy,0.4298209833507605,-1.2139525016922645,1.7195409659289773,0.430 (-1.214 to 1.720)
trt_030,Peer support group + AD,trt_023,Light therapy,0.490258456527838,-1.090309980264179,1.8365544137962377,0.490 (-1.090 to 1.837)
trt_031,Placebo,trt_023,Light therapy,-0.12100528534545509,-1.760675215981415,0.6542462006318263,-0.121 (-1.761 to 0.654)
trt_032,Problem solving group,trt_023,Light therapy,1.338564251001276,0.5508813275778067,3.364236909922794,1.339 (0.551 to 3.364)
trt_033,Problem solving individual,trt_023,Light therapy,0.323573636354609,-1.0324852239436244,1.1175461218160607,0.324 (-1.032 to 1.118)
trt_034,Psychoeducation group,trt_023,Light therapy,0.5187147749803382,-1.0231252218179785,1.889958460103179,0.519 (-1.023 to 1.890)
trt_035,Psychoeducation group + AD,trt_023,Light therapy,-0.0020349339508846822,-2.000018761401963,0.7774888087914239,-0.002 (-2.000 to 0.777)
trt_036,Relaxation individual + AD,trt_023,Light therapy,0.2576259575796678,-1.4820364104576298,1.3085384583799993,0.258 (-1.482 to 1.309)
trt_037,Relaxation individual + placebo,trt_023,Light therapy,-0.05745914778395093,-2.113192969970806,0.6937269216792272,-0.057 (-2.113 to 0.694)
trt_038,SNRIs,trt_023,Light therapy,0.1652685159588879,-1.1928435783598335,0.6813744166297556,0.165 (-1.193 to 0.681)
trt_039,SSRIs,trt_023,Light therapy,0.13722452436074686,-1.2435486973397556,0.6703791597918454,0.137 (-1.244 to 0.670)
trt_040,Self-help,trt_023,Light therapy,0.14067642768986585,-1.352466587508014,0.7107003512129589,0.141 (-1.352 to 0.711)
trt_041,Self-help with support,trt_023,Light therapy,0.12805198065793597,-1.381651678025675,0.6924706375559853,0.128 (-1.382 to 0.692)
trt_042,Sham acupuncture,trt_023,Light therapy,-0.03442630064247798,-1.7972721908879403,0.6632532456097434,-0.034 (-1.797 to 0.663)
trt_043,Short-term psychodynamic psychotherapies individual,trt_023,Light therapy,0.1546858850265649,-1.3850294070748188,0.7911847616226322,0.155 (-1.385 to 0.791)
trt_044,Short-term psychodynamic psychotherapies individual + AD,trt_023,Light therapy,0.0331050084093973,-1.9187134846612313,0.8339919855003923,0.033 (-1.919 to 0.834)
trt_045,TAU,trt_023,Light therapy,0.017044635890833236,-1.6020470925090853,0.6625577345811952,0.017 (-1.602 to 0.663)
trt_046,TCAs,trt_023,Light therapy,0.179430834558511,-1.1647642079595968,0.6928951280122968,0.179 (-1.165 to 0.693)
trt_047,Trazodone,trt_023,Light therapy,0.06255024152535422,-1.4432121041842803,0.6632071779572265,0.063 (-1.443 to 0.663)
trt_048,Waitlist,trt_023,Light therapy,-0.5594031635953549,-2.7313414461155454,0.6531000354853939,-0.559 (-2.731 to 0.653)
trt_049,Yoga group,trt_023,Light therapy,0.26694897145280416,-1.3128404942834604,1.1746798103405502,0.267 (-1.313 to 1.175)
trt_050,Yoga group + AD,trt_023,Light therapy,0.6806074864625683,-0.7680474759473455,2.2999205602860404,0.681 (-0.768 to 2.300)
trt_001,Acupuncture,trt_024,Light therapy + AD,0.23003079906287818,-0.9860347171252468,0.7079587768176816,0.230 (-0.986 to 0.708)
trt_002,Acupuncture + AD,trt_024,Light therapy + AD,0.606439895345273,-0.22496385147953912,1.4463303525623574,0.606 (-0.225 to 1.446)
trt_003,Any AD,trt_024,Light therapy + AD,-0.06428250219493754,-1.567831919665705,0.6542909230357176,-0.064 (-1.568 to 0.654)
trt_004,Any psychotherapy,trt_024,Light therapy + AD,-0.5764060842805511,-2.965885443183391,0.6532465086281162,-0.576 (-2.966 to 0.653)
trt_005,Attention placebo,trt_024,Light therapy + AD,-0.6174407319112505,-2.9577387198705667,0.653142680598469,-0.617 (-2.958 to 0.653)
trt_006,Behavioural therapies individual,trt_024,Light therapy + AD,-0.8001953521078528,-3.2477240468517476,0.6530805910119216,-0.800 (-3.248 to 0.653)
trt_007,Behavioural therapies individual + AD,trt_024,Light therapy + AD,0.062479942882647826,-1.6546230088260894,0.7034074214327829,0.062 (-1.655 to 0.703)
trt_008,Cognitive and cognitive behavioural therapies group,trt_024,Light therapy + AD,0.19875601494747194,-1.0784140870277952,0.6879000620399367,0.199 (-1.078 to 0.688)
trt_009,Cognitive and cognitive behavioural therapies group + AD,trt_024,Light therapy + AD,0.26870226705434286,-1.2059442775384266,1.0773311076933882,0.269 (-1.206 to 1.077)
trt_010,Cognitive and cognitive behavioural therapies individual,trt_024,Light therapy + AD,0.10752714111470339,-1.159239486359486,0.6571161484954645,0.108 (-1.159 to 0.657)
trt_011,Cognitive and cognitive behavioural therapies individual + AD,trt_024,Light therapy + AD,0.4820683135304949,-0.4899887980912224,1.2062000337786807,0.482 (-0.490 to 1.206)
trt_012,Cognitive and cognitive behavioural therapies individual + placebo,trt_024,Light therapy + AD,0.42647694605498443,-0.8008870116774807,1.2867325373979208,0.426 (-0.801 to 1.287)
trt_013,Counselling individual,trt_024,Light therapy + AD,0.021968665994805292,-1.4559922066900697,0.657005631357194,0.022 (-1.456 to 0.657)
trt_014,Counselling individual + AD,trt_024,Light therapy + AD,-0.23976669450296617,-2.432766085670122,0.6593664232945446,-0.240 (-2.433 to 0.659)
trt_015,Counselling individual + placebo,trt_024,Light therapy + AD,-0.41240223665222075,-3.1736788209461735,0.6623353849740065,-0.412 (-3.174 to 0.662)
trt_016,Exercise group,trt_024,Light therapy + AD,0.16461020438930443,-1.2166656132011715,0.6900100106807292,0.165 (-1.217 to 0.690)
trt_017,Exercise group + AD,trt_024,Light therapy + AD,1.4491610070162786,0.5558203376125301,3.5667347697529204,1.449 (0.556 to 3.567)
trt_018,Exercise individual,trt_024,Light therapy + AD,0.09415351032946205,-1.3496949391649535,0.6654863281946625,0.094 (-1.350 to 0.665)
trt_019,Exercise individual + AD,trt_024,Light therapy + AD,0.4136964598314705,-0.8315020833936042,1.2796629906672323,0.414 (-0.832 to 1.280)
trt_020,Interpersonal psychotherapy (IPT) individual,trt_024,Light therapy + AD,-0.060292260753662924,-1.6333286115328667,0.6550840133200176,-0.060 (-1.633 to 0.655)
trt_021,Interpersonal psychotherapy (IPT) individual + AD,trt_024,Light therapy + AD,0.040689793676791396,-1.483548652585864,0.6613129541652073,0.041 (-1.484 to 0.661)
trt_022,Interpersonal psychotherapy (IPT) individual + placebo,trt_024,Light therapy + AD,-0.08303221008955619,-1.7997829973867752,0.6569526753506675,-0.083 (-1.800 to 0.657)
trt_023,Light therapy,trt_024,Light therapy + AD,0.15202209357713875,-1.29938519226057,0.7074130605352692,0.152 (-1.299 to 0.707)
trt_025,Mindfulness or meditation group,trt_024,Light therapy + AD,1.8162706400489728,0.5583538611812721,4.449917034604179,1.816 (0.558 to 4.450)
trt_026,Mirtazapine,trt_024,Light therapy + AD,0.033958972924700015,-1.2863034059484788,0.6546213047398927,0.034 (-1.286 to 0.655)
trt_027,Music therapy group,trt_024,Light therapy + AD,0.08248241586216,-1.90087268191998,1.0138486304923446,0.082 (-1.901 to 1.014)
trt_028,No treatment,trt_024,Light therapy + AD,-0.24995930080194717,-1.9215253706487592,0.6531552009286231,-0.250 (-1.922 to 0.653)
trt_029,Peer support group,trt_024,Light therapy + AD,0.27958622875454464,-1.395824643521014,1.2994411474720884,0.280 (-1.396 to 1.299)
trt_030,Peer support group + AD,trt_024,Light therapy + AD,0.3400237019316222,-1.271895128907039,1.425869260038663,0.340 (-1.272 to 1.426)
trt_031,Placebo,trt_024,Light therapy + AD,-0.27124003994167095,-1.8624215176918304,0.6530832610268091,-0.271 (-1.862 to 0.653)
trt_032,Problem solving group,trt_024,Light therapy + AD,1.1883294964050604,0.5427030658892041,2.9226609285403757,1.188 (0.543 to 2.923)
trt_033,Problem solving individual,trt_024,Light therapy + AD,0.17333888175839315,-1.1693740861625266,0.683057056936413,0.173 (-1.169 to 0.683)
trt_034,Psychoeducation group,trt_024,Light therapy + AD,0.3684800203841224,-1.2037702231470815,1.4795767046329826,0.368 (-1.204 to 1.480)
trt_035,Psychoeducation group + AD,trt_024,Light therapy + AD,-0.15226968854710055,-2.1614198345074613,0.6610613693005818,-0.152 (-2.161 to 0.661)
trt_036,Relaxation individual + AD,trt_024,Light therapy + AD,0.10739120298345196,-1.661867186548989,0.8808103135251577,0.107 (-1.662 to 0.881)
trt_037,Relaxation individual + placebo,trt_024,Light therapy + AD,-0.20769390238016677,-2.2892965981062905,0.6582585921881188,-0.208 (-2.289 to 0.658)
trt_038,SNRIs,trt_024,Light therapy + AD,0.015033761362672045,-1.2887475687409389,0.6539952629363677,0.015 (-1.289 to 0.654)
trt_039,SSRIs,trt_024,Light therapy + AD,-0.013010230235468996,-1.3465030268212488,0.6535621740131372,-0.013 (-1.347 to 0.654)
trt_040,Self-help,trt_024,Light therapy + AD,-0.009558326906349926,-1.4849769988978387,0.6555530827013551,-0.010 (-1.485 to 0.656)
trt_041,Self-help with support,trt_024,Light therapy + AD,-0.02218277393827988,-1.5058828027243034,0.6551327298021924,-0.022 (-1.506 to 0.655)
trt_042,Sham acupuncture,trt_024,Light therapy + AD,-0.18466105523869386,-1.9503341529823446,0.6542132371223961,-0.185 (-1.950 to 0.654)
trt_043,Short-term psychodynamic psychotherapies individual,trt_024,Light therapy + AD,0.004451130430349047,-1.525661011899086,0.6578321897911086,0.004 (-1.526 to 0.658)
trt_044,Short-term psychodynamic psychotherapies individual + AD,trt_024,Light therapy + AD,-0.11712974618681847,-2.088559735869946,0.663411195755066,-0.117 (-2.089 to 0.663)
trt_045,TAU,trt_024,Light therapy + AD,-0.13319011870538253,-1.7351826388163227,0.6536531486895825,-0.133 (-1.735 to 0.654)
trt_046,TCAs,trt_024,Light therapy + AD,0.029196079962295143,-1.2704140856153634,0.6542840177914376,0.029 (-1.270 to 0.654)
trt_047,Trazodone,trt_024,Light therapy + AD,-0.08768451307086156,-1.5517520314632622,0.6535072477960285,-0.088 (-1.552 to 0.654)
trt_048,Waitlist,trt_024,Light therapy + AD,-0.7096379181915707,-2.849399991209017,0.6530805910119216,-0.710 (-2.849 to 0.653)
trt_049,Yoga group,trt_024,Light therapy + AD,0.11671421685658828,-1.4646888979152848,0.7377017814779315,0.117 (-1.465 to 0.738)
trt_050,Yoga group + AD,trt_024,Light therapy + AD,0.5303727318663524,-0.9722860542066631,1.8783259439910778,0.530 (-0.972 to 1.878)
trt_001,Acupuncture,trt_025,Mindfulness or meditation group,-1.28398299281274,-4.476939858831047,0.6530805910119216,-1.284 (-4.477 to 0.653)
trt_002,Acupuncture + AD,trt_025,Mindfulness or meditation group,-0.907573896530345,-3.725025797981376,0.6531000354853939,-0.908 (-3.725 to 0.653)
trt_003,Any AD,trt_025,Mindfulness or meditation group,-1.5782962940705556,-5.038925304241709,0.6530805910119216,-1.578 (-5.039 to 0.653)
trt_004,Any psychotherapy,trt_025,Mindfulness or meditation group,-2.090419876156169,-6.319572434774809,0.6530805910119216,-2.090 (-6.320 to 0.653)
trt_005,Attention placebo,trt_025,Mindfulness or meditation group,-2.1314545237868687,-6.334270139488675,0.6530805910119216,-2.131 (-6.334 to 0.653)
trt_006,Behavioural therapies individual,trt_025,Mindfulness or meditation group,-2.314209143983471,-6.646082431266155,0.6530805910119216,-2.314 (-6.646 to 0.653)
trt_007,Behavioural therapies individual + AD,trt_025,Mindfulness or meditation group,-1.45153384899297,-5.050393367204593,0.6530832610268091,-1.452 (-5.050 to 0.653)
trt_008,Cognitive and cognitive behavioural therapies group,trt_025,Mindfulness or meditation group,-1.3152577769281462,-4.519735993960063,0.6530805910119216,-1.315 (-4.520 to 0.653)
trt_009,Cognitive and cognitive behavioural therapies group + AD,trt_025,Mindfulness or meditation group,-1.2453115248212752,-4.5830961541050605,0.6530805910119216,-1.245 (-4.583 to 0.653)
trt_010,Cognitive and cognitive behavioural therapies individual,trt_025,Mindfulness or meditation group,-1.4064866507609146,-4.639610058041041,0.6530805910119216,-1.406 (-4.640 to 0.653)
trt_011,Cognitive and cognitive behavioural therapies individual + AD,trt_025,Mindfulness or meditation group,-1.0319454783451232,-3.961759154713625,0.6530805910119216,-1.032 (-3.962 to 0.653)
trt_012,Cognitive and cognitive behavioural therapies individual + placebo,trt_025,Mindfulness or meditation group,-1.0875368458206336,-4.222209441450089,0.6530832610268091,-1.088 (-4.222 to 0.653)
trt_013,Counselling individual,trt_025,Mindfulness or meditation group,-1.4920451258808127,-4.875872195835231,0.6530805910119216,-1.492 (-4.876 to 0.653)
trt_014,Counselling individual + AD,trt_025,Mindfulness or meditation group,-1.7537804863785842,-5.77845713192855,0.6530832610268091,-1.754 (-5.778 to 0.653)
trt_015,Counselling individual + placebo,trt_025,Mindfulness or meditation group,-1.9264160285278387,-6.461852429470828,0.6530805910119216,-1.926 (-6.462 to 0.653)
trt_016,Exercise group,trt_025,Mindfulness or meditation group,-1.3494035874863135,-4.633501871583247,0.6530805910119216,-1.349 (-4.634 to 0.653)
trt_017,Exercise group + AD,trt_025,Mindfulness or meditation group,-0.06485278485933937,-2.3542285011055872,0.8862434881237562,-0.065 (-2.354 to 0.886)
trt_018,Exercise individual,trt_025,Mindfulness or meditation group,-1.419860281546156,-4.767150822520034,0.6530805910119216,-1.420 (-4.767 to 0.653)
trt_019,Exercise individual + AD,trt_025,Mindfulness or meditation group,-1.1003173320441475,-4.2237472525334026,0.6530989095755316,-1.100 (-4.224 to 0.653)
trt_020,Interpersonal psychotherapy (IPT) individual,trt_025,Mindfulness or meditation group,-1.574306052629281,-5.082857498791935,0.6530805910119216,-1.574 (-5.083 to 0.653)
trt_021,Interpersonal psychotherapy (IPT) individual + AD,trt_025,Mindfulness or meditation group,-1.4733239981988266,-4.92439462038893,0.6530805910119216,-1.473 (-4.924 to 0.653)
trt_022,Interpersonal psychotherapy (IPT) individual + placebo,trt_025,Mindfulness or meditation group,-1.5970460019651742,-5.224861218522466,0.6530805910119216,-1.597 (-5.225 to 0.653)
trt_023,Light therapy,trt_025,Mindfulness or meditation group,-1.3619916982984792,-4.851791755007422,0.6530805910119216,-1.362 (-4.852 to 0.653)
trt_024,Light therapy + AD,trt_025,Mindfulness or meditation group,-1.2117569437022635,-4.449917034604181,0.6530832610268091,-1.212 (-4.450 to 0.653)
trt_026,Mirtazapine,trt_025,Mindfulness or meditation group,-1.480054818950918,-4.816817491975846,0.6530805910119216,-1.480 (-4.817 to 0.653)
trt_027,Music therapy group,trt_025,Mindfulness or meditation group,-1.431531376013458,-5.130217511124975,0.6530989095755316,-1.432 (-5.130 to 0.653)
trt_028,No treatment,trt_025,Mindfulness or meditation group,-1.763973092677565,-5.293027897498538,0.6530805910119216,-1.764 (-5.293 to 0.653)
trt_029,Peer support group,trt_025,Mindfulness or meditation group,-1.2344275631210735,-4.730578347166753,0.6531143377530946,-1.234 (-4.731 to 0.653)
trt_030,Peer support group + AD,trt_025,Mindfulness or meditation group,-1.173990089943996,-4.618184294611731,0.6531418211678621,-1.174 (-4.618 to 0.653)
trt_031,Placebo,trt_025,Mindfulness or meditation group,-1.785253831817289,-5.405309334323935,0.6530805910119216,-1.785 (-5.405 to 0.653)
trt_032,Problem solving group,trt_025,Mindfulness or meditation group,-0.32568429547055766,-2.767824895664804,0.6594087224524215,-0.326 (-2.768 to 0.659)
trt_033,Problem solving individual,trt_025,Mindfulness or meditation group,-1.3406749101172248,-4.602549020432272,0.6530832610268091,-1.341 (-4.603 to 0.653)
trt_034,Psychoeducation group,trt_025,Mindfulness or meditation group,-1.1455337714914955,-4.46856441597976,0.6531373302337684,-1.146 (-4.469 to 0.653)
trt_035,Psychoeducation group + AD,trt_025,Mindfulness or meditation group,-1.6662834804227187,-5.533488759605771,0.6530805910119216,-1.666 (-5.533 to 0.653)
trt_036,Relaxation individual + AD,trt_025,Mindfulness or meditation group,-1.4066225888921662,-5.036596082805451,0.6530832610268091,-1.407 (-5.037 to 0.653)
trt_037,Relaxation individual + placebo,trt_025,Mindfulness or meditation group,-1.7217076942557847,-5.661407866521553,0.6530805910119216,-1.722 (-5.661 to 0.653)
trt_038,SNRIs,trt_025,Mindfulness or meditation group,-1.498980030512946,-4.840037090269278,0.6530805910119216,-1.499 (-4.840 to 0.653)
trt_039,SSRIs,trt_025,Mindfulness or meditation group,-1.5270240221110871,-4.890872963157312,0.6530805910119216,-1.527 (-4.891 to 0.653)
trt_040,Self-help,trt_025,Mindfulness or meditation group,-1.523572118781968,-4.922552549384544,0.6530805910119216,-1.524 (-4.923 to 0.653)
trt_041,Self-help with support,trt_025,Mindfulness or meditation group,-1.5361965658138979,-4.9465700690440935,0.6530805910119216,-1.536 (-4.947 to 0.653)
trt_042,Sham acupuncture,trt_025,Mindfulness or meditation group,-1.6986748471143118,-5.3810937702605,0.6530805910119216,-1.699 (-5.381 to 0.653)
trt_043,Short-term psychodynamic psychotherapies individual,trt_025,Mindfulness or meditation group,-1.509562661445269,-4.964053777131342,0.6530805910119216,-1.510 (-4.964 to 0.653)
trt_044,Short-term psychodynamic psychotherapies individual + AD,trt_025,Mindfulness or meditation group,-1.6311435380624366,-5.464582912094139,0.6530805910119216,-1.631 (-5.465 to 0.653)
trt_045,TAU,trt_025,Mindfulness or meditation group,-1.6472039105810006,-5.1796101441131635,0.6530805910119216,-1.647 (-5.180 to 0.653)
trt_046,TCAs,trt_025,Mindfulness or meditation group,-1.484817711913323,-4.807639066329995,0.6530805910119216,-1.485 (-4.808 to 0.653)
trt_047,Trazodone,trt_025,Mindfulness or meditation group,-1.6016983049464795,-5.073850325745067,0.6530805910119216,-1.602 (-5.074 to 0.653)
trt_048,Waitlist,trt_025,Mindfulness or meditation group,-2.223651710067189,-6.31470531050876,0.6530805910119216,-2.224 (-6.315 to 0.653)
trt_049,Yoga group,trt_025,Mindfulness or meditation group,-1.3972995750190298,-4.8699550981611,0.6530805910119216,-1.397 (-4.870 to 0.653)
trt_050,Yoga group + AD,trt_025,Mindfulness or meditation group,-0.9836410600092655,-4.298355374175011,0.65345578987109465,-0.984 (-4.298 to 0.653)
trt_001,Acupuncture,trt_026,Mirtazapine,0.49832867431153277,-0.11393744431355866,0.8925606832859053,0.498 (-0.114 to 0.893)
trt_002,Acupuncture + AD,trt_026,Mirtazapine,0.8747377705939275,0.5513248775750211,1.634932267785273,0.875 (0.551 to 1.635)
trt_003,Any AD,trt_026,Mirtazapine,0.20401537305371706,-0.6870619647109646,0.6538677874718166,0.204 (-0.687 to 0.654)
trt_004,Any psychotherapy,trt_026,Mirtazapine,-0.30810820903189645,-2.214300005757191,0.6533537797542119,-0.308 (-2.214 to 0.653)
trt_005,Attention placebo,trt_026,Mirtazapine,-0.349142856662596,-2.198469438991107,0.6531429642743322,-0.349 (-2.198 to 0.653)
trt_006,Behavioural therapies individual,trt_026,Mirtazapine,-0.5318974768591982,-2.4572379717032855,0.6530805910119216,-0.532 (-2.457 to 0.653)
trt_007,Behavioural therapies individual + AD,trt_026,Mirtazapine,0.3307778181313024,-0.9049894431091631,1.0062189077160877,0.331 (-0.905 to 1.006)
trt_008,Cognitive and cognitive behavioural therapies group,trt_026,Mirtazapine,0.4670538901961266,-0.22242597000173092,0.8833253535040838,0.467 (-0.222 to 0.883)
trt_009,Cognitive and cognitive behavioural therapies group + AD,trt_026,Mirtazapine,0.5370001423029974,-0.44515367768247127,1.3860000293315882,0.537 (-0.445 to 1.386)
trt_010,Cognitive and cognitive behavioural therapies individual,trt_026,Mirtazapine,0.37582501636335797,-0.21273073717896593,0.6562103366015634,0.376 (-0.213 to 0.656)
trt_011,Cognitive and cognitive behavioural therapies individual + AD,trt_026,Mirtazapine,0.7503661887791494,0.3843156170737056,1.4066762825319619,0.750 (0.384 to 1.407)
trt_012,Cognitive and cognitive behavioural therapies individual + placebo,trt_026,Mirtazapine,0.694774821303639,-0.015430694018716334,1.5855428418127846,0.695 (-0.015 to 1.586)
trt_013,Counselling individual,trt_026,Mirtazapine,0.29026654124345985,-0.6007087863742666,0.6631344043948797,0.290 (-0.601 to 0.663)
trt_014,Counselling individual + AD,trt_026,Mirtazapine,0.02853118074568845,-1.723940311131532,0.6792167407088318,0.029 (-1.724 to 0.679)
trt_015,Counselling individual + placebo,trt_026,Mirtazapine,-0.1441043614035662,-2.4983297701414493,0.7074800079281454,-0.144 (-2.498 to 0.707)
trt_016,Exercise group,trt_026,Mirtazapine,0.43290807963795896,-0.4039796847961528,0.9263851941983803,0.433 (-0.404 to 0.926)
trt_017,Exercise group + AD,trt_026,Mirtazapine,1.7174588822649333,0.5590436571095609,3.899320586400442,1.717 (0.559 to 3.899)
trt_018,Exercise individual,trt_026,Mirtazapine,0.3624513855781166,-0.5289715509352986,0.7688160708583774,0.362 (-0.529 to 0.769)
trt_019,Exercise individual + AD,trt_026,Mirtazapine,0.6819943350801251,-0.06312743155764758,1.5774097853417046,0.682 (-0.063 to 1.577)
trt_020,Interpersonal psychotherapy (IPT) individual,trt_026,Mirtazapine,0.20800561449499166,-0.7936935054174017,0.6565664199410539,0.208 (-0.794 to 0.657)
trt_021,Interpersonal psychotherapy (IPT) individual + AD,trt_026,Mirtazapine,0.308987668925446,-0.6739175305657152,0.7041704035473836,0.309 (-0.674 to 0.704)
trt_022,Interpersonal psychotherapy (IPT) individual + placebo,trt_026,Mirtazapine,0.1852656651590984,-1.0086014407472341,0.6652428136902779,0.185 (-1.009 to 0.665)
trt_023,Light therapy,trt_026,Mirtazapine,0.4203199688257933,-0.7072351945791214,1.1777677138976357,0.420 (-0.707 to 1.178)
trt_024,Light therapy + AD,trt_026,Mirtazapine,0.5705547234220092,-0.2160069712552325,1.2863034059484784,0.571 (-0.216 to 1.286)
trt_025,Mindfulness or meditation group,trt_026,Mirtazapine,2.084568515297627,0.559089532648456,4.816817491975846,2.085 (0.559 to 4.817)
trt_027,Music therapy group,trt_026,Mirtazapine,0.35078029111081455,-1.1905933889596176,1.385246694787329,0.351 (-1.191 to 1.385)
trt_028,No treatment,trt_026,Mirtazapine,0.01833857444670744,-1.0290151917096133,0.6530832610268091,0.018 (-1.029 to 0.653)
trt_029,Peer support group,trt_026,Mirtazapine,0.5478841040031992,-0.6827901476253595,1.6588306012199676,0.548 (-0.683 to 1.659)
trt_030,Peer support group + AD,trt_026,Mirtazapine,0.6083215771802768,-0.5541959305829337,1.7822544850456992,0.608 (-0.554 to 1.782)
trt_031,Placebo,trt_026,Mirtazapine,-0.002942164693016353,-0.8510205578625706,0.6530805910119216,-0.003 (-0.851 to 0.653)
trt_032,Problem solving group,trt_026,Mirtazapine,1.4566273716537148,0.5587950350655418,3.2442085382776353,1.457 (0.559 to 3.244)
trt_033,Problem solving individual,trt_026,Mirtazapine,0.44163675700704774,-0.3328327805917272,0.8951374641362431,0.442 (-0.333 to 0.895)
trt_034,Psychoeducation group,trt_026,Mirtazapine,0.636777895632777,-0.48788969994719683,1.8278301426745571,0.637 (-0.488 to 1.828)
trt_035,Psychoeducation group + AD,trt_026,Mirtazapine,0.11602818670155397,-1.4439521495595942,0.7067126314026047,0.116 (-1.444 to 0.707)
trt_036,Relaxation individual + AD,trt_026,Mirtazapine,0.3756890782321065,-0.9308402363931433,1.2174540876263225,0.376 (-0.931 to 1.217)
trt_037,Relaxation individual + placebo,trt_026,Mirtazapine,0.060603972868487815,-1.550302609411181,0.6729874082460958,0.061 (-1.550 to 0.673)
trt_038,SNRIs,trt_026,Mirtazapine,0.28333163661132665,-0.2977462241146374,0.6530805910119216,0.283 (-0.298 to 0.653)
trt_039,SSRIs,trt_026,Mirtazapine,0.25528764501318557,-0.33064235790080165,0.6530805910119216,0.255 (-0.331 to 0.653)
trt_040,Self-help,trt_026,Mirtazapine,0.2587395483423046,-0.6210288655412536,0.6567758199188234,0.259 (-0.621 to 0.657)
trt_041,Self-help with support,trt_026,Mirtazapine,0.2461151013103747,-0.6430527250203435,0.655872684771602,0.246 (-0.643 to 0.656)
trt_042,Sham acupuncture,trt_026,Mirtazapine,0.08363682000996077,-1.1343308574465583,0.654831505941118,0.084 (-1.134 to 0.655)
trt_043,Short-term psychodynamic psychotherapies individual,trt_026,Mirtazapine,0.2727490056790037,-0.6945585400610624,0.6654311777155679,0.273 (-0.695 to 0.665)
trt_044,Short-term psychodynamic psychotherapies individual + AD,trt_026,Mirtazapine,0.15116812906183605,-1.3522649791904913,0.7480908296961253,0.151 (-1.352 to 0.748)
trt_045,TAU,trt_026,Mirtazapine,0.13510775654327198,-0.8618704443660302,0.6534354849932529,0.135 (-0.862 to 0.653)
trt_046,TCAs,trt_026,Mirtazapine,0.29749395521094973,-0.2566990265566206,0.6530805910119216,0.297 (-0.257 to 0.653)
trt_047,Trazodone,trt_026,Mirtazapine,0.18061336217779297,-0.6060521726620389,0.6530832610268091,0.181 (-0.606 to 0.653)
trt_048,Waitlist,trt_026,Mirtazapine,-0.4413400429429162,-1.9658323163192049,0.6530805910119216,-0.441 (-1.966 to 0.653)
trt_049,Yoga group,trt_026,Mirtazapine,0.38501209210524284,-0.7039696003222774,1.0409070913802436,0.385 (-0.704 to 1.041)
trt_050,Yoga group + AD,trt_026,Mirtazapine,0.798670607115007,-0.2621756257534856,2.2571343178863157,0.799 (-0.262 to 2.257)
trt_001,Acupuncture,trt_027,Music therapy group,0.4498052313740728,-1.0417573070348964,1.6393275751545267,0.450 (-1.042 to 1.639)
trt_002,Acupuncture + AD,trt_027,Music therapy group,0.8262143276564676,-0.2899099200767679,2.386519008555374,0.826 (-0.290 to 2.387)
trt_003,Any AD,trt_027,Music therapy group,0.1554919301162571,-1.60798340316348,1.0194050579183687,0.155 (-1.608 to 1.019)
trt_004,Any psychotherapy,trt_027,Music therapy group,-0.3566316519693565,-2.8759674084985165,0.6596683505752754,-0.357 (-2.876 to 0.660)
trt_005,Attention placebo,trt_027,Music therapy group,-0.39766629960005595,-2.9000597491547615,0.6573189970699275,-0.398 (-2.900 to 0.657)
trt_006,Behavioural therapies individual,trt_027,Music therapy group,-0.5804209197966582,-3.2109463402874407,0.6541770597071801,-0.580 (-3.211 to 0.654)
trt_007,Behavioural therapies individual + AD,trt_027,Music therapy group,0.28225437519384244,-1.60827296379147,1.5368820314060623,0.282 (-1.608 to 1.537)
trt_008,Cognitive and cognitive behavioural therapies group,trt_027,Music therapy group,0.4185304472586666,-1.094762363486018,1.5472601796522907,0.419 (-1.095 to 1.547)
trt_009,Cognitive and cognitive behavioural therapies group + AD,trt_027,Music therapy group,0.48847669936553745,-1.154118637402912,1.8778098842442839,0.488 (-1.154 to 1.878)
trt_010,Cognitive and cognitive behavioural therapies individual,trt_027,Music therapy group,0.327301573425898,-1.211726164877843,1.311049954058753,0.327 (-1.212 to 1.311)
trt_011,Cognitive and cognitive behavioural therapies individual + AD,trt_027,Music therapy group,0.7018427458416895,-0.5334525184600829,2.121819910087424,0.702 (-0.533 to 2.122)
trt_012,Cognitive and cognitive behavioural therapies individual + placebo,trt_027,Music therapy group,0.6462513783661791,-0.7754228429031341,2.154372898327354,0.646 (-0.775 to 2.154)
trt_013,Counselling individual,trt_027,Music therapy group,0.2417430983059999,-1.444044189047936,1.193312489851006,0.242 (-1.444 to 1.193)
trt_014,Counselling individual + AD,trt_027,Music therapy group,-0.019992262191771516,-2.340813864450766,1.0491058203804178,-0.020 (-2.341 to 1.049)
trt_015,Counselling individual + placebo,trt_027,Music therapy group,-0.19262780434102608,-3.0067639443254954,1.0295626846112913,-0.193 (-3.007 to 1.030)
trt_016,Exercise group,trt_027,Music therapy group,0.38438463670049905,-1.196732929378849,1.5246976769451794,0.384 (-1.197 to 1.525)
trt_017,Exercise group + AD,trt_027,Music therapy group,1.6689354393274733,0.5547805106564604,4.379077800591637,1.669 (0.555 to 4.379)
trt_018,Exercise individual,trt_027,Music therapy group,0.31392794264065665,-1.3245646793484835,1.3742141659472986,0.314 (-1.325 to 1.374)
trt_019,Exercise individual + AD,trt_027,Music therapy group,0.6334708921426652,-0.7839442834718712,2.1082156405225723,0.633 (-0.784 to 2.108)
trt_020,Interpersonal psychotherapy (IPT) individual,trt_027,Music therapy group,0.1594821715575317,-1.655591640731967,1.0792622618062133,0.159 (-1.656 to 1.079)
trt_021,Interpersonal psychotherapy (IPT) individual + AD,trt_027,Music therapy group,0.260464225987986,-1.4930503107866622,1.3205283894735895,0.260 (-1.493 to 1.321)
trt_022,Interpersonal psychotherapy (IPT) individual + placebo,trt_027,Music therapy group,0.13674222222163843,-1.7840548879791998,1.12201282275352,0.137 (-1.784 to 1.122)
trt_023,Light therapy,trt_027,Music therapy group,0.3717965258883334,-1.4216716874871687,1.6999324466581016,0.372 (-1.422 to 1.700)
trt_024,Light therapy + AD,trt_027,Music therapy group,0.5220312804845493,-1.013848630492346,1.90087268191998,0.522 (-1.014 to 1.901)
trt_025,Mindfulness or meditation group,trt_027,Music therapy group,2.0360450723601673,0.5585748066761745,5.130217511124974,2.036 (0.559 to 5.130)
trt_026,Mirtazapine,trt_027,Music therapy group,0.25373340523589466,-1.3852466947873292,1.190593388959617,0.254 (-1.385 to 1.191)
trt_028,No treatment,trt_027,Music therapy group,-0.030184868490752543,-1.8678461010215357,0.6693586631250926,-0.030 (-1.868 to 0.669)
trt_029,Peer support group,trt_027,Music therapy group,0.4993606610657393,-1.2959339065742397,2.0918952751064337,0.499 (-1.296 to 2.092)
trt_030,Peer support group + AD,trt_027,Music therapy group,0.5597981342428169,-1.179557844404387,2.1909793402908795,0.560 (-1.180 to 2.191)
trt_031,Placebo,trt_027,Music therapy group,-0.05146560763047633,-1.9776435768650356,0.672259710096042,-0.051 (-1.978 to 0.672)
trt_032,Problem solving group,trt_027,Music therapy group,1.408103928716255,0.5455197807547316,3.736299271828886,1.408 (0.546 to 3.736)
trt_033,Problem solving individual,trt_027,Music therapy group,0.39311331406958777,-1.176002502343068,1.531630008663403,0.393 (-1.176 to 1.532)
trt_034,Psychoeducation group,trt_027,Music therapy group,0.5882544526953171,-1.0239104188103878,2.174388394062804,0.588 (-1.024 to 2.174)
trt_035,Psychoeducation group + AD,trt_027,Music therapy group,0.06750474376409407,-2.1027427016125024,1.1538779502848688,0.068 (-2.103 to 1.154)
trt_036,Relaxation individual + AD,trt_027,Music therapy group,0.3271656352946466,-1.5931301558924356,1.691705109257876,0.327 (-1.593 to 1.692)
trt_037,Relaxation individual + placebo,trt_027,Music therapy group,0.012080529931027836,-2.2302797770064853,1.0670984896204745,0.012 (-2.230 to 1.067)
trt_038,SNRIs,trt_027,Music therapy group,0.23480819367386668,-1.4090928680698855,1.1396016589374607,0.235 (-1.409 to 1.140)
trt_039,SSRIs,trt_027,Music therapy group,0.20676420207572563,-1.4582708337000538,1.0772302643551785,0.207 (-1.458 to 1.077)
trt_040,Self-help,trt_027,Music therapy group,0.21021610540484467,-1.4922403114642129,1.1216336267486335,0.210 (-1.492 to 1.122)
trt_041,Self-help with support,trt_027,Music therapy group,0.19759165837291473,-1.5211329049731288,1.092729226283685,0.198 (-1.521 to 1.093)
trt_042,Sham acupuncture,trt_027,Music therapy group,0.035113377072500854,-1.950525790862952,0.887162846070652,0.035 (-1.951 to 0.887)
trt_043,Short-term psychodynamic psychotherapies individual,trt_027,Music therapy group,0.22422556274154368,-1.5292260629848136,1.2084230559945368,0.224 (-1.529 to 1.208)
trt_044,Short-term psychodynamic psychotherapies individual + AD,trt_027,Music therapy group,0.10264468612437615,-2.014746326194938,1.2154435649991826,0.103 (-2.015 to 1.215)
trt_045,TAU,trt_027,Music therapy group,0.08658431360581206,-1.7544894346370818,0.8808592517489607,0.087 (-1.754 to 0.881)
trt_046,TCAs,trt_027,Music therapy group,0.24897051227348976,-1.3779832979029458,1.164716435720334,0.249 (-1.378 to 1.165)
trt_047,Trazodone,trt_027,Music therapy group,0.13208991924033306,-1.643810682092895,0.9579350040471928,0.132 (-1.644 to 0.958)
trt_048,Waitlist,trt_027,Music therapy group,-0.48986348588037615,-2.877769715008238,0.6538987983749845,-0.490 (-2.878 to 0.654)
trt_049,Yoga group,trt_027,Music therapy group,0.3364886491677829,-1.434314796465235,1.5641574702861458,0.336 (-1.434 to 1.564)
trt_050,Yoga group + AD,trt_027,Music therapy group,0.750147164177547,-0.8617029523143838,2.657653077026761,0.750 (-0.862 to 2.658)
trt_001,Acupuncture,trt_028,No treatment,0.7822469480381798,0.38003603472212216,1.5407049958012735,0.782 (0.380 to 1.541)
trt_002,Acupuncture + AD,trt_028,No treatment,1.1586560443205747,0.5588771951261925,2.3012179875710785,1.159 (0.559 to 2.301)
trt_003,Any AD,trt_028,No treatment,0.4879336467803642,-0.15916806503892314,0.9026204756451274,0.488 (-0.159 to 0.903)
trt_004,Any psychotherapy,trt_028,No treatment,-0.02418993530524927,-1.6609367097780852,0.6587911715306277,-0.024 (-1.661 to 0.659)
trt_005,Attention placebo,trt_028,No treatment,-0.06522458293594875,-1.6343472097349854,0.6551237119139719,-0.065 (-1.634 to 0.655)
trt_006,Behavioural therapies individual,trt_028,No treatment,-0.24797920313255095,-1.900420996172373,0.6531854395856103,-0.248 (-1.900 to 0.653)
trt_007,Behavioural therapies individual + AD,trt_028,No treatment,0.6146960918579496,-0.3802693566031951,1.6277413588944116,0.615 (-0.380 to 1.628)
trt_008,Cognitive and cognitive behavioural therapies group,trt_028,No treatment,0.7509721639227737,0.3442607276732412,1.4520228148858862,0.751 (0.344 to 1.452)
trt_009,Cognitive and cognitive behavioural therapies group + AD,trt_028,No treatment,0.8209184160296445,0.10332127618766415,1.9705135088522772,0.821 (0.103 to 1.971)
trt_010,Cognitive and cognitive behavioural therapies individual,trt_028,No treatment,0.6597432900900051,0.32914771465621684,1.1038273347322671,0.660 (0.329 to 1.104)
trt_011,Cognitive and cognitive behavioural therapies individual + AD,trt_028,No treatment,1.0342844625057965,0.5578029054778876,2.0340779457372644,1.034 (0.558 to 2.034)
trt_012,Cognitive and cognitive behavioural therapies individual + placebo,trt_028,No treatment,0.9786930950302862,0.5168105523808737,2.1899726402852613,0.979 (0.517 to 2.190)
trt_013,Counselling individual,trt_028,No treatment,0.574184814970107,-0.009595955010757516,1.0961862348039288,0.574 (-0.010 to 1.096)
trt_014,Counselling individual + AD,trt_028,No treatment,0.31244945447233563,-1.1820424759812644,1.2203229145071421,0.312 (-1.182 to 1.220)
trt_015,Counselling individual + placebo,trt_028,No treatment,0.139813912323081,-1.961279343693729,1.2890957896793678,0.140 (-1.961 to 1.289)
trt_016,Exercise group,trt_028,No treatment,0.7168263533646061,0.1855611822260331,1.471683591088602,0.717 (0.186 to 1.472)
trt_017,Exercise group + AD,trt_028,No treatment,2.0013771559915803,0.5591020367943775,4.5162420568441775,2.001 (0.559 to 4.516)
trt_018,Exercise individual,trt_028,No treatment,0.6463696593047638,0.0662616947945953,1.312402763501673,0.646 (0.066 to 1.312)
trt_019,Exercise individual + AD,trt_028,No treatment,0.9659126088067722,0.5127812527041421,2.136069587320687,0.966 (0.513 to 2.136)
trt_020,Interpersonal psychotherapy (IPT) individual,trt_028,No treatment,0.4919238882216388,-0.27203286417416506,1.0293957703733856,0.492 (-0.272 to 1.029)
trt_021,Interpersonal psychotherapy (IPT) individual + AD,trt_028,No treatment,0.5929059426520932,-0.1551703078852316,1.3136577093729513,0.593 (-0.155 to 1.314)
trt_022,Interpersonal psychotherapy (IPT) individual + placebo,trt_028,No treatment,0.46918393888574556,-0.4856434365687827,1.1567465810648057,0.469 (-0.486 to 1.157)
trt_023,Light therapy,trt_028,No treatment,0.7042382425524405,-0.19481550886304697,1.7953478317984122,0.704 (-0.195 to 1.795)
trt_024,Light therapy + AD,trt_028,No treatment,0.8544729971486563,0.2897728859364339,1.9215253706487592,0.854 (0.290 to 1.922)
trt_025,Mindfulness or meditation group,trt_028,No treatment,2.3684867890242742,0.5591020367943775,5.293027897498537,2.368 (0.559 to 5.293)
trt_026,Mirtazapine,trt_028,No treatment,0.5861751219000018,0.1071316551373766,1.029015191709613,0.586 (0.107 to 1.029)
trt_027,Music therapy group,trt_028,No treatment,0.6346985648374617,-0.5326908041801355,1.8678461010215355,0.635 (-0.533 to 1.868)
trt_029,Peer support group,trt_028,No treatment,0.8318023777298464,-0.1291756392272007,2.2477402348621305,0.832 (-0.129 to 2.248)
trt_030,Peer support group + AD,trt_028,No treatment,0.8922398509069239,0.0012543883582409126,2.3582941790971086,0.892 (0.001 to 2.358)
trt_031,Placebo,trt_028,No treatment,0.28097610903363074,-0.4535932661219906,0.6538814611366808,0.281 (-0.454 to 0.654)
trt_032,Problem solving group,trt_028,No treatment,1.740545645380362,0.5590986810389655,3.815331050728688,1.741 (0.559 to 3.815)
trt_033,Problem solving individual,trt_028,No treatment,0.7255550307336949,0.22072856546549668,1.477344490746945,0.726 (0.221 to 1.477)
trt_034,Psychoeducation group,trt_028,No treatment,0.9206961693594241,0.16616208368038016,2.2981636626920148,0.921 (0.166 to 2.298)
trt_035,Psychoeducation group + AD,trt_028,No treatment,0.3999464604282012,-0.903198965429516,1.2920511030678077,0.400 (-0.903 to 1.292)
trt_036,Relaxation individual + AD,trt_028,No treatment,0.6596073519587536,-0.4123661925098539,1.836390427367686,0.660 (-0.412 to 1.836)
trt_037,Relaxation individual + placebo,trt_028,No treatment,0.344522246595135,-1.0263700816633359,1.2092563210291651,0.345 (-1.026 to 1.209)
trt_038,SNRIs,trt_028,No treatment,0.5672499103379738,0.11040967773830189,0.9470286685878613,0.567 (0.110 to 0.947)
trt_039,SSRIs,trt_028,No treatment,0.5392059187398327,0.07076579740659505,0.87526929495176,0.539 (0.071 to 0.875)
trt_040,Self-help,trt_028,No treatment,0.5426578220689517,-0.042798705110286134,1.0062709905782832,0.543 (-0.043 to 1.006)
trt_041,Self-help with support,trt_028,No treatment,0.5300333750370219,-0.06005622902391576,0.9754081867911918,0.530 (-0.060 to 0.975)
trt_042,Sham acupuncture,trt_028,No treatment,0.36755509373660794,-0.6127213791281295,0.878743053694993,0.368 (-0.613 to 0.879)
trt_043,Short-term psychodynamic psychotherapies individual,trt_028,No treatment,0.5566672794056509,-0.15002019684356643,1.1636404565544058,0.557 (-0.150 to 1.164)
trt_044,Short-term psychodynamic psychotherapies individual + AD,trt_028,No treatment,0.43508640278848326,-0.8126917722650476,1.3390035837350602,0.435 (-0.813 to 1.339)
trt_045,TAU,trt_028,No treatment,0.4190260302699192,-0.31591596281624906,0.7813715946771171,0.419 (-0.316 to 0.781)
trt_046,TCAs,trt_028,No treatment,0.5814122289375969,0.1489922797830741,0.9663158880193483,0.581 (0.149 to 0.966)
trt_047,Trazodone,trt_028,No treatment,0.4645316359044402,-0.1772148423608175,0.8246860840435939,0.465 (-0.177 to 0.825)
trt_048,Waitlist,trt_028,No treatment,-0.15742176921626908,-1.4099230515455738,0.6530805910119216,-0.157 (-1.410 to 0.653)
trt_049,Yoga group,trt_028,No treatment,0.66893036583189,-0.16632899576513496,1.6316213195192477,0.669 (-0.166 to 1.632)
trt_050,Yoga group + AD,trt_028,No treatment,1.0825888808416542,0.2878854518280889,2.835943180245345,1.083 (0.288 to 2.836)
trt_001,Acupuncture,trt_029,Peer support group,0.2527014184816881,-1.3259229248656874,1.129305336349401,0.253 (-1.326 to 1.129)
trt_002,Acupuncture + AD,trt_029,Peer support group,0.6291105147640829,-0.5735371540699847,1.8780265363502318,0.629 (-0.574 to 1.878)
trt_003,Any AD,trt_029,Peer support group,-0.041611882776127554,-1.7513172620296866,0.6599309302737398,-0.042 (-1.751 to 0.660)
trt_004,Any psychotherapy,trt_029,Peer support group,-0.5537354648617411,-3.1741421921474804,0.6545481541932825,-0.554 (-3.174 to 0.655)
trt_005,Attention placebo,trt_029,Peer support group,-0.5947701124924406,-3.2111403553025393,0.653908440064955,-0.595 (-3.211 to 0.654)
trt_006,Behavioural therapies individual,trt_029,Peer support group,-0.7775247326890428,-3.4859609241643583,0.6532135383413905,-0.778 (-3.486 to 0.653)
trt_007,Behavioural therapies individual + AD,trt_029,Peer support group,0.08515056230145779,-1.8822126822618401,1.0231423282118461,0.085 (-1.882 to 1.023)
trt_008,Cognitive and cognitive behavioural therapies group,trt_029,Peer support group,0.22142663436628193,-1.3690660988053773,1.05283313592358,0.221 (-1.369 to 1.053)
trt_009,Cognitive and cognitive behavioural therapies group + AD,trt_029,Peer support group,0.2913728864731528,-1.3276776647746331,1.2866702285141793,0.291 (-1.328 to 1.287)
trt_010,Cognitive and cognitive behavioural therapies individual,trt_029,Peer support group,0.1301977605335133,-1.4862946585633225,0.7980621977378666,0.130 (-1.486 to 0.798)
trt_011,Cognitive and cognitive behavioural therapies individual + AD,trt_029,Peer support group,0.5047389329493048,-0.7886739403783144,1.605276646645261,0.505 (-0.789 to 1.605)
trt_012,Cognitive and cognitive behavioural therapies individual + placebo,trt_029,Peer support group,0.44914756547379436,-1.0577685921470195,1.655535470430595,0.449 (-1.058 to 1.656)
trt_013,Counselling individual,trt_029,Peer support group,0.044639285413615205,-1.7489478943383419,0.7287691037157927,0.045 (-1.749 to 0.729)
trt_014,Counselling individual + AD,trt_029,Peer support group,-0.21709607508415615,-2.5940003326025787,0.6708861303999001,-0.217 (-2.594 to 0.671)
trt_015,Counselling individual + placebo,trt_029,Peer support group,-0.3897316172334108,-3.2856303943435035,0.6730822662649988,-0.390 (-3.286 to 0.673)
trt_016,Exercise group,trt_029,Peer support group,0.18728082380811434,-1.5085370411097394,1.0509455920176356,0.187 (-1.509 to 1.051)
trt_017,Exercise group + AD,trt_029,Peer support group,1.4718316264350886,0.5490194819451061,3.886956069767496,1.472 (0.549 to 3.887)
trt_018,Exercise individual,trt_029,Peer support group,0.11682412974827197,-1.6404608251882995,0.9089619047729286,0.117 (-1.640 to 0.909)
trt_019,Exercise individual + AD,trt_029,Peer support group,0.43636707925028045,-1.053457193595987,1.59429421023531,0.436 (-1.053 to 1.594)
trt_020,Interpersonal psychotherapy (IPT) individual,trt_029,Peer support group,-0.03762164133485302,-1.8890912949232992,0.66874264288917,-0.038 (-1.889 to 0.669)
trt_021,Interpersonal psychotherapy (IPT) individual + AD,trt_029,Peer support group,0.06336041309560138,-1.7066266459656452,0.7604327470442057,0.063 (-1.707 to 0.760)
trt_022,Interpersonal psychotherapy (IPT) individual + placebo,trt_029,Peer support group,-0.06036159067074628,-2.0185632557115083,0.6740977773720173,-0.060 (-2.019 to 0.674)
trt_023,Light therapy,trt_029,Peer support group,0.17469271299594866,-1.7195409659289778,1.2139525016922643,0.175 (-1.720 to 1.214)
trt_024,Light therapy + AD,trt_029,Peer support group,0.3249274675921645,-1.2994411474720886,1.395824643521013,0.325 (-1.299 to 1.396)
trt_025,Mindfulness or meditation group,trt_029,Peer support group,1.8389412594677825,0.557402424224921,4.730578347166749,1.839 (0.557 to 4.731)
trt_026,Mirtazapine,trt_029,Peer support group,0.05662959234350993,-1.6588306012199676,0.6963283975984185,0.057 (-1.659 to 0.696)
trt_027,Music therapy group,trt_029,Peer support group,0.10515303528096992,-2.0918952751064337,1.2959339065742392,0.105 (-2.092 to 1.296)
trt_028,No treatment,trt_029,Peer support group,-0.22728868138313718,-2.247740234862131,0.6561377929565895,-0.227 (-2.248 to 0.656)
trt_030,Peer support group + AD,trt_029,Peer support group,0.3626943213504321,-0.9405147677718466,1.1837025136729415,0.363 (-0.941 to 1.184)
trt_031,Placebo,trt_029,Peer support group,-0.24856942052286107,-2.250295143293864,0.6553194607593565,-0.249 (-2.250 to 0.655)
trt_032,Problem solving group,trt_029,Peer support group,1.2110001158238701,0.3879570536263846,3.2566125665620875,1.211 (0.388 to 3.257)
trt_033,Problem solving individual,trt_029,Peer support group,0.1960095011772031,-1.4691199733396576,1.0488758268233629,0.196 (-1.469 to 1.049)
trt_034,Psychoeducation group,trt_029,Peer support group,0.39115063980293235,-1.4137182214254982,1.7644912853199677,0.391 (-1.414 to 1.764)
trt_035,Psychoeducation group + AD,trt_029,Peer support group,-0.12959906912829064,-2.316710384682754,0.677654212443361,-0.130 (-2.317 to 0.678)
trt_036,Relaxation individual + AD,trt_029,Peer support group,0.13006182240226188,-1.8963720483024753,1.2119803712723747,0.130 (-1.896 to 1.212)
trt_037,Relaxation individual + placebo,trt_029,Peer support group,-0.18502328296135687,-2.4994345037363495,0.6742466590682362,-0.185 (-2.499 to 0.674)
trt_038,SNRIs,trt_029,Peer support group,0.03770438078148196,-1.681335637559634,0.6801742222190373,0.038 (-1.681 to 0.680)
trt_039,SSRIs,trt_029,Peer support group,0.009660389183340914,-1.734200085926911,0.6718798776770905,0.010 (-1.734 to 0.672)
trt_040,Self-help,trt_029,Peer support group,0.013112292512459975,-1.7850834736796382,0.6824544295909853,0.013 (-1.785 to 0.682)
trt_041,Self-help with support,trt_029,Peer support group,4.8784548053001285e-4,-1.811325108290929,0.6786099113210948,0.000 (-1.811 to 0.679)
trt_042,Sham acupuncture,trt_029,Peer support group,-0.16199043581988384,-2.2381451188310204,0.6624542119429863,-0.162 (-2.238 to 0.662)
trt_043,Short-term psychodynamic psychotherapies individual,trt_029,Peer support group,0.02712174984915902,-1.8149888134772512,0.7181763224410976,0.027 (-1.815 to 0.718)
trt_044,Short-term psychodynamic psychotherapies individual + AD,trt_029,Peer support group,-0.09445912676800856,-2.232885119751513,0.6874157888283658,-0.094 (-2.233 to 0.687)
trt_045,TAU,trt_029,Peer support group,-0.11051949928657263,-2.0229351663829083,0.6612441857203242,-0.111 (-2.023 to 0.661)
trt_046,TCAs,trt_029,Peer support group,0.051866699381105115,-1.652875497240619,0.6854477443495766,0.052 (-1.653 to 0.685)
trt_047,Trazodone,trt_029,Peer support group,-0.06501389365205165,-1.924779130396228,0.6643132206149808,-0.065 (-1.925 to 0.664)
trt_048,Waitlist,trt_029,Peer support group,-0.686967298772761,-3.1717243311318857,0.653142680598469,-0.687 (-3.172 to 0.653)
trt_049,Yoga group,trt_029,Peer support group,0.1393848362753982,-1.7231498252492636,1.0902668050619575,0.139 (-1.723 to 1.090)
trt_050,Yoga group + AD,trt_029,Peer support group,0.5530433512851624,-1.0658059354966427,2.0698687844095915,0.553 (-1.066 to 2.070)
trt_001,Acupuncture,trt_030,Peer support group + AD,0.19226394530461052,-1.4466032394162904,1.0066966627295744,0.192 (-1.447 to 1.007)
trt_002,Acupuncture + AD,trt_030,Peer support group + AD,0.5686730415870054,-0.6886966026941362,1.7548559950934897,0.569 (-0.689 to 1.755)
trt_003,Any AD,trt_030,Peer support group + AD,-0.10204935595320515,-1.866873412184582,0.6570620509554413,-0.102 (-1.867 to 0.657)
trt_004,Any psychotherapy,trt_030,Peer support group + AD,-0.6141729380388187,-3.2931738011461333,0.654135699121702,-0.614 (-3.293 to 0.654)
trt_005,Attention placebo,trt_030,Peer support group + AD,-0.6552075856695181,-3.328435167270873,0.6536672382557931,-0.655 (-3.328 to 0.654)
trt_006,Behavioural therapies individual,trt_030,Peer support group + AD,-0.8379622058661202,-3.604058427444678,0.6531418211678621,-0.838 (-3.604 to 0.653)
trt_007,Behavioural therapies individual + AD,trt_030,Peer support group + AD,0.024713089124380236,-1.996792367952812,0.8979351541064822,0.025 (-1.997 to 0.898)
trt_008,Cognitive and cognitive behavioural therapies group,trt_030,Peer support group + AD,0.16098916118920437,-1.4813684636011029,0.9186878381808157,0.161 (-1.481 to 0.919)
trt_009,Cognitive and cognitive behavioural therapies group + AD,trt_030,Peer support group + AD,0.23093541329607523,-1.4471271423766467,1.1605053725608276,0.231 (-1.447 to 1.161)
trt_010,Cognitive and cognitive behavioural therapies individual,trt_030,Peer support group + AD,0.0697602873564358,-1.6017687651223145,0.6907638394531718,0.070 (-1.602 to 0.691)
trt_011,Cognitive and cognitive behavioural therapies individual + AD,trt_030,Peer support group + AD,0.4443014597722273,-0.9032071177573794,1.476294474460782,0.444 (-0.903 to 1.476)
trt_012,Cognitive and cognitive behavioural therapies individual + placebo,trt_030,Peer support group + AD,0.3887100922967168,-1.1698663991320999,1.5213051048220554,0.389 (-1.170 to 1.521)
trt_013,Counselling individual,trt_030,Peer support group + AD,-0.015798187763462295,-1.8609248081990457,0.6753287361872545,-0.016 (-1.861 to 0.675)
trt_014,Counselling individual + AD,trt_030,Peer support group + AD,-0.2775335482612337,-2.7098226982216556,0.6639224700295301,-0.278 (-2.710 to 0.664)
trt_015,Counselling individual + placebo,trt_030,Peer support group + AD,-0.45016909041048836,-3.406199254080391,0.6665654203612082,-0.450 (-3.406 to 0.667)
trt_016,Exercise group,trt_030,Peer support group + AD,0.12684335063103677,-1.6360976659098474,0.9315656000004051,0.127 (-1.636 to 0.932)
trt_017,Exercise group + AD,trt_030,Peer support group + AD,1.411394153258011,0.5436220677817276,3.7672891295051283,1.411 (0.544 to 3.767)
trt_018,Exercise individual,trt_030,Peer support group + AD,0.05638665657119446,-1.7680808218318977,0.7805560773486396,0.056 (-1.768 to 0.781)
trt_019,Exercise individual + AD,trt_030,Peer support group + AD,0.3759296060732029,-1.175413772245548,1.4666701226358803,0.376 (-1.175 to 1.467)
trt_020,Interpersonal psychotherapy (IPT) individual,trt_030,Peer support group + AD,-0.09805911451193051,-2.005421298938003,0.6626452525030642,-0.098 (-2.005 to 0.663)
trt_021,Interpersonal psychotherapy (IPT) individual + AD,trt_030,Peer support group + AD,0.002922939918523802,-1.820500762393217,0.6820091434193796,0.003 (-1.821 to 0.682)
trt_022,Interpersonal psychotherapy (IPT) individual + placebo,trt_030,Peer support group + AD,-0.12079906384782378,-2.155977796043936,0.665188309447449,-0.121 (-2.156 to 0.665)
trt_023,Light therapy,trt_030,Peer support group + AD,0.11425523981887117,-1.836554413796238,1.0903099802641747,0.114 (-1.837 to 1.090)
trt_024,Light therapy + AD,trt_030,Peer support group + AD,0.264489994415087,-1.4258692600386642,1.271895128907039,0.264 (-1.426 to 1.272)
trt_025,Mindfulness or meditation group,trt_030,Peer support group + AD,1.7785037862907052,0.5568421342877283,4.61818429461173,1.779 (0.557 to 4.618)
trt_026,Mirtazapine,trt_030,Peer support group + AD,-0.0038078808335675752,-1.7822544850456994,0.6704769408688792,-0.004 (-1.782 to 0.670)
trt_027,Music therapy group,trt_030,Peer support group + AD,0.04471556210389241,-2.1909793402908804,1.1795578444043866,0.045 (-2.191 to 1.180)
trt_028,No treatment,trt_030,Peer support group + AD,-0.2877261545602148,-2.35829417909711,0.6550024648868682,-0.288 (-2.358 to 0.655)
trt_029,Peer support group,trt_030,Peer support group + AD,0.24181937499627704,-1.183702513672942,0.9405147677718464,0.242 (-1.184 to 0.941)
trt_031,Placebo,trt_030,Peer support group + AD,-0.30900689369993856,-2.3721379205408835,0.6543864811940499,-0.309 (-2.372 to 0.654)
trt_032,Problem solving group,trt_030,Peer support group + AD,1.1505626426467928,0.2550577299401547,3.1324973384039563,1.151 (0.255 to 3.132)
trt_033,Problem solving individual,trt_030,Peer support group + AD,0.13557202800012558,-1.5883727813350854,0.9235424723903165,0.136 (-1.588 to 0.924)
trt_034,Psychoeducation group,trt_030,Peer support group + AD,0.3307131666258548,-1.5239044219676066,1.6318175091147025,0.331 (-1.524 to 1.632)
trt_035,Psychoeducation group + AD,trt_030,Peer support group + AD,-0.19003654230536815,-2.4333705263562773,0.666977492827806,-0.190 (-2.433 to 0.667)
trt_036,Relaxation individual + AD,trt_030,Peer support group + AD,0.06962434922518437,-2.016393812813501,1.0814741836844008,0.070 (-2.016 to 1.081)
trt_037,Relaxation individual + placebo,trt_030,Peer support group + AD,-0.24546075613843438,-2.6280215393275825,0.6665654203612082,-0.245 (-2.628 to 0.667)
trt_038,SNRIs,trt_030,Peer support group + AD,-0.022733092395595542,-1.795786800031604,0.666294951493998,-0.023 (-1.796 to 0.666)
trt_039,SSRIs,trt_030,Peer support group + AD,-0.05077708399373659,-1.8522177484259061,0.6629182159062281,-0.051 (-1.852 to 0.663)
trt_040,Self-help,trt_030,Peer support group + AD,-0.04732518066461752,-1.911483298781004,0.6672570384873016,-0.047 (-1.911 to 0.667)
trt_041,Self-help with support,trt_030,Peer support group + AD,-0.05994962769654748,-1.9225400943372748,0.6658532764942889,-0.060 (-1.923 to 0.666)
trt_042,Sham acupuncture,trt_030,Peer support group + AD,-0.22242790899696144,-2.359042309420543,0.6591680023613841,-0.222 (-2.359 to 0.659)
trt_043,Short-term psychodynamic psychotherapies individual,trt_030,Peer support group + AD,-0.03331572332791854,-1.9250967203253035,0.6754405933089391,-0.033 (-1.925 to 0.675)
trt_044,Short-term psychodynamic psychotherapies individual + AD,trt_030,Peer support group + AD,-0.15489659994508606,-2.34999800242835,0.6699494033950658,-0.155 (-2.350 to 0.670)
trt_045,TAU,trt_030,Peer support group + AD,-0.17095697246365013,-2.1394553790516997,0.657859538490428,-0.171 (-2.139 to 0.658)
trt_046,TCAs,trt_030,Peer support group + AD,-0.008570773795972444,-1.7706151936604553,0.6676073950775537,-0.009 (-1.771 to 0.668)
trt_047,Trazodone,trt_030,Peer support group + AD,-0.12545136682912914,-2.0342948899073314,0.6595043947650941,-0.125 (-2.034 to 0.660)
trt_048,Waitlist,trt_030,Peer support group + AD,-0.7474047719498383,-3.282701298449139,0.6531373302337684,-0.747 (-3.283 to 0.653)
trt_049,Yoga group,trt_030,Peer support group + AD,0.07894736309832069,-1.8493683428775805,0.9648397891836126,0.079 (-1.849 to 0.965)
trt_050,Yoga group + AD,trt_030,Peer support group + AD,0.4926058781080848,-1.178390407177576,1.9512652303414906,0.493 (-1.178 to 1.951)
trt_001,Acupuncture,trt_031,Placebo,0.8035276871779037,0.5354917840141694,1.4552512449547443,0.804 (0.535 to 1.455)
trt_002,Acupuncture + AD,trt_031,Placebo,1.1799367834602985,0.5591020367943775,2.1978579026510916,1.180 (0.559 to 2.198)
trt_003,Any AD,trt_031,Placebo,0.509214385920088,-0.029519317457329525,0.8601038827774861,0.509 (-0.030 to 0.860)
trt_004,Any psychotherapy,trt_031,Placebo,-0.0029091961655254815,-1.5776780606726253,0.6589371075333095,-0.003 (-1.578 to 0.659)
trt_005,Attention placebo,trt_031,Placebo,-0.043943843796224964,-1.5667476148092645,0.6550794727108846,-0.044 (-1.567 to 0.655)
trt_006,Behavioural therapies individual,trt_031,Placebo,-0.22669846399282717,-1.8151375653588055,0.6531534386051998,-0.227 (-1.815 to 0.653)
trt_007,Behavioural therapies individual + AD,trt_031,Placebo,0.6359768309976734,-0.27102692425836167,1.6010169371746934,0.636 (-0.271 to 1.601)
trt_008,Cognitive and cognitive behavioural therapies group,trt_031,Placebo,0.7722529030624975,0.4287478833979675,1.4517262908593478,0.772 (0.429 to 1.452)
trt_009,Cognitive and cognitive behavioural therapies group + AD,trt_031,Placebo,0.8421991551693684,0.1912702769364971,1.9731583862895345,0.842 (0.191 to 1.973)
trt_010,Cognitive and cognitive behavioural therapies individual,trt_031,Placebo,0.6810240292297289,0.47176105393819745,1.046216731181543,0.681 (0.472 to 1.046)
trt_011,Cognitive and cognitive behavioural therapies individual + AD,trt_031,Placebo,1.0555652016455204,0.558976634345962,1.9735095126109727,1.056 (0.559 to 1.974)
trt_012,Cognitive and cognitive behavioural therapies individual + placebo,trt_031,Placebo,0.99997383417001,0.5456054293422449,2.169955699229715,1.000 (0.546 to 2.170)
trt_013,Counselling individual,trt_031,Placebo,0.5954655541098308,0.04825901239618093,1.1213691090944664,0.595 (0.048 to 1.121)
trt_014,Counselling individual + AD,trt_031,Placebo,0.3337301936120594,-1.0914006358415138,1.2023691977186115,0.334 (-1.091 to 1.202)
trt_015,Counselling individual + placebo,trt_031,Placebo,0.1610946514628048,-1.8788344895219251,1.2971606230363308,0.161 (-1.879 to 1.297)
trt_016,Exercise group,trt_031,Placebo,0.7381070925043299,0.24665049270545875,1.5003859633471819,0.738 (0.247 to 1.500)
trt_017,Exercise group + AD,trt_031,Placebo,2.0226578951313043,0.5591020367943775,4.4874240260822775,2.023 (0.559 to 4.487)
trt_018,Exercise individual,trt_031,Placebo,0.6676503984444876,0.12031194161495647,1.3414073222449654,0.668 (0.120 to 1.341)
trt_019,Exercise individual + AD,trt_031,Placebo,0.987193347946496,0.5398292102297989,2.161368314228664,0.987 (0.540 to 2.161)
trt_020,Interpersonal psychotherapy (IPT) individual,trt_031,Placebo,0.5132046273613626,-0.14656207444610952,0.9877653816594851,0.513 (-0.147 to 0.988)
trt_021,Interpersonal psychotherapy (IPT) individual + AD,trt_031,Placebo,0.614186681791817,-0.03259356351263879,1.277837588244659,0.614 (-0.033 to 1.278)
trt_022,Interpersonal psychotherapy (IPT) individual + placebo,trt_031,Placebo,0.49046467802546934,-0.3658116610777993,1.1167889857529691,0.490 (-0.366 to 1.117)
trt_023,Light therapy,trt_031,Placebo,0.7255189816921643,-0.06688695983170012,1.7606752159814136,0.726 (-0.067 to 1.761)
trt_024,Light therapy + AD,trt_031,Placebo,0.8757537362883802,0.4293233798270563,1.8624215176918297,0.876 (0.429 to 1.862)
trt_025,Mindfulness or meditation group,trt_031,Placebo,2.3897675281639983,0.5591020367943775,5.405309334323934,2.390 (0.559 to 5.405)
trt_026,Mirtazapine,trt_031,Placebo,0.6074558610397256,0.36997551275621476,0.8510205578625705,0.607 (0.370 to 0.851)
trt_027,Music therapy group,trt_031,Placebo,0.6559793039771855,-0.560044453585571,1.9776435768650351,0.656 (-0.560 to 1.978)
trt_028,No treatment,trt_031,Placebo,0.3235375873130784,-0.3652534578114551,0.6552398725493215,0.324 (-0.365 to 0.655)
trt_029,Peer support group,trt_031,Placebo,0.8530831168695702,-0.053630153412006484,2.250295143293864,0.853 (-0.054 to 2.250)
trt_030,Peer support group + AD,trt_031,Placebo,0.9135205900466478,0.07550554597385188,2.3721379205408812,0.914 (0.076 to 2.372)
trt_032,Problem solving group,trt_031,Placebo,1.7618263845200859,0.5591020367943775,3.83115204075007,1.762 (0.559 to 3.831)
trt_033,Problem solving individual,trt_031,Placebo,0.7468357698734187,0.3153845605601016,1.4663181401942815,0.747 (0.315 to 1.466)
trt_034,Psychoeducation group,trt_031,Placebo,0.941976908499148,0.14320157620829838,2.41623655557201,0.942 (0.143 to 2.416)
trt_035,Psychoeducation group + AD,trt_031,Placebo,0.421227199567925,-0.8138867917798658,1.2885004593186895,0.421 (-0.814 to 1.289)
trt_036,Relaxation individual + AD,trt_031,Placebo,0.6808880910984775,-0.299880219751568,1.8074499224263605,0.681 (-0.300 to 1.807)
trt_037,Relaxation individual + placebo,trt_031,Placebo,0.36580298573485875,-0.9167588840915697,1.171535364644299,0.366 (-0.917 to 1.172)
trt_038,SNRIs,trt_031,Placebo,0.5885306494776976,0.4315208883553448,0.7136576505542933,0.589 (0.432 to 0.714)
trt_039,SSRIs,trt_031,Placebo,0.5604866578795565,0.41573594070602254,0.6566533249024982,0.560 (0.416 to 0.657)
trt_040,Self-help,trt_031,Placebo,0.5639385612086756,0.033137126640116275,1.0124779139996245,0.564 (0.033 to 1.012)
trt_041,Self-help with support,trt_031,Placebo,0.5513141141767457,0.01368050499879524,0.9803542751612241,0.551 (0.014 to 0.980)
trt_042,Sham acupuncture,trt_031,Placebo,0.3888358328763318,-0.490016272676162,0.8396236780690558,0.389 (-0.490 to 0.840)
trt_043,Short-term psychodynamic psychotherapies individual,trt_031,Placebo,0.5779480185453746,-0.04607260363174628,1.145122082055338,0.578 (-0.046 to 1.145)
trt_044,Short-term psychodynamic psychotherapies individual + AD,trt_031,Placebo,0.45636714192820704,-0.7256761267889352,1.3407518868290094,0.456 (-0.726 to 1.341)
trt_045,TAU,trt_031,Placebo,0.440306769409643,-0.2029951395556044,0.7574902381243034,0.440 (-0.203 to 0.757)
trt_046,TCAs,trt_031,Placebo,0.6026929680773208,0.4643888613465507,0.7368545778582714,0.603 (0.464 to 0.737)
trt_047,Trazodone,trt_031,Placebo,0.48581237504416397,0.06040184944488088,0.6845441864286231,0.486 (0.060 to 0.685)
trt_048,Waitlist,trt_031,Placebo,-0.1361410300765452,-1.3059568078453323,0.6530805910119216,-0.136 (-1.306 to 0.653)
trt_049,Yoga group,trt_031,Placebo,0.6902111049716139,-0.06712017363057221,1.6223641749866675,0.690 (-0.067 to 1.622)
trt_050,Yoga group + AD,trt_031,Placebo,1.103869619981378,0.3696710790013657,2.8485367506780754,1.104 (0.370 to 2.849)
trt_001,Acupuncture,trt_032,Problem solving group,-0.6560418491688276,-2.8845176259548633,0.6530989095755316,-0.656 (-2.885 to 0.653)
trt_002,Acupuncture + AD,trt_032,Problem solving group,-0.27963275288643274,-2.1687778773145725,0.6536288419746525,-0.280 (-2.169 to 0.654)
trt_003,Any AD,trt_032,Problem solving group,-0.9503551504266432,-3.472959970054907,0.6530805910119216,-0.950 (-3.473 to 0.653)
trt_004,Any psychotherapy,trt_032,Problem solving group,-1.4624787325122568,-4.817461416775141,0.6530805910119216,-1.462 (-4.817 to 0.653)
trt_005,Attention placebo,trt_032,Problem solving group,-1.5035133801429563,-4.791471885239323,0.6530805910119216,-1.504 (-4.791 to 0.653)
trt_006,Behavioural therapies individual,trt_032,Problem solving group,-1.6862680003395585,-5.120233493591301,0.6530805910119216,-1.686 (-5.120 to 0.653)
trt_007,Behavioural therapies individual + AD,trt_032,Problem solving group,-0.8235927053490579,-3.5380119357015,0.6531000354853939,-0.824 (-3.538 to 0.653)
trt_008,Cognitive and cognitive behavioural therapies group,trt_032,Problem solving group,-0.6873166332842338,-2.9472627035177092,0.6530805910119216,-0.687 (-2.947 to 0.653)
trt_009,Cognitive and cognitive behavioural therapies group + AD,trt_032,Problem solving group,-0.6173703811773629,-3.0777702910128326,0.6532965426538039,-0.617 (-3.078 to 0.653)
trt_010,Cognitive and cognitive behavioural therapies individual,trt_032,Problem solving group,-0.7785455071170023,-3.0594283047695665,0.6530805910119216,-0.779 (-3.059 to 0.653)
trt_011,Cognitive and cognitive behavioural therapies individual + AD,trt_032,Problem solving group,-0.40400433470121083,-2.4002799137918736,0.6531733588426417,-0.404 (-2.400 to 0.653)
trt_012,Cognitive and cognitive behavioural therapies individual + placebo,trt_032,Problem solving group,-0.45959570217672135,-2.6854170883914206,0.653482467671583,-0.460 (-2.685 to 0.653)
trt_013,Counselling individual,trt_032,Problem solving group,-0.8641039822369004,-3.323333521681069,0.6530805910119216,-0.864 (-3.323 to 0.653)
trt_014,Counselling individual + AD,trt_032,Problem solving group,-1.1258393427346718,-4.306990807584939,0.6530933001023664,-1.126 (-4.307 to 0.653)
trt_015,Counselling individual + placebo,trt_032,Problem solving group,-1.2984748848839265,-5.023904000379395,0.6531433156051203,-1.298 (-5.024 to 0.653)
trt_016,Exercise group,trt_032,Problem solving group,-0.7214624438424014,-3.1233813222441684,0.6530989095755316,-0.721 (-3.123 to 0.653)
trt_017,Exercise group + AD,trt_032,Problem solving group,0.563088358784573,-0.8691042000230518,1.9149407509288963,0.563 (-0.869 to 1.915)
trt_018,Exercise individual,trt_032,Problem solving group,-0.7919191379022437,-3.2563962564411293,0.6530832610268091,-0.792 (-3.256 to 0.653)
trt_019,Exercise individual + AD,trt_032,Problem solving group,-0.47237618840023515,-2.7216174844368157,0.6534624656000859,-0.472 (-2.722 to 0.653)
trt_020,Interpersonal psychotherapy (IPT) individual,trt_032,Problem solving group,-0.9463649089853687,-3.5336726930043296,0.6530805910119216,-0.946 (-3.534 to 0.653)
trt_021,Interpersonal psychotherapy (IPT) individual + AD,trt_032,Problem solving group,-0.8453828545549142,-3.3955130289206426,0.6530805910119216,-0.845 (-3.396 to 0.653)
trt_022,Interpersonal psychotherapy (IPT) individual + placebo,trt_032,Problem solving group,-0.9691048583212619,-3.698093714153985,0.6530832610268091,-0.969 (-3.698 to 0.653)
trt_023,Light therapy,trt_032,Problem solving group,-0.734050554654567,-3.364236909922796,0.6531534386051998,-0.734 (-3.364 to 0.653)
trt_024,Light therapy + AD,trt_032,Problem solving group,-0.5838158000583511,-2.922660928540377,0.6532144228370135,-0.584 (-2.923 to 0.653)
trt_025,Mindfulness or meditation group,trt_032,Problem solving group,0.9301979918172669,-0.24845382511990555,2.7678248956648037,0.930 (-0.248 to 2.768)
trt_026,Mirtazapine,trt_032,Problem solving group,-0.8521136753070057,-3.2442085382776358,0.6530805910119216,-0.852 (-3.244 to 0.653)
trt_027,Music therapy group,trt_032,Problem solving group,-0.8035902323695457,-3.7362992718288868,0.65342057027632,-0.804 (-3.736 to 0.653)
trt_028,No treatment,trt_032,Problem solving group,-1.1360319490336528,-3.81533105072869,0.6530805910119216,-1.136 (-3.815 to 0.653)
trt_029,Peer support group,trt_032,Problem solving group,-0.6064864194771611,-3.2566125665620884,0.6539603521563814,-0.606 (-3.257 to 0.654)
trt_030,Peer support group + AD,trt_032,Problem solving group,-0.5460489463000835,-3.132497338403958,0.6542947758704023,-0.546 (-3.132 to 0.654)
trt_031,Placebo,trt_032,Problem solving group,-1.1573126881733766,-3.831152040750071,0.6530805910119216,-1.157 (-3.831 to 0.653)
trt_033,Problem solving individual,trt_032,Problem solving group,-0.7127337664733125,-3.0176236154805114,0.6530805910119216,-0.713 (-3.018 to 0.653)
trt_034,Psychoeducation group,trt_032,Problem solving group,-0.5175926278475833,-3.0612576846783806,0.6544581900388483,-0.518 (-3.061 to 0.654)
trt_035,Psychoeducation group + AD,trt_032,Problem solving group,-1.0383423367788063,-4.047792357693538,0.6530933001023664,-1.038 (-4.048 to 0.653)
trt_036,Relaxation individual + AD,trt_032,Problem solving group,-0.7786814452482538,-3.552189792596555,0.6532548918950158,-0.779 (-3.552 to 0.653)
trt_037,Relaxation individual + placebo,trt_032,Problem solving group,-1.0937665506118726,-4.181486005614582,0.6530989095755316,-1.094 (-4.181 to 0.653)
trt_038,SNRIs,trt_032,Problem solving group,-0.8710388868690337,-3.2624130847475024,0.6530805910119216,-0.871 (-3.262 to 0.653)
trt_039,SSRIs,trt_032,Problem solving group,-0.8990828784671747,-3.313472875590813,0.6530805910119216,-0.899 (-3.313 to 0.653)
trt_040,Self-help,trt_032,Problem solving group,-0.8956309751380557,-3.29939004003148,0.6530805910119216,-0.896 (-3.299 to 0.653)
trt_041,Self-help with support,trt_032,Problem solving group,-0.9082554221699857,-3.3426821091385475,0.6530805910119216,-0.908 (-3.343 to 0.653)
trt_042,Sham acupuncture,trt_032,Problem solving group,-1.0707337034703994,-3.8186365748813835,0.6530805910119216,-1.071 (-3.819 to 0.653)
trt_043,Short-term psychodynamic psychotherapies individual,trt_032,Problem solving group,-0.8816215178013567,-3.405209553703982,0.6530805910119216,-0.882 (-3.405 to 0.653)
trt_044,Short-term psychodynamic psychotherapies individual + AD,trt_032,Problem solving group,-1.0032023944185242,-3.9563458791655868,0.6530989095755316,-1.003 (-3.956 to 0.653)
trt_045,TAU,trt_032,Problem solving group,-1.0192627669370884,-3.63010009052797,0.6530805910119216,-1.019 (-3.630 to 0.653)
trt_046,TCAs,trt_032,Problem solving group,-0.8568765682694106,-3.2313159218289957,0.6530805910119216,-0.857 (-3.231 to 0.653)
trt_047,Trazodone,trt_032,Problem solving group,-0.9737571613025672,-3.5108609004546083,0.6530805910119216,-0.974 (-3.511 to 0.653)
trt_048,Waitlist,trt_032,Problem solving group,-1.5957105664232765,-4.597667082211788,0.6530805910119216,-1.596 (-4.598 to 0.653)
trt_049,Yoga group,trt_032,Problem solving group,-0.7693584313751174,-3.3007473498838147,0.6530989095755316,-0.769 (-3.301 to 0.653)
trt_050,Yoga group + AD,trt_032,Problem solving group,-0.35569991636535336,-2.822580662487725,0.6589906676415919,-0.356 (-2.823 to 0.659)
trt_001,Acupuncture,trt_033,Problem solving individual,0.3589487654778396,-0.5883402296133847,0.8125097277741917,0.359 (-0.588 to 0.813)
trt_002,Acupuncture + AD,trt_033,Problem solving individual,0.7353578617602344,0.15205038548299976,1.5827599097934182,0.735 (0.152 to 1.583)
trt_003,Any AD,trt_033,Problem solving individual,0.06463546422002392,-1.1555182421830221,0.6541311363006098,0.065 (-1.156 to 0.654)
trt_004,Any psychotherapy,trt_033,Problem solving individual,-0.4474881178655896,-2.5866811218054138,0.6532135383413905,-0.447 (-2.587 to 0.653)
trt_005,Attention placebo,trt_033,Problem solving individual,-0.4885227654962891,-2.3893025531294647,0.6530805910119216,-0.489 (-2.389 to 0.653)
trt_006,Behavioural therapies individual,trt_033,Problem solving individual,-0.6712773856928913,-2.8567865653412943,0.6530805910119216,-0.671 (-2.857 to 0.653)
trt_007,Behavioural therapies individual + AD,trt_033,Problem solving individual,0.19139790929760928,-1.3068690642150247,0.864875741998745,0.191 (-1.307 to 0.865)
trt_008,Cognitive and cognitive behavioural therapies group,trt_033,Problem solving individual,0.3276739813624334,-0.6463111845944259,0.7537020750244474,0.328 (-0.646 to 0.754)
trt_009,Cognitive and cognitive behavioural therapies group + AD,trt_033,Problem solving individual,0.3976202334693043,-0.8292696835005812,1.2159013779170367,0.398 (-0.829 to 1.216)
trt_010,Cognitive and cognitive behavioural therapies individual,trt_033,Problem solving individual,0.23644510752966483,-0.702697889334173,0.6567399494628947,0.236 (-0.703 to 0.657)
trt_011,Cognitive and cognitive behavioural therapies individual + AD,trt_033,Problem solving individual,0.6109862799454563,-0.08852759461089178,1.3177144868597332,0.611 (-0.089 to 1.318)
trt_012,Cognitive and cognitive behavioural therapies individual + placebo,trt_033,Problem solving individual,0.5553949124699459,-0.42083062866429427,1.4362987181602251,0.555 (-0.421 to 1.436)
trt_013,Counselling individual,trt_033,Problem solving individual,0.15088663240976674,-0.8771703921838422,0.6541742761538514,0.151 (-0.877 to 0.654)
trt_014,Counselling individual + AD,trt_033,Problem solving individual,-0.11084872808800468,-2.1001665043136346,0.6646816214413387,-0.111 (-2.100 to 0.665)
trt_015,Counselling individual + placebo,trt_033,Problem solving individual,-0.28348427023725936,-2.856829126092238,0.6697970166521274,-0.283 (-2.857 to 0.670)
trt_016,Exercise group,trt_033,Problem solving individual,0.29352817080426585,-0.831960310337434,0.7910932735239581,0.294 (-0.832 to 0.791)
trt_017,Exercise group + AD,trt_033,Problem solving individual,1.5780789734312402,0.5581157165431792,3.7435510406600776,1.578 (0.558 to 3.744)
trt_018,Exercise individual,trt_033,Problem solving individual,0.2230714767444235,-0.9589185700211345,0.6810058660185887,0.223 (-0.959 to 0.681)
trt_019,Exercise individual + AD,trt_033,Problem solving individual,0.542614426246432,-0.46267700209235996,1.42324883066196,0.543 (-0.463 to 1.423)
trt_020,Interpersonal psychotherapy (IPT) individual,trt_033,Problem solving individual,0.06862570566129851,-1.24117346995458,0.6559023082605696,0.069 (-1.241 to 0.656)
trt_021,Interpersonal psychotherapy (IPT) individual + AD,trt_033,Problem solving individual,0.16960776009175285,-1.1095660583574682,0.6689221878778269,0.170 (-1.110 to 0.669)
trt_022,Interpersonal psychotherapy (IPT) individual + placebo,trt_033,Problem solving individual,0.04588575632540525,-1.4353490814966108,0.6594000267511757,0.046 (-1.435 to 0.659)
trt_023,Light therapy,trt_033,Problem solving individual,0.2809400599921002,-1.1175461218160614,1.0324852239436242,0.281 (-1.118 to 1.032)
trt_024,Light therapy + AD,trt_033,Problem solving individual,0.431174814588316,-0.6521008356194098,1.1693740861625266,0.431 (-0.652 to 1.169)
trt_025,Mindfulness or meditation group,trt_033,Problem solving individual,1.945188606463934,0.5589907507759192,4.602549020432272,1.945 (0.559 to 4.603)
trt_026,Mirtazapine,trt_033,Problem solving individual,0.16287693933966146,-0.8951374641362433,0.6550649140240015,0.163 (-0.895 to 0.655)
trt_027,Music therapy group,trt_033,Problem solving individual,0.21140038227712146,-1.5316300086634032,1.1760025023430678,0.211 (-1.532 to 1.176)
trt_028,No treatment,trt_033,Problem solving individual,-0.12104133438698571,-1.4773444907469455,0.6530832610268091,-0.121 (-1.477 to 0.653)
trt_029,Peer support group,trt_033,Problem solving individual,0.40850419516950615,-1.0488758268233631,1.4691199733396576,0.409 (-1.049 to 1.469)
trt_030,Peer support group + AD,trt_033,Problem solving individual,0.46894166834658363,-0.9235424723903168,1.5883727813350843,0.469 (-0.924 to 1.588)
trt_031,Placebo,trt_033,Problem solving individual,-0.1423220735267095,-1.4663181401942817,0.6530832610268091,-0.142 (-1.466 to 0.653)
trt_032,Problem solving group,trt_033,Problem solving individual,1.3172474628200217,0.5572068761473334,3.0176236154805114,1.317 (0.557 to 3.018)
trt_034,Psychoeducation group,trt_033,Problem solving individual,0.49739798679908387,-0.8404819006903202,1.619341260541223,0.497 (-0.840 to 1.619)
trt_035,Psychoeducation group + AD,trt_033,Problem solving individual,-0.023351722132139086,-1.8283348534661934,0.6680753449736635,-0.023 (-1.828 to 0.668)
trt_036,Relaxation individual + AD,trt_033,Problem solving individual,0.23630916939841343,-1.327249714005736,1.0652992157070345,0.236 (-1.327 to 1.065)
trt_037,Relaxation individual + placebo,trt_033,Problem solving individual,-0.07877593596520532,-1.948031806406275,0.6634975970398699,-0.079 (-1.948 to 0.663)
trt_038,SNRIs,trt_033,Problem solving individual,0.1439517277776335,-0.9013155105159011,0.6541062011040143,0.144 (-0.901 to 0.654)
trt_039,SSRIs,trt_033,Problem solving individual,0.11590773617949246,-0.9461814999769126,0.6536435552783162,0.116 (-0.946 to 0.654)
trt_040,Self-help,trt_033,Problem solving individual,0.11935963950861152,-0.986415009040571,0.6541742761538514,0.119 (-0.986 to 0.654)
trt_041,Self-help with support,trt_033,Problem solving individual,0.10673519247668158,-1.0538999694989282,0.6547252675220812,0.107 (-1.054 to 0.655)
trt_042,Sham acupuncture,trt_033,Problem solving individual,-0.05574308882373238,-1.5558421115098382,0.654326809322844,-0.056 (-1.556 to 0.654)
trt_043,Short-term psychodynamic psychotherapies individual,trt_033,Problem solving individual,0.1333690968453105,-1.1148846845382558,0.6590151375441821,0.133 (-1.115 to 0.659)
trt_044,Short-term psychodynamic psychotherapies individual + AD,trt_033,Problem solving individual,0.011788220228142987,-1.7418176007985626,0.6732274734924488,0.012 (-1.742 to 0.673)
trt_045,TAU,trt_033,Problem solving individual,-0.004272152290421099,-1.298782317969985,0.6535061920958737,-0.004 (-1.299 to 0.654)
trt_046,TCAs,trt_033,Problem solving individual,0.1581140463772566,-0.8647869903199742,0.6541311363006098,0.158 (-0.865 to 0.654)
trt_047,Trazodone,trt_033,Problem solving individual,0.041233453344099905,-1.1644413727613006,0.653482467671583,0.041 (-1.164 to 0.653)
trt_048,Waitlist,trt_033,Problem solving individual,-0.5807199517766093,-2.349827709583874,0.6530805910119216,-0.581 (-2.350 to 0.653)
trt_049,Yoga group,trt_033,Problem solving individual,0.24563218327154973,-1.0818025162707738,0.8649272536260025,0.246 (-1.082 to 0.865)
trt_050,Yoga group + AD,trt_033,Problem solving individual,0.6592906982813138,-0.6322776679695012,2.0591979967305494,0.659 (-0.632 to 2.059)
trt_001,Acupuncture,trt_034,Psychoeducation group,0.16380762685211034,-1.4793802161304974,0.9344783706816736,0.164 (-1.479 to 0.934)
trt_002,Acupuncture + AD,trt_034,Psychoeducation group,0.5402167231345051,-0.7304479127320831,1.6929427953796554,0.540 (-0.730 to 1.693)
trt_003,Any AD,trt_034,Psychoeducation group,-0.1305056744057054,-2.04623135885582,0.6594787454643115,-0.131 (-2.046 to 0.659)
trt_004,Any psychotherapy,trt_034,Psychoeducation group,-0.6426292564913189,-3.3517865210597027,0.6538814611366808,-0.643 (-3.352 to 0.654)
trt_005,Attention placebo,trt_034,Psychoeducation group,-0.6836639041220184,-3.3611185005951842,0.6534605147991769,-0.684 (-3.361 to 0.653)
trt_006,Behavioural therapies individual,trt_034,Psychoeducation group,-0.8664185243186205,-3.670120292700609,0.6531373302337684,-0.866 (-3.670 to 0.653)
trt_007,Behavioural therapies individual + AD,trt_034,Psychoeducation group,-0.003743229328120021,-2.079227299457727,0.8510010231912594,-0.004 (-2.079 to 0.851)
trt_008,Cognitive and cognitive behavioural therapies group,trt_034,Psychoeducation group,0.13253284273670415,-1.5331588620265397,0.861789654811635,0.133 (-1.533 to 0.862)
trt_009,Cognitive and cognitive behavioural therapies group + AD,trt_034,Psychoeducation group,0.20247909484357504,-1.6145730844126183,1.2136630826058543,0.202 (-1.615 to 1.214)
trt_010,Cognitive and cognitive behavioural therapies individual,trt_034,Psychoeducation group,0.041303968903935555,-1.6475181950763784,0.6763412305192869,0.041 (-1.648 to 0.676)
trt_011,Cognitive and cognitive behavioural therapies individual + AD,trt_034,Psychoeducation group,0.41584514131972705,-0.9712910057462851,1.4304757448092615,0.416 (-0.971 to 1.430)
trt_012,Cognitive and cognitive behavioural therapies individual + placebo,trt_034,Psychoeducation group,0.3602537738442166,-1.2374738016130482,1.4699411704130214,0.360 (-1.237 to 1.470)
trt_013,Counselling individual,trt_034,Psychoeducation group,-0.044254506215962545,-1.885304958928807,0.6672506330021211,-0.044 (-1.885 to 0.667)
trt_014,Counselling individual + AD,trt_034,Psychoeducation group,-0.305989866713734,-2.8184074779777215,0.6652804850455897,-0.306 (-2.818 to 0.665)
trt_015,Counselling individual + placebo,trt_034,Psychoeducation group,-0.47862540886298854,-3.5041540881329283,0.6671578202363799,-0.479 (-3.504 to 0.667)
trt_016,Exercise group,trt_034,Psychoeducation group,0.09838703217853659,-1.6499479112410906,0.8364997193642882,0.098 (-1.650 to 0.836)
trt_017,Exercise group + AD,trt_034,Psychoeducation group,1.3829378348055108,0.5402997932045112,3.705207160047101,1.383 (0.540 to 3.705)
trt_018,Exercise individual,trt_034,Psychoeducation group,0.027930338118694213,-1.7786646727115636,0.6969760066265288,0.028 (-1.779 to 0.697)
trt_019,Exercise individual + AD,trt_034,Psychoeducation group,0.3474732876207027,-1.2412178338769169,1.4304862303711456,0.347 (-1.241 to 1.430)
trt_020,Interpersonal psychotherapy (IPT) individual,trt_034,Psychoeducation group,-0.12651543296443077,-2.0984258053110123,0.6623861088681314,-0.127 (-2.098 to 0.662)
trt_021,Interpersonal psychotherapy (IPT) individual + AD,trt_034,Psychoeducation group,-0.02553337853397646,-1.9418005604080406,0.6837522278236473,-0.026 (-1.942 to 0.684)
trt_022,Interpersonal psychotherapy (IPT) individual + placebo,trt_034,Psychoeducation group,-0.14925538230032404,-2.2414321622658986,0.664696383864482,-0.149 (-2.241 to 0.665)
trt_023,Light therapy,trt_034,Psychoeducation group,0.08579892136637092,-1.8899584601031798,1.0231252218179738,0.086 (-1.890 to 1.023)
trt_024,Light therapy + AD,trt_034,Psychoeducation group,0.2360336759625868,-1.4795767046329829,1.2037702231470808,0.236 (-1.480 to 1.204)
trt_025,Mindfulness or meditation group,trt_034,Psychoeducation group,1.7500474678382048,0.5571216454572276,4.46856441597976,1.750 (0.557 to 4.469)
trt_026,Mirtazapine,trt_034,Psychoeducation group,-0.032264199286067816,-1.8278301426745571,0.6658426580981356,-0.032 (-1.828 to 0.666)
trt_027,Music therapy group,trt_034,Psychoeducation group,0.01625924365139215,-2.1743883940628046,1.0239104188103874,0.016 (-2.174 to 1.024)
trt_028,No treatment,trt_034,Psychoeducation group,-0.3161824730127149,-2.298163662692015,0.653642177158923,-0.316 (-2.298 to 0.654)
trt_029,Peer support group,trt_034,Psychoeducation group,0.21336305654377685,-1.7644912853199681,1.4137182214254982,0.213 (-1.764 to 1.414)
trt_030,Peer support group + AD,trt_034,Psychoeducation group,0.2738005297208544,-1.6318175091147031,1.5239044219676057,0.274 (-1.632 to 1.524)
trt_031,Placebo,trt_034,Psychoeducation group,-0.3374632121524388,-2.416236555572011,0.6540071908772854,-0.337 (-2.416 to 0.654)
trt_032,Problem solving group,trt_034,Psychoeducation group,1.1221063241942926,0.21182642095888374,3.06125768467838,1.122 (0.212 to 3.061)
trt_033,Problem solving individual,trt_034,Psychoeducation group,0.10711570954762532,-1.6193412605412238,0.8404819006903201,0.107 (-1.619 to 0.840)
trt_035,Psychoeducation group + AD,trt_034,Psychoeducation group,-0.2184928607578684,-2.5684745256357493,0.6680883664785757,-0.218 (-2.568 to 0.668)
trt_036,Relaxation individual + AD,trt_034,Psychoeducation group,0.04116803077268412,-2.060924243263132,1.0190645282790727,0.041 (-2.061 to 1.019)
trt_037,Relaxation individual + placebo,trt_034,Psychoeducation group,-0.2739170745909346,-2.6809151245064227,0.6642499355964641,-0.274 (-2.681 to 0.664)
trt_038,SNRIs,trt_034,Psychoeducation group,-0.051189410848095786,-1.847638260008092,0.6631357394228927,-0.051 (-1.848 to 0.663)
trt_039,SSRIs,trt_034,Psychoeducation group,-0.07923340244623683,-1.8967406855229312,0.6604990537503541,-0.079 (-1.897 to 0.660)
trt_040,Self-help,trt_034,Psychoeducation group,-0.07578149911711778,-1.9428119242369701,0.6631357394228927,-0.076 (-1.943 to 0.663)
trt_041,Self-help with support,trt_034,Psychoeducation group,-0.08840594614904773,-1.9537837552090191,0.6620171775114148,-0.088 (-1.954 to 0.662)
trt_042,Sham acupuncture,trt_034,Psychoeducation group,-0.2508842274494616,-2.402320523595904,0.6576363291384792,-0.251 (-2.402 to 0.658)
trt_043,Short-term psychodynamic psychotherapies individual,trt_034,Psychoeducation group,-0.06177204178041873,-1.9750544658296803,0.6684537444003813,-0.062 (-1.975 to 0.668)
trt_044,Short-term psychodynamic psychotherapies individual + AD,trt_034,Psychoeducation group,-0.18335291839758633,-2.491298136877258,0.6725424659539027,-0.183 (-2.491 to 0.673)
trt_045,TAU,trt_034,Psychoeducation group,-0.1994132909161504,-2.190257878263988,0.6569562424224313,-0.199 (-2.190 to 0.657)
trt_046,TCAs,trt_034,Psychoeducation group,-0.037027092248472705,-1.8177406517229462,0.6643590476947443,-0.037 (-1.818 to 0.664)
trt_047,Trazodone,trt_034,Psychoeducation group,-0.1539076852816294,-2.0882047977807323,0.6579656482974005,-0.154 (-2.088 to 0.658)
trt_048,Waitlist,trt_034,Psychoeducation group,-0.7758610904023386,-3.3198315971388395,0.6530832610268091,-0.776 (-3.320 to 0.653)
trt_049,Yoga group,trt_034,Psychoeducation group,0.05049104464582045,-1.890095697186761,0.8879799293190973,0.050 (-1.890 to 0.888)
trt_050,Yoga group + AD,trt_034,Psychoeducation group,0.4641495596555846,-1.3235066059898324,1.9820555728587692,0.464 (-1.324 to 1.982)
trt_001,Acupuncture,trt_035,Psychoeducation group + AD,0.6845573357833333,-0.3671119975150572,1.8999116373917095,0.685 (-0.367 to 1.900)
trt_002,Acupuncture + AD,trt_035,Psychoeducation group + AD,1.0609664320657282,0.38412394343502493,2.656964489702166,1.061 (0.384 to 2.657)
trt_003,Any AD,trt_035,Psychoeducation group + AD,0.39024403452551765,-0.8185041080238695,1.1670334882181908,0.390 (-0.819 to 1.167)
trt_004,Any psychotherapy,trt_035,Psychoeducation group + AD,-0.12187954756009589,-2.2465710833208523,0.6709485408715606,-0.122 (-2.247 to 0.671)
trt_005,Attention placebo,trt_035,Psychoeducation group + AD,-0.16291419519079536,-2.2622108341319986,0.663671631172467,-0.163 (-2.262 to 0.664)
trt_006,Behavioural therapies individual,trt_035,Psychoeducation group + AD,-0.3456688153873976,-2.560210017378869,0.654889611932884,-0.346 (-2.560 to 0.655)
trt_007,Behavioural therapies individual + AD,trt_035,Psychoeducation group + AD,0.517006479603103,-0.9586909562496363,1.8140404149841878,0.517 (-0.959 to 1.814)
trt_008,Cognitive and cognitive behavioural therapies group,trt_035,Psychoeducation group + AD,0.6532825516679271,-0.41876571638230686,1.8212723897127365,0.653 (-0.419 to 1.821)
trt_009,Cognitive and cognitive behavioural therapies group + AD,trt_035,Psychoeducation group + AD,0.723228803774798,-0.4077513039530197,2.087578593011451,0.723 (-0.408 to 2.088)
trt_010,Cognitive and cognitive behavioural therapies individual,trt_035,Psychoeducation group + AD,0.5620536778351586,-0.5279996463597056,1.5674424029606107,0.562 (-0.528 to 1.567)
trt_011,Cognitive and cognitive behavioural therapies individual + AD,trt_035,Psychoeducation group + AD,0.93659485025095,0.16111173536382906,2.3821370362358203,0.937 (0.161 to 2.382)
trt_012,Cognitive and cognitive behavioural therapies individual + placebo,trt_035,Psychoeducation group + AD,0.8810034827754396,-0.1112844567358018,2.4320470878087868,0.881 (-0.111 to 2.432)
trt_013,Counselling individual,trt_035,Psychoeducation group + AD,0.4764952027152604,-0.7901143235113167,1.494408065210287,0.476 (-0.790 to 1.494)
trt_014,Counselling individual + AD,trt_035,Psychoeducation group + AD,0.21475984221748903,-1.6792407224256765,1.33225799102949,0.215 (-1.679 to 1.332)
trt_015,Counselling individual + placebo,trt_035,Psychoeducation group + AD,0.04212430006823445,-2.3866941440274583,1.3335983715303223,0.042 (-2.387 to 1.334)
trt_016,Exercise group,trt_035,Psychoeducation group + AD,0.6191367411097596,-0.5660084995837141,1.83005654791103,0.619 (-0.566 to 1.830)
trt_017,Exercise group + AD,trt_035,Psychoeducation group + AD,1.9036875437367338,0.5585992513002164,4.679860426499879,1.904 (0.559 to 4.680)
trt_018,Exercise individual,trt_035,Psychoeducation group + AD,0.5486800470499172,-0.6936887038645821,1.678677442655473,0.549 (-0.694 to 1.679)
trt_019,Exercise individual + AD,trt_035,Psychoeducation group + AD,0.8682229965519257,-0.11898500611892511,2.3879201904827205,0.868 (-0.119 to 2.388)
trt_020,Interpersonal psychotherapy (IPT) individual,trt_035,Psychoeducation group + AD,0.3942342759667922,-0.922162794801028,1.2915578084371144,0.394 (-0.922 to 1.292)
trt_021,Interpersonal psychotherapy (IPT) individual + AD,trt_035,Psychoeducation group + AD,0.4952163303972466,-0.6062689079114565,1.3747882098072988,0.495 (-0.606 to 1.375)
trt_022,Interpersonal psychotherapy (IPT) individual + placebo,trt_035,Psychoeducation group + AD,0.37149432663089893,-1.0538816316769282,1.33535666875397,0.371 (-1.054 to 1.335)
trt_023,Light therapy,trt_035,Psychoeducation group + AD,0.6065486302975939,-0.7774888087914242,2.0000187614019618,0.607 (-0.777 to 2.000)
trt_024,Light therapy + AD,trt_035,Psychoeducation group + AD,0.7567833848938098,-0.3575269732570304,2.161419834507461,0.757 (-0.358 to 2.161)
trt_025,Mindfulness or meditation group,trt_035,Psychoeducation group + AD,2.270797176769428,0.5590229312058563,5.5334887596057705,2.271 (0.559 to 5.533)
trt_026,Mirtazapine,trt_035,Psychoeducation group + AD,0.4884855096451552,-0.70202697886744,1.4439521495595942,0.488 (-0.702 to 1.444)
trt_027,Music therapy group,trt_035,Psychoeducation group + AD,0.5370089525826152,-1.1538779502848704,2.102742701612502,0.537 (-1.154 to 2.103)
trt_028,No treatment,trt_035,Psychoeducation group + AD,0.204567235918508,-1.292051103067809,0.9031989654295155,0.205 (-1.292 to 0.903)
trt_029,Peer support group,trt_035,Psychoeducation group + AD,0.7341127654749998,-0.5965341459248751,2.316710384682754,0.734 (-0.597 to 2.317)
trt_030,Peer support group + AD,trt_035,Psychoeducation group + AD,0.7945502386520774,-0.4700813185584675,2.4333705263562755,0.795 (-0.470 to 2.433)
trt_031,Placebo,trt_035,Psychoeducation group + AD,0.18328649677878422,-1.28850045931869,0.8138867917798657,0.183 (-1.289 to 0.814)
trt_032,Problem solving group,trt_035,Psychoeducation group + AD,1.6428560331255155,0.5576055141420523,4.047792357693538,1.643 (0.558 to 4.048)
trt_033,Problem solving individual,trt_035,Psychoeducation group + AD,0.6278654184788484,-0.5189366214700298,1.828334853466193,0.628 (-0.519 to 1.828)
trt_034,Psychoeducation group,trt_035,Psychoeducation group + AD,0.8230065571045776,-0.48623892081514486,2.568474525635749,0.823 (-0.486 to 2.568)
trt_036,Relaxation individual + AD,trt_035,Psychoeducation group + AD,0.5619177397039071,-0.9639405319336567,1.993080331301766,0.562 (-0.964 to 1.993)
trt_037,Relaxation individual + placebo,trt_035,Psychoeducation group + AD,0.2468326343402884,-1.588895074205824,1.3563458889472337,0.247 (-1.589 to 1.356)
trt_038,SNRIs,trt_035,Psychoeducation group + AD,0.4695602980831272,-0.7191570496506717,1.3912315889858766,0.470 (-0.719 to 1.391)
trt_039,SSRIs,trt_035,Psychoeducation group + AD,0.44151630648498613,-0.7683073432905496,1.3310265380587354,0.442 (-0.768 to 1.331)
trt_040,Self-help,trt_035,Psychoeducation group + AD,0.4449682098141052,-0.8412990225758639,1.408709917672343,0.445 (-0.841 to 1.409)
trt_041,Self-help with support,trt_035,Psychoeducation group + AD,0.4323437627821753,-0.8667244776637207,1.3828770321627921,0.432 (-0.867 to 1.383)
trt_042,Sham acupuncture,trt_035,Psychoeducation group + AD,0.26986548148176137,-1.2936152430382781,1.1622299773257516,0.270 (-1.294 to 1.162)
trt_043,Short-term psychodynamic psychotherapies individual,trt_035,Psychoeducation group + AD,0.45897766715080424,-0.8681092893662646,1.4934068187334366,0.459 (-0.868 to 1.493)
trt_044,Short-term psychodynamic psychotherapies individual + AD,trt_035,Psychoeducation group + AD,0.3373967905336367,-1.3232796726998728,1.4614752616069724,0.337 (-1.323 to 1.461)
trt_045,TAU,trt_035,Psychoeducation group + AD,0.3213364180150726,-1.074453048604578,1.1526220200501616,0.321 (-1.074 to 1.153)
trt_046,TCAs,trt_035,Psychoeducation group + AD,0.48372261668275035,-0.6876724079873481,1.4156543018486398,0.484 (-0.688 to 1.416)
trt_047,Trazodone,trt_035,Psychoeducation group + AD,0.3668420236495936,-0.9591388617036141,1.2166050496809258,0.367 (-0.959 to 1.217)
trt_048,Waitlist,trt_035,Psychoeducation group + AD,-0.2551113814711156,-2.212301905248898,0.6545473256283759,-0.255 (-2.212 to 0.655)
trt_049,Yoga group,trt_035,Psychoeducation group + AD,0.5712407535770434,-0.7958814624702354,1.8673583306732902,0.571 (-0.796 to 1.867)
trt_050,Yoga group + AD,trt_035,Psychoeducation group + AD,0.9848992685868075,-0.15954059545465626,2.8862994687776795,0.985 (-0.160 to 2.886)
trt_001,Acupuncture,trt_036,Relaxation individual + AD,0.42489644425278084,-0.8945033907139021,1.392592241412196,0.425 (-0.895 to 1.393)
trt_002,Acupuncture + AD,trt_036,Relaxation individual + AD,0.8013055405351756,-0.1473938663678661,2.1398841175004577,0.801 (-0.147 to 2.140)
trt_003,Any AD,trt_036,Relaxation individual + AD,0.1305831429949651,-1.4698675226059845,0.7878710977590352,0.131 (-1.470 to 0.788)
trt_004,Any psychotherapy,trt_036,Relaxation individual + AD,-0.38154043909064844,-2.7844866484861237,0.6562113249188163,-0.382 (-2.784 to 0.656)
trt_005,Attention placebo,trt_036,Relaxation individual + AD,-0.4225750867213479,-2.8106846758008346,0.6548875932221573,-0.423 (-2.811 to 0.655)
trt_006,Behavioural therapies individual,trt_036,Relaxation individual + AD,-0.6053297069179501,-3.0951334885995103,0.6534338904643183,-0.605 (-3.095 to 0.653)
trt_007,Behavioural therapies individual + AD,trt_036,Relaxation individual + AD,0.2573455880725505,-1.2650080001536415,1.0829894606792918,0.257 (-1.265 to 1.083)
trt_008,Cognitive and cognitive behavioural therapies group,trt_036,Relaxation individual + AD,0.39362166013737465,-0.9785951099459004,1.3444768887297538,0.394 (-0.979 to 1.344)
trt_009,Cognitive and cognitive behavioural therapies group + AD,trt_036,Relaxation individual + AD,0.4635679122442455,-1.0465434159905405,1.684240389092942,0.464 (-1.047 to 1.684)
trt_010,Cognitive and cognitive behavioural therapies individual,trt_036,Relaxation individual + AD,0.30239278630460603,-1.0789966231510673,1.0837523451753481,0.302 (-1.079 to 1.084)
trt_011,Cognitive and cognitive behavioural therapies individual + AD,trt_036,Relaxation individual + AD,0.6769339587203975,-0.3997600102636158,1.894112999156802,0.677 (-0.400 to 1.894)
trt_012,Cognitive and cognitive behavioural therapies individual + placebo,trt_036,Relaxation individual + AD,0.6213425912448871,-0.6617171487151197,1.9399569331619655,0.621 (-0.662 to 1.940)
trt_013,Counselling individual,trt_036,Relaxation individual + AD,0.21683431118470792,-1.3457691773573583,0.9984108008784488,0.217 (-1.346 to 0.998)
trt_014,Counselling individual + AD,trt_036,Relaxation individual + AD,-0.04490104931306351,-2.114426383407106,0.73184178140813,-0.045 (-2.114 to 0.732)
trt_015,Counselling individual + placebo,trt_036,Relaxation individual + AD,-0.21753659146231807,-2.844127739279569,0.7476050778269328,-0.218 (-2.844 to 0.748)
trt_016,Exercise group,trt_036,Relaxation individual + AD,0.3594758495792071,-1.106368446953407,1.3406524114528424,0.359 (-1.106 to 1.341)
trt_017,Exercise group + AD,trt_036,Relaxation individual + AD,1.6440266522061813,0.5566024773325807,4.175824582439373,1.644 (0.557 to 4.176)
trt_018,Exercise individual,trt_036,Relaxation individual + AD,0.2890191555193647,-1.2421891167918677,1.1904087935463339,0.289 (-1.242 to 1.190)
trt_019,Exercise individual + AD,trt_036,Relaxation individual + AD,0.6085621050213732,-0.6957624199037434,1.9269464969186016,0.609 (-0.696 to 1.927)
trt_020,Interpersonal psychotherapy (IPT) individual,trt_036,Relaxation individual + AD,0.13457338443623973,-1.5230277757604733,0.8519675707206953,0.135 (-1.523 to 0.852)
trt_021,Interpersonal psychotherapy (IPT) individual + AD,trt_036,Relaxation individual + AD,0.23555543886669406,-1.3702867745861633,1.094000597174308,0.236 (-1.370 to 1.094)
trt_022,Interpersonal psychotherapy (IPT) individual + placebo,trt_036,Relaxation individual + AD,0.11183343510034645,-1.6609506617759187,0.9010705132853295,0.112 (-1.661 to 0.901)
trt_023,Light therapy,trt_036,Relaxation individual + AD,0.34688773876704143,-1.3085384583799997,1.4820364104576293,0.347 (-1.309 to 1.482)
trt_024,Light therapy + AD,trt_036,Relaxation individual + AD,0.49712249336325726,-0.8808103135251577,1.661867186548989,0.497 (-0.881 to 1.662)
trt_025,Mindfulness or meditation group,trt_036,Relaxation individual + AD,2.011136285238875,0.5585766241933473,5.036596082805449,2.011 (0.559 to 5.037)
trt_026,Mirtazapine,trt_036,Relaxation individual + AD,0.22882461811460267,-1.2174540876263231,0.9308402363931432,0.229 (-1.217 to 0.931)
trt_027,Music therapy group,trt_036,Relaxation individual + AD,0.2773480610520626,-1.6917051092578763,1.5931301558924351,0.277 (-1.692 to 1.593)
trt_028,No treatment,trt_036,Relaxation individual + AD,-0.05509365561204453,-1.836390427367686,0.66197646669349,-0.055 (-1.836 to 0.662)
trt_029,Peer support group,trt_036,Relaxation individual + AD,0.4744518739444473,-1.2119803712723771,1.896372048302475,0.474 (-1.212 to 1.896)
trt_030,Peer support group + AD,trt_036,Relaxation individual + AD,0.5348893471215248,-1.081474183684402,2.0163938128135,0.535 (-1.081 to 2.016)
trt_031,Placebo,trt_036,Relaxation individual + AD,-0.07637439475176831,-1.807449922426361,0.6579173471207131,-0.076 (-1.807 to 0.658)
trt_032,Problem solving group,trt_036,Relaxation individual + AD,1.383195141594963,0.5495761886608089,3.552189792596555,1.383 (0.550 to 3.552)
trt_033,Problem solving individual,trt_036,Relaxation individual + AD,0.3682045269482958,-1.0652992157070347,1.3272497140057353,0.368 (-1.065 to 1.327)
trt_034,Psychoeducation group,trt_036,Relaxation individual + AD,0.5633456655740251,-1.0190645282790736,2.060924243263131,0.563 (-1.019 to 2.061)
trt_035,Psychoeducation group + AD,trt_036,Relaxation individual + AD,0.04259595664280209,-1.9930803313017662,0.963940531933656,0.043 (-1.993 to 0.964)
trt_037,Relaxation individual + placebo,trt_036,Relaxation individual + AD,-0.012828257190264127,-1.8537678817136165,0.6767537681401028,-0.013 (-1.854 to 0.677)
trt_038,SNRIs,trt_036,Relaxation individual + AD,0.2098994065525747,-1.243080540145889,0.8787280536139659,0.210 (-1.243 to 0.879)
trt_039,SSRIs,trt_036,Relaxation individual + AD,0.18185541495443364,-1.2910813103140346,0.8154092118177564,0.182 (-1.291 to 0.815)
trt_040,Self-help,trt_036,Relaxation individual + AD,0.1853073182835527,-1.3909435554645484,0.9255095605035967,0.185 (-1.391 to 0.926)
trt_041,Self-help with support,trt_036,Relaxation individual + AD,0.17268287125162277,-1.4113766537599828,0.8897632226924207,0.173 (-1.411 to 0.890)
trt_042,Sham acupuncture,trt_036,Relaxation individual + AD,0.01020458995120889,-1.821158693489408,0.6904598088097159,0.010 (-1.821 to 0.690)
trt_043,Short-term psychodynamic psychotherapies individual,trt_036,Relaxation individual + AD,0.19931677562025177,-1.4065347023555257,1.0004994339740672,0.199 (-1.407 to 1.000)
trt_044,Short-term psychodynamic psychotherapies individual + AD,trt_036,Relaxation individual + AD,0.07773589900308417,-1.855470292125237,0.9637639405298105,0.078 (-1.855 to 0.964)
trt_045,TAU,trt_036,Relaxation individual + AD,0.06167552648452009,-1.6321567761112268,0.6905064933849403,0.062 (-1.632 to 0.691)
trt_046,TCAs,trt_036,Relaxation individual + AD,0.2240617251521978,-1.2051858679847938,0.8981656918542792,0.224 (-1.205 to 0.898)
trt_047,Trazodone,trt_036,Relaxation individual + AD,0.10718113211904108,-1.4840681570602252,0.7083178920399912,0.107 (-1.484 to 0.708)
trt_048,Waitlist,trt_036,Relaxation individual + AD,-0.5147722730016682,-2.7619486257965358,0.6532236184372489,-0.515 (-2.762 to 0.653)
trt_049,Yoga group,trt_036,Relaxation individual + AD,0.31157986204649096,-1.3279941015241472,1.366070893694621,0.312 (-1.328 to 1.366)
trt_050,Yoga group + AD,trt_036,Relaxation individual + AD,0.725238377056255,-0.763072793041917,2.4606429025238556,0.725 (-0.763 to 2.461)
trt_001,Acupuncture,trt_037,Relaxation individual + placebo,0.7399815496163995,-0.26084006936335474,2.0160407665451143,0.740 (-0.261 to 2.016)
trt_002,Acupuncture + AD,trt_037,Relaxation individual + placebo,1.1163906458987944,0.48783587555456803,2.76367348262482,1.116 (0.488 to 2.764)
trt_003,Any AD,trt_037,Relaxation individual + placebo,0.4456682483585838,-0.8351133477680963,1.4000490455667587,0.446 (-0.835 to 1.400)
trt_004,Any psychotherapy,trt_037,Relaxation individual + placebo,-0.06645533372702968,-2.1571777497188553,0.6988709434360533,-0.066 (-2.157 to 0.699)
trt_005,Attention placebo,trt_037,Relaxation individual + placebo,-0.10748998135772915,-2.179987138107197,0.6703135468329408,-0.107 (-2.180 to 0.670)
trt_006,Behavioural therapies individual,trt_037,Relaxation individual + placebo,-0.29024460155433135,-2.466455009044433,0.6564064522978642,-0.290 (-2.466 to 0.656)
trt_007,Behavioural therapies individual + AD,trt_037,Relaxation individual + placebo,0.5724306934361693,-0.6249847188244652,1.6989250005166951,0.572 (-0.625 to 1.699)
trt_008,Cognitive and cognitive behavioural therapies group,trt_037,Relaxation individual + placebo,0.7087067655009933,-0.34906313428051466,1.96535142718263,0.709 (-0.349 to 1.965)
trt_009,Cognitive and cognitive behavioural therapies group + AD,trt_037,Relaxation individual + placebo,0.7786530176078642,-0.4147130652127972,2.30433724813105,0.779 (-0.415 to 2.304)
trt_010,Cognitive and cognitive behavioural therapies individual,trt_037,Relaxation individual + placebo,0.6174778916682248,-0.45156782697863757,1.7012916188484621,0.617 (-0.452 to 1.701)
trt_011,Cognitive and cognitive behavioural therapies individual + AD,trt_037,Relaxation individual + placebo,0.9920190640840162,0.244768011184336,2.511078358476184,0.992 (0.245 to 2.511)
trt_012,Cognitive and cognitive behavioural therapies individual + placebo,trt_037,Relaxation individual + placebo,0.9364276966085058,-0.028775587507052978,2.56237995163302,0.936 (-0.029 to 2.562)
trt_013,Counselling individual,trt_037,Relaxation individual + placebo,0.5319194165483266,-0.7190014488249455,1.6296654485714785,0.532 (-0.719 to 1.630)
trt_014,Counselling individual + AD,trt_037,Relaxation individual + placebo,0.27018405605055523,-1.487903519032608,1.350363651976808,0.270 (-1.488 to 1.350)
trt_015,Counselling individual + placebo,trt_037,Relaxation individual + placebo,0.09754851390130061,-2.197705141239592,1.3854453169901384,0.098 (-2.198 to 1.385)
trt_016,Exercise group,trt_037,Relaxation individual + placebo,0.6745609549428258,-0.46663471939431295,1.9577498343136528,0.675 (-0.467 to 1.958)
trt_017,Exercise group + AD,trt_037,Relaxation individual + placebo,1.9591117575698,0.5588163792923909,4.786316437491078,1.959 (0.559 to 4.786)
trt_018,Exercise individual,trt_037,Relaxation individual + placebo,0.6041042608829834,-0.6094919162884503,1.8123337709298604,0.604 (-0.609 to 1.812)
trt_019,Exercise individual + AD,trt_037,Relaxation individual + placebo,0.9236472103849919,-0.06018621432895461,2.5421774579163343,0.924 (-0.060 to 2.542)
trt_020,Interpersonal psychotherapy (IPT) individual,trt_037,Relaxation individual + placebo,0.44965848979985845,-0.8862801115069081,1.4750150845641745,0.450 (-0.886 to 1.475)
trt_021,Interpersonal psychotherapy (IPT) individual + AD,trt_037,Relaxation individual + placebo,0.5506405442303128,-0.7256289769624008,1.7181304989802986,0.551 (-0.726 to 1.718)
trt_022,Interpersonal psychotherapy (IPT) individual + placebo,trt_037,Relaxation individual + placebo,0.42691854046396516,-1.0268639158642052,1.51650740739609,0.427 (-1.027 to 1.517)
trt_023,Light therapy,trt_037,Relaxation individual + placebo,0.6619728441306602,-0.6740809387030215,2.113192969970805,0.662 (-0.674 to 2.113)
trt_024,Light therapy + AD,trt_037,Relaxation individual + placebo,0.812207598726876,-0.2506058036378781,2.28929659810629,0.812 (-0.251 to 2.289)
trt_025,Mindfulness or meditation group,trt_037,Relaxation individual + placebo,2.3262213906024938,0.5590436571095609,5.661407866521553,2.326 (0.559 to 5.661)
trt_026,Mirtazapine,trt_037,Relaxation individual + placebo,0.5439097234782214,-0.5887208855888021,1.5503026094111807,0.544 (-0.589 to 1.550)
trt_027,Music therapy group,trt_037,Relaxation individual + placebo,0.5924331664156813,-1.0670984896204745,2.230279777006484,0.592 (-1.067 to 2.230)
trt_028,No treatment,trt_037,Relaxation individual + placebo,0.25999144975157423,-1.2092563210291654,1.0263700816633352,0.260 (-1.209 to 1.026)
trt_029,Peer support group,trt_037,Relaxation individual + placebo,0.7895369793080661,-0.5645882846430031,2.499434503736349,0.790 (-0.565 to 2.499)
trt_030,Peer support group + AD,trt_037,Relaxation individual + placebo,0.8499744524851436,-0.4394196611041902,2.6280215393275803,0.850 (-0.439 to 2.628)
trt_031,Placebo,trt_037,Relaxation individual + placebo,0.23871071061185042,-1.1715353646443012,0.9167588840915697,0.239 (-1.172 to 0.917)
trt_032,Problem solving group,trt_037,Relaxation individual + placebo,1.6982802469585816,0.5579858022905472,4.181486005614582,1.698 (0.558 to 4.181)
trt_033,Problem solving individual,trt_037,Relaxation individual + placebo,0.6832896323119145,-0.42937111207771933,1.9480318064062743,0.683 (-0.429 to 1.948)
trt_034,Psychoeducation group,trt_037,Relaxation individual + placebo,0.8784307709376438,-0.3836557420269474,2.6809151245064227,0.878 (-0.384 to 2.681)
trt_035,Psychoeducation group + AD,trt_037,Relaxation individual + placebo,0.3576810620064208,-1.3563458889472355,1.5888950742058239,0.358 (-1.356 to 1.589)
trt_036,Relaxation individual + AD,trt_037,Relaxation individual + placebo,0.6173419535369733,-0.5978771301365589,1.8537678817136165,0.617 (-0.598 to 1.854)
trt_038,SNRIs,trt_037,Relaxation individual + placebo,0.5249845119161934,-0.6085345234395875,1.5005434327551157,0.525 (-0.609 to 1.501)
trt_039,SSRIs,trt_037,Relaxation individual + placebo,0.49694052031805236,-0.6598233785721098,1.4363471428807024,0.497 (-0.660 to 1.436)
trt_040,Self-help,trt_037,Relaxation individual + placebo,0.5003924236471714,-0.7584904950332768,1.5457120059377971,0.500 (-0.758 to 1.546)
trt_041,Self-help with support,trt_037,Relaxation individual + placebo,0.48776797661524146,-0.7785325520923059,1.5099275860250365,0.488 (-0.779 to 1.510)
trt_042,Sham acupuncture,trt_037,Relaxation individual + placebo,0.32528969531482754,-1.1944391965041563,1.2905302005866341,0.325 (-1.194 to 1.291)
trt_043,Short-term psychodynamic psychotherapies individual,trt_037,Relaxation individual + placebo,0.5144018809838704,-0.7842776403111109,1.608559652354172,0.514 (-0.784 to 1.609)
trt_044,Short-term psychodynamic psychotherapies individual + AD,trt_037,Relaxation individual + placebo,0.39282100436670286,-1.2100156421356543,1.578117407898652,0.393 (-1.210 to 1.578)
trt_045,TAU,trt_037,Relaxation individual + placebo,0.3767606318481388,-0.9992078313930494,1.2885462070587006,0.377 (-0.999 to 1.289)
trt_046,TCAs,trt_037,Relaxation individual + placebo,0.5391468305158166,-0.5753132651644884,1.5159153029039312,0.539 (-0.575 to 1.516)
trt_047,Trazodone,trt_037,Relaxation individual + placebo,0.4222662374826598,-0.8485485535878055,1.3256562094176279,0.422 (-0.849 to 1.326)
trt_048,Waitlist,trt_037,Relaxation individual + placebo,-0.19968716763804936,-2.1357478508768954,0.6555957289406585,-0.200 (-2.136 to 0.656)
trt_049,Yoga group,trt_037,Relaxation individual + placebo,0.6266649674101097,-0.697664636975532,1.9855862290841115,0.627 (-0.698 to 1.986)
trt_050,Yoga group + AD,trt_037,Relaxation individual + placebo,1.0403234824198737,-0.1390447085151794,3.1025271096302265,1.040 (-0.139 to 3.103)
trt_001,Acupuncture,trt_038,SNRIs,0.5172538858735607,-0.03369043654139617,0.8929204992905933,0.517 (-0.034 to 0.893)
trt_002,Acupuncture + AD,trt_038,SNRIs,0.8936629821559555,0.5556785777650879,1.6332685848982542,0.894 (0.556 to 1.633)
trt_003,Any AD,trt_038,SNRIs,0.222940584615745,-0.6116754427649879,0.6536468053146818,0.223 (-0.612 to 0.654)
trt_004,Any psychotherapy,trt_038,SNRIs,-0.2891829974698685,-2.1551381179516462,0.6533539951619624,-0.289 (-2.155 to 0.653)
trt_005,Attention placebo,trt_038,SNRIs,-0.330217645100568,-2.1426709601357756,0.6531534386051998,-0.330 (-2.143 to 0.653)
trt_006,Behavioural therapies individual,trt_038,SNRIs,-0.5129722652971702,-2.3951298898164235,0.6530805910119216,-0.513 (-2.395 to 0.653)
trt_007,Behavioural therapies individual + AD,trt_038,SNRIs,0.3497030296933304,-0.8502026400131648,1.0351840533436492,0.350 (-0.850 to 1.035)
trt_008,Cognitive and cognitive behavioural therapies group,trt_038,SNRIs,0.48597910175815456,-0.15234469362328953,0.887227347826582,0.486 (-0.152 to 0.887)
trt_009,Cognitive and cognitive behavioural therapies group + AD,trt_038,SNRIs,0.5559253538650254,-0.3896860084875901,1.399149492939728,0.556 (-0.390 to 1.399)
trt_010,Cognitive and cognitive behavioural therapies individual,trt_038,SNRIs,0.39475022792538594,-0.1145141087562632,0.6547575399772294,0.395 (-0.115 to 0.655)
trt_011,Cognitive and cognitive behavioural therapies individual + AD,trt_038,SNRIs,0.7692914003411774,0.457427497719424,1.411036264142618,0.769 (0.457 to 1.411)
trt_012,Cognitive and cognitive behavioural therapies individual + placebo,trt_038,SNRIs,0.713700032865667,0.04312030563000986,1.6027711079590883,0.714 (0.043 to 1.603)
trt_013,Counselling individual,trt_038,SNRIs,0.30919175280548783,-0.5303241996694664,0.6630056899656664,0.309 (-0.530 to 0.663)
trt_014,Counselling individual + AD,trt_038,SNRIs,0.04745639230771642,-1.666745928844727,0.6820807043121122,0.047 (-1.667 to 0.682)
trt_015,Counselling individual + placebo,trt_038,SNRIs,-0.12517914984153822,-2.4542314551559117,0.7209811655609834,-0.125 (-2.454 to 0.721)
trt_016,Exercise group,trt_038,SNRIs,0.45183329119998694,-0.3378203039079333,0.9364778150886242,0.452 (-0.338 to 0.936)
trt_017,Exercise group + AD,trt_038,SNRIs,1.7363840938269612,0.5590931906050752,3.919215511457411,1.736 (0.559 to 3.919)
trt_018,Exercise individual,trt_038,SNRIs,0.3813765971401446,-0.46081235701629597,0.7770266401017921,0.381 (-0.461 to 0.777)
trt_019,Exercise individual + AD,trt_038,SNRIs,0.7009195466421531,0.0024947388688316315,1.593237214867484,0.701 (0.002 to 1.593)
trt_020,Interpersonal psychotherapy (IPT) individual,trt_038,SNRIs,0.22693082605701964,-0.7252468805872037,0.6565288773664034,0.227 (-0.725 to 0.657)
trt_021,Interpersonal psychotherapy (IPT) individual + AD,trt_038,SNRIs,0.32791288048747397,-0.5999397225308092,0.7076331541505646,0.328 (-0.600 to 0.708)
trt_022,Interpersonal psychotherapy (IPT) individual + placebo,trt_038,SNRIs,0.20419087672112637,-0.9431618313311697,0.6657031188510668,0.204 (-0.943 to 0.666)
trt_023,Light therapy,trt_038,SNRIs,0.4392451803878213,-0.6451996006378495,1.192843578359833,0.439 (-0.645 to 1.193)
trt_024,Light therapy + AD,trt_038,SNRIs,0.5894799349840372,-0.1397668233751527,1.2887475687409389,0.589 (-0.140 to 1.289)
trt_025,Mindfulness or meditation group,trt_038,SNRIs,2.103493726859655,0.5590960221082943,4.840037090269277,2.103 (0.559 to 4.840)
trt_026,Mirtazapine,trt_038,SNRIs,0.32118205973538255,-0.2216232318838931,0.6530989095755316,0.321 (-0.222 to 0.653)
trt_027,Music therapy group,trt_038,SNRIs,0.3697055026728425,-1.1396016589374618,1.4090928680698855,0.370 (-1.140 to 1.409)
trt_028,No treatment,trt_038,SNRIs,0.03726378600873541,-0.9470286685878615,0.6530805910119216,0.037 (-0.947 to 0.653)
trt_029,Peer support group,trt_038,SNRIs,0.5668093155652272,-0.6255175109527945,1.681335637559634,0.567 (-0.626 to 1.681)
trt_030,Peer support group + AD,trt_038,SNRIs,0.6272467887423048,-0.5025948365123701,1.7957868000316033,0.627 (-0.503 to 1.796)
trt_031,Placebo,trt_038,SNRIs,0.015983046869011613,-0.7134014700651148,0.6530805910119216,0.016 (-0.713 to 0.653)
trt_032,Problem solving group,trt_038,SNRIs,1.4755525832157428,0.558907019111435,3.262413084747501,1.476 (0.559 to 3.262)
trt_033,Problem solving individual,trt_038,SNRIs,0.4605619685690757,-0.2643091492635604,0.9013155105159011,0.461 (-0.264 to 0.901)
trt_034,Psychoeducation group,trt_038,SNRIs,0.655703107194805,-0.435781548541576,1.84763826000809,0.656 (-0.436 to 1.848)
trt_035,Psychoeducation group + AD,trt_038,SNRIs,0.13495339826358202,-1.3912315889858773,0.7205078697223989,0.135 (-1.391 to 0.721)
trt_036,Relaxation individual + AD,trt_038,SNRIs,0.3946142897941345,-0.8787280536139666,1.2430805401458875,0.395 (-0.879 to 1.243)
trt_037,Relaxation individual + placebo,trt_038,SNRIs,0.07952918443051578,-1.5005434327551161,0.6758750354691585,0.080 (-1.501 to 0.676)
trt_039,SSRIs,trt_038,SNRIs,0.27421285657521355,-0.19483282040998712,0.6530805910119216,0.274 (-0.195 to 0.653)
trt_040,Self-help,trt_038,SNRIs,0.2776647599043326,-0.5492292193731023,0.6562557956636713,0.278 (-0.549 to 0.656)
trt_041,Self-help with support,trt_038,SNRIs,0.26504031287240265,-0.5663141413832649,0.6555530827013551,0.265 (-0.566 to 0.656)
trt_042,Sham acupuncture,trt_038,SNRIs,0.10256203157198875,-1.0685136744745931,0.6547506110729097,0.103 (-1.069 to 0.655)
trt_043,Short-term psychodynamic psychotherapies individual,trt_038,SNRIs,0.29167421724103165,-0.6250142961141956,0.6660249223319233,0.292 (-0.625 to 0.666)
trt_044,Short-term psychodynamic psychotherapies individual + AD,trt_038,SNRIs,0.17009334062386403,-1.3002722982667634,0.771535025411685,0.170 (-1.300 to 0.772)
trt_045,TAU,trt_038,SNRIs,0.15403296810529996,-0.783808907308378,0.6533763752301426,0.154 (-0.784 to 0.653)
trt_046,TCAs,trt_038,SNRIs,0.3164191667729777,-0.1402405840886951,0.6530805910119216,0.316 (-0.140 to 0.653)
trt_047,Trazodone,trt_038,SNRIs,0.19953857373982095,-0.5253773555399486,0.6530832610268091,0.200 (-0.525 to 0.653)
trt_048,Waitlist,trt_038,SNRIs,-0.4224148313808882,-1.8863669939268994,0.6530805910119216,-0.422 (-1.886 to 0.653)
trt_049,Yoga group,trt_038,SNRIs,0.4039373036672708,-0.6470704023197894,1.0538962638928224,0.404 (-0.647 to 1.054)
trt_050,Yoga group + AD,trt_038,SNRIs,0.817595818677035,-0.20835545146181747,2.2815138805316946,0.818 (-0.208 to 2.282)
trt_001,Acupuncture,trt_039,SSRIs,0.5452978774717018,0.040520667888109554,0.9308940579149947,0.545 (0.041 to 0.931)
trt_002,Acupuncture + AD,trt_039,SSRIs,0.9217069737540966,0.5577501790808524,1.6676492417823647,0.922 (0.558 to 1.668)
trt_003,Any AD,trt_039,SSRIs,0.2509845762138861,-0.5430456344293827,0.6538677874718166,0.251 (-0.543 to 0.654)
trt_004,Any psychotherapy,trt_039,SSRIs,-0.26113900587172745,-2.0919584334789993,0.6533784639065473,-0.261 (-2.092 to 0.653)
trt_005,Attention placebo,trt_039,SSRIs,-0.3021736535024269,-2.0787845439791837,0.6531543126769925,-0.302 (-2.079 to 0.653)
trt_006,Behavioural therapies individual,trt_039,SSRIs,-0.48492827369902913,-2.330427552337,0.6530805910119216,-0.485 (-2.330 to 0.653)
trt_007,Behavioural therapies individual + AD,trt_039,SSRIs,0.3777470212914714,-0.7871254833070848,1.0861132792909658,0.378 (-0.787 to 1.086)
trt_008,Cognitive and cognitive behavioural therapies group,trt_039,SSRIs,0.5140230933562956,-0.07983885075796311,0.9302009408000976,0.514 (-0.080 to 0.930)
trt_009,Cognitive and cognitive behavioural therapies group + AD,trt_039,SSRIs,0.5839693454631665,-0.3196665891721646,1.4529579324976918,0.584 (-0.320 to 1.453)
trt_010,Cognitive and cognitive behavioural therapies individual,trt_039,SSRIs,0.42279421952352697,-0.03718948939510249,0.6555557377500586,0.423 (-0.037 to 0.656)
trt_011,Cognitive and cognitive behavioural therapies individual + AD,trt_039,SSRIs,0.7973353919393185,0.5254100405251856,1.4503891880910313,0.797 (0.525 to 1.450)
trt_012,Cognitive and cognitive behavioural therapies individual + placebo,trt_039,SSRIs,0.741744024463808,0.10790118572627543,1.6484414271584638,0.742 (0.108 to 1.648)
trt_013,Counselling individual,trt_039,SSRIs,0.3372357444036289,-0.4639412223671614,0.6678494753003231,0.337 (-0.464 to 0.668)
trt_014,Counselling individual + AD,trt_039,SSRIs,0.07550038390585746,-1.6075343776173665,0.6977632147977382,0.076 (-1.608 to 0.698)
trt_015,Counselling individual + placebo,trt_039,SSRIs,-0.09713515824339711,-2.392132277863739,0.7796400490718404,-0.097 (-2.392 to 0.780)
trt_016,Exercise group,trt_039,SSRIs,0.479877282798128,-0.2660012212499629,0.9821836723232077,0.480 (-0.266 to 0.982)
trt_017,Exercise group + AD,trt_039,SSRIs,1.7644280854251022,0.5590960221082943,3.9706014177232465,1.764 (0.559 to 3.971)
trt_018,Exercise individual,trt_039,SSRIs,0.40942058873828563,-0.39164081179682514,0.8236489457619787,0.409 (-0.392 to 0.824)
trt_019,Exercise individual + AD,trt_039,SSRIs,0.7289635382402941,0.061973276313292025,1.6385149357158708,0.729 (0.062 to 1.639)
trt_020,Interpersonal psychotherapy (IPT) individual,trt_039,SSRIs,0.25497481765516067,-0.6594888606893853,0.658124838603928,0.255 (-0.659 to 0.658)
trt_021,Interpersonal psychotherapy (IPT) individual + AD,trt_039,SSRIs,0.35595687208561505,-0.5445740703779965,0.7604435445336679,0.356 (-0.545 to 0.760)
trt_022,Interpersonal psychotherapy (IPT) individual + placebo,trt_039,SSRIs,0.2322348683192674,-0.8812412280122517,0.6706661363205076,0.232 (-0.881 to 0.671)
trt_023,Light therapy,trt_039,SSRIs,0.46728917198596237,-0.5834528492126657,1.2435486973397551,0.467 (-0.583 to 1.244)
trt_024,Light therapy + AD,trt_039,SSRIs,0.6175239265821783,-0.08978063799095012,1.3465030268212475,0.618 (-0.090 to 1.347)
trt_025,Mindfulness or meditation group,trt_039,SSRIs,2.131537718457796,0.5590986810389655,4.890872963157311,2.132 (0.559 to 4.891)
trt_026,Mirtazapine,trt_039,SSRIs,0.34922605133352363,-0.14178612503355587,0.6531018949607533,0.349 (-0.142 to 0.653)
trt_027,Music therapy group,trt_039,SSRIs,0.3977494942709836,-1.0772302643551799,1.4582708337000532,0.398 (-1.077 to 1.458)
trt_028,No treatment,trt_039,SSRIs,0.06530777760687645,-0.8752692949517602,0.6530805910119216,0.065 (-0.875 to 0.653)
trt_029,Peer support group,trt_039,SSRIs,0.5948533071633683,-0.5662533812738788,1.7342000859269102,0.595 (-0.566 to 1.734)
trt_030,Peer support group + AD,trt_039,SSRIs,0.6552907803404459,-0.4399635633124399,1.8522177484259048,0.655 (-0.440 to 1.852)
trt_031,Placebo,trt_039,SSRIs,0.04402703846715266,-0.616879785478393,0.6530805910119216,0.044 (-0.617 to 0.653)
trt_032,Problem solving group,trt_039,SSRIs,1.503596574813884,0.5589969840994352,3.313472875590813,1.504 (0.559 to 3.313)
trt_033,Problem solving individual,trt_039,SSRIs,0.48860596016721675,-0.1969230963692318,0.9461814999769124,0.489 (-0.197 to 0.946)
trt_034,Psychoeducation group,trt_039,SSRIs,0.683747098792946,-0.3766211904639807,1.8967406855229307,0.684 (-0.377 to 1.897)
trt_035,Psychoeducation group + AD,trt_039,SSRIs,0.16299738986172305,-1.3310265380587354,0.7683073432905492,0.163 (-1.331 to 0.768)
trt_036,Relaxation individual + AD,trt_039,SSRIs,0.42265828139227557,-0.8154092118177573,1.2910813103140342,0.423 (-0.815 to 1.291)
trt_037,Relaxation individual + placebo,trt_039,SSRIs,0.10757317602865683,-1.436347142880703,0.6858779494981303,0.108 (-1.436 to 0.686)
trt_038,SNRIs,trt_039,SSRIs,0.33030083977149566,-0.08135193966043669,0.6530805910119216,0.330 (-0.081 to 0.653)
trt_040,Self-help,trt_039,SSRIs,0.3057087515024737,-0.4755437177012812,0.6578382807631988,0.306 (-0.476 to 0.658)
trt_041,Self-help with support,trt_039,SSRIs,0.29308430447054373,-0.49677603867109044,0.6565797142970786,0.293 (-0.497 to 0.657)
trt_042,Sham acupuncture,trt_039,SSRIs,0.13060602317012984,-1.0005858996979955,0.655108103130796,0.131 (-1.001 to 0.655)
trt_043,Short-term psychodynamic psychotherapies individual,trt_039,SSRIs,0.3197182088391727,-0.5573607918544398,0.6717727299931285,0.320 (-0.557 to 0.672)
trt_044,Short-term psychodynamic psychotherapies individual + AD,trt_039,SSRIs,0.19813733222200514,-1.2404854579334128,0.8234362017194886,0.198 (-1.240 to 0.823)
trt_045,TAU,trt_039,SSRIs,0.18207695970344104,-0.7155298550410955,0.653435676046774,0.182 (-0.716 to 0.653)
trt_046,TCAs,trt_039,SSRIs,0.34446315837111874,-0.04460772419039625,0.6530805910119216,0.344 (-0.045 to 0.653)
trt_047,Trazodone,trt_039,SSRIs,0.22758256533796203,-0.45082973696113327,0.6530805910119216,0.228 (-0.451 to 0.653)
trt_048,Waitlist,trt_039,SSRIs,-0.3943708397827472,-1.8144736253044333,0.6530805910119216,-0.394 (-1.814 to 0.653)
trt_049,Yoga group,trt_039,SSRIs,0.4319812952654119,-0.5807224509348712,1.102978016464009,0.432 (-0.581 to 1.103)
trt_050,Yoga group + AD,trt_039,SSRIs,0.845639810275176,-0.14785285393137537,2.3282870860209806,0.846 (-0.148 to 2.328)
trt_001,Acupuncture,trt_040,Self-help,0.5418459741425827,-0.14104966266559607,1.0949070563048344,0.542 (-0.141 to 1.095)
trt_002,Acupuncture + AD,trt_040,Self-help,0.9182550704249776,0.5426882647100767,1.8827275850223668,0.918 (0.543 to 1.883)
trt_003,Any AD,trt_040,Self-help,0.24753267288476702,-0.7015980224823389,0.658951456665935,0.248 (-0.702 to 0.659)
trt_004,Any psychotherapy,trt_040,Self-help,-0.26459090920084655,-2.165974140399317,0.6538677874718166,-0.265 (-2.166 to 0.654)
trt_005,Attention placebo,trt_040,Self-help,-0.305625556831546,-2.0427501824636956,0.653142680598469,-0.306 (-2.043 to 0.653)
trt_006,Behavioural therapies individual,trt_040,Self-help,-0.48838017702814823,-2.4138633748029936,0.6530805910119216,-0.488 (-2.414 to 0.653)
trt_007,Behavioural therapies individual + AD,trt_040,Self-help,0.3742951179623524,-0.898381580390859,1.1859827811366064,0.374 (-0.898 to 1.186)
trt_008,Cognitive and cognitive behavioural therapies group,trt_040,Self-help,0.5105711900271765,-0.17357368965810716,1.007052010616164,0.511 (-0.174 to 1.007)
trt_009,Cognitive and cognitive behavioural therapies group + AD,trt_040,Self-help,0.5805174421340474,-0.4082496074201907,1.520666924540874,0.581 (-0.408 to 1.521)
trt_010,Cognitive and cognitive behavioural therapies individual,trt_040,Self-help,0.4193423161944079,-0.2196817963794396,0.6939919096894542,0.419 (-0.220 to 0.694)
trt_011,Cognitive and cognitive behavioural therapies individual + AD,trt_040,Self-help,0.7938834886101994,0.35687431348546556,1.6082032133030477,0.794 (0.357 to 1.608)
trt_012,Cognitive and cognitive behavioural therapies individual + placebo,trt_040,Self-help,0.738292121134689,-0.0022240077040321642,1.7520912034728264,0.738 (-0.002 to 1.752)
trt_013,Counselling individual,trt_040,Self-help,0.3337838410745098,-0.5249126628390459,0.680405984910453,0.334 (-0.525 to 0.680)
trt_014,Counselling individual + AD,trt_040,Self-help,0.07204848057673842,-1.693907089909282,0.7661421797118378,0.072 (-1.694 to 0.766)
trt_015,Counselling individual + placebo,trt_040,Self-help,-0.10058706157251614,-2.4579948705934327,0.8309982616660478,-0.101 (-2.458 to 0.831)
trt_016,Exercise group,trt_040,Self-help,0.476425379469009,-0.39383145178640333,1.0943832990340798,0.476 (-0.394 to 1.094)
trt_017,Exercise group + AD,trt_040,Self-help,1.7609761820959833,0.558976634345962,4.066408296408222,1.761 (0.559 to 4.066)
trt_018,Exercise individual,trt_040,Self-help,0.4059686854091666,-0.5281418017120966,0.9491603185456507,0.406 (-0.528 to 0.949)
trt_019,Exercise individual + AD,trt_040,Self-help,0.7255116349111751,-0.04589135206112193,1.7345018454263537,0.726 (-0.046 to 1.735)
trt_020,Interpersonal psychotherapy (IPT) individual,trt_040,Self-help,0.2515229143260416,-0.8038790589922715,0.670550810994598,0.252 (-0.804 to 0.671)
trt_021,Interpersonal psychotherapy (IPT) individual + AD,trt_040,Self-help,0.35250496875649595,-0.6746625069066838,0.8820472736482873,0.353 (-0.675 to 0.882)
trt_022,Interpersonal psychotherapy (IPT) individual + placebo,trt_040,Self-help,0.22878296499014836,-1.0050027319112327,0.7191642053882816,0.229 (-1.005 to 0.719)
trt_023,Light therapy,trt_040,Self-help,0.4638372686568433,-0.7081323552074937,1.352466587508014,0.464 (-0.708 to 1.352)
trt_024,Light therapy + AD,trt_040,Self-help,0.6140720232530592,-0.2350429654541641,1.484976998897838,0.614 (-0.235 to 1.485)
trt_025,Mindfulness or meditation group,trt_040,Self-help,2.128085815128677,0.5590960221082943,4.922552549384543,2.128 (0.559 to 4.923)
trt_026,Mirtazapine,trt_040,Self-help,0.3457741480044046,-0.4478821158997999,0.6718891374266106,0.346 (-0.448 to 0.672)
trt_027,Music therapy group,trt_040,Self-help,0.39429759094186456,-1.1216336267486335,1.492240311464211,0.394 (-1.122 to 1.492)
trt_028,No treatment,trt_040,Self-help,0.06185587427775739,-1.0062709905782832,0.6532236184372489,0.062 (-1.006 to 0.653)
trt_029,Peer support group,trt_040,Self-help,0.5914014038342492,-0.6403371762227245,1.7850834736796377,0.591 (-0.640 to 1.785)
trt_030,Peer support group + AD,trt_040,Self-help,0.6518388770113268,-0.5106815561942736,1.9114832987810035,0.652 (-0.511 to 1.911)
trt_031,Placebo,trt_040,Self-help,0.04057513513803361,-1.0124779139996247,0.6530933001023664,0.041 (-1.012 to 0.653)
trt_032,Problem solving group,trt_040,Self-help,1.5001446714847648,0.5589865664044704,3.2993900400314797,1.500 (0.559 to 3.299)
trt_033,Problem solving individual,trt_040,Self-help,0.4851540568380977,-0.2520428595215922,0.9864150090405701,0.485 (-0.252 to 0.986)
trt_034,Psychoeducation group,trt_040,Self-help,0.680295195463827,-0.42983843126583576,1.9428119242369701,0.680 (-0.430 to 1.943)
trt_035,Psychoeducation group + AD,trt_040,Self-help,0.159545486532604,-1.4087099176723448,0.8412990225758633,0.160 (-1.409 to 0.841)
trt_036,Relaxation individual + AD,trt_040,Self-help,0.4192063780631565,-0.9255095605035979,1.390943555464548,0.419 (-0.926 to 1.391)
trt_037,Relaxation individual + placebo,trt_040,Self-help,0.10412127269953778,-1.5457120059377971,0.7584904950332758,0.104 (-1.546 to 0.758)
trt_038,SNRIs,trt_040,Self-help,0.3268489364423766,-0.45090434356435966,0.6615759952112972,0.327 (-0.451 to 0.662)
trt_039,SSRIs,trt_040,Self-help,0.29880494484423553,-0.49315075701188027,0.657477956354892,0.299 (-0.493 to 0.657)
trt_041,Self-help with support,trt_040,Self-help,0.2896324011414247,-0.5555376570227784,0.6594638510204559,0.290 (-0.556 to 0.659)
trt_042,Sham acupuncture,trt_040,Self-help,0.1271541198410108,-1.1138840972275095,0.658481361610722,0.127 (-1.114 to 0.658)
trt_043,Short-term psychodynamic psychotherapies individual,trt_040,Self-help,0.31626630551005364,-0.6688537074657225,0.7255834694945024,0.316 (-0.669 to 0.726)
trt_044,Short-term psychodynamic psychotherapies individual + AD,trt_040,Self-help,0.19468542889288606,-1.3248105617279158,0.9009042118222668,0.195 (-1.325 to 0.901)
trt_045,TAU,trt_040,Self-help,0.178625056374322,-0.8547011387579136,0.6555748024014859,0.179 (-0.855 to 0.656)
trt_046,TCAs,trt_040,Self-help,0.3410112550419997,-0.4106742202270066,0.6629991285241456,0.341 (-0.411 to 0.663)
trt_047,Trazodone,trt_040,Self-help,0.224130662008843,-0.7257444836241838,0.6561804165036711,0.224 (-0.726 to 0.656)
trt_048,Waitlist,trt_040,Self-help,-0.3978227431118662,-1.8089156644868891,0.6530805910119216,-0.398 (-1.809 to 0.653)
trt_049,Yoga group,trt_040,Self-help,0.42852939193629286,-0.6453642899205806,1.1552733235455315,0.429 (-0.645 to 1.155)
trt_050,Yoga group + AD,trt_040,Self-help,0.8421879069460569,-0.21900200740700626,2.385804819822201,0.842 (-0.219 to 2.386)
trt_001,Acupuncture,trt_041,Self-help with support,0.5544704211745126,-0.1106236596339028,1.1215333993792163,0.554 (-0.111 to 1.122)
trt_002,Acupuncture + AD,trt_041,Self-help with support,0.9308795174569074,0.5458845856629848,1.9023480344641939,0.931 (0.546 to 1.902)
trt_003,Any AD,trt_041,Self-help with support,0.260157119916697,-0.6668663452789918,0.6593272210875699,0.260 (-0.667 to 0.659)
trt_004,Any psychotherapy,trt_041,Self-help with support,-0.25196646216891655,-2.1255014058892927,0.6538540440034895,-0.252 (-2.126 to 0.654)
trt_005,Attention placebo,trt_041,Self-help with support,-0.293001109799616,-2.1070231873081267,0.6532548918950158,-0.293 (-2.107 to 0.653)
trt_006,Behavioural therapies individual,trt_041,Self-help with support,-0.47575572999621824,-2.376078533223904,0.6530805910119216,-0.476 (-2.376 to 0.653)
trt_007,Behavioural therapies individual + AD,trt_041,Self-help with support,0.3869195649942823,-0.8681217133193171,1.2077454749176093,0.387 (-0.868 to 1.208)
trt_008,Cognitive and cognitive behavioural therapies group,trt_041,Self-help with support,0.5231956370591064,-0.14987537779510457,1.0352533221024625,0.523 (-0.150 to 1.035)
trt_009,Cognitive and cognitive behavioural therapies group + AD,trt_041,Self-help with support,0.5931418891659773,-0.38592403402668046,1.550151034995866,0.593 (-0.386 to 1.550)
trt_010,Cognitive and cognitive behavioural therapies individual,trt_041,Self-help with support,0.43196676322633787,-0.17493134864094279,0.6966601179916498,0.432 (-0.175 to 0.697)
trt_011,Cognitive and cognitive behavioural therapies individual + AD,trt_041,Self-help with support,0.8065079356421293,0.38846869523301186,1.6266508909949877,0.807 (0.388 to 1.627)
trt_012,Cognitive and cognitive behavioural therapies individual + placebo,trt_041,Self-help with support,0.7509165681666189,0.02502703352803868,1.7700081174800333,0.751 (0.025 to 1.770)
trt_013,Counselling individual,trt_041,Self-help with support,0.34640828810643975,-0.5388695794937541,0.7125205607893185,0.346 (-0.539 to 0.713)
trt_014,Counselling individual + AD,trt_041,Self-help with support,0.08467292760866836,-1.6641075287889624,0.7875913000622379,0.085 (-1.664 to 0.788)
trt_015,Counselling individual + placebo,trt_041,Self-help with support,-0.08796261454058628,-2.424966275636171,0.8542709470988414,-0.088 (-2.425 to 0.854)
trt_016,Exercise group,trt_041,Self-help with support,0.4890498265009389,-0.37331481889564144,1.11906841201921,0.489 (-0.373 to 1.119)
trt_017,Exercise group + AD,trt_041,Self-help with support,1.7736006291279132,0.55899010635300606,4.0913710044688205,1.774 (0.559 to 4.091)
trt_018,Exercise individual,trt_041,Self-help with support,0.4185931324410965,-0.49914291156641444,0.9702440818115601,0.419 (-0.499 to 0.970)
trt_019,Exercise individual + AD,trt_041,Self-help with support,0.738136081943105,-0.008767632771299239,1.7538113001234334,0.738 (-0.009 to 1.754)
trt_020,Interpersonal psychotherapy (IPT) individual,trt_041,Self-help with support,0.26414736135797157,-0.7712091824837665,0.6730751259833683,0.264 (-0.771 to 0.673)
trt_021,Interpersonal psychotherapy (IPT) individual + AD,trt_041,Self-help with support,0.3651294157884259,-0.6494410090945673,0.8983087284723894,0.365 (-0.649 to 0.898)
trt_022,Interpersonal psychotherapy (IPT) individual + placebo,trt_041,Self-help with support,0.24140741202207824,-0.9714409936261491,0.7296398441159505,0.241 (-0.971 to 0.730)
trt_023,Light therapy,trt_041,Self-help with support,0.4764617156887732,-0.6751385397428418,1.381651678025675,0.476 (-0.675 to 1.382)
trt_024,Light therapy + AD,trt_041,Self-help with support,0.6266964702849891,-0.21020282230213236,1.5058828027243034,0.627 (-0.210 to 1.506)
trt_025,Mindfulness or meditation group,trt_041,Self-help with support,2.140710262160607,0.5591015559072687,4.946570069044092,2.141 (0.559 to 4.947)
trt_026,Mirtazapine,trt_041,Self-help with support,0.35839859503633453,-0.4171983769973807,0.675890049086119,0.358 (-0.417 to 0.676)
trt_027,Music therapy group,trt_041,Self-help with support,0.40692203797379445,-1.0927292262836852,1.521132904973128,0.407 (-1.093 to 1.521)
trt_028,No treatment,trt_041,Self-help with support,0.07448032130968736,-0.9754081867911923,0.6531373302337684,0.074 (-0.975 to 0.653)
trt_029,Peer support group,trt_041,Self-help with support,0.6040258508661791,-0.612319095558704,1.811325108290929,0.604 (-0.612 to 1.811)
trt_030,Peer support group + AD,trt_041,Self-help with support,0.6644633240432567,-0.4784900482784645,1.9225400943372744,0.664 (-0.478 to 1.923)
trt_031,Placebo,trt_041,Self-help with support,0.05319958216996355,-0.9803542751612258,0.6531143377530946,0.053 (-0.980 to 0.653)
trt_032,Problem solving group,trt_041,Self-help with support,1.512769118516695,0.5589865664044704,3.342682109138547,1.513 (0.559 to 3.343)
trt_033,Problem solving individual,trt_041,Self-help with support,0.49777850387002764,-0.27072227037518204,1.053899969498928,0.498 (-0.271 to 1.054)
trt_034,Psychoeducation group,trt_041,Self-help with support,0.6929196424957569,-0.40377412839973975,1.953783755209019,0.693 (-0.404 to 1.954)
trt_035,Psychoeducation group + AD,trt_041,Self-help with support,0.1721699335645339,-1.3828770321627923,0.86672447766372,0.172 (-1.383 to 0.867)
trt_036,Relaxation individual + AD,trt_041,Self-help with support,0.4318308250950864,-0.889763222692421,1.4113766537599826,0.432 (-0.890 to 1.411)
trt_037,Relaxation individual + placebo,trt_041,Self-help with support,0.11674571973146773,-1.5099275860250367,0.7785325520923047,0.117 (-1.510 to 0.779)
trt_038,SNRIs,trt_041,Self-help with support,0.33947338347430656,-0.41781710564039326,0.6631943225848362,0.339 (-0.418 to 0.663)
trt_039,SSRIs,trt_041,Self-help with support,0.3114293918761655,-0.4587271721367074,0.6581261977390056,0.311 (-0.459 to 0.658)
trt_040,Self-help,trt_041,Self-help with support,0.3148812952052845,-0.5064829842902383,0.6634020845049663,0.315 (-0.506 to 0.663)
trt_042,Sham acupuncture,trt_041,Self-help with support,0.13977856687294068,-1.090597979252727,0.6595867815450347,0.140 (-1.091 to 0.660)
trt_043,Short-term psychodynamic psychotherapies individual,trt_041,Self-help with support,0.3288907525419836,-0.5954112764920536,0.7030249552383724,0.329 (-0.595 to 0.703)
trt_044,Short-term psychodynamic psychotherapies individual + AD,trt_041,Self-help with support,0.20730987592481598,-1.2980003479626752,0.9170557192416153,0.207 (-1.298 to 0.917)
trt_045,TAU,trt_041,Self-help with support,0.1912495034062519,-0.8287678159435954,0.6561682367841339,0.191 (-0.829 to 0.656)
trt_046,TCAs,trt_041,Self-help with support,0.35363570207392964,-0.3798821990498897,0.6649954748321827,0.354 (-0.380 to 0.665)
trt_047,Trazodone,trt_041,Self-help with support,0.2367551090407729,-0.6902655327912546,0.656740614504253,0.237 (-0.690 to 0.657)
trt_048,Waitlist,trt_041,Self-help with support,-0.3851982960799363,-1.8229968728323114,0.6530805910119216,-0.385 (-1.823 to 0.653)
trt_049,Yoga group,trt_041,Self-help with support,0.44115383896822274,-0.6240286478180843,1.1793345653318719,0.441 (-0.624 to 1.179)
trt_050,Yoga group + AD,trt_041,Self-help with support,0.8548123539779869,-0.19146274860982385,2.40258626846645,0.855 (-0.191 to 2.403)
trt_001,Acupuncture,trt_042,Sham acupuncture,0.7169487024749266,0.2916228766008092,1.3665420084147817,0.717 (0.292 to 1.367)
trt_002,Acupuncture + AD,trt_042,Sham acupuncture,1.0933577987573213,0.5543696648878743,2.3706359829511925,1.093 (0.554 to 2.371)
trt_003,Any AD,trt_042,Sham acupuncture,0.42263540121711085,-0.5331909918205048,1.0162554828920307,0.423 (-0.533 to 1.016)
trt_004,Any psychotherapy,trt_042,Sham acupuncture,-0.0894881808685026,-1.9403956931188031,0.6602933706320032,-0.089 (-1.940 to 0.660)
trt_005,Attention placebo,trt_042,Sham acupuncture,-0.13052282849920216,-1.9223029478070333,0.6559796683601853,-0.131 (-1.922 to 0.656)
trt_006,Behavioural therapies individual,trt_042,Sham acupuncture,-0.31327744869580426,-2.217382340062252,0.6533816222913701,-0.313 (-2.217 to 0.653)
trt_007,Behavioural therapies individual + AD,trt_042,Sham acupuncture,0.5493978462946962,-0.6468891923427216,1.6382442159627288,0.549 (-0.647 to 1.638)
trt_008,Cognitive and cognitive behavioural therapies group,trt_042,Sham acupuncture,0.6856739183595204,-0.0280218082359107,1.5666929525991606,0.686 (-0.028 to 1.567)
trt_009,Cognitive and cognitive behavioural therapies group + AD,trt_042,Sham acupuncture,0.7556201704663913,-0.18554760182914293,2.0041820996608175,0.756 (-0.186 to 2.004)
trt_010,Cognitive and cognitive behavioural therapies individual,trt_042,Sham acupuncture,0.5944450445267517,-0.1036260125142943,1.2727009724387925,0.594 (-0.104 to 1.273)
trt_011,Cognitive and cognitive behavioural therapies individual + AD,trt_042,Sham acupuncture,0.9689862169425433,0.5304197966238653,2.125646734660363,0.969 (0.530 to 2.126)
trt_012,Cognitive and cognitive behavioural therapies individual + placebo,trt_042,Sham acupuncture,0.9133948494670329,0.21533032038125166,2.227863988569988,0.913 (0.215 to 2.228)
trt_013,Counselling individual,trt_042,Sham acupuncture,0.5088865694068537,-0.39874855716401886,1.2276273003087446,0.509 (-0.399 to 1.228)
trt_014,Counselling individual + AD,trt_042,Sham acupuncture,0.24715120890908224,-1.4339975234595115,1.2007576580592105,0.247 (-1.434 to 1.201)
trt_015,Counselling individual + placebo,trt_042,Sham acupuncture,0.07451566675982767,-2.1757658058949514,1.2420508787230389,0.075 (-2.176 to 1.242)
trt_016,Exercise group,trt_042,Sham acupuncture,0.6515281078013528,-0.20140183255362643,1.595969832835373,0.652 (-0.201 to 1.596)
trt_017,Exercise group + AD,trt_042,Sham acupuncture,1.9360789104283271,0.5590834276683839,4.495492491785334,1.936 (0.559 to 4.495)
trt_018,Exercise individual,trt_042,Sham acupuncture,0.5810714137415104,-0.32869673552098305,1.4457420815763597,0.581 (-0.329 to 1.446)
trt_019,Exercise individual + AD,trt_042,Sham acupuncture,0.900614363243519,0.18346666053484254,2.2101675480766025,0.901 (0.183 to 2.210)
trt_020,Interpersonal psychotherapy (IPT) individual,trt_042,Sham acupuncture,0.4266256426583855,-0.5993732149648956,1.106063046907043,0.427 (-0.599 to 1.106)
trt_021,Interpersonal psychotherapy (IPT) individual + AD,trt_042,Sham acupuncture,0.5276076970888398,-0.46984435458753415,1.3655625367139046,0.528 (-0.470 to 1.366)
trt_022,Interpersonal psychotherapy (IPT) individual + placebo,trt_042,Sham acupuncture,0.4038856933224922,-0.786372086728142,1.18924464062102,0.404 (-0.786 to 1.189)
trt_023,Light therapy,trt_042,Sham acupuncture,0.6389399969891871,-0.4521365980639215,1.7972721908879385,0.639 (-0.452 to 1.797)
trt_024,Light therapy + AD,trt_042,Sham acupuncture,0.7891747515854031,-0.0023672387744659742,1.9503341529823446,0.789 (-0.002 to 1.950)
trt_025,Mindfulness or meditation group,trt_042,Sham acupuncture,2.303188543461021,0.5591015559072687,5.3810937702605,2.303 (0.559 to 5.381)
trt_026,Mirtazapine,trt_042,Sham acupuncture,0.5208768763367484,-0.26051110575318287,1.1343308574465578,0.521 (-0.261 to 1.134)
trt_027,Music therapy group,trt_042,Sham acupuncture,0.5694003192742084,-0.8871628460706521,1.9505257908629516,0.569 (-0.887 to 1.951)
trt_028,No treatment,trt_042,Sham acupuncture,0.2369586026101013,-0.8787430536949932,0.6731924245095542,0.237 (-0.879 to 0.673)
trt_029,Peer support group,trt_042,Sham acupuncture,0.7665041321665931,-0.3886957469806226,2.238145118831018,0.767 (-0.389 to 2.238)
trt_030,Peer support group + AD,trt_042,Sham acupuncture,0.8269416053436706,-0.2677591361479444,2.359042309420542,0.827 (-0.268 to 2.359)
trt_031,Placebo,trt_042,Sham acupuncture,0.21567786347037743,-0.8396236780690565,0.6604619783592428,0.216 (-0.840 to 0.660)
trt_032,Problem solving group,trt_042,Sham acupuncture,1.6752473998171087,0.5589969840994352,3.818636574881384,1.675 (0.559 to 3.819)
trt_033,Problem solving individual,trt_042,Sham acupuncture,0.6602567851704415,-0.11926013506706713,1.5558421115098382,0.660 (-0.119 to 1.556)
trt_034,Psychoeducation group,trt_042,Sham acupuncture,0.8553979237961709,-0.19864531437389582,2.402320523595903,0.855 (-0.199 to 2.402)
trt_035,Psychoeducation group + AD,trt_042,Sham acupuncture,0.33464821486494783,-1.162229977325752,1.293615243038278,0.335 (-1.162 to 1.294)
trt_036,Relaxation individual + AD,trt_042,Sham acupuncture,0.5943091063955004,-0.663087723636359,1.8211586934894068,0.594 (-0.663 to 1.821)
trt_037,Relaxation individual + placebo,trt_042,Sham acupuncture,0.2792240010318816,-1.2905302005866355,1.194439196504156,0.279 (-1.291 to 1.194)
trt_038,SNRIs,trt_042,Sham acupuncture,0.5019516647747204,-0.27241118892437005,1.0685136744745931,0.502 (-0.272 to 1.069)
trt_039,SSRIs,trt_042,Sham acupuncture,0.4739076731765794,-0.31552096186156403,1.000585899697995,0.474 (-0.316 to 1.001)
trt_040,Self-help,trt_042,Sham acupuncture,0.47735957650569844,-0.4089834247386565,1.1138840972275093,0.477 (-0.409 to 1.114)
trt_041,Self-help with support,trt_042,Sham acupuncture,0.4647351294737685,-0.43964479384495586,1.0905979792527267,0.465 (-0.440 to 1.091)
trt_043,Short-term psychodynamic psychotherapies individual,trt_042,Sham acupuncture,0.4913690338423975,-0.48136605116049863,1.2382419410850776,0.491 (-0.481 to 1.238)
trt_044,Short-term psychodynamic psychotherapies individual + AD,trt_042,Sham acupuncture,0.3697881572252299,-1.0774484965025821,1.3537744205458468,0.370 (-1.077 to 1.354)
trt_045,TAU,trt_042,Sham acupuncture,0.3537277847066658,-0.6875561068400396,0.8976474808350218,0.354 (-0.688 to 0.898)
trt_046,TCAs,trt_042,Sham acupuncture,0.5161139833743436,-0.23653339398273257,1.0903818877105362,0.516 (-0.237 to 1.090)
trt_047,Trazodone,trt_042,Sham acupuncture,0.3992333903411868,-0.5298587319713308,0.9174581791776756,0.399 (-0.530 to 0.917)
trt_048,Waitlist,trt_042,Sham acupuncture,-0.22272001477952239,-1.74829199078045,0.6530832610268091,-0.223 (-1.748 to 0.653)
trt_049,Yoga group,trt_042,Sham acupuncture,0.6036321202686367,-0.4349080260110498,1.6447510591963979,0.604 (-0.435 to 1.645)
trt_050,Yoga group + AD,trt_042,Sham acupuncture,1.0172906352784008,0.03668903609656813,2.8237967894417646,1.017 (0.037 to 2.824)
trt_001,Acupuncture,trt_043,Short-term psychodynamic psychotherapies individual,0.5278365168058837,-0.2673832381547796,1.1706515062496619,0.528 (-0.267 to 1.171)
trt_002,Acupuncture + AD,trt_043,Short-term psychodynamic psychotherapies individual,0.9042456130882784,0.47465186541520893,1.936296982601242,0.904 (0.475 to 1.936)
trt_003,Any AD,trt_043,Short-term psychodynamic psychotherapies individual,0.23352321554806796,-0.8208012081017126,0.6646816214413387,0.234 (-0.821 to 0.665)
trt_004,Any psychotherapy,trt_043,Short-term psychodynamic psychotherapies individual,-0.2786003665375455,-2.0753910610705146,0.65328422504107,-0.279 (-2.075 to 0.653)
trt_005,Attention placebo,trt_043,Short-term psychodynamic psychotherapies individual,-0.319635014168245,-2.2533671738335466,0.6535072477960285,-0.320 (-2.253 to 0.654)
trt_006,Behavioural therapies individual,trt_043,Short-term psychodynamic psychotherapies individual,-0.5023896343648472,-2.4362580842998556,0.6530805910119216,-0.502 (-2.436 to 0.653)
trt_007,Behavioural therapies individual + AD,trt_043,Short-term psychodynamic psychotherapies individual,0.36028566062565337,-0.9831774226257206,1.2160586401703966,0.360 (-0.983 to 1.216)
trt_008,Cognitive and cognitive behavioural therapies group,trt_043,Short-term psychodynamic psychotherapies individual,0.4965617326904775,-0.34068427450854394,1.1194281093287064,0.497 (-0.341 to 1.119)
trt_009,Cognitive and cognitive behavioural therapies group + AD,trt_043,Short-term psychodynamic psychotherapies individual,0.5665079847973484,-0.4971997185065929,1.5595684806636838,0.567 (-0.497 to 1.560)
trt_010,Cognitive and cognitive behavioural therapies individual,trt_043,Short-term psychodynamic psychotherapies individual,0.4053328588577089,-0.35212172951287923,0.7686767384956051,0.405 (-0.352 to 0.769)
trt_011,Cognitive and cognitive behavioural therapies individual + AD,trt_043,Short-term psychodynamic psychotherapies individual,0.7798740312735004,0.2436360182584314,1.6635563043021846,0.780 (0.244 to 1.664)
trt_012,Cognitive and cognitive behavioural therapies individual + placebo,trt_043,Short-term psychodynamic psychotherapies individual,0.7242826637979899,-0.09294419962021284,1.7856362984445064,0.724 (-0.093 to 1.786)
trt_013,Counselling individual,trt_043,Short-term psychodynamic psychotherapies individual,0.3197743837378108,-0.7053136901652476,0.7792803479658365,0.320 (-0.705 to 0.779)
trt_014,Counselling individual + AD,trt_043,Short-term psychodynamic psychotherapies individual,0.05803902324003943,-1.7681832169694285,0.7853818509839311,0.058 (-1.768 to 0.785)
trt_015,Counselling individual + placebo,trt_043,Short-term psychodynamic psychotherapies individual,-0.11459651890921523,-2.529021249964158,0.8477684745808628,-0.115 (-2.529 to 0.848)
trt_016,Exercise group,trt_043,Short-term psychodynamic psychotherapies individual,0.4624159221323099,-0.5081272051019127,1.1563098405766452,0.462 (-0.508 to 1.156)
trt_017,Exercise group + AD,trt_043,Short-term psychodynamic psychotherapies individual,1.7469667247592842,0.5589275504825747,4.096760729154931,1.747 (0.559 to 4.097)
trt_018,Exercise individual,trt_043,Short-term psychodynamic psychotherapies individual,0.3919592280724676,-0.6443920868126993,1.004901161541371,0.392 (-0.644 to 1.005)
trt_019,Exercise individual + AD,trt_043,Short-term psychodynamic psychotherapies individual,0.7115021775744761,-0.1364733496070608,1.7681958975611674,0.712 (-0.136 to 1.768)
trt_020,Interpersonal psychotherapy (IPT) individual,trt_043,Short-term psychodynamic psychotherapies individual,0.23751345698934256,-0.9090313804269491,0.6814424821765912,0.238 (-0.909 to 0.681)
trt_021,Interpersonal psychotherapy (IPT) individual + AD,trt_043,Short-term psychodynamic psychotherapies individual,0.33849551141979695,-0.7733081690527329,0.9279441384002585,0.338 (-0.773 to 0.928)
trt_022,Interpersonal psychotherapy (IPT) individual + placebo,trt_043,Short-term psychodynamic psychotherapies individual,0.2147735076534493,-1.0996253846232686,0.7527150900201341,0.215 (-1.100 to 0.753)
trt_023,Light therapy,trt_043,Short-term psychodynamic psychotherapies individual,0.44982781132014427,-0.7911847616226327,1.385029407074818,0.450 (-0.791 to 1.385)
trt_024,Light therapy + AD,trt_043,Short-term psychodynamic psychotherapies individual,0.6000625659163601,-0.32994972099725584,1.5256610118990857,0.600 (-0.330 to 1.526)
trt_025,Mindfulness or meditation group,trt_043,Short-term psychodynamic psychotherapies individual,2.114076357791978,0.5590748239442298,4.964053777131342,2.114 (0.559 to 4.964)
trt_026,Mirtazapine,trt_043,Short-term psychodynamic psychotherapies individual,0.33176469066770553,-0.5718940690532361,0.6991915710906108,0.332 (-0.572 to 0.699)
trt_027,Music therapy group,trt_043,Short-term psychodynamic psychotherapies individual,0.3802881336051655,-1.2084230559945384,1.5292260629848133,0.380 (-1.208 to 1.529)
trt_028,No treatment,trt_043,Short-term psychodynamic psychotherapies individual,0.04784641694105841,-1.1636404565544074,0.653857982426891,0.048 (-1.164 to 0.654)
trt_029,Peer support group,trt_043,Short-term psychodynamic psychotherapies individual,0.5773919464975502,-0.716581024411296,1.8149888134772507,0.577 (-0.717 to 1.815)
trt_030,Peer support group + AD,trt_043,Short-term psychodynamic psychotherapies individual,0.6378294196746277,-0.5946213481819077,1.9250967203253038,0.638 (-0.595 to 1.925)
trt_031,Placebo,trt_043,Short-term psychodynamic psychotherapies individual,0.026565677801334536,-1.1451220820553383,0.6532690909175997,0.027 (-1.145 to 0.653)
trt_032,Problem solving group,trt_043,Short-term psychodynamic psychotherapies individual,1.486135214148066,0.5585051177870776,3.405209553703978,1.486 (0.559 to 3.405)
trt_033,Problem solving individual,trt_043,Short-term psychodynamic psychotherapies individual,0.4711445995013987,-0.4370414251881865,1.1148846845382558,0.471 (-0.437 to 1.115)
trt_034,Psychoeducation group,trt_043,Short-term psychodynamic psychotherapies individual,0.666285738127128,-0.5236397609655359,1.9750544658296803,0.666 (-0.524 to 1.975)
trt_035,Psychoeducation group + AD,trt_043,Short-term psychodynamic psychotherapies individual,0.14553602919590494,-1.4934068187334368,0.8681092893662637,0.146 (-1.493 to 0.868)
trt_036,Relaxation individual + AD,trt_043,Short-term psychodynamic psychotherapies individual,0.40519692072645747,-1.0004994339740676,1.4065347023555252,0.405 (-1.000 to 1.407)
trt_037,Relaxation individual + placebo,trt_043,Short-term psychodynamic psychotherapies individual,0.09011181536283872,-1.6085596523541728,0.7842776403111101,0.090 (-1.609 to 0.784)
trt_038,SNRIs,trt_043,Short-term psychodynamic psychotherapies individual,0.31283947910567755,-0.5807131984991086,0.6733354945230212,0.313 (-0.581 to 0.673)
trt_039,SSRIs,trt_043,Short-term psychodynamic psychotherapies individual,0.2847954875075365,-0.6218171497773521,0.6641520009607262,0.285 (-0.622 to 0.664)
trt_040,Self-help,trt_043,Short-term psychodynamic psychotherapies individual,0.28824739083665557,-0.7253226428473284,0.6871274227107348,0.288 (-0.725 to 0.687)
trt_041,Self-help with support,trt_043,Short-term psychodynamic psychotherapies individual,0.27562294380472563,-0.6992270079057085,0.669344649618272,0.276 (-0.699 to 0.669)
trt_042,Sham acupuncture,trt_043,Short-term psychodynamic psychotherapies individual,0.11314466250431172,-1.238241941085078,0.6626244294084606,0.113 (-1.238 to 0.663)
trt_044,Short-term psychodynamic psychotherapies individual + AD,trt_043,Short-term psychodynamic psychotherapies individual,0.18067597155618703,-1.4117080738416639,0.9280903674518791,0.181 (-1.412 to 0.928)
trt_045,TAU,trt_043,Short-term psychodynamic psychotherapies individual,0.16461559903762296,-0.9866146119026707,0.659030984503382,0.165 (-0.987 to 0.659)
trt_046,TCAs,trt_043,Short-term psychodynamic psychotherapies individual,0.3270017977053007,-0.5404526696461481,0.679148615378254,0.327 (-0.540 to 0.679)
trt_047,Trazodone,trt_043,Short-term psychodynamic psychotherapies individual,0.21012120467214396,-0.8401855958960261,0.6598141594122339,0.210 (-0.840 to 0.660)
trt_048,Waitlist,trt_043,Short-term psychodynamic psychotherapies individual,-0.41183220044856533,-2.0800881737023573,0.6530805910119216,-0.412 (-2.080 to 0.653)
trt_049,Yoga group,trt_043,Short-term psychodynamic psychotherapies individual,0.4145199345995938,-0.7698285099749087,1.228299221109444,0.415 (-0.770 to 1.228)
trt_050,Yoga group + AD,trt_043,Short-term psychodynamic psychotherapies individual,0.8281784496093579,-0.2915209468619886,2.403319664265811,0.828 (-0.292 to 2.403)
trt_001,Acupuncture,trt_044,Short-term psychodynamic psychotherapies individual + AD,0.6494173934230513,-0.4250971008916473,1.817798190255002,0.649 (-0.425 to 1.818)
trt_002,Acupuncture + AD,trt_044,Short-term psychodynamic psychotherapies individual + AD,1.025826489705446,0.332011022366279,2.5633324688977717,1.026 (0.332 to 2.563)
trt_003,Any AD,trt_044,Short-term psychodynamic psychotherapies individual + AD,0.3551040921652356,-0.8706256450178907,1.0822111536759622,0.355 (-0.871 to 1.082)
trt_004,Any psychotherapy,trt_044,Short-term psychodynamic psychotherapies individual + AD,-0.15701948992037798,-2.309039349871462,0.6667194634718197,-0.157 (-2.309 to 0.667)
trt_005,Attention placebo,trt_044,Short-term psychodynamic psychotherapies individual + AD,-0.19805413755107745,-2.3252809048986016,0.6604911366696179,-0.198 (-2.325 to 0.660)
trt_006,Behavioural therapies individual,trt_044,Short-term psychodynamic psychotherapies individual + AD,-0.38080875774767964,-2.612195314890723,0.6544145461473186,-0.381 (-2.612 to 0.654)
trt_007,Behavioural therapies individual + AD,trt_044,Short-term psychodynamic psychotherapies individual + AD,0.48186653724282097,-0.7965662842802882,1.5134870510781042,0.482 (-0.797 to 1.513)
trt_008,Cognitive and cognitive behavioural therapies group,trt_044,Short-term psychodynamic psychotherapies individual + AD,0.6181426093076451,-0.47762954497369203,1.7443835714604394,0.618 (-0.478 to 1.744)
trt_009,Cognitive and cognitive behavioural therapies group + AD,trt_044,Short-term psychodynamic psychotherapies individual + AD,0.688088861414516,-0.4677499357555862,2.009972557703355,0.688 (-0.468 to 2.010)
trt_010,Cognitive and cognitive behavioural therapies individual,trt_044,Short-term psychodynamic psychotherapies individual + AD,0.5269137354748765,-0.5853983759074672,1.4791333286121766,0.527 (-0.585 to 1.479)
trt_011,Cognitive and cognitive behavioural therapies individual + AD,trt_044,Short-term psychodynamic psychotherapies individual + AD,0.901454907890668,0.1023776024324081,2.296462452152535,0.901 (0.102 to 2.296)
trt_012,Cognitive and cognitive behavioural therapies individual + placebo,trt_044,Short-term psychodynamic psychotherapies individual + AD,0.8458635404151575,-0.1661315308514809,2.339761348206303,0.846 (-0.166 to 2.340)
trt_013,Counselling individual,trt_044,Short-term psychodynamic psychotherapies individual + AD,0.44135526035497835,-0.8543281399521119,1.4206741496977695,0.441 (-0.854 to 1.421)
trt_014,Counselling individual + AD,trt_044,Short-term psychodynamic psychotherapies individual + AD,0.17961989985720694,-1.2280272123587213,0.7337921173473932,0.180 (-1.228 to 0.734)
trt_015,Counselling individual + placebo,trt_044,Short-term psychodynamic psychotherapies individual + AD,0.006984357707952377,-2.056190378438881,0.8724029718557637,0.007 (-2.056 to 0.872)
trt_016,Exercise group,trt_044,Short-term psychodynamic psychotherapies individual + AD,0.5839967987494775,-0.6169629470720869,1.7478906240920102,0.584 (-0.617 to 1.748)
trt_017,Exercise group + AD,trt_044,Short-term psychodynamic psychotherapies individual + AD,1.8685476013764517,0.558582186873354,4.603079119985048,1.869 (0.559 to 4.603)
trt_018,Exercise individual,trt_044,Short-term psychodynamic psychotherapies individual + AD,0.5135401046896352,-0.7564510156842692,1.600241340962071,0.514 (-0.756 to 1.600)
trt_019,Exercise individual + AD,trt_044,Short-term psychodynamic psychotherapies individual + AD,0.8330830541916436,-0.17835242058656314,2.3103827354147777,0.833 (-0.178 to 2.310)
trt_020,Interpersonal psychotherapy (IPT) individual,trt_044,Short-term psychodynamic psychotherapies individual + AD,0.35909433360651016,-0.9958536170836583,1.2247158153743223,0.359 (-0.996 to 1.225)
trt_021,Interpersonal psychotherapy (IPT) individual + AD,trt_044,Short-term psychodynamic psychotherapies individual + AD,0.4600763880369645,-0.8299868279624376,1.461376172412108,0.460 (-0.830 to 1.461)
trt_022,Interpersonal psychotherapy (IPT) individual + placebo,trt_044,Short-term psychodynamic psychotherapies individual + AD,0.33635438427061687,-1.1476482670106039,1.289193102463906,0.336 (-1.148 to 1.289)
trt_023,Light therapy,trt_044,Short-term psychodynamic psychotherapies individual + AD,0.5714086879373118,-0.8339919855003936,1.918713484661231,0.571 (-0.834 to 1.919)
trt_024,Light therapy + AD,trt_044,Short-term psychodynamic psychotherapies individual + AD,0.7216434425335276,-0.4199206320499986,2.0885597358699455,0.722 (-0.420 to 2.089)
trt_025,Mindfulness or meditation group,trt_044,Short-term psychodynamic psychotherapies individual + AD,2.2356572344091457,0.5589843192562085,5.464582912094138,2.236 (0.559 to 5.465)
trt_026,Mirtazapine,trt_044,Short-term psychodynamic psychotherapies individual + AD,0.45334556728487313,-0.7480908296961261,1.3522649791904913,0.453 (-0.748 to 1.352)
trt_027,Music therapy group,trt_044,Short-term psychodynamic psychotherapies individual + AD,0.5018690102223331,-1.215443564999183,2.0147463261949374,0.502 (-1.215 to 2.015)
trt_028,No treatment,trt_044,Short-term psychodynamic psychotherapies individual + AD,0.16942729355822592,-1.3390035837350607,0.8126917722650465,0.169 (-1.339 to 0.813)
trt_029,Peer support group,trt_044,Short-term psychodynamic psychotherapies individual + AD,0.6989728231147178,-0.6536416986554585,2.2328851197515123,0.699 (-0.654 to 2.233)
trt_030,Peer support group + AD,trt_044,Short-term psychodynamic psychotherapies individual + AD,0.7594102962917952,-0.5177410954344236,2.34999800242835,0.759 (-0.518 to 2.350)
trt_031,Placebo,trt_044,Short-term psychodynamic psychotherapies individual + AD,0.14814655441850214,-1.3407518868290096,0.7268101010135967,0.148 (-1.341 to 0.727)
trt_032,Problem solving group,trt_044,Short-term psychodynamic psychotherapies individual + AD,1.6077160907652335,0.5573759883114677,3.9563458791655863,1.608 (0.557 to 3.956)
trt_033,Problem solving individual,trt_044,Short-term psychodynamic psychotherapies individual + AD,0.5927254761185663,-0.579808483956807,1.741817600798562,0.593 (-0.580 to 1.742)
trt_034,Psychoeducation group,trt_044,Short-term psychodynamic psychotherapies individual + AD,0.7878666147442955,-0.5504440666682977,2.491298136877257,0.788 (-0.550 to 2.491)
trt_035,Psychoeducation group + AD,trt_044,Short-term psychodynamic psychotherapies individual + AD,0.2671169058130725,-1.4614752616069742,1.3232796726998712,0.267 (-1.461 to 1.323)
trt_036,Relaxation individual + AD,trt_044,Short-term psychodynamic psychotherapies individual + AD,0.5267777973436251,-0.9637639405298107,1.855470292125237,0.527 (-0.964 to 1.855)
trt_037,Relaxation individual + placebo,trt_044,Short-term psychodynamic psychotherapies individual + AD,0.21169269198000631,-1.5781174078986537,1.2100156421356538,0.212 (-1.578 to 1.210)
trt_038,SNRIs,trt_044,Short-term psychodynamic psychotherapies individual + AD,0.43442035572284515,-0.7715350254116853,1.3002722982667636,0.434 (-0.772 to 1.300)
trt_039,SSRIs,trt_044,Short-term psychodynamic psychotherapies individual + AD,0.40637636412470407,-0.8234362017194888,1.2404854579334121,0.406 (-0.823 to 1.240)
trt_040,Self-help,trt_044,Short-term psychodynamic psychotherapies individual + AD,0.4098282674538231,-0.900904211822267,1.3248105617279151,0.410 (-0.901 to 1.325)
trt_041,Self-help with support,trt_044,Short-term psychodynamic psychotherapies individual + AD,0.39720382042189323,-0.9170557192416168,1.2980003479626732,0.397 (-0.917 to 1.298)
trt_042,Sham acupuncture,trt_044,Short-term psychodynamic psychotherapies individual + AD,0.2347255391214793,-1.3537744205458475,1.0774484965025815,0.235 (-1.354 to 1.077)
trt_043,Short-term psychodynamic psychotherapies individual,trt_044,Short-term psychodynamic psychotherapies individual + AD,0.4238377247905222,-0.9280903674518797,1.4117080738416636,0.424 (-0.928 to 1.412)
trt_045,TAU,trt_044,Short-term psychodynamic psychotherapies individual + AD,0.2861964756547905,-1.1289552727885697,1.0646515871241973,0.286 (-1.129 to 1.065)
trt_046,TCAs,trt_044,Short-term psychodynamic psychotherapies individual + AD,0.44858267432246823,-0.7387185481886822,1.3251909095797225,0.449 (-0.739 to 1.325)
trt_047,Trazodone,trt_044,Short-term psychodynamic psychotherapies individual + AD,0.33170208128931156,-1.006399550413892,1.1323778013887094,0.332 (-1.006 to 1.132)
trt_048,Waitlist,trt_044,Short-term psychodynamic psychotherapies individual + AD,-0.2902513238313977,-2.270989691824271,0.6540955597351444,-0.290 (-2.271 to 0.654)
trt_049,Yoga group,trt_044,Short-term psychodynamic psychotherapies individual + AD,0.5361008112167613,-0.8414680433110756,1.779490260166845,0.536 (-0.841 to 1.779)
trt_050,Yoga group + AD,trt_044,Short-term psychodynamic psychotherapies individual + AD,0.9497593262265255,-0.23169072487794135,2.8183694063621467,0.950 (-0.232 to 2.818)
trt_001,Acupuncture,trt_045,TAU,0.6654777659416153,0.08974509625383509,1.3662571449668952,0.665 (0.090 to 1.366)
trt_002,Acupuncture + AD,trt_045,TAU,1.04188686222401,0.5566700941004988,2.1213294984216864,1.042 (0.557 to 2.121)
trt_003,Any AD,trt_045,TAU,0.37116446468379966,-0.419124059759108,0.7007906522349858,0.371 (-0.419 to 0.701)
trt_004,Any psychotherapy,trt_045,TAU,-0.1409591174018139,-1.9196614821979634,0.6554801632964832,-0.141 (-1.920 to 0.655)
trt_005,Attention placebo,trt_045,TAU,-0.18199376503251338,-1.9137895949419372,0.6540024598458212,-0.182 (-1.914 to 0.654)
trt_006,Behavioural therapies individual,trt_045,TAU,-0.3647483852291156,-2.1747769360842315,0.6531000354853939,-0.365 (-2.175 to 0.653)
trt_007,Behavioural therapies individual + AD,trt_045,TAU,0.49792690976138504,-0.6417074628207249,1.4274455897666374,0.498 (-0.642 to 1.427)
trt_008,Cognitive and cognitive behavioural therapies group,trt_045,TAU,0.6342029818262092,0.061487698516281,1.2659328572802822,0.634 (0.061 to 1.266)
trt_009,Cognitive and cognitive behavioural therapies group + AD,trt_045,TAU,0.70414923393308,-0.14432716801619058,1.7525419175464496,0.704 (-0.144 to 1.753)
trt_010,Cognitive and cognitive behavioural therapies individual,trt_045,TAU,0.5429741079934406,0.02146958939501406,0.9460248992966072,0.543 (0.021 to 0.946)
trt_011,Cognitive and cognitive behavioural therapies individual + AD,trt_045,TAU,0.917515280409232,0.5489574057725031,1.8299590296651196,0.918 (0.549 to 1.830)
trt_012,Cognitive and cognitive behavioural therapies individual + placebo,trt_045,TAU,0.8619239129337216,0.2578027875977241,1.981743594749612,0.862 (0.258 to 1.982)
trt_013,Counselling individual,trt_045,TAU,0.4574156328735424,-0.3071173715674485,0.9276250757708097,0.457 (-0.307 to 0.928)
trt_014,Counselling individual + AD,trt_045,TAU,0.19568027237577104,-1.4342146867139465,1.005233629797794,0.196 (-1.434 to 1.005)
trt_015,Counselling individual + placebo,trt_045,TAU,0.023044730226516468,-2.210090332875324,1.0747388829424374,0.023 (-2.210 to 1.075)
trt_016,Exercise group,trt_045,TAU,0.6000571712680416,-0.07697840602681788,1.2672494887576529,0.600 (-0.077 to 1.267)
trt_017,Exercise group + AD,trt_045,TAU,1.8846079738950159,0.5590931906050752,4.30990749488539,1.885 (0.559 to 4.310)
trt_018,Exercise individual,trt_045,TAU,0.5296004772081992,-0.27384917867522857,1.1861751836337737,0.530 (-0.274 to 1.186)
trt_019,Exercise individual + AD,trt_045,TAU,0.8491434267102077,0.21380407060153678,1.9730817265764065,0.849 (0.214 to 1.973)
trt_020,Interpersonal psychotherapy (IPT) individual,trt_045,TAU,0.37515470612507423,-0.5465838625504945,0.8363705006700263,0.375 (-0.547 to 0.836)
trt_021,Interpersonal psychotherapy (IPT) individual + AD,trt_045,TAU,0.4761367605555286,-0.413826579464942,1.1159358355828535,0.476 (-0.414 to 1.116)
trt_022,Interpersonal psychotherapy (IPT) individual + placebo,trt_045,TAU,0.35241475678918094,-0.7460295548507445,0.9491605635303791,0.352 (-0.746 to 0.949)
trt_023,Light therapy,trt_045,TAU,0.5874690604558759,-0.4579379779468592,1.6020470925090837,0.587 (-0.458 to 1.602)
trt_024,Light therapy + AD,trt_045,TAU,0.7377038150520918,0.009340978422523911,1.7351826388163225,0.738 (0.009 to 1.735)
trt_025,Mindfulness or meditation group,trt_045,TAU,2.25171760692771,0.5591015559072687,5.179610144113163,2.252 (0.559 to 5.180)
trt_026,Mirtazapine,trt_045,TAU,0.4694059398034372,-0.191740583048818,0.8618704443660298,0.469 (-0.192 to 0.862)
trt_027,Music therapy group,trt_045,TAU,0.5179293827408972,-0.880859251748961,1.7544894346370812,0.518 (-0.881 to 1.754)
trt_028,No treatment,trt_045,TAU,0.18548766607679001,-0.7813715946771171,0.6545057032967556,0.185 (-0.781 to 0.655)
trt_029,Peer support group,trt_045,TAU,0.7150331956332818,-0.3841387702137683,2.022935166382908,0.715 (-0.384 to 2.023)
trt_030,Peer support group + AD,trt_045,TAU,0.7754706688103593,-0.24500275944563615,2.1394553790516997,0.775 (-0.245 to 2.139)
trt_031,Placebo,trt_045,TAU,0.16420692693706623,-0.7574902381243036,0.6533863134768144,0.164 (-0.757 to 0.653)
trt_032,Problem solving group,trt_045,TAU,1.6237764632837974,0.5590436571095609,3.6301000905279697,1.624 (0.559 to 3.630)
trt_033,Problem solving individual,trt_045,TAU,0.6087858486371304,-0.07467227827501864,1.2987823179699847,0.609 (-0.075 to 1.299)
trt_034,Psychoeducation group,trt_045,TAU,0.8039269872628596,-0.19777559164398373,2.1902578782639854,0.804 (-0.198 to 2.190)
trt_035,Psychoeducation group + AD,trt_045,TAU,0.2831772783316366,-1.1526220200501638,1.0744530486045774,0.283 (-1.153 to 1.074)
trt_036,Relaxation individual + AD,trt_045,TAU,0.5428381698621891,-0.6685326490301412,1.6321567761112263,0.543 (-0.669 to 1.632)
trt_037,Relaxation individual + placebo,trt_045,TAU,0.22775306449857038,-1.2885462070587008,0.999207831393049,0.228 (-1.289 to 0.999)
trt_038,SNRIs,trt_045,TAU,0.4504807282414092,-0.190536885252063,0.7838089073083777,0.450 (-0.191 to 0.784)
trt_039,SSRIs,trt_045,TAU,0.42243673664326814,-0.23570732921588786,0.7161130917908807,0.422 (-0.236 to 0.716)
trt_040,Self-help,trt_045,TAU,0.4258886399723872,-0.3622335454589968,0.8547011387579132,0.426 (-0.362 to 0.855)
trt_041,Self-help with support,trt_045,TAU,0.4132641929404573,-0.38426888183217306,0.8287678159435952,0.413 (-0.384 to 0.829)
trt_042,Sham acupuncture,trt_045,TAU,0.2507859116400434,-0.8976474808350227,0.6959188728600011,0.251 (-0.898 to 0.696)
trt_043,Short-term psychodynamic psychotherapies individual,trt_045,TAU,0.43989809730908624,-0.4382843407297927,0.9866146119026699,0.440 (-0.438 to 0.987)
trt_044,Short-term psychodynamic psychotherapies individual + AD,trt_045,TAU,0.3183172206919187,-1.0646515871241975,1.1289552727885677,0.318 (-1.065 to 1.129)
trt_046,TCAs,trt_045,TAU,0.46464304684103236,-0.15045484022666927,0.8002242862791731,0.465 (-0.150 to 0.800)
trt_047,Trazodone,trt_045,TAU,0.3477624538078756,-0.46752423445109,0.6786776303290116,0.348 (-0.468 to 0.679)
trt_048,Waitlist,trt_045,TAU,-0.2741909513128336,-1.7252609753435282,0.6530805910119216,-0.274 (-1.725 to 0.653)
trt_049,Yoga group,trt_045,TAU,0.5521611837353254,-0.44165830930401817,1.4393822745585847,0.552 (-0.442 to 1.439)
trt_050,Yoga group + AD,trt_045,TAU,0.9658196987450895,0.04329701183154684,2.611686258481648,0.966 (0.043 to 2.612)
trt_001,Acupuncture,trt_046,TCAs,0.5030915672739376,-0.05249123896226616,0.8562177647989734,0.503 (-0.052 to 0.856)
trt_002,Acupuncture + AD,trt_046,TCAs,0.8795006635563324,0.5548528627624835,1.6024730217324183,0.880 (0.555 to 1.602)
trt_003,Any AD,trt_046,TCAs,0.20877826601612193,-0.6292995126953053,0.65339319425208775,0.209 (-0.629 to 0.653)
trt_004,Any psychotherapy,trt_046,TCAs,-0.3033453160694916,-2.1779325145002497,0.65332644360316094,-0.303 (-2.178 to 0.653)
trt_005,Attention placebo,trt_046,TCAs,-0.3443799637001911,-2.163740310150291,0.6531418211678621,-0.344 (-2.164 to 0.653)
trt_006,Behavioural therapies individual,trt_046,TCAs,-0.5271345838967932,-2.413532754441504,0.6530805910119216,-0.527 (-2.414 to 0.653)
trt_007,Behavioural therapies individual + AD,trt_046,TCAs,0.3355407110937073,-0.8713354134736725,0.9989425146308919,0.336 (-0.871 to 0.999)
trt_008,Cognitive and cognitive behavioural therapies group,trt_046,TCAs,0.4718167831585314,-0.1705231848802649,0.8509604772083293,0.472 (-0.171 to 0.851)
trt_009,Cognitive and cognitive behavioural therapies group + AD,trt_046,TCAs,0.5417630352654023,-0.40567942160957743,1.3699671472795476,0.542 (-0.406 to 1.370)
trt_010,Cognitive and cognitive behavioural therapies individual,trt_046,TCAs,0.3805879093257628,-0.12594996028614816,0.6537533226175576,0.381 (-0.126 to 0.654)
trt_011,Cognitive and cognitive behavioural therapies individual + AD,trt_046,TCAs,0.7551290817415544,0.4450834944586805,1.3705847848730883,0.755 (0.445 to 1.371)
trt_012,Cognitive and cognitive behavioural therapies individual + placebo,trt_046,TCAs,0.6995377142660438,0.025077495747563693,1.5614213144392557,0.700 (0.025 to 1.561)
trt_013,Counselling individual,trt_046,TCAs,0.2950294342058647,-0.5481625807078704,0.6599411252791447,0.295 (-0.548 to 0.660)
trt_014,Counselling individual + AD,trt_046,TCAs,0.033294073708093334,-1.69255633475756,0.6754769878502136,0.033 (-1.693 to 0.675)
trt_015,Counselling individual + placebo,trt_046,TCAs,-0.1393414684411613,-2.4829737564489,0.704334860489956,-0.139 (-2.483 to 0.704)
trt_016,Exercise group,trt_046,TCAs,0.43767097260036386,-0.35704184480963236,0.9006885772596106,0.438 (-0.357 to 0.901)
trt_017,Exercise group + AD,trt_046,TCAs,1.722221775227338,0.5590803862417002,3.8874300823146566,1.722 (0.559 to 3.887)
trt_018,Exercise individual,trt_046,TCAs,0.36721427854052147,-0.4876004001765813,0.7461084807789217,0.367 (-0.488 to 0.746)
trt_019,Exercise individual + AD,trt_046,TCAs,0.6867572280425299,-0.024103010974075446,1.5600390156087978,0.687 (-0.024 to 1.560)
trt_020,Interpersonal psychotherapy (IPT) individual,trt_046,TCAs,0.21276850745739648,-0.7444693257269639,0.6555530827013551,0.213 (-0.744 to 0.656)
trt_021,Interpersonal psychotherapy (IPT) individual + AD,trt_046,TCAs,0.3137505618878509,-0.6280317608518002,0.6895484020809519,0.314 (-0.628 to 0.690)
trt_022,Interpersonal psychotherapy (IPT) individual + placebo,trt_046,TCAs,0.1900285581215032,-0.9603307605699166,0.6628767919451323,0.190 (-0.960 to 0.663)
trt_023,Light therapy,trt_046,TCAs,0.4250828617881982,-0.6793807815519537,1.1647642079595961,0.425 (-0.679 to 1.165)
trt_024,Light therapy + AD,trt_046,TCAs,0.575317616384414,-0.1799389951876288,1.270414085615363,0.575 (-0.180 to 1.270)
trt_025,Mindfulness or meditation group,trt_046,TCAs,2.089331408260032,0.5590960221082943,4.807639066329995,2.089 (0.559 to 4.808)
trt_026,Mirtazapine,trt_046,TCAs,0.30701974113575947,-0.23704854448751514,0.6530805910119216,0.307 (-0.237 to 0.653)
trt_027,Music therapy group,trt_046,TCAs,0.3555431840732194,-1.1647164357203341,1.3779832979029458,0.356 (-1.165 to 1.378)
trt_028,No treatment,trt_046,TCAs,0.02310146740911231,-0.9663158880193486,0.6530805910119216,0.023 (-0.966 to 0.653)
trt_029,Peer support group,trt_046,TCAs,0.5526469969656042,-0.6523600269371264,1.6528754972406188,0.553 (-0.652 to 1.653)
trt_030,Peer support group + AD,trt_046,TCAs,0.6130844701426816,-0.5253435049860662,1.7706151936604546,0.613 (-0.525 to 1.771)
trt_031,Placebo,trt_046,TCAs,0.0018207282693885282,-0.7368543781121984,0.6530805910119216,0.002 (-0.737 to 0.653)
trt_032,Problem solving group,trt_046,TCAs,1.4613902646161196,0.558896987362261,3.231315921828996,1.461 (0.559 to 3.231)
trt_033,Problem solving individual,trt_046,TCAs,0.4463996499694526,-0.2845627124009123,0.864786990319974,0.446 (-0.285 to 0.865)
trt_034,Psychoeducation group,trt_046,TCAs,0.6415407885951818,-0.46492950594838733,1.8177406517229457,0.642 (-0.465 to 1.818)
trt_035,Psychoeducation group + AD,trt_046,TCAs,0.12079107966395886,-1.4156543018486405,0.6979735176060258,0.121 (-1.416 to 0.698)
trt_036,Relaxation individual + AD,trt_046,TCAs,0.3804519711945114,-0.8981656918542815,1.2051858679847935,0.380 (-0.898 to 1.205)
trt_037,Relaxation individual + placebo,trt_046,TCAs,0.0653668658308927,-1.5159153029039314,0.6709546307575138,0.065 (-1.516 to 0.671)
trt_038,SNRIs,trt_046,TCAs,0.2880945295737315,-0.19687698020142308,0.6530805910119216,0.288 (-0.197 to 0.653)
trt_039,SSRIs,trt_046,TCAs,0.2600505379755904,-0.21324655700830975,0.6530805910119216,0.260 (-0.213 to 0.653)
trt_040,Self-help,trt_046,TCAs,0.26350244130470946,-0.5649838815797035,0.6553180594367967,0.264 (-0.565 to 0.655)
trt_041,Self-help with support,trt_046,TCAs,0.25087799427277957,-0.5856799142089791,0.6547575720538846,0.251 (-0.586 to 0.655)
trt_042,Sham acupuncture,trt_046,TCAs,0.08839971297236565,-1.0903818877105365,0.6543157312213922,0.088 (-1.090 to 0.654)
trt_043,Short-term psychodynamic psychotherapies individual,trt_046,TCAs,0.2775118986414085,-0.6496386175808178,0.6624840840361133,0.278 (-0.650 to 0.662)
trt_044,Short-term psychodynamic psychotherapies individual + AD,trt_046,TCAs,0.15593102202424095,-1.3251909095797227,0.7387379134342903,0.156 (-1.325 to 0.739)
trt_045,TAU,trt_046,TCAs,0.13987064950567688,-0.8002242862791733,0.6532690909175997,0.140 (-0.800 to 0.653)
trt_047,Trazodone,trt_046,TCAs,0.18537625514019787,-0.5501490546661029,0.6530805910119216,0.185 (-0.550 to 0.653)
trt_048,Waitlist,trt_046,TCAs,-0.4365771499805113,-1.9051185767984773,0.6530805910119216,-0.437 (-1.905 to 0.653)
trt_049,Yoga group,trt_046,TCAs,0.38977498506764774,-0.6649158150160069,1.0128433817306315,0.390 (-0.665 to 1.013)
trt_050,Yoga group + AD,trt_046,TCAs,0.8034335000774119,-0.2338596593316549,2.2470886322834702,0.803 (-0.234 to 2.247)
trt_001,Acupuncture,trt_047,Trazodone,0.6199721603070943,0.09830200474273534,1.17101654993942,0.620 (0.098 to 1.171)
trt_002,Acupuncture + AD,trt_047,Trazodone,0.9963812565894892,0.557817576769188,1.9122894681720748,0.996 (0.558 to 1.912)
trt_003,Any AD,trt_047,Trazodone,0.32565885904927866,-0.48337109118725313,0.6642821044194912,0.326 (-0.483 to 0.664)
trt_004,Any psychotherapy,trt_047,Trazodone,-0.18646472303633488,-1.9867757921188682,0.6544314902147497,-0.186 (-1.987 to 0.654)
trt_005,Attention placebo,trt_047,Trazodone,-0.22749937066703435,-1.9771034227511328,0.653482467671583,-0.227 (-1.977 to 0.653)
trt_006,Behavioural therapies individual,trt_047,Trazodone,-0.41025399086363656,-2.2359300372626483,0.6530805910119216,-0.410 (-2.236 to 0.653)
trt_007,Behavioural therapies individual + AD,trt_047,Trazodone,0.452421304126864,-0.6807099050764627,1.2812612157204137,0.452 (-0.681 to 1.281)
trt_008,Cognitive and cognitive behavioural therapies group,trt_047,Trazodone,0.5886973761916882,-0.0153205578347892,1.1599810895338718,0.589 (-0.015 to 1.160)
trt_009,Cognitive and cognitive behavioural therapies group + AD,trt_047,Trazodone,0.658643628298559,-0.21767574490853045,1.6448165038184195,0.659 (-0.218 to 1.645)
trt_010,Cognitive and cognitive behavioural therapies individual,trt_047,Trazodone,0.49746850235891954,-0.013976755381850762,0.7969836731504432,0.497 (-0.014 to 0.797)
trt_011,Cognitive and cognitive behavioural therapies individual + AD,trt_047,Trazodone,0.872009674774711,0.5439469852044406,1.6877317328119037,0.872 (0.544 to 1.688)
trt_012,Cognitive and cognitive behavioural therapies individual + placebo,trt_047,Trazodone,0.8164183072992006,0.207034394461244,1.85297732479502,0.816 (0.207 to 1.853)
trt_013,Counselling individual,trt_047,Trazodone,0.4119100272390214,-0.38896228104091873,0.8275856724645195,0.412 (-0.389 to 0.828)
trt_014,Counselling individual + AD,trt_047,Trazodone,0.15017466674125002,-1.4982739173342352,0.8752646886503472,0.150 (-1.498 to 0.875)
trt_015,Counselling individual + placebo,trt_047,Trazodone,-0.022460875408004545,-2.266635164531322,0.9586443089483597,-0.022 (-2.267 to 0.959)
trt_016,Exercise group,trt_047,Trazodone,0.5545515656335206,-0.18268132018362904,1.1921565847048905,0.555 (-0.183 to 1.192)
trt_017,Exercise group + AD,trt_047,Trazodone,1.8391023682604948,0.5590960221082943,4.157193015972775,1.839 (0.559 to 4.157)
trt_018,Exercise individual,trt_047,Trazodone,0.4840948715736782,-0.30826281160462976,1.040239413551227,0.484 (-0.308 to 1.040)
trt_019,Exercise individual + AD,trt_047,Trazodone,0.8036378210756867,0.16134220495815607,1.8355322040426345,0.804 (0.161 to 1.836)
trt_020,Interpersonal psychotherapy (IPT) individual,trt_047,Trazodone,0.32964910049055324,-0.5824024244921984,0.6986662513024346,0.330 (-0.582 to 0.699)
trt_021,Interpersonal psychotherapy (IPT) individual + AD,trt_047,Trazodone,0.43063115492100756,-0.45083007188693064,0.9714637019990268,0.431 (-0.451 to 0.971)
trt_022,Interpersonal psychotherapy (IPT) individual + placebo,trt_047,Trazodone,0.30690915115465994,-0.7873786559700482,0.8106611390556983,0.307 (-0.787 to 0.811)
trt_023,Light therapy,trt_047,Trazodone,0.5419634548213549,-0.47735536820056484,1.4432121041842794,0.542 (-0.477 to 1.443)
trt_024,Light therapy + AD,trt_047,Trazodone,0.6921982094175708,0.005017672190916185,1.5517520314632618,0.692 (0.005 to 1.552)
trt_025,Mindfulness or meditation group,trt_047,Trazodone,2.206212001293189,0.5590986810389655,5.073850325745066,2.206 (0.559 to 5.074)
trt_026,Mirtazapine,trt_047,Trazodone,0.4239003341689162,-0.12141298070848289,0.6656706016987233,0.424 (-0.121 to 0.666)
trt_027,Music therapy group,trt_047,Trazodone,0.4724237771063761,-0.9579350040471928,1.643810682092895,0.472 (-0.958 to 1.644)
trt_028,No treatment,trt_047,Trazodone,0.13998206044226902,-0.8246860840435944,0.6533111841921473,0.140 (-0.825 to 0.653)
trt_029,Peer support group,trt_047,Trazodone,0.6695275899987608,-0.4478122812907699,1.9247791303962276,0.670 (-0.448 to 1.925)
trt_030,Peer support group + AD,trt_047,Trazodone,0.7299650631758383,-0.32387853131513344,2.034294889907331,0.730 (-0.324 to 2.034)
trt_031,Placebo,trt_047,Trazodone,0.11870132130254522,-0.6753033789314506,0.6530805910119216,0.119 (-0.675 to 0.653)
trt_032,Problem solving group,trt_047,Trazodone,1.5782708576492765,0.5590226756003261,3.5108609004546074,1.578 (0.559 to 3.511)
trt_033,Problem solving individual,trt_047,Trazodone,0.5632802430026094,-0.11512401426068579,1.1644413727613003,0.563 (-0.115 to 1.164)
trt_034,Psychoeducation group,trt_047,Trazodone,0.7584213816283386,-0.2617602460607999,2.0882047977807323,0.758 (-0.262 to 2.088)
trt_035,Psychoeducation group + AD,trt_047,Trazodone,0.23767167269711562,-1.2166050496809264,0.9591388617036132,0.238 (-1.217 to 0.959)
trt_036,Relaxation individual + AD,trt_047,Trazodone,0.4973325642276681,-0.7056268715534434,1.4840681570602252,0.497 (-0.706 to 1.484)
trt_037,Relaxation individual + placebo,trt_047,Trazodone,0.1822474588640494,-1.3256562094176298,0.8485485535878052,0.182 (-1.326 to 0.849)
trt_038,SNRIs,trt_047,Trazodone,0.4049751226068882,-0.11248368742422173,0.6566533249024982,0.405 (-0.112 to 0.657)
trt_039,SSRIs,trt_047,Trazodone,0.37693113100874714,-0.15213181009532903,0.6542088737469807,0.377 (-0.152 to 0.654)
trt_040,Self-help,trt_047,Trazodone,0.3803830343378662,-0.4087986533446911,0.7261394997047953,0.380 (-0.409 to 0.726)
trt_041,Self-help with support,trt_047,Trazodone,0.3677585873059363,-0.42980223754972313,0.6963206439866804,0.368 (-0.430 to 0.696)
trt_042,Sham acupuncture,trt_047,Trazodone,0.2052803060055224,-0.9174581791776757,0.6636086059191467,0.205 (-0.917 to 0.664)
trt_043,Short-term psychodynamic psychotherapies individual,trt_047,Trazodone,0.39439249167456525,-0.477325484013186,0.8401855958960257,0.394 (-0.477 to 0.840)
trt_044,Short-term psychodynamic psychotherapies individual + AD,trt_047,Trazodone,0.2728116150573977,-1.1323778013887096,1.0063995504138916,0.273 (-1.132 to 1.006)
trt_045,TAU,trt_047,Trazodone,0.25675124253883364,-0.6483847931224824,0.6578382807631988,0.257 (-0.648 to 0.658)
trt_046,TCAs,trt_047,Trazodone,0.4191374412065113,-0.08132206156121116,0.658149263747846,0.419 (-0.081 to 0.658)
trt_048,Waitlist,trt_047,Trazodone,-0.3196965569473546,-1.7583331026197915,0.6530805910119216,-0.320 (-1.758 to 0.653)
trt_049,Yoga group,trt_047,Trazodone,0.5066555781008045,-0.48236343056335607,1.3041105611857706,0.507 (-0.482 to 1.304)
trt_050,Yoga group + AD,trt_047,Trazodone,0.9203140931105686,-0.03162556207397619,2.512603476560981,0.920 (-0.032 to 2.513)
trt_001,Acupuncture,trt_048,Waitlist,1.2419255654278036,0.5590960221082943,2.4294163112356566,1.242 (0.559 to 2.429)
trt_002,Acupuncture + AD,trt_048,Waitlist,1.6183346617101984,0.5591020367943775,3.2373918780421094,1.618 (0.559 to 3.237)
trt_003,Any AD,trt_048,Waitlist,0.9476122641699879,0.5554526597686156,1.8333244687418335,0.948 (0.555 to 1.833)
trt_004,Any psychotherapy,trt_048,Waitlist,0.43548868208437436,-0.7438492137831096,1.2769581018875755,0.435 (-0.744 to 1.277)
trt_005,Attention placebo,trt_048,Waitlist,0.39445403445367483,-0.6738256139304396,1.0372848788615951,0.394 (-0.674 to 1.037)
trt_006,Behavioural therapies individual,trt_048,Waitlist,0.21169941425707264,-0.9872160344155217,0.6772933035392971,0.212 (-0.987 to 0.677)
trt_007,Behavioural therapies individual + AD,trt_048,Waitlist,1.0743747092475733,0.5247988559359029,2.557389013404381,1.074 (0.525 to 2.557)
trt_008,Cognitive and cognitive behavioural therapies group,trt_048,Waitlist,1.2106507813123975,0.5590986810389655,2.3636930087156522,1.211 (0.559 to 2.364)
trt_009,Cognitive and cognitive behavioural therapies group + AD,trt_048,Waitlist,1.2805970334192682,0.5571703486633421,2.8979880261692306,1.281 (0.557 to 2.898)
trt_010,Cognitive and cognitive behavioural therapies individual,trt_048,Waitlist,1.1194219074796288,0.5591020367943775,2.0306318647658594,1.119 (0.559 to 2.031)
trt_011,Cognitive and cognitive behavioural therapies individual + AD,trt_048,Waitlist,1.4939630798954202,0.5591020367943775,2.963512071863648,1.494 (0.559 to 2.964)
trt_012,Cognitive and cognitive behavioural therapies individual + placebo,trt_048,Waitlist,1.4383717124199098,0.5589907507759192,3.1190951280175203,1.438 (0.559 to 3.119)
trt_013,Counselling individual,trt_048,Waitlist,1.0338634323597307,0.5579093923452602,2.0351672141429766,1.034 (0.558 to 2.035)
trt_014,Counselling individual + AD,trt_048,Waitlist,0.7721280718619592,-0.27309973125241116,2.1462772589874044,0.772 (-0.273 to 2.146)
trt_015,Counselling individual + placebo,trt_048,Waitlist,0.5994925297127046,-1.0458230139933469,2.2187314610340163,0.599 (-1.046 to 2.219)
trt_016,Exercise group,trt_048,Waitlist,1.1765049707542297,0.5582530983118378,2.4614557705976057,1.177 (0.558 to 2.461)
trt_017,Exercise group + AD,trt_048,Waitlist,2.461055773381204,0.5591020367943775,5.440475690764963,2.461 (0.559 to 5.440)
trt_018,Exercise individual,trt_048,Waitlist,1.1060482766943875,0.5571184024397923,2.316378263926551,1.106 (0.557 to 2.316)
trt_019,Exercise individual + AD,trt_048,Waitlist,1.4255912261963959,0.5589233536303423,3.105813994821563,1.426 (0.559 to 3.106)
trt_020,Interpersonal psychotherapy (IPT) individual,trt_048,Waitlist,0.9516025056112625,0.5479434240259219,1.9653098187800266,0.952 (0.548 to 1.965)
trt_021,Interpersonal psychotherapy (IPT) individual + AD,trt_048,Waitlist,1.0525845600417167,0.5537108775944621,2.244967025053599,1.053 (0.554 to 2.245)
trt_022,Interpersonal psychotherapy (IPT) individual + placebo,trt_048,Waitlist,0.9288625562753692,0.42068585497079797,2.0791320472246237,0.929 (0.421 to 2.079)
trt_023,Light therapy,trt_048,Waitlist,1.1639168599420642,0.5499353413282909,2.7313414461155427,1.164 (0.550 to 2.731)
trt_024,Light therapy + AD,trt_048,Waitlist,1.3141516145382801,0.5586288728081409,2.849399991209016,1.314 (0.559 to 2.849)
trt_025,Mindfulness or meditation group,trt_048,Waitlist,2.828165406413898,0.5591020367943775,6.31470531050876,2.828 (0.559 to 6.315)
trt_026,Mirtazapine,trt_048,Waitlist,1.0458537392896254,0.5589293032782432,1.9658323163192046,1.046 (0.559 to 1.966)
trt_027,Music therapy group,trt_048,Waitlist,1.0943771822270854,0.28200738186012275,2.877769715008238,1.094 (0.282 to 2.878)
trt_028,No treatment,trt_048,Waitlist,0.7619354655629783,0.4306609522283803,1.4099230515455736,0.762 (0.431 to 1.410)
trt_029,Peer support group,trt_048,Waitlist,1.2914809951194701,0.5510243490535242,3.171724331131886,1.291 (0.551 to 3.172)
trt_030,Peer support group + AD,trt_048,Waitlist,1.3519184682965475,0.5541505419823651,3.2827012984491386,1.352 (0.554 to 3.283)
trt_031,Placebo,trt_048,Waitlist,0.7406547264232545,0.4505425329057607,1.305956807845332,0.741 (0.451 to 1.306)
trt_032,Problem solving group,trt_048,Waitlist,2.2002242627699857,0.5591020367943775,4.597667082211788,2.200 (0.559 to 4.598)
trt_033,Problem solving individual,trt_048,Waitlist,1.1852336481233186,0.5590229312058563,2.349827709583874,1.185 (0.559 to 2.350)
trt_034,Psychoeducation group,trt_048,Waitlist,1.380374786749048,0.5555884460790462,3.3198315971388386,1.380 (0.556 to 3.320)
trt_035,Psychoeducation group + AD,trt_048,Waitlist,0.8596250778178248,0.015386353450801459,2.2123019052488972,0.860 (0.015 to 2.212)
trt_036,Relaxation individual + AD,trt_048,Waitlist,1.1192859693483772,0.5013568663195294,2.7619486257965353,1.119 (0.501 to 2.762)
trt_037,Relaxation individual + placebo,trt_048,Waitlist,0.8042008639847587,-0.11410219723299712,2.135747850876895,0.804 (-0.114 to 2.136)
trt_038,SNRIs,trt_048,Waitlist,1.0269285277275975,0.5589861446698376,1.8863669939268988,1.027 (0.559 to 1.886)
trt_039,SSRIs,trt_048,Waitlist,0.9988845361294564,0.5589432210077215,1.8144736253044327,0.999 (0.559 to 1.814)
trt_040,Self-help,trt_048,Waitlist,1.0023364394585754,0.5590229312058563,1.808915664486889,1.002 (0.559 to 1.809)
trt_041,Self-help with support,trt_048,Waitlist,0.9897119924266455,0.5587971882840023,1.8229968728323112,0.990 (0.559 to 1.823)
trt_042,Sham acupuncture,trt_048,Waitlist,0.8272337111262316,0.350820264441618,1.7482919907804495,0.827 (0.351 to 1.748)
trt_043,Short-term psychodynamic psychotherapies individual,trt_048,Waitlist,1.0163458967952745,0.5549006451026611,2.0800881737023573,1.016 (0.555 to 2.080)
trt_044,Short-term psychodynamic psychotherapies individual + AD,trt_048,Waitlist,0.8947650201781069,0.09871253856392827,2.2709896918242705,0.895 (0.099 to 2.271)
trt_045,TAU,trt_048,Waitlist,0.8787046476595428,0.5427540432468714,1.725260975343527,0.879 (0.543 to 1.725)
trt_046,TCAs,trt_048,Waitlist,1.0410908463272206,0.5590728948732734,1.9051185767984775,1.041 (0.559 to 1.905)
trt_047,Trazodone,trt_048,Waitlist,0.9242102532940638,0.5553478508856963,1.7583331026197913,0.924 (0.555 to 1.758)
trt_049,Yoga group,trt_048,Waitlist,1.1286089832215136,0.5547426161565324,2.4892183553577123,1.129 (0.555 to 2.489)
trt_050,Yoga group + AD,trt_048,Waitlist,1.5422674982312778,0.5571798220584516,3.7623005753141423,1.542 (0.557 to 3.762)
trt_001,Acupuncture,trt_049,Yoga group,0.41557343037964445,-0.7043852868726088,1.160126604967568,0.416 (-0.704 to 1.160)
trt_002,Acupuncture + AD,trt_049,Yoga group,0.7919825266620393,0.025962197821996442,1.9307052421378368,0.792 (0.026 to 1.931)
trt_003,Any AD,trt_049,Yoga group,0.12126012912182878,-1.290102598753198,0.6689832814258485,0.121 (-1.290 to 0.669)
trt_004,Any psychotherapy,trt_049,Yoga group,-0.3908634529637847,-2.6521491872669904,0.6543871003524683,-0.391 (-2.652 to 0.654)
trt_005,Attention placebo,trt_049,Yoga group,-0.4318981005944842,-2.6315511833931478,0.653599627548655,-0.432 (-2.632 to 0.654)
trt_006,Behavioural therapies individual,trt_049,Yoga group,-0.6146527207910863,-2.944314906537024,0.6531433156051203,-0.615 (-2.944 to 0.653)
trt_007,Behavioural therapies individual + AD,trt_049,Yoga group,0.24802257419941415,-1.3522690506016588,1.1435070573183583,0.248 (-1.352 to 1.144)
trt_008,Cognitive and cognitive behavioural therapies group,trt_049,Yoga group,0.38429864626423826,-0.7752410149005573,1.1059967214774054,0.384 (-0.775 to 1.106)
trt_009,Cognitive and cognitive behavioural therapies group + AD,trt_049,Yoga group,0.45424489837110915,-0.9059368635610661,1.504727547861868,0.454 (-0.906 to 1.505)
trt_010,Cognitive and cognitive behavioural therapies individual,trt_049,Yoga group,0.2930697724314697,-0.8715041238484319,0.8375851821947294,0.293 (-0.872 to 0.838)
trt_011,Cognitive and cognitive behavioural therapies individual + AD,trt_049,Yoga group,0.6676109448472611,-0.21721823290300854,1.6701171707989964,0.668 (-0.217 to 1.670)
trt_012,Cognitive and cognitive behavioural therapies individual + placebo,trt_049,Yoga group,0.6120195773717507,-0.5132721826685643,1.7470842609135104,0.612 (-0.513 to 1.747)
trt_013,Counselling individual,trt_049,Yoga group,0.2075112973115716,-1.1436284208780665,0.7635100948541339,0.208 (-1.144 to 0.764)
trt_014,Counselling individual + AD,trt_049,Yoga group,-0.05422406318619983,-2.1366231363520907,0.7043936769550432,-0.054 (-2.137 to 0.704)
trt_015,Counselling individual + placebo,trt_049,Yoga group,-0.22685960533545443,-2.864082748999678,0.7317926271484604,-0.227 (-2.864 to 0.732)
trt_016,Exercise group,trt_049,Yoga group,0.3501528357060707,-0.9349397496634319,1.1227277051619946,0.350 (-0.935 to 1.123)
trt_017,Exercise group + AD,trt_049,Yoga group,1.6347036383330449,0.5577573325458256,4.003181426395563,1.635 (0.558 to 4.003)
trt_018,Exercise individual,trt_049,Yoga group,0.27969614164622836,-1.066804823244873,0.9816983024664162,0.280 (-1.067 to 0.982)
trt_019,Exercise individual + AD,trt_049,Yoga group,0.5992390911482368,-0.5353664613780054,1.726247989413477,0.599 (-0.535 to 1.726)
trt_020,Interpersonal psychotherapy (IPT) individual,trt_049,Yoga group,0.1252503705631034,-1.3475997536072564,0.6810849508076631,0.125 (-1.348 to 0.681)
trt_021,Interpersonal psychotherapy (IPT) individual + AD,trt_049,Yoga group,0.22623242499355772,-1.2007038399117111,0.8941415305126765,0.226 (-1.201 to 0.894)
trt_022,Interpersonal psychotherapy (IPT) individual + placebo,trt_049,Yoga group,0.10251042122721013,-1.5018883594419488,0.7110139610127152,0.103 (-1.502 to 0.711)
trt_023,Light therapy,trt_049,Yoga group,0.33756472489390504,-1.1746798103405505,1.3128404942834593,0.338 (-1.175 to 1.313)
trt_024,Light therapy + AD,trt_049,Yoga group,0.4877994794901209,-0.7376965597683774,1.4646888979152841,0.488 (-0.738 to 1.465)
trt_025,Mindfulness or meditation group,trt_049,Yoga group,2.001813271365739,0.5589293032782432,4.869955098161099,2.002 (0.559 to 4.870)
trt_026,Mirtazapine,trt_049,Yoga group,0.21950160424146634,-1.0409070913802438,0.707426283566497,0.220 (-1.041 to 0.707)
trt_027,Music therapy group,trt_049,Yoga group,0.2680250471789263,-1.5641574702861463,1.4343147964652345,0.268 (-1.564 to 1.434)
trt_028,No treatment,trt_049,Yoga group,-0.06441666948518084,-1.6316213195192477,0.6549449538395972,-0.064 (-1.632 to 0.655)
trt_029,Peer support group,trt_049,Yoga group,0.465128860071311,-1.0902668050619577,1.7231498252492632,0.465 (-1.090 to 1.723)
trt_030,Peer support group + AD,trt_049,Yoga group,0.5255663332483885,-0.9648397891836131,1.8493683428775798,0.526 (-0.965 to 1.849)
trt_031,Placebo,trt_049,Yoga group,-0.08569740862490463,-1.6223641749866677,0.6541694613082067,-0.086 (-1.622 to 0.654)
trt_032,Problem solving group,trt_049,Yoga group,1.3738721277218267,0.5557562811746298,3.3007473498838142,1.374 (0.556 to 3.301)
trt_033,Problem solving individual,trt_049,Yoga group,0.3588815130751595,-0.8649272536260028,1.081802516270773,0.359 (-0.865 to 1.082)
trt_034,Psychoeducation group,trt_049,Yoga group,0.5540226517008887,-0.8879799293190973,1.8900956971867608,0.554 (-0.888 to 1.890)
trt_035,Psychoeducation group + AD,trt_049,Yoga group,0.03327294276966578,-1.8673583306732913,0.7958814624702334,0.033 (-1.867 to 0.796)
trt_036,Relaxation individual + AD,trt_049,Yoga group,0.29293383430021824,-1.3660708936946215,1.3279941015241465,0.293 (-1.366 to 1.328)
trt_037,Relaxation individual + placebo,trt_049,Yoga group,-0.022151271063400445,-1.9855862290841122,0.7041437303731327,-0.022 (-1.986 to 0.704)
trt_038,SNRIs,trt_049,Yoga group,0.20057639267943836,-1.0538962638928226,0.681700454277206,0.201 (-1.054 to 0.682)
trt_039,SSRIs,trt_049,Yoga group,0.17253240108129733,-1.1029780164640097,0.6699251407704093,0.173 (-1.103 to 0.670)
trt_040,Self-help,trt_049,Yoga group,0.17598430441041632,-1.1552733235455317,0.6813385999161863,0.176 (-1.155 to 0.681)
trt_041,Self-help with support,trt_049,Yoga group,0.16335985737848643,-1.1793345653318732,0.6778083475906035,0.163 (-1.179 to 0.678)
trt_042,Sham acupuncture,trt_049,Yoga group,8.815760780724897e-4,-1.6447510591963983,0.662001023667542,0.001 (-1.645 to 0.662)
trt_043,Short-term psychodynamic psychotherapies individual,trt_049,Yoga group,0.18999376174711538,-1.228299221109444,0.7698285099749086,0.190 (-1.228 to 0.770)
trt_044,Short-term psychodynamic psychotherapies individual + AD,trt_049,Yoga group,0.06841288512994778,-1.7794902601668454,0.8414680433110756,0.068 (-1.779 to 0.841)
trt_045,TAU,trt_049,Yoga group,0.0523525126113837,-1.439382274558585,0.6615080158344773,0.052 (-1.439 to 0.662)
trt_046,TCAs,trt_049,Yoga group,0.21473871127906147,-1.012843381730632,0.6865667890837065,0.215 (-1.013 to 0.687)
trt_047,Trazodone,trt_049,Yoga group,0.09785811824590471,-1.3041105611857708,0.6631413221689748,0.098 (-1.304 to 0.663)
trt_048,Waitlist,trt_049,Yoga group,-0.5240952868748044,-2.489218355357713,0.6530805910119216,-0.524 (-2.489 to 0.653)
trt_050,Yoga group + AD,trt_049,Yoga group,0.7159153631831187,-0.6578101055769576,2.3110157251883736,0.716 (-0.658 to 2.311)
trt_001,Acupuncture,trt_050,Yoga group + AD,0.001914915369880319,-1.9125913646795416,0.7121812165731434,0.002 (-1.913 to 0.712)
trt_002,Acupuncture + AD,trt_050,Yoga group + AD,0.37832401165227514,-1.154707087928531,1.4575696926753654,0.378 (-1.155 to 1.458)
trt_003,Any AD,trt_050,Yoga group + AD,-0.2923983858879353,-2.3485390026156026,0.6546887535134661,-0.292 (-2.349 to 0.655)
trt_004,Any psychotherapy,trt_050,Yoga group + AD,-0.8045219679735488,-3.7556199858717108,0.6534701944425244,-0.805 (-3.756 to 0.653)
trt_005,Attention placebo,trt_050,Yoga group + AD,-0.8455566156042483,-3.793948092958333,0.6533491761112544,-0.846 (-3.794 to 0.653)
trt_006,Behavioural therapies individual,trt_050,Yoga group + AD,-1.0283112358008506,-4.073973739507117,0.6531411550204614,-1.028 (-4.074 to 0.653)
trt_007,Behavioural therapies individual + AD,trt_050,Yoga group + AD,-0.16563594081035,-2.460082343121428,0.6790232848957041,-0.166 (-2.460 to 0.679)
trt_008,Cognitive and cognitive behavioural therapies group,trt_050,Yoga group + AD,-0.029359868745525847,-1.9597930348128065,0.6816369558015867,-0.029 (-1.960 to 0.682)
trt_009,Cognitive and cognitive behavioural therapies group + AD,trt_050,Yoga group + AD,0.040586383361345034,-1.9114373758405805,0.8691568128548576,0.041 (-1.911 to 0.869)
trt_010,Cognitive and cognitive behavioural therapies individual,trt_050,Yoga group + AD,-0.12058874257829447,-2.0773519033692884,0.6619181834288876,-0.121 (-2.077 to 0.662)
trt_011,Cognitive and cognitive behavioural therapies individual + AD,trt_050,Yoga group + AD,0.25395242983749705,-1.3762695624141794,1.1828651857796288,0.254 (-1.376 to 1.183)
trt_012,Cognitive and cognitive behavioural therapies individual + placebo,trt_050,Yoga group + AD,0.1983610623619866,-1.6432201377335196,1.213233912152905,0.198 (-1.643 to 1.213)
trt_013,Counselling individual,trt_050,Yoga group + AD,-0.20614721769819255,-2.340154889180845,0.6598150583479571,-0.206 (-2.340 to 0.660)
trt_014,Counselling individual + AD,trt_050,Yoga group + AD,-0.4678825781959639,-3.174438971355066,0.6578090307304567,-0.468 (-3.174 to 0.658)
trt_015,Counselling individual + placebo,trt_050,Yoga group + AD,-0.6405181203452186,-3.849261450656637,0.6592424358076113,-0.641 (-3.849 to 0.659)
trt_016,Exercise group,trt_050,Yoga group + AD,-0.06350567930369343,-2.1022009787204436,0.6832982472710927,-0.064 (-2.102 to 0.683)
trt_017,Exercise group + AD,trt_050,Yoga group + AD,1.2210451233232809,0.2162670473027426,3.4671559245982326,1.221 (0.216 to 3.467)
trt_018,Exercise individual,trt_050,Yoga group + AD,-0.1339623733635358,-2.237091064001413,0.6672788973248325,-0.134 (-2.237 to 0.667)
trt_019,Exercise individual + AD,trt_050,Yoga group + AD,0.18558057613847267,-1.6376929846102881,1.1697462842802804,0.186 (-1.638 to 1.170)
trt_020,Interpersonal psychotherapy (IPT) individual,trt_050,Yoga group + AD,-0.28840814444666074,-2.4795402566889755,0.6563415095491338,-0.288 (-2.480 to 0.656)
trt_021,Interpersonal psychotherapy (IPT) individual + AD,trt_050,Yoga group + AD,-0.1874260900162064,-2.2958696969363195,0.6611114749721934,-0.187 (-2.296 to 0.661)
trt_022,Interpersonal psychotherapy (IPT) individual + placebo,trt_050,Yoga group + AD,-0.31114809378255404,-2.610228768472496,0.657477956354892,-0.311 (-2.610 to 0.657)
trt_023,Light therapy,trt_050,Yoga group + AD,-0.07609379011585903,-2.299920560286046,0.7680474759473451,-0.076 (-2.300 to 0.768)
trt_024,Light therapy + AD,trt_050,Yoga group + AD,0.07414096448035676,-1.8783259439910787,0.9722860542066628,0.074 (-1.878 to 0.972)
trt_025,Mindfulness or meditation group,trt_050,Yoga group + AD,1.5881547563559748,0.5493757577119674,4.29835537417501,1.588 (0.549 to 4.298)
trt_026,Mirtazapine,trt_050,Yoga group + AD,-0.19415691076829777,-2.257134317886316,0.658816948958328,-0.194 (-2.257 to 0.659)
trt_027,Music therapy group,trt_050,Yoga group + AD,-0.14563346783083786,-2.657653077026762,0.8617029523143834,-0.146 (-2.658 to 0.862)
trt_028,No treatment,trt_050,Yoga group + AD,-0.47807518449494496,-2.8359431802453456,0.6538171075373485,-0.478 (-2.836 to 0.654)
trt_029,Peer support group,trt_050,Yoga group + AD,0.051470345061546845,-2.069868784409592,1.0658059354966423,0.051 (-2.070 to 1.066)
trt_030,Peer support group + AD,trt_050,Yoga group + AD,0.11190781823862442,-1.9512652303414904,1.1783904071775757,0.112 (-1.951 to 1.178)
trt_031,Placebo,trt_050,Yoga group + AD,-0.49935592363466874,-2.848536750678078,0.6536028622591418,-0.499 (-2.849 to 0.654)
trt_032,Problem solving group,trt_050,Yoga group + AD,0.9602136127120625,-0.20478241667750155,2.8225806624877237,0.960 (-0.205 to 2.823)
trt_033,Problem solving individual,trt_050,Yoga group + AD,-0.0547770019346047,-2.0591979967305507,0.6820992923985658,-0.055 (-2.059 to 0.682)
trt_034,Psychoeducation group,trt_050,Yoga group + AD,0.1403641366911246,-1.9820555728587692,1.3235066059898284,0.140 (-1.982 to 1.324)
trt_035,Psychoeducation group + AD,trt_050,Yoga group + AD,-0.38038557224009845,-2.8862994687776804,0.6582621321516643,-0.380 (-2.886 to 0.658)
trt_036,Relaxation individual + AD,trt_050,Yoga group + AD,-0.1207246807095459,-2.4606429025238565,0.7630727930419164,-0.121 (-2.461 to 0.763)
trt_037,Relaxation individual + placebo,trt_050,Yoga group + AD,-0.43580978607316456,-3.1025271096302265,0.6582661266121527,-0.436 (-3.103 to 0.658)
trt_038,SNRIs,trt_050,Yoga group + AD,-0.21308212233032575,-2.281513880531695,0.6574957466013448,-0.213 (-2.282 to 0.657)
trt_039,SSRIs,trt_050,Yoga group + AD,-0.24112611392846686,-2.3282870860209814,0.6565408881500929,-0.241 (-2.328 to 0.657)
trt_040,Self-help,trt_050,Yoga group + AD,-0.2376742105993478,-2.385804819822202,0.6577858525621515,-0.238 (-2.386 to 0.658)
trt_041,Self-help with support,trt_050,Yoga group + AD,-0.2502986576312777,-2.4025862684664507,0.657477956354892,-0.250 (-2.403 to 0.657)
trt_042,Sham acupuncture,trt_050,Yoga group + AD,-0.4127769389316916,-2.8237967894417664,0.6556132694304622,-0.413 (-2.824 to 0.656)
trt_043,Short-term psychodynamic psychotherapies individual,trt_050,Yoga group + AD,-0.22366475326264873,-2.4033196642658115,0.6595284260920778,-0.224 (-2.403 to 0.660)
trt_044,Short-term psychodynamic psychotherapies individual + AD,trt_050,Yoga group + AD,-0.34524562987981633,-2.8183694063621467,0.6592256207849546,-0.345 (-2.818 to 0.659)
trt_045,TAU,trt_050,Yoga group + AD,-0.3613060023983804,-2.6116862584816487,0.6549656442697923,-0.361 (-2.612 to 0.655)
trt_046,TCAs,trt_050,Yoga group + AD,-0.19891980373070267,-2.2470886322834716,0.65813380167694,-0.199 (-2.247 to 0.658)
trt_047,Trazodone,trt_050,Yoga group + AD,-0.3158003967638594,-2.512603476560981,0.6555899324602132,-0.316 (-2.513 to 0.656)
trt_048,Waitlist,trt_050,Yoga group + AD,-0.9377538018845686,-3.7623005753141423,0.6530832610268091,-0.938 (-3.762 to 0.653)
trt_049,Yoga group,trt_050,Yoga group + AD,-0.11140166683640948,-2.3110157251883745,0.6886967778310888,-0.111 (-2.311 to 0.689)
