t1,t2,network_estimate,estimate_norm,full_value,reduced_value,has_direct,contrast_type,removed_direct_comp,removed_direct_norm,n_removed_studies,change,abs_change
Cognitive and cognitive behavioural therapies individual,Waitlist,Cognitive and cognitive behavioural therapies individual:Waitlist,Cognitiveandcognitivebehaviouraltherapiesindividual:Waitlist,-1.827518,-1.82198,TRUE,has_direct(+indirect),Acupuncture + AD:SSRIs,Acupuncture+AD:SSRIs,6,0.00553800000000004,0.00553800000000004
Acupuncture,SSRIs,Acupuncture:SSRIs,Acupuncture:SSRIs,-0.919457,-0.915912,TRUE,has_direct(+indirect),Acupuncture + AD:SSRIs,Acupuncture+AD:SSRIs,6,0.00354500000000002,0.00354500000000002
Cognitive and cognitive behavioural therapies group,Waitlist,Cognitive and cognitive behavioural therapies group:Waitlist,Cognitiveandcognitivebehaviouraltherapiesgroup:Waitlist,-2.958528,-2.955653,TRUE,has_direct(+indirect),Acupuncture + AD:SSRIs,Acupuncture+AD:SSRIs,6,0.00287499999999996,0.00287499999999996
Placebo,SNRIs,Placebo:SNRIs,Placebo:SNRIs,0.740949,0.738151,TRUE,has_direct(+indirect),Acupuncture + AD:SSRIs,Acupuncture+AD:SSRIs,6,-0.00279799999999996,0.00279799999999996
Behavioural therapies individual,Cognitive and cognitive behavioural therapies individual,Behavioural therapies individual:Cognitive and cognitive behavioural therapies individual,Behaviouraltherapiesindividual:Cognitiveandcognitivebehaviouraltherapiesindividual,2.108881,2.106323,TRUE,has_direct(+indirect),Acupuncture + AD:SSRIs,Acupuncture+AD:SSRIs,6,-0.00255799999999961,0.00255799999999961
Problem solving group,Waitlist,Problem solving group:Waitlist,Problemsolvinggroup:Waitlist,-3.669046,-3.66659,TRUE,has_direct(+indirect),Acupuncture + AD:SSRIs,Acupuncture+AD:SSRIs,6,0.00245600000000001,0.00245600000000001
Acupuncture,Sham acupuncture,Acupuncture:Sham acupuncture,Acupuncture:Shamacupuncture,-0.531807,-0.530168,TRUE,has_direct(+indirect),Acupuncture + AD:SSRIs,Acupuncture+AD:SSRIs,6,0.00163900000000005,0.00163900000000005
Cognitive and cognitive behavioural therapies individual,Self-help,Cognitive and cognitive behavioural therapies individual:Self-help,Cognitiveandcognitivebehaviouraltherapiesindividual:Self-help,-0.398416,-0.397048,TRUE,has_direct(+indirect),Acupuncture + AD:SSRIs,Acupuncture+AD:SSRIs,6,0.00136799999999998,0.00136799999999998
Exercise individual,No treatment,Exercise individual:No treatment,Exerciseindividual:Notreatment,-0.632998,-0.631659,TRUE,has_direct(+indirect),Acupuncture + AD:SSRIs,Acupuncture+AD:SSRIs,6,0.00133899999999997,0.00133899999999997
Counselling individual,Problem solving individual,Counselling individual:Problem solving individual,Counsellingindividual:Problemsolvingindividual,0.613477,0.61221,TRUE,has_direct(+indirect),Acupuncture + AD:SSRIs,Acupuncture+AD:SSRIs,6,-0.00126700000000001,0.00126700000000001
Cognitive and cognitive behavioural therapies individual,Waitlist,Cognitive and cognitive behavioural therapies individual:Waitlist,Cognitiveandcognitivebehaviouraltherapiesindividual:Waitlist,-1.827518,-1.824195,TRUE,has_direct(+indirect),Acupuncture:SSRIs,Acupuncture:SSRIs,4,0.00332299999999996,0.00332299999999996
Cognitive and cognitive behavioural therapies group,Waitlist,Cognitive and cognitive behavioural therapies group:Waitlist,Cognitiveandcognitivebehaviouraltherapiesgroup:Waitlist,-2.958528,-2.956804,TRUE,has_direct(+indirect),Acupuncture:SSRIs,Acupuncture:SSRIs,4,0.00172399999999983,0.00172399999999983
Placebo,SNRIs,Placebo:SNRIs,Placebo:SNRIs,0.740949,0.739269,TRUE,has_direct(+indirect),Acupuncture:SSRIs,Acupuncture:SSRIs,4,-0.00168000000000001,0.00168000000000001
Behavioural therapies individual,Cognitive and cognitive behavioural therapies individual,Behavioural therapies individual:Cognitive and cognitive behavioural therapies individual,Behaviouraltherapiesindividual:Cognitiveandcognitivebehaviouraltherapiesindividual,2.108881,2.10735,TRUE,has_direct(+indirect),Acupuncture:SSRIs,Acupuncture:SSRIs,4,-0.00153099999999994,0.00153099999999994
Problem solving group,Waitlist,Problem solving group:Waitlist,Problemsolvinggroup:Waitlist,-3.669046,-3.667574,TRUE,has_direct(+indirect),Acupuncture:SSRIs,Acupuncture:SSRIs,4,0.00147199999999969,0.00147199999999969
Acupuncture,Sham acupuncture,Acupuncture:Sham acupuncture,Acupuncture:Shamacupuncture,-0.531807,-0.530827,TRUE,has_direct(+indirect),Acupuncture:SSRIs,Acupuncture:SSRIs,4,9.799999999999809e-4,9.799999999999809e-4
Cognitive and cognitive behavioural therapies individual,Self-help,Cognitive and cognitive behavioural therapies individual:Self-help,Cognitiveandcognitivebehaviouraltherapiesindividual:Self-help,-0.398416,-0.397599,TRUE,has_direct(+indirect),Acupuncture:SSRIs,Acupuncture:SSRIs,4,8.170000000000122e-4,8.170000000000122e-4
Exercise individual,No treatment,Exercise individual:No treatment,Exerciseindividual:Notreatment,-0.632998,-0.632197,TRUE,has_direct(+indirect),Acupuncture:SSRIs,Acupuncture:SSRIs,4,8.009999999999406e-4,8.009999999999406e-4
Counselling individual,Problem solving individual,Counselling individual:Problem solving individual,Counsellingindividual:Problemsolvingindividual,0.613477,0.61272,TRUE,has_direct(+indirect),Acupuncture:SSRIs,Acupuncture:SSRIs,4,-7.570000000000077e-4,7.570000000000077e-4
Self-help,Waitlist,Self-help:Waitlist,Self-help:Waitlist,-1.593253,-1.592589,TRUE,has_direct(+indirect),Acupuncture:SSRIs,Acupuncture:SSRIs,4,6.639999999999979e-4,6.639999999999979e-4
Cognitive and cognitive behavioural therapies individual,Waitlist,Cognitive and cognitive behavioural therapies individual:Waitlist,Cognitiveandcognitivebehaviouraltherapiesindividual:Waitlist,-1.827518,-1.826568,TRUE,has_direct(+indirect),Acupuncture:Sham acupuncture,Acupuncture:Shamacupuncture,4,9.500000000000064e-4,9.500000000000064e-4
Acupuncture,SSRIs,Acupuncture:SSRIs,Acupuncture:SSRIs,-0.919457,-0.918853,TRUE,has_direct(+indirect),Acupuncture:Sham acupuncture,Acupuncture:Shamacupuncture,4,6.039999999999379e-4,6.039999999999379e-4
Cognitive and cognitive behavioural therapies group,Waitlist,Cognitive and cognitive behavioural therapies group:Waitlist,Cognitiveandcognitivebehaviouraltherapiesgroup:Waitlist,-2.958528,-2.958036,TRUE,has_direct(+indirect),Acupuncture:Sham acupuncture,Acupuncture:Shamacupuncture,4,4.919999999999369e-4,4.919999999999369e-4
Placebo,SNRIs,Placebo:SNRIs,Placebo:SNRIs,0.740949,0.740469,TRUE,has_direct(+indirect),Acupuncture:Sham acupuncture,Acupuncture:Shamacupuncture,4,-4.79999999999925e-4,4.79999999999925e-4
Behavioural therapies individual,Cognitive and cognitive behavioural therapies individual,Behavioural therapies individual:Cognitive and cognitive behavioural therapies individual,Behaviouraltherapiesindividual:Cognitiveandcognitivebehaviouraltherapiesindividual,2.108881,2.108445,TRUE,has_direct(+indirect),Acupuncture:Sham acupuncture,Acupuncture:Shamacupuncture,4,-4.359999999996589e-4,4.359999999996589e-4
Problem solving group,Waitlist,Problem solving group:Waitlist,Problemsolvinggroup:Waitlist,-3.669046,-3.668626,TRUE,has_direct(+indirect),Acupuncture:Sham acupuncture,Acupuncture:Shamacupuncture,4,4.199999999996429e-4,4.199999999996429e-4
Cognitive and cognitive behavioural therapies individual,Self-help,Cognitive and cognitive behavioural therapies individual:Self-help,Cognitiveandcognitivebehaviouraltherapiesindividual:Self-help,-0.398416,-0.398184,TRUE,has_direct(+indirect),Acupuncture:Sham acupuncture,Acupuncture:Shamacupuncture,4,2.3200000000001e-4,2.3200000000001e-4
Exercise individual,No treatment,Exercise individual:No treatment,Exerciseindividual:Notreatment,-0.632998,-0.63277,TRUE,has_direct(+indirect),Acupuncture:Sham acupuncture,Acupuncture:Shamacupuncture,4,2.2799999999989495e-4,2.2799999999989495e-4
Counselling individual,Problem solving individual,Counselling individual:Problem solving individual,Counsellingindividual:Problemsolvingindividual,0.613477,0.613262,TRUE,has_direct(+indirect),Acupuncture:Sham acupuncture,Acupuncture:Shamacupuncture,4,-2.1500000000007624e-4,2.1500000000007624e-4
Self-help,Waitlist,Self-help:Waitlist,Self-help:Waitlist,-1.593253,-1.593064,TRUE,has_direct(+indirect),Acupuncture:Sham acupuncture,Acupuncture:Shamacupuncture,4,1.8899999999999473e-4,1.8899999999999473e-4
Cognitive and cognitive behavioural therapies individual,Waitlist,Cognitive and cognitive behavioural therapies individual:Waitlist,Cognitiveandcognitivebehaviouraltherapiesindividual:Waitlist,-1.827518,-1.827762,TRUE,has_direct(+indirect),Acupuncture:TCAs,Acupuncture:TCAs,1,-2.44000000000133e-4,2.44000000000133e-4
Acupuncture,SSRIs,Acupuncture:SSRIs,Acupuncture:SSRIs,-0.919457,-0.919612,TRUE,has_direct(+indirect),Acupuncture:TCAs,Acupuncture:TCAs,1,-1.5500000000001624e-4,1.5500000000001624e-4
Cognitive and cognitive behavioural therapies group,Waitlist,Cognitive and cognitive behavioural therapies group:Waitlist,Cognitiveandcognitivebehaviouraltherapiesgroup:Waitlist,-2.958528,-2.958655,TRUE,has_direct(+indirect),Acupuncture:TCAs,Acupuncture:TCAs,1,-1.2699999999998823e-4,1.2699999999998823e-4
Placebo,SNRIs,Placebo:SNRIs,Placebo:SNRIs,0.740949,0.741073,TRUE,has_direct(+indirect),Acupuncture:TCAs,Acupuncture:TCAs,1,1.24000000000013e-4,1.24000000000013e-4
Behavioural therapies individual,Cognitive and cognitive behavioural therapies individual,Behavioural therapies individual:Cognitive and cognitive behavioural therapies individual,Behaviouraltherapiesindividual:Cognitiveandcognitivebehaviouraltherapiesindividual,2.108881,2.108993,TRUE,has_direct(+indirect),Acupuncture:TCAs,Acupuncture:TCAs,1,1.12000000000112e-4,1.12000000000112e-4
Problem solving group,Waitlist,Problem solving group:Waitlist,Problemsolvinggroup:Waitlist,-3.669046,-3.669154,TRUE,has_direct(+indirect),Acupuncture:TCAs,Acupuncture:TCAs,1,-1.07999999999997e-4,1.07999999999997e-4
Acupuncture,Sham acupuncture,Acupuncture:Sham acupuncture,Acupuncture:Shamacupuncture,-0.531807,-0.531878,TRUE,has_direct(+indirect),Acupuncture:TCAs,Acupuncture:TCAs,1,-7.099999999993223e-5,7.099999999993223e-5
Exercise individual,No treatment,Exercise individual:No treatment,Exerciseindividual:Notreatment,-0.632998,-0.633057,TRUE,has_direct(+indirect),Acupuncture:TCAs,Acupuncture:TCAs,1,-5.900000000003125e-5,5.900000000003125e-5
Cognitive and cognitive behavioural therapies individual,Self-help,Cognitive and cognitive behavioural therapies individual:Self-help,Cognitiveandcognitivebehaviouraltherapiesindividual:Self-help,-0.398416,-0.398475,TRUE,has_direct(+indirect),Acupuncture:TCAs,Acupuncture:TCAs,1,-5.900000000003125e-5,5.900000000003125e-5
Counselling individual,Problem solving individual,Counselling individual:Problem solving individual,Counsellingindividual:Problemsolvingindividual,0.613477,0.613533,TRUE,has_direct(+indirect),Acupuncture:TCAs,Acupuncture:TCAs,1,5.599999999994498e-5,5.599999999994498e-5
Acupuncture,Sham acupuncture,Acupuncture:Sham acupuncture,Acupuncture:Shamacupuncture,-0.531807,-0.749834,TRUE,has_direct(+indirect),Acupuncture:Waitlist,Acupuncture:Waitlist,1,-0.21802699999999997,0.21802699999999997
Cognitive and cognitive behavioural therapies individual,Waitlist,Cognitive and cognitive behavioural therapies individual:Waitlist,Cognitiveandcognitivebehaviouraltherapiesindividual:Waitlist,-1.827518,-1.826727,TRUE,has_direct(+indirect),Acupuncture:Waitlist,Acupuncture:Waitlist,1,7.909999999999862e-4,7.909999999999862e-4
Acupuncture,SSRIs,Acupuncture:SSRIs,Acupuncture:SSRIs,-0.919457,-0.918954,TRUE,has_direct(+indirect),Acupuncture:Waitlist,Acupuncture:Waitlist,1,5.029999999999202e-4,5.029999999999202e-4
Cognitive and cognitive behavioural therapies group,Waitlist,Cognitive and cognitive behavioural therapies group:Waitlist,Cognitiveandcognitivebehaviouraltherapiesgroup:Waitlist,-2.958528,-2.958118,TRUE,has_direct(+indirect),Acupuncture:Waitlist,Acupuncture:Waitlist,1,4.1000000000002146e-4,4.1000000000002146e-4
Placebo,SNRIs,Placebo:SNRIs,Placebo:SNRIs,0.740949,0.740549,TRUE,has_direct(+indirect),Acupuncture:Waitlist,Acupuncture:Waitlist,1,-3.9999999999995595e-4,3.9999999999995595e-4
Behavioural therapies individual,Cognitive and cognitive behavioural therapies individual,Behavioural therapies individual:Cognitive and cognitive behavioural therapies individual,Behaviouraltherapiesindividual:Cognitiveandcognitivebehaviouraltherapiesindividual,2.108881,2.108518,TRUE,has_direct(+indirect),Acupuncture:Waitlist,Acupuncture:Waitlist,1,-3.6299999999966914e-4,3.6299999999966914e-4
Problem solving group,Waitlist,Problem solving group:Waitlist,Problemsolvinggroup:Waitlist,-3.669046,-3.668696,TRUE,has_direct(+indirect),Acupuncture:Waitlist,Acupuncture:Waitlist,1,3.499999999996284e-4,3.499999999996284e-4
Cognitive and cognitive behavioural therapies individual,Self-help,Cognitive and cognitive behavioural therapies individual:Self-help,Cognitiveandcognitivebehaviouraltherapiesindividual:Self-help,-0.398416,-0.398222,TRUE,has_direct(+indirect),Acupuncture:Waitlist,Acupuncture:Waitlist,1,1.9399999999997197e-4,1.9399999999997197e-4
Exercise individual,No treatment,Exercise individual:No treatment,Exerciseindividual:Notreatment,-0.632998,-0.632808,TRUE,has_direct(+indirect),Acupuncture:Waitlist,Acupuncture:Waitlist,1,1.899999999999125e-4,1.899999999999125e-4
Counselling individual,Problem solving individual,Counselling individual:Problem solving individual,Counsellingindividual:Problemsolvingindividual,0.613477,0.613298,TRUE,has_direct(+indirect),Acupuncture:Waitlist,Acupuncture:Waitlist,1,-1.7900000000004024e-4,1.7900000000004024e-4
Cognitive and cognitive behavioural therapies individual,Waitlist,Cognitive and cognitive behavioural therapies individual:Waitlist,Cognitiveandcognitivebehaviouraltherapiesindividual:Waitlist,-1.827518,-1.827575,TRUE,has_direct(+indirect),Any AD:Cognitive and cognitive behavioural therapies group,AnyAD:Cognitiveandcognitivebehaviouraltherapiesgroup,1,-5.699999999997374e-5,5.699999999997374e-5
Acupuncture,SSRIs,Acupuncture:SSRIs,Acupuncture:SSRIs,-0.919457,-0.919493,TRUE,has_direct(+indirect),Any AD:Cognitive and cognitive behavioural therapies group,AnyAD:Cognitiveandcognitivebehaviouraltherapiesgroup,1,-3.6000000000036e-5,3.6000000000036e-5
Cognitive and cognitive behavioural therapies group,Waitlist,Cognitive and cognitive behavioural therapies group:Waitlist,Cognitiveandcognitivebehaviouraltherapiesgroup:Waitlist,-2.958528,-2.958558,TRUE,has_direct(+indirect),Any AD:Cognitive and cognitive behavioural therapies group,AnyAD:Cognitiveandcognitivebehaviouraltherapiesgroup,1,-3.0000000000196536e-5,3.0000000000196536e-5
Placebo,SNRIs,Placebo:SNRIs,Placebo:SNRIs,0.740949,0.740978,TRUE,has_direct(+indirect),Any AD:Cognitive and cognitive behavioural therapies group,AnyAD:Cognitiveandcognitivebehaviouraltherapiesgroup,1,2.900000000005676e-5,2.900000000005676e-5
Behavioural therapies individual,Cognitive and cognitive behavioural therapies individual,Behavioural therapies individual:Cognitive and cognitive behavioural therapies individual,Behaviouraltherapiesindividual:Cognitiveandcognitivebehaviouraltherapiesindividual,2.108881,2.108907,TRUE,has_direct(+indirect),Any AD:Cognitive and cognitive behavioural therapies group,AnyAD:Cognitiveandcognitivebehaviouraltherapiesgroup,1,2.6000000000081513e-5,2.6000000000081513e-5
Problem solving group,Waitlist,Problem solving group:Waitlist,Problemsolvinggroup:Waitlist,-3.669046,-3.669072,TRUE,has_direct(+indirect),Any AD:Cognitive and cognitive behavioural therapies group,AnyAD:Cognitiveandcognitivebehaviouraltherapiesgroup,1,-2.6000000000081513e-5,2.6000000000081513e-5
Acupuncture,Sham acupuncture,Acupuncture:Sham acupuncture,Acupuncture:Shamacupuncture,-0.531807,-0.531824,TRUE,has_direct(+indirect),Any AD:Cognitive and cognitive behavioural therapies group,AnyAD:Cognitiveandcognitivebehaviouraltherapiesgroup,1,-1.6999999999933735e-5,1.6999999999933735e-5
Exercise individual,No treatment,Exercise individual:No treatment,Exerciseindividual:Notreatment,-0.632998,-0.633012,TRUE,has_direct(+indirect),Any AD:Cognitive and cognitive behavioural therapies group,AnyAD:Cognitiveandcognitivebehaviouraltherapiesgroup,1,-1.4000000000069512e-5,1.4000000000069512e-5
Cognitive and cognitive behavioural therapies individual,Self-help,Cognitive and cognitive behavioural therapies individual:Self-help,Cognitiveandcognitivebehaviouraltherapiesindividual:Self-help,-0.398416,-0.39843,TRUE,has_direct(+indirect),Any AD:Cognitive and cognitive behavioural therapies group,AnyAD:Cognitiveandcognitivebehaviouraltherapiesgroup,1,-1.4000000000014e-5,1.4000000000014e-5
Counselling individual,Problem solving individual,Counselling individual:Problem solving individual,Counsellingindividual:Problemsolvingindividual,0.613477,0.61349,TRUE,has_direct(+indirect),Any AD:Cognitive and cognitive behavioural therapies group,AnyAD:Cognitiveandcognitivebehaviouraltherapiesgroup,1,1.2999999999929734e-5,1.2999999999929734e-5
Cognitive and cognitive behavioural therapies individual,Waitlist,Cognitive and cognitive behavioural therapies individual:Waitlist,Cognitiveandcognitivebehaviouraltherapiesindividual:Waitlist,-1.827518,-1.827745,TRUE,has_direct(+indirect),Any AD:Cognitive and cognitive behavioural therapies group + AD,AnyAD:Cognitiveandcognitivebehaviouraltherapiesgroup+AD,2,-2.269999999999772e-4,2.269999999999772e-4
Acupuncture,SSRIs,Acupuncture:SSRIs,Acupuncture:SSRIs,-0.919457,-0.919602,TRUE,has_direct(+indirect),Any AD:Cognitive and cognitive behavioural therapies group + AD,AnyAD:Cognitiveandcognitivebehaviouraltherapiesgroup+AD,2,-1.4500000000006177e-4,1.4500000000006177e-4
Cognitive and cognitive behavioural therapies group,Waitlist,Cognitive and cognitive behavioural therapies group:Waitlist,Cognitiveandcognitivebehaviouraltherapiesgroup:Waitlist,-2.958528,-2.958646,TRUE,has_direct(+indirect),Any AD:Cognitive and cognitive behavioural therapies group + AD,AnyAD:Cognitiveandcognitivebehaviouraltherapiesgroup+AD,2,-1.180000000000625e-4,1.180000000000625e-4
Placebo,SNRIs,Placebo:SNRIs,Placebo:SNRIs,0.740949,0.741064,TRUE,has_direct(+indirect),Any AD:Cognitive and cognitive behavioural therapies group + AD,AnyAD:Cognitiveandcognitivebehaviouraltherapiesgroup+AD,2,1.1499999999997625e-4,1.1499999999997625e-4
Behavioural therapies individual,Cognitive and cognitive behavioural therapies individual,Behavioural therapies individual:Cognitive and cognitive behavioural therapies individual,Behaviouraltherapiesindividual:Cognitiveandcognitivebehaviouraltherapiesindividual,2.108881,2.108985,TRUE,has_direct(+indirect),Any AD:Cognitive and cognitive behavioural therapies group + AD,AnyAD:Cognitiveandcognitivebehaviouraltherapiesgroup+AD,2,1.0400000000032604e-4,1.0400000000032604e-4
Problem solving group,Waitlist,Problem solving group:Waitlist,Problemsolvinggroup:Waitlist,-3.669046,-3.669147,TRUE,has_direct(+indirect),Any AD:Cognitive and cognitive behavioural therapies group + AD,AnyAD:Cognitiveandcognitivebehaviouraltherapiesgroup+AD,2,-1.010000000003508e-4,1.010000000003508e-4
Acupuncture,Sham acupuncture,Acupuncture:Sham acupuncture,Acupuncture:Shamacupuncture,-0.531807,-0.531874,TRUE,has_direct(+indirect),Any AD:Cognitive and cognitive behavioural therapies group + AD,AnyAD:Cognitiveandcognitivebehaviouraltherapiesgroup+AD,2,-6.699999999992823e-5,6.699999999992823e-5
Exercise individual,No treatment,Exercise individual:No treatment,Exerciseindividual:Notreatment,-0.632998,-0.633053,TRUE,has_direct(+indirect),Any AD:Cognitive and cognitive behavioural therapies group + AD,AnyAD:Cognitiveandcognitivebehaviouraltherapiesgroup+AD,2,-5.500000000002725e-5,5.500000000002725e-5
Cognitive and cognitive behavioural therapies individual,Self-help,Cognitive and cognitive behavioural therapies individual:Self-help,Cognitiveandcognitivebehaviouraltherapiesindividual:Self-help,-0.398416,-0.398471,TRUE,has_direct(+indirect),Any AD:Cognitive and cognitive behavioural therapies group + AD,AnyAD:Cognitiveandcognitivebehaviouraltherapiesgroup+AD,2,-5.500000000002725e-5,5.500000000002725e-5
Counselling individual,Problem solving individual,Counselling individual:Problem solving individual,Counsellingindividual:Problemsolvingindividual,0.613477,0.613529,TRUE,has_direct(+indirect),Any AD:Cognitive and cognitive behavioural therapies group + AD,AnyAD:Cognitiveandcognitivebehaviouraltherapiesgroup+AD,2,5.199999999994098e-5,5.199999999994098e-5
Any AD,Interpersonal psychotherapy (IPT) individual,Any AD:Interpersonal psychotherapy (IPT) individual,AnyAD:Interpersonalpsychotherapy(IPT)individual,-0.173851,0.362091,TRUE,has_direct(+indirect),Any AD:Cognitive and cognitive behavioural therapies individual,AnyAD:Cognitiveandcognitivebehaviouraltherapiesindividual,3,0.535942,0.535942
Cognitive and cognitive behavioural therapies individual,Interpersonal psychotherapy (IPT) individual,Cognitive and cognitive behavioural therapies individual:Interpersonal psychotherapy (IPT) individual,Cognitiveandcognitivebehaviouraltherapiesindividual:Interpersonalpsychotherapy(IPT)individual,-0.061031,0.131878,TRUE,has_direct(+indirect),Any AD:Cognitive and cognitive behavioural therapies individual,AnyAD:Cognitiveandcognitivebehaviouraltherapiesindividual,3,0.192909,0.192909
Cognitive and cognitive behavioural therapies individual,Waitlist,Cognitive and cognitive behavioural therapies individual:Waitlist,Cognitiveandcognitivebehaviouraltherapiesindividual:Waitlist,-1.827518,-1.8279860000000001,TRUE,has_direct(+indirect),Any AD:Cognitive and cognitive behavioural therapies individual,AnyAD:Cognitiveandcognitivebehaviouraltherapiesindividual,3,-4.68000000000135e-4,4.68000000000135e-4
Acupuncture,SSRIs,Acupuncture:SSRIs,Acupuncture:SSRIs,-0.919457,-0.919754,TRUE,has_direct(+indirect),Any AD:Cognitive and cognitive behavioural therapies individual,AnyAD:Cognitiveandcognitivebehaviouraltherapiesindividual,3,-2.969999999999917e-4,2.969999999999917e-4
Cognitive and cognitive behavioural therapies group,Waitlist,Cognitive and cognitive behavioural therapies group:Waitlist,Cognitiveandcognitivebehaviouraltherapiesgroup:Waitlist,-2.958528,-2.958771,TRUE,has_direct(+indirect),Any AD:Cognitive and cognitive behavioural therapies individual,AnyAD:Cognitiveandcognitivebehaviouraltherapiesindividual,3,-2.430000000002153e-4,2.430000000002153e-4
Placebo,SNRIs,Placebo:SNRIs,Placebo:SNRIs,0.740949,0.741186,TRUE,has_direct(+indirect),Any AD:Cognitive and cognitive behavioural therapies individual,AnyAD:Cognitiveandcognitivebehaviouraltherapiesindividual,3,2.3700000000004273e-4,2.3700000000004273e-4
Behavioural therapies individual,Cognitive and cognitive behavioural therapies individual,Behavioural therapies individual:Cognitive and cognitive behavioural therapies individual,Behaviouraltherapiesindividual:Cognitiveandcognitivebehaviouraltherapiesindividual,2.108881,2.109096,TRUE,has_direct(+indirect),Any AD:Cognitive and cognitive behavioural therapies individual,AnyAD:Cognitiveandcognitivebehaviouraltherapiesindividual,3,2.1500000000029829e-4,2.1500000000029829e-4
Problem solving group,Waitlist,Problem solving group:Waitlist,Problemsolvinggroup:Waitlist,-3.669046,-3.669253,TRUE,has_direct(+indirect),Any AD:Cognitive and cognitive behavioural therapies individual,AnyAD:Cognitiveandcognitivebehaviouraltherapiesindividual,3,-2.0700000000006824e-4,2.0700000000006824e-4
Acupuncture,Sham acupuncture,Acupuncture:Sham acupuncture,Acupuncture:Shamacupuncture,-0.531807,-0.531944,TRUE,has_direct(+indirect),Any AD:Cognitive and cognitive behavioural therapies individual,AnyAD:Cognitiveandcognitivebehaviouraltherapiesindividual,3,-1.3699999999994272e-4,1.3699999999994272e-4
Cognitive and cognitive behavioural therapies individual,Self-help,Cognitive and cognitive behavioural therapies individual:Self-help,Cognitiveandcognitivebehaviouraltherapiesindividual:Self-help,-0.398416,-0.39853,TRUE,has_direct(+indirect),Any AD:Cognitive and cognitive behavioural therapies individual,AnyAD:Cognitiveandcognitivebehaviouraltherapiesindividual,3,-1.14000000000003e-4,1.14000000000003e-4
Cognitive and cognitive behavioural therapies individual,Waitlist,Cognitive and cognitive behavioural therapies individual:Waitlist,Cognitiveandcognitivebehaviouraltherapiesindividual:Waitlist,-1.827518,-1.825244,TRUE,has_direct(+indirect),Any AD:Cognitive and cognitive behavioural therapies individual + AD,AnyAD:Cognitiveandcognitivebehaviouraltherapiesindividual+AD,1,0.00227399999999988,0.00227399999999988
Acupuncture,SSRIs,Acupuncture:SSRIs,Acupuncture:SSRIs,-0.919457,-0.918007,TRUE,has_direct(+indirect),Any AD:Cognitive and cognitive behavioural therapies individual + AD,AnyAD:Cognitiveandcognitivebehaviouraltherapiesindividual+AD,1,0.00144999999999995,0.00144999999999995
Cognitive and cognitive behavioural therapies group,Waitlist,Cognitive and cognitive behavioural therapies group:Waitlist,Cognitiveandcognitivebehaviouraltherapiesgroup:Waitlist,-2.958528,-2.957349,TRUE,has_direct(+indirect),Any AD:Cognitive and cognitive behavioural therapies individual + AD,AnyAD:Cognitiveandcognitivebehaviouraltherapiesindividual+AD,1,0.00117900000000004,0.00117900000000004
Placebo,SNRIs,Placebo:SNRIs,Placebo:SNRIs,0.740949,0.739799,TRUE,has_direct(+indirect),Any AD:Cognitive and cognitive behavioural therapies individual + AD,AnyAD:Cognitiveandcognitivebehaviouraltherapiesindividual+AD,1,-0.00114999999999998,0.00114999999999998
Behavioural therapies individual,Cognitive and cognitive behavioural therapies individual,Behavioural therapies individual:Cognitive and cognitive behavioural therapies individual,Behaviouraltherapiesindividual:Cognitiveandcognitivebehaviouraltherapiesindividual,2.108881,2.107835,TRUE,has_direct(+indirect),Any AD:Cognitive and cognitive behavioural therapies individual + AD,AnyAD:Cognitiveandcognitivebehaviouraltherapiesindividual+AD,1,-0.00104599999999965,0.00104599999999965
Problem solving group,Waitlist,Problem solving group:Waitlist,Problemsolvinggroup:Waitlist,-3.669046,-3.668039,TRUE,has_direct(+indirect),Any AD:Cognitive and cognitive behavioural therapies individual + AD,AnyAD:Cognitiveandcognitivebehaviouraltherapiesindividual+AD,1,0.00100699999999998,0.00100699999999998
Acupuncture,Sham acupuncture,Acupuncture:Sham acupuncture,Acupuncture:Shamacupuncture,-0.531807,-0.531137,TRUE,has_direct(+indirect),Any AD:Cognitive and cognitive behavioural therapies individual + AD,AnyAD:Cognitiveandcognitivebehaviouraltherapiesindividual+AD,1,6.700000000000594e-4,6.700000000000594e-4
Cognitive and cognitive behavioural therapies individual,Self-help,Cognitive and cognitive behavioural therapies individual:Self-help,Cognitiveandcognitivebehaviouraltherapiesindividual:Self-help,-0.398416,-0.397858,TRUE,has_direct(+indirect),Any AD:Cognitive and cognitive behavioural therapies individual + AD,AnyAD:Cognitiveandcognitivebehaviouraltherapiesindividual+AD,1,5.580000000000029e-4,5.580000000000029e-4
Exercise individual,No treatment,Exercise individual:No treatment,Exerciseindividual:Notreatment,-0.632998,-0.63245,TRUE,has_direct(+indirect),Any AD:Cognitive and cognitive behavioural therapies individual + AD,AnyAD:Cognitiveandcognitivebehaviouraltherapiesindividual+AD,1,5.479999999999929e-4,5.479999999999929e-4
Counselling individual,Problem solving individual,Counselling individual:Problem solving individual,Counsellingindividual:Problemsolvingindividual,0.613477,0.61296,TRUE,has_direct(+indirect),Any AD:Cognitive and cognitive behavioural therapies individual + AD,AnyAD:Cognitiveandcognitivebehaviouraltherapiesindividual+AD,1,-5.170000000001007e-4,5.170000000001007e-4
Cognitive and cognitive behavioural therapies individual,Waitlist,Cognitive and cognitive behavioural therapies individual:Waitlist,Cognitiveandcognitivebehaviouraltherapiesindividual:Waitlist,-1.827518,-1.826861,TRUE,has_direct(+indirect),Any AD:Exercise individual + AD,AnyAD:Exerciseindividual+AD,1,6.569999999999077e-4,6.569999999999077e-4
Acupuncture,SSRIs,Acupuncture:SSRIs,Acupuncture:SSRIs,-0.919457,-0.919039,TRUE,has_direct(+indirect),Any AD:Exercise individual + AD,AnyAD:Exerciseindividual+AD,1,4.179999999999184e-4,4.179999999999184e-4
Cognitive and cognitive behavioural therapies group,Waitlist,Cognitive and cognitive behavioural therapies group:Waitlist,Cognitiveandcognitivebehaviouraltherapiesgroup:Waitlist,-2.958528,-2.958188,TRUE,has_direct(+indirect),Any AD:Exercise individual + AD,AnyAD:Exerciseindividual+AD,1,3.4000000000000696e-4,3.4000000000000696e-4
Placebo,SNRIs,Placebo:SNRIs,Placebo:SNRIs,0.740949,0.740617,TRUE,has_direct(+indirect),Any AD:Exercise individual + AD,AnyAD:Exerciseindividual+AD,1,-3.3199999999999896e-4,3.3199999999999896e-4
Behavioural therapies individual,Cognitive and cognitive behavioural therapies individual,Behavioural therapies individual:Cognitive and cognitive behavioural therapies individual,Behaviouraltherapiesindividual:Cognitiveandcognitivebehaviouraltherapiesindividual,2.108881,2.108579,TRUE,has_direct(+indirect),Any AD:Exercise individual + AD,AnyAD:Exerciseindividual+AD,1,-3.019999999995804e-4,3.019999999995804e-4
Problem solving group,Waitlist,Problem solving group:Waitlist,Problemsolvinggroup:Waitlist,-3.669046,-3.668755,TRUE,has_direct(+indirect),Any AD:Exercise individual + AD,AnyAD:Exerciseindividual+AD,1,2.909999999998192e-4,2.909999999998192e-4
Acupuncture,Sham acupuncture,Acupuncture:Sham acupuncture,Acupuncture:Shamacupuncture,-0.531807,-0.531614,TRUE,has_direct(+indirect),Any AD:Exercise individual + AD,AnyAD:Exerciseindividual+AD,1,1.9299999999999873e-4,1.9299999999999873e-4
Cognitive and cognitive behavioural therapies individual,Self-help,Cognitive and cognitive behavioural therapies individual:Self-help,Cognitiveandcognitivebehaviouraltherapiesindividual:Self-help,-0.398416,-0.398255,TRUE,has_direct(+indirect),Any AD:Exercise individual + AD,AnyAD:Exerciseindividual+AD,1,1.6099999999996673e-4,1.6099999999996673e-4
Exercise individual,No treatment,Exercise individual:No treatment,Exerciseindividual:Notreatment,-0.632998,-0.63284,TRUE,has_direct(+indirect),Any AD:Exercise individual + AD,AnyAD:Exerciseindividual+AD,1,1.5799999999999148e-4,1.5799999999999148e-4
Counselling individual,Problem solving individual,Counselling individual:Problem solving individual,Counsellingindividual:Problemsolvingindividual,0.613477,0.613328,TRUE,has_direct(+indirect),Any AD:Exercise individual + AD,AnyAD:Exerciseindividual+AD,1,-1.4900000000006575e-4,1.4900000000006575e-4
Any AD,Interpersonal psychotherapy (IPT) individual + AD,Any AD:Interpersonal psychotherapy (IPT) individual + AD,AnyAD:Interpersonalpsychotherapy(IPT)individual+AD,0.18278,-0.31382,TRUE,has_direct(+indirect),Any AD:Interpersonal psychotherapy (IPT) individual,AnyAD:Interpersonalpsychotherapy(IPT)individual,2,-0.4966,0.4966
Cognitive and cognitive behavioural therapies individual,Interpersonal psychotherapy (IPT) individual,Cognitive and cognitive behavioural therapies individual:Interpersonal psychotherapy (IPT) individual,Cognitiveandcognitivebehaviouraltherapiesindividual:Interpersonalpsychotherapy(IPT)individual,-0.061031,0.131878,TRUE,has_direct(+indirect),Any AD:Interpersonal psychotherapy (IPT) individual,AnyAD:Interpersonalpsychotherapy(IPT)individual,2,0.192909,0.192909
Any AD,Cognitive and cognitive behavioural therapies individual,Any AD:Cognitive and cognitive behavioural therapies individual,AnyAD:Cognitiveandcognitivebehaviouraltherapiesindividual,-0.452206,-0.439976,TRUE,has_direct(+indirect),Any AD:Interpersonal psychotherapy (IPT) individual,AnyAD:Interpersonalpsychotherapy(IPT)individual,2,0.01223000000000001,0.01223000000000001
Cognitive and cognitive behavioural therapies individual,Waitlist,Cognitive and cognitive behavioural therapies individual:Waitlist,Cognitiveandcognitivebehaviouraltherapiesindividual:Waitlist,-1.827518,-1.827914,TRUE,has_direct(+indirect),Any AD:Interpersonal psychotherapy (IPT) individual,AnyAD:Interpersonalpsychotherapy(IPT)individual,2,-3.9600000000006297e-4,3.9600000000006297e-4
Acupuncture,SSRIs,Acupuncture:SSRIs,Acupuncture:SSRIs,-0.919457,-0.919709,TRUE,has_direct(+indirect),Any AD:Interpersonal psychotherapy (IPT) individual,AnyAD:Interpersonalpsychotherapy(IPT)individual,2,-2.5200000000003e-4,2.5200000000003e-4
Cognitive and cognitive behavioural therapies group,Waitlist,Cognitive and cognitive behavioural therapies group:Waitlist,Cognitiveandcognitivebehaviouraltherapiesgroup:Waitlist,-2.958528,-2.958733,TRUE,has_direct(+indirect),Any AD:Interpersonal psychotherapy (IPT) individual,AnyAD:Interpersonalpsychotherapy(IPT)individual,2,-2.0500000000023275e-4,2.0500000000023275e-4
Placebo,SNRIs,Placebo:SNRIs,Placebo:SNRIs,0.740949,0.741149,TRUE,has_direct(+indirect),Any AD:Interpersonal psychotherapy (IPT) individual,AnyAD:Interpersonalpsychotherapy(IPT)individual,2,1.9999999999997797e-4,1.9999999999997797e-4
Behavioural therapies individual,Cognitive and cognitive behavioural therapies individual,Behavioural therapies individual:Cognitive and cognitive behavioural therapies individual,Behaviouraltherapiesindividual:Cognitiveandcognitivebehaviouraltherapiesindividual,2.108881,2.109063,TRUE,has_direct(+indirect),Any AD:Interpersonal psychotherapy (IPT) individual,AnyAD:Interpersonalpsychotherapy(IPT)individual,2,1.820000000001265e-4,1.820000000001265e-4
Problem solving group,Waitlist,Problem solving group:Waitlist,Problemsolvinggroup:Waitlist,-3.669046,-3.669221,TRUE,has_direct(+indirect),Any AD:Interpersonal psychotherapy (IPT) individual,AnyAD:Interpersonalpsychotherapy(IPT)individual,2,-1.7500000000003624e-4,1.7500000000003624e-4
Acupuncture,Sham acupuncture,Acupuncture:Sham acupuncture,Acupuncture:Shamacupuncture,-0.531807,-0.531923,TRUE,has_direct(+indirect),Any AD:Interpersonal psychotherapy (IPT) individual,AnyAD:Interpersonalpsychotherapy(IPT)individual,2,-1.16000000000005e-4,1.16000000000005e-4
Any AD,Interpersonal psychotherapy (IPT) individual,Any AD:Interpersonal psychotherapy (IPT) individual,AnyAD:Interpersonalpsychotherapy(IPT)individual,-0.173851,-0.743028,TRUE,has_direct(+indirect),Any AD:Interpersonal psychotherapy (IPT) individual + AD,AnyAD:Interpersonalpsychotherapy(IPT)individual+AD,2,-0.569177,0.569177
Cognitive and cognitive behavioural therapies individual,Waitlist,Cognitive and cognitive behavioural therapies individual:Waitlist,Cognitiveandcognitivebehaviouraltherapiesindividual:Waitlist,-1.827518,-1.827495,TRUE,has_direct(+indirect),Any AD:Interpersonal psychotherapy (IPT) individual + AD,AnyAD:Interpersonalpsychotherapy(IPT)individual+AD,2,2.2999999999884224e-5,2.2999999999884224e-5
Acupuncture,SSRIs,Acupuncture:SSRIs,Acupuncture:SSRIs,-0.919457,-0.919443,TRUE,has_direct(+indirect),Any AD:Interpersonal psychotherapy (IPT) individual + AD,AnyAD:Interpersonalpsychotherapy(IPT)individual+AD,2,1.399999999995849e-5,1.399999999995849e-5
Placebo,SNRIs,Placebo:SNRIs,Placebo:SNRIs,0.740949,0.740938,TRUE,has_direct(+indirect),Any AD:Interpersonal psychotherapy (IPT) individual + AD,AnyAD:Interpersonalpsychotherapy(IPT)individual+AD,2,-1.0999999999983244e-5,1.0999999999983244e-5
Cognitive and cognitive behavioural therapies group,Waitlist,Cognitive and cognitive behavioural therapies group:Waitlist,Cognitiveandcognitivebehaviouraltherapiesgroup:Waitlist,-2.958528,-2.958517,TRUE,has_direct(+indirect),Any AD:Interpersonal psychotherapy (IPT) individual + AD,AnyAD:Interpersonalpsychotherapy(IPT)individual+AD,2,1.09999999997612e-5,1.09999999997612e-5
Behavioural therapies individual,Cognitive and cognitive behavioural therapies individual,Behavioural therapies individual:Cognitive and cognitive behavioural therapies individual,Behaviouraltherapiesindividual:Cognitiveandcognitivebehaviouraltherapiesindividual,2.108881,2.108871,TRUE,has_direct(+indirect),Any AD:Interpersonal psychotherapy (IPT) individual + AD,AnyAD:Interpersonalpsychotherapy(IPT)individual+AD,2,-9.999999999621425e-6,9.999999999621425e-6
Problem solving group,Waitlist,Problem solving group:Waitlist,Problemsolvinggroup:Waitlist,-3.669046,-3.669036,TRUE,has_direct(+indirect),Any AD:Interpersonal psychotherapy (IPT) individual + AD,AnyAD:Interpersonalpsychotherapy(IPT)individual+AD,2,9.999999999621425e-6,9.999999999621425e-6
Acupuncture,Sham acupuncture,Acupuncture:Sham acupuncture,Acupuncture:Shamacupuncture,-0.531807,-0.5318,TRUE,has_direct(+indirect),Any AD:Interpersonal psychotherapy (IPT) individual + AD,AnyAD:Interpersonalpsychotherapy(IPT)individual+AD,2,6.999999999979245e-6,6.999999999979245e-6
Cognitive and cognitive behavioural therapies individual,Self-help,Cognitive and cognitive behavioural therapies individual:Self-help,Cognitiveandcognitivebehaviouraltherapiesindividual:Self-help,-0.398416,-0.39841,TRUE,has_direct(+indirect),Any AD:Interpersonal psychotherapy (IPT) individual + AD,AnyAD:Interpersonalpsychotherapy(IPT)individual+AD,2,6.0000000000060005e-6,6.0000000000060005e-6
Counselling individual,Problem solving individual,Counselling individual:Problem solving individual,Counsellingindividual:Problemsolvingindividual,0.613477,0.613472,TRUE,has_direct(+indirect),Any AD:Interpersonal psychotherapy (IPT) individual + AD,AnyAD:Interpersonalpsychotherapy(IPT)individual+AD,2,-5.000000000032756e-6,5.000000000032756e-6
Any AD,Interpersonal psychotherapy (IPT) individual,Any AD:Interpersonal psychotherapy (IPT) individual,AnyAD:Interpersonalpsychotherapy(IPT)individual,-0.173851,-0.743028,TRUE,has_direct(+indirect),Any AD:Interpersonal psychotherapy (IPT) individual + placebo,AnyAD:Interpersonalpsychotherapy(IPT)individual+placebo,1,-0.569177,0.569177
Any AD,Interpersonal psychotherapy (IPT) individual + AD,Any AD:Interpersonal psychotherapy (IPT) individual + AD,AnyAD:Interpersonalpsychotherapy(IPT)individual+AD,0.18278,-0.31382,TRUE,has_direct(+indirect),Any AD:Interpersonal psychotherapy (IPT) individual + placebo,AnyAD:Interpersonalpsychotherapy(IPT)individual+placebo,1,-0.4966,0.4966
Cognitive and cognitive behavioural therapies individual,Waitlist,Cognitive and cognitive behavioural therapies individual:Waitlist,Cognitiveandcognitivebehaviouraltherapiesindividual:Waitlist,-1.827518,-1.827272,TRUE,has_direct(+indirect),Any AD:Interpersonal psychotherapy (IPT) individual + placebo,AnyAD:Interpersonalpsychotherapy(IPT)individual+placebo,1,2.4599999999996847e-4,2.4599999999996847e-4
Acupuncture,SSRIs,Acupuncture:SSRIs,Acupuncture:SSRIs,-0.919457,-0.9193,TRUE,has_direct(+indirect),Any AD:Interpersonal psychotherapy (IPT) individual + placebo,AnyAD:Interpersonalpsychotherapy(IPT)individual+placebo,1,1.5699999999996272e-4,1.5699999999996272e-4
Cognitive and cognitive behavioural therapies group,Waitlist,Cognitive and cognitive behavioural therapies group:Waitlist,Cognitiveandcognitivebehaviouraltherapiesgroup:Waitlist,-2.958528,-2.958401,TRUE,has_direct(+indirect),Any AD:Interpersonal psychotherapy (IPT) individual + placebo,AnyAD:Interpersonalpsychotherapy(IPT)individual+placebo,1,1.2699999999998823e-4,1.2699999999998823e-4
Placebo,SNRIs,Placebo:SNRIs,Placebo:SNRIs,0.740949,0.740824,TRUE,has_direct(+indirect),Any AD:Interpersonal psychotherapy (IPT) individual + placebo,AnyAD:Interpersonalpsychotherapy(IPT)individual+placebo,1,-1.2499999999993072e-4,1.2499999999993072e-4
Behavioural therapies individual,Cognitive and cognitive behavioural therapies individual,Behavioural therapies individual:Cognitive and cognitive behavioural therapies individual,Behaviouraltherapiesindividual:Cognitiveandcognitivebehaviouraltherapiesindividual,2.108881,2.108768,TRUE,has_direct(+indirect),Any AD:Interpersonal psychotherapy (IPT) individual + placebo,AnyAD:Interpersonalpsychotherapy(IPT)individual+placebo,1,-1.129999999998077e-4,1.129999999998077e-4
Problem solving group,Waitlist,Problem solving group:Waitlist,Problemsolvinggroup:Waitlist,-3.669046,-3.668937,TRUE,has_direct(+indirect),Any AD:Interpersonal psychotherapy (IPT) individual + placebo,AnyAD:Interpersonalpsychotherapy(IPT)individual+placebo,1,1.0899999999969268e-4,1.0899999999969268e-4
Acupuncture,Sham acupuncture,Acupuncture:Sham acupuncture,Acupuncture:Shamacupuncture,-0.531807,-0.531735,TRUE,has_direct(+indirect),Any AD:Interpersonal psychotherapy (IPT) individual + placebo,AnyAD:Interpersonalpsychotherapy(IPT)individual+placebo,1,7.2000000000072e-5,7.2000000000072e-5
Cognitive and cognitive behavioural therapies individual,Self-help,Cognitive and cognitive behavioural therapies individual:Self-help,Cognitiveandcognitivebehaviouraltherapiesindividual:Self-help,-0.398416,-0.398356,TRUE,has_direct(+indirect),Any AD:Interpersonal psychotherapy (IPT) individual + placebo,AnyAD:Interpersonalpsychotherapy(IPT)individual+placebo,1,6.0000000000004494e-5,6.0000000000004494e-5
Any psychotherapy,Behavioural therapies individual,Any psychotherapy:Behavioural therapies individual,Anypsychotherapy:Behaviouraltherapiesindividual,0.251478,0.251478,TRUE,has_direct(+indirect),Any AD:Peer support group,AnyAD:Peersupportgroup,1,0,0
Any AD,Cognitive and cognitive behavioural therapies group,Any AD:Cognitive and cognitive behavioural therapies group,AnyAD:Cognitiveandcognitivebehaviouraltherapiesgroup,-0.709809,-0.709809,TRUE,has_direct(+indirect),Any AD:Peer support group,AnyAD:Peersupportgroup,1,0,0
Any AD,Cognitive and cognitive behavioural therapies group + AD,Any AD:Cognitive and cognitive behavioural therapies group + AD,AnyAD:Cognitiveandcognitivebehaviouraltherapiesgroup+AD,0.664339,0.664339,TRUE,has_direct(+indirect),Any AD:Peer support group,AnyAD:Peersupportgroup,1,0,0
Any AD,Cognitive and cognitive behavioural therapies individual,Any AD:Cognitive and cognitive behavioural therapies individual,AnyAD:Cognitiveandcognitivebehaviouraltherapiesindividual,-0.452206,-0.452206,TRUE,has_direct(+indirect),Any AD:Peer support group,AnyAD:Peersupportgroup,1,0,0
Behavioural therapies individual,Cognitive and cognitive behavioural therapies individual,Behavioural therapies individual:Cognitive and cognitive behavioural therapies individual,Behaviouraltherapiesindividual:Cognitiveandcognitivebehaviouraltherapiesindividual,2.108881,2.108881,TRUE,has_direct(+indirect),Any AD:Peer support group,AnyAD:Peersupportgroup,1,0,0
Cognitive and cognitive behavioural therapies group,Cognitive and cognitive behavioural therapies individual,Cognitive and cognitive behavioural therapies group:Cognitive and cognitive behavioural therapies individual,Cognitiveandcognitivebehaviouraltherapiesgroup:Cognitiveandcognitivebehaviouraltherapiesindividual,0.472502,0.472502,TRUE,has_direct(+indirect),Any AD:Peer support group,AnyAD:Peersupportgroup,1,0,0
Any AD,Cognitive and cognitive behavioural therapies individual + AD,Any AD:Cognitive and cognitive behavioural therapies individual + AD,AnyAD:Cognitiveandcognitivebehaviouraltherapiesindividual+AD,4.715432,4.715432,TRUE,has_direct(+indirect),Any AD:Peer support group,AnyAD:Peersupportgroup,1,0,0
Cognitive and cognitive behavioural therapies individual,Cognitive and cognitive behavioural therapies individual + AD,Cognitive and cognitive behavioural therapies individual:Cognitive and cognitive behavioural therapies individual + AD,Cognitiveandcognitivebehaviouraltherapiesindividual:Cognitiveandcognitivebehaviouraltherapiesindividual+AD,0.189697,0.189697,TRUE,has_direct(+indirect),Any AD:Peer support group,AnyAD:Peersupportgroup,1,0,0
Cognitive and cognitive behavioural therapies individual,Cognitive and cognitive behavioural therapies individual + placebo,Cognitive and cognitive behavioural therapies individual:Cognitive and cognitive behavioural therapies individual + placebo,Cognitiveandcognitivebehaviouraltherapiesindividual:Cognitiveandcognitivebehaviouraltherapiesindividual+placebo,0.688418,0.688418,TRUE,has_direct(+indirect),Any AD:Peer support group,AnyAD:Peersupportgroup,1,0,0
Cognitive and cognitive behavioural therapies individual + AD,Cognitive and cognitive behavioural therapies individual + placebo,Cognitive and cognitive behavioural therapies individual + AD:Cognitive and cognitive behavioural therapies individual + placebo,Cognitiveandcognitivebehaviouraltherapiesindividual+AD:Cognitiveandcognitivebehaviouraltherapiesindividual+placebo,0.052233,0.052233,TRUE,has_direct(+indirect),Any AD:Peer support group,AnyAD:Peersupportgroup,1,0,0
Any psychotherapy,Behavioural therapies individual,Any psychotherapy:Behavioural therapies individual,Anypsychotherapy:Behaviouraltherapiesindividual,0.251478,0.251478,TRUE,has_direct(+indirect),Any AD:Peer support group + AD,AnyAD:Peersupportgroup+AD,1,0,0
Any AD,Cognitive and cognitive behavioural therapies group,Any AD:Cognitive and cognitive behavioural therapies group,AnyAD:Cognitiveandcognitivebehaviouraltherapiesgroup,-0.709809,-0.709809,TRUE,has_direct(+indirect),Any AD:Peer support group + AD,AnyAD:Peersupportgroup+AD,1,0,0
Any AD,Cognitive and cognitive behavioural therapies group + AD,Any AD:Cognitive and cognitive behavioural therapies group + AD,AnyAD:Cognitiveandcognitivebehaviouraltherapiesgroup+AD,0.664339,0.664339,TRUE,has_direct(+indirect),Any AD:Peer support group + AD,AnyAD:Peersupportgroup+AD,1,0,0
Any AD,Cognitive and cognitive behavioural therapies individual,Any AD:Cognitive and cognitive behavioural therapies individual,AnyAD:Cognitiveandcognitivebehaviouraltherapiesindividual,-0.452206,-0.452206,TRUE,has_direct(+indirect),Any AD:Peer support group + AD,AnyAD:Peersupportgroup+AD,1,0,0
Behavioural therapies individual,Cognitive and cognitive behavioural therapies individual,Behavioural therapies individual:Cognitive and cognitive behavioural therapies individual,Behaviouraltherapiesindividual:Cognitiveandcognitivebehaviouraltherapiesindividual,2.108881,2.108881,TRUE,has_direct(+indirect),Any AD:Peer support group + AD,AnyAD:Peersupportgroup+AD,1,0,0
Cognitive and cognitive behavioural therapies group,Cognitive and cognitive behavioural therapies individual,Cognitive and cognitive behavioural therapies group:Cognitive and cognitive behavioural therapies individual,Cognitiveandcognitivebehaviouraltherapiesgroup:Cognitiveandcognitivebehaviouraltherapiesindividual,0.472502,0.472502,TRUE,has_direct(+indirect),Any AD:Peer support group + AD,AnyAD:Peersupportgroup+AD,1,0,0
Any AD,Cognitive and cognitive behavioural therapies individual + AD,Any AD:Cognitive and cognitive behavioural therapies individual + AD,AnyAD:Cognitiveandcognitivebehaviouraltherapiesindividual+AD,4.715432,4.715432,TRUE,has_direct(+indirect),Any AD:Peer support group + AD,AnyAD:Peersupportgroup+AD,1,0,0
Cognitive and cognitive behavioural therapies individual,Cognitive and cognitive behavioural therapies individual + AD,Cognitive and cognitive behavioural therapies individual:Cognitive and cognitive behavioural therapies individual + AD,Cognitiveandcognitivebehaviouraltherapiesindividual:Cognitiveandcognitivebehaviouraltherapiesindividual+AD,0.189697,0.189697,TRUE,has_direct(+indirect),Any AD:Peer support group + AD,AnyAD:Peersupportgroup+AD,1,0,0
Cognitive and cognitive behavioural therapies individual,Cognitive and cognitive behavioural therapies individual + placebo,Cognitive and cognitive behavioural therapies individual:Cognitive and cognitive behavioural therapies individual + placebo,Cognitiveandcognitivebehaviouraltherapiesindividual:Cognitiveandcognitivebehaviouraltherapiesindividual+placebo,0.688418,0.688418,TRUE,has_direct(+indirect),Any AD:Peer support group + AD,AnyAD:Peersupportgroup+AD,1,0,0
Cognitive and cognitive behavioural therapies individual + AD,Cognitive and cognitive behavioural therapies individual + placebo,Cognitive and cognitive behavioural therapies individual + AD:Cognitive and cognitive behavioural therapies individual + placebo,Cognitiveandcognitivebehaviouraltherapiesindividual+AD:Cognitiveandcognitivebehaviouraltherapiesindividual+placebo,0.052233,0.052233,TRUE,has_direct(+indirect),Any AD:Peer support group + AD,AnyAD:Peersupportgroup+AD,1,0,0
Any AD,Interpersonal psychotherapy (IPT) individual + AD,Any AD:Interpersonal psychotherapy (IPT) individual + AD,AnyAD:Interpersonalpsychotherapy(IPT)individual+AD,0.18278,0.662109,TRUE,has_direct(+indirect),Any AD:Psychoeducation group + AD,AnyAD:Psychoeducationgroup+AD,1,0.4793289999999999,0.4793289999999999
Cognitive and cognitive behavioural therapies individual,Waitlist,Cognitive and cognitive behavioural therapies individual:Waitlist,Cognitiveandcognitivebehaviouraltherapiesindividual:Waitlist,-1.827518,-1.827704,TRUE,has_direct(+indirect),Any AD:Psychoeducation group + AD,AnyAD:Psychoeducationgroup+AD,1,-1.8600000000001948e-4,1.8600000000001948e-4
Acupuncture,SSRIs,Acupuncture:SSRIs,Acupuncture:SSRIs,-0.919457,-0.919575,TRUE,has_direct(+indirect),Any AD:Psychoeducation group + AD,AnyAD:Psychoeducationgroup+AD,1,-1.180000000000625e-4,1.180000000000625e-4
Cognitive and cognitive behavioural therapies group,Waitlist,Cognitive and cognitive behavioural therapies group:Waitlist,Cognitiveandcognitivebehaviouraltherapiesgroup:Waitlist,-2.958528,-2.958625,TRUE,has_direct(+indirect),Any AD:Psychoeducation group + AD,AnyAD:Psychoeducationgroup+AD,1,-9.70000000002358e-5,9.70000000002358e-5
Placebo,SNRIs,Placebo:SNRIs,Placebo:SNRIs,0.740949,0.741043,TRUE,has_direct(+indirect),Any AD:Psychoeducation group + AD,AnyAD:Psychoeducationgroup+AD,1,9.40000000000385e-5,9.40000000000385e-5
Behavioural therapies individual,Cognitive and cognitive behavioural therapies individual,Behavioural therapies individual:Cognitive and cognitive behavioural therapies individual,Behaviouraltherapiesindividual:Cognitiveandcognitivebehaviouraltherapiesindividual,2.108881,2.108966,TRUE,has_direct(+indirect),Any AD:Psychoeducation group + AD,AnyAD:Psychoeducationgroup+AD,1,8.500000000033481e-5,8.500000000033481e-5
Problem solving group,Waitlist,Problem solving group:Waitlist,Problemsolvinggroup:Waitlist,-3.669046,-3.669129,TRUE,has_direct(+indirect),Any AD:Psychoeducation group + AD,AnyAD:Psychoeducationgroup+AD,1,-8.300000000005525e-5,8.300000000005525e-5
Acupuncture,Sham acupuncture,Acupuncture:Sham acupuncture,Acupuncture:Shamacupuncture,-0.531807,-0.531861,TRUE,has_direct(+indirect),Any AD:Psychoeducation group + AD,AnyAD:Psychoeducationgroup+AD,1,-5.3999999999998494e-5,5.3999999999998494e-5
Exercise individual,No treatment,Exercise individual:No treatment,Exerciseindividual:Notreatment,-0.632998,-0.633043,TRUE,has_direct(+indirect),Any AD:Psychoeducation group + AD,AnyAD:Psychoeducationgroup+AD,1,-4.500000000007276e-5,4.500000000007276e-5
Cognitive and cognitive behavioural therapies individual,Self-help,Cognitive and cognitive behavioural therapies individual:Self-help,Cognitiveandcognitivebehaviouraltherapiesindividual:Self-help,-0.398416,-0.398461,TRUE,has_direct(+indirect),Any AD:Psychoeducation group + AD,AnyAD:Psychoeducationgroup+AD,1,-4.500000000001725e-5,4.500000000001725e-5
Cognitive and cognitive behavioural therapies individual,Waitlist,Cognitive and cognitive behavioural therapies individual:Waitlist,Cognitiveandcognitivebehaviouraltherapiesindividual:Waitlist,-1.827518,-1.827634,TRUE,has_direct(+indirect),Any AD:Short-term psychodynamic psychotherapies individual + AD,AnyAD:Short-termpsychodynamicpsychotherapiesindividual+AD,1,-1.16000000000005e-4,1.16000000000005e-4
Acupuncture,SSRIs,Acupuncture:SSRIs,Acupuncture:SSRIs,-0.919457,-0.919531,TRUE,has_direct(+indirect),Any AD:Short-term psychodynamic psychotherapies individual + AD,AnyAD:Short-termpsychodynamicpsychotherapiesindividual+AD,1,-7.40000000000185e-5,7.40000000000185e-5
Cognitive and cognitive behavioural therapies group,Waitlist,Cognitive and cognitive behavioural therapies group:Waitlist,Cognitiveandcognitivebehaviouraltherapiesgroup:Waitlist,-2.958528,-2.958589,TRUE,has_direct(+indirect),Any AD:Short-term psychodynamic psychotherapies individual + AD,AnyAD:Short-termpsychodynamicpsychotherapiesindividual+AD,1,-6.100000000008876e-5,6.100000000008876e-5
Placebo,SNRIs,Placebo:SNRIs,Placebo:SNRIs,0.740949,0.741008,TRUE,has_direct(+indirect),Any AD:Short-term psychodynamic psychotherapies individual + AD,AnyAD:Short-termpsychodynamicpsychotherapiesindividual+AD,1,5.900000000003125e-5,5.900000000003125e-5
Behavioural therapies individual,Cognitive and cognitive behavioural therapies individual,Behavioural therapies individual:Cognitive and cognitive behavioural therapies individual,Behaviouraltherapiesindividual:Cognitiveandcognitivebehaviouraltherapiesindividual,2.108881,2.108934,TRUE,has_direct(+indirect),Any AD:Short-term psychodynamic psychotherapies individual + AD,AnyAD:Short-termpsychodynamicpsychotherapiesindividual+AD,1,5.3000000000302805e-5,5.3000000000302805e-5
Problem solving group,Waitlist,Problem solving group:Waitlist,Problemsolvinggroup:Waitlist,-3.669046,-3.669098,TRUE,has_direct(+indirect),Any AD:Short-term psychodynamic psychotherapies individual + AD,AnyAD:Short-termpsychodynamicpsychotherapiesindividual+AD,1,-5.200000000016303e-5,5.200000000016303e-5
Acupuncture,Sham acupuncture,Acupuncture:Sham acupuncture,Acupuncture:Shamacupuncture,-0.531807,-0.531841,TRUE,has_direct(+indirect),Any AD:Short-term psychodynamic psychotherapies individual + AD,AnyAD:Short-termpsychodynamicpsychotherapiesindividual+AD,1,-3.399999999997849e-5,3.399999999997849e-5
Exercise individual,No treatment,Exercise individual:No treatment,Exerciseindividual:Notreatment,-0.632998,-0.633026,TRUE,has_direct(+indirect),Any AD:Short-term psychodynamic psychotherapies individual + AD,AnyAD:Short-termpsychodynamicpsychotherapiesindividual+AD,1,-2.8000000000028e-5,2.8000000000028e-5
Cognitive and cognitive behavioural therapies individual,Self-help,Cognitive and cognitive behavioural therapies individual:Self-help,Cognitiveandcognitivebehaviouraltherapiesindividual:Self-help,-0.398416,-0.398444,TRUE,has_direct(+indirect),Any AD:Short-term psychodynamic psychotherapies individual + AD,AnyAD:Short-termpsychodynamicpsychotherapiesindividual+AD,1,-2.8000000000028e-5,2.8000000000028e-5
Counselling individual,Problem solving individual,Counselling individual:Problem solving individual,Counsellingindividual:Problemsolvingindividual,0.613477,0.613504,TRUE,has_direct(+indirect),Any AD:Short-term psychodynamic psychotherapies individual + AD,AnyAD:Short-termpsychodynamicpsychotherapiesindividual+AD,1,2.6999999999999247e-5,2.6999999999999247e-5
Cognitive and cognitive behavioural therapies individual,Waitlist,Cognitive and cognitive behavioural therapies individual:Waitlist,Cognitiveandcognitivebehaviouraltherapiesindividual:Waitlist,-1.827518,-1.827575,TRUE,has_direct(+indirect),Any AD:TAU,AnyAD:TAU,1,-5.699999999997374e-5,5.699999999997374e-5
Acupuncture,SSRIs,Acupuncture:SSRIs,Acupuncture:SSRIs,-0.919457,-0.919493,TRUE,has_direct(+indirect),Any AD:TAU,AnyAD:TAU,1,-3.6000000000036e-5,3.6000000000036e-5
Cognitive and cognitive behavioural therapies group,Waitlist,Cognitive and cognitive behavioural therapies group:Waitlist,Cognitiveandcognitivebehaviouraltherapiesgroup:Waitlist,-2.958528,-2.958558,TRUE,has_direct(+indirect),Any AD:TAU,AnyAD:TAU,1,-3.0000000000196536e-5,3.0000000000196536e-5
Placebo,SNRIs,Placebo:SNRIs,Placebo:SNRIs,0.740949,0.740978,TRUE,has_direct(+indirect),Any AD:TAU,AnyAD:TAU,1,2.900000000005676e-5,2.900000000005676e-5
Behavioural therapies individual,Cognitive and cognitive behavioural therapies individual,Behavioural therapies individual:Cognitive and cognitive behavioural therapies individual,Behaviouraltherapiesindividual:Cognitiveandcognitivebehaviouraltherapiesindividual,2.108881,2.108907,TRUE,has_direct(+indirect),Any AD:TAU,AnyAD:TAU,1,2.6000000000081513e-5,2.6000000000081513e-5
Problem solving group,Waitlist,Problem solving group:Waitlist,Problemsolvinggroup:Waitlist,-3.669046,-3.669072,TRUE,has_direct(+indirect),Any AD:TAU,AnyAD:TAU,1,-2.6000000000081513e-5,2.6000000000081513e-5
Acupuncture,Sham acupuncture,Acupuncture:Sham acupuncture,Acupuncture:Shamacupuncture,-0.531807,-0.531824,TRUE,has_direct(+indirect),Any AD:TAU,AnyAD:TAU,1,-1.6999999999933735e-5,1.6999999999933735e-5
Exercise individual,No treatment,Exercise individual:No treatment,Exerciseindividual:Notreatment,-0.632998,-0.633012,TRUE,has_direct(+indirect),Any AD:TAU,AnyAD:TAU,1,-1.4000000000069512e-5,1.4000000000069512e-5
Cognitive and cognitive behavioural therapies individual,Self-help,Cognitive and cognitive behavioural therapies individual:Self-help,Cognitiveandcognitivebehaviouraltherapiesindividual:Self-help,-0.398416,-0.39843,TRUE,has_direct(+indirect),Any AD:TAU,AnyAD:TAU,1,-1.4000000000014e-5,1.4000000000014e-5
Counselling individual,Problem solving individual,Counselling individual:Problem solving individual,Counsellingindividual:Problemsolvingindividual,0.613477,0.61349,TRUE,has_direct(+indirect),Any AD:TAU,AnyAD:TAU,1,1.2999999999929734e-5,1.2999999999929734e-5
Any psychotherapy,Behavioural therapies individual,Any psychotherapy:Behavioural therapies individual,Anypsychotherapy:Behaviouraltherapiesindividual,0.251478,0.251478,TRUE,has_direct(+indirect),Any AD:Yoga group + AD,AnyAD:Yogagroup+AD,1,0,0
Any AD,Cognitive and cognitive behavioural therapies group,Any AD:Cognitive and cognitive behavioural therapies group,AnyAD:Cognitiveandcognitivebehaviouraltherapiesgroup,-0.709809,-0.709809,TRUE,has_direct(+indirect),Any AD:Yoga group + AD,AnyAD:Yogagroup+AD,1,0,0
Any AD,Cognitive and cognitive behavioural therapies group + AD,Any AD:Cognitive and cognitive behavioural therapies group + AD,AnyAD:Cognitiveandcognitivebehaviouraltherapiesgroup+AD,0.664339,0.664339,TRUE,has_direct(+indirect),Any AD:Yoga group + AD,AnyAD:Yogagroup+AD,1,0,0
Any AD,Cognitive and cognitive behavioural therapies individual,Any AD:Cognitive and cognitive behavioural therapies individual,AnyAD:Cognitiveandcognitivebehaviouraltherapiesindividual,-0.452206,-0.452206,TRUE,has_direct(+indirect),Any AD:Yoga group + AD,AnyAD:Yogagroup+AD,1,0,0
Behavioural therapies individual,Cognitive and cognitive behavioural therapies individual,Behavioural therapies individual:Cognitive and cognitive behavioural therapies individual,Behaviouraltherapiesindividual:Cognitiveandcognitivebehaviouraltherapiesindividual,2.108881,2.108881,TRUE,has_direct(+indirect),Any AD:Yoga group + AD,AnyAD:Yogagroup+AD,1,0,0
Cognitive and cognitive behavioural therapies group,Cognitive and cognitive behavioural therapies individual,Cognitive and cognitive behavioural therapies group:Cognitive and cognitive behavioural therapies individual,Cognitiveandcognitivebehaviouraltherapiesgroup:Cognitiveandcognitivebehaviouraltherapiesindividual,0.472502,0.472502,TRUE,has_direct(+indirect),Any AD:Yoga group + AD,AnyAD:Yogagroup+AD,1,0,0
Any AD,Cognitive and cognitive behavioural therapies individual + AD,Any AD:Cognitive and cognitive behavioural therapies individual + AD,AnyAD:Cognitiveandcognitivebehaviouraltherapiesindividual+AD,4.715432,4.715432,TRUE,has_direct(+indirect),Any AD:Yoga group + AD,AnyAD:Yogagroup+AD,1,0,0
Cognitive and cognitive behavioural therapies individual,Cognitive and cognitive behavioural therapies individual + AD,Cognitive and cognitive behavioural therapies individual:Cognitive and cognitive behavioural therapies individual + AD,Cognitiveandcognitivebehaviouraltherapiesindividual:Cognitiveandcognitivebehaviouraltherapiesindividual+AD,0.189697,0.189697,TRUE,has_direct(+indirect),Any AD:Yoga group + AD,AnyAD:Yogagroup+AD,1,0,0
Cognitive and cognitive behavioural therapies individual,Cognitive and cognitive behavioural therapies individual + placebo,Cognitive and cognitive behavioural therapies individual:Cognitive and cognitive behavioural therapies individual + placebo,Cognitiveandcognitivebehaviouraltherapiesindividual:Cognitiveandcognitivebehaviouraltherapiesindividual+placebo,0.688418,0.688418,TRUE,has_direct(+indirect),Any AD:Yoga group + AD,AnyAD:Yogagroup+AD,1,0,0
Cognitive and cognitive behavioural therapies individual + AD,Cognitive and cognitive behavioural therapies individual + placebo,Cognitive and cognitive behavioural therapies individual + AD:Cognitive and cognitive behavioural therapies individual + placebo,Cognitiveandcognitivebehaviouraltherapiesindividual+AD:Cognitiveandcognitivebehaviouraltherapiesindividual+placebo,0.052233,0.052233,TRUE,has_direct(+indirect),Any AD:Yoga group + AD,AnyAD:Yogagroup+AD,1,0,0
Cognitive and cognitive behavioural therapies individual,Waitlist,Cognitive and cognitive behavioural therapies individual:Waitlist,Cognitiveandcognitivebehaviouraltherapiesindividual:Waitlist,-1.827518,-1.827601,TRUE,has_direct(+indirect),Any psychotherapy:Behavioural therapies individual,Anypsychotherapy:Behaviouraltherapiesindividual,1,-8.300000000005525e-5,8.300000000005525e-5
Acupuncture,SSRIs,Acupuncture:SSRIs,Acupuncture:SSRIs,-0.919457,-0.91951,TRUE,has_direct(+indirect),Any psychotherapy:Behavioural therapies individual,Anypsychotherapy:Behaviouraltherapiesindividual,1,-5.300000000008076e-5,5.300000000008076e-5
Cognitive and cognitive behavioural therapies group,Waitlist,Cognitive and cognitive behavioural therapies group:Waitlist,Cognitiveandcognitivebehaviouraltherapiesgroup:Waitlist,-2.958528,-2.958571,TRUE,has_direct(+indirect),Any psychotherapy:Behavioural therapies individual,Anypsychotherapy:Behaviouraltherapiesindividual,1,-4.300000000023729e-5,4.300000000023729e-5
Placebo,SNRIs,Placebo:SNRIs,Placebo:SNRIs,0.740949,0.740991,TRUE,has_direct(+indirect),Any psychotherapy:Behavioural therapies individual,Anypsychotherapy:Behaviouraltherapiesindividual,1,4.199999999998649e-5,4.199999999998649e-5
Behavioural therapies individual,Cognitive and cognitive behavioural therapies individual,Behavioural therapies individual:Cognitive and cognitive behavioural therapies individual,Behaviouraltherapiesindividual:Cognitiveandcognitivebehaviouraltherapiesindividual,2.108881,2.108919,TRUE,has_direct(+indirect),Any psychotherapy:Behavioural therapies individual,Anypsychotherapy:Behaviouraltherapiesindividual,1,3.800000000042658e-5,3.800000000042658e-5
Problem solving group,Waitlist,Problem solving group:Waitlist,Problemsolvinggroup:Waitlist,-3.669046,-3.669083,TRUE,has_direct(+indirect),Any psychotherapy:Behavioural therapies individual,Anypsychotherapy:Behaviouraltherapiesindividual,1,-3.70000000002868e-5,3.70000000002868e-5
Acupuncture,Sham acupuncture,Acupuncture:Sham acupuncture,Acupuncture:Shamacupuncture,-0.531807,-0.531831,TRUE,has_direct(+indirect),Any psychotherapy:Behavioural therapies individual,Anypsychotherapy:Behaviouraltherapiesindividual,1,-2.4000000000024e-5,2.4000000000024e-5
Exercise individual,No treatment,Exercise individual:No treatment,Exerciseindividual:Notreatment,-0.632998,-0.633018,TRUE,has_direct(+indirect),Any psychotherapy:Behavioural therapies individual,Anypsychotherapy:Behaviouraltherapiesindividual,1,-2.000000000002e-5,2.000000000002e-5
Cognitive and cognitive behavioural therapies individual,Self-help,Cognitive and cognitive behavioural therapies individual:Self-help,Cognitiveandcognitivebehaviouraltherapiesindividual:Self-help,-0.398416,-0.398436,TRUE,has_direct(+indirect),Any psychotherapy:Behavioural therapies individual,Anypsychotherapy:Behaviouraltherapiesindividual,1,-2.000000000002e-5,2.000000000002e-5
Counselling individual,Problem solving individual,Counselling individual:Problem solving individual,Counsellingindividual:Problemsolvingindividual,0.613477,0.613496,TRUE,has_direct(+indirect),Any psychotherapy:Behavioural therapies individual,Anypsychotherapy:Behaviouraltherapiesindividual,1,1.899999999999125e-5,1.899999999999125e-5
Cognitive and cognitive behavioural therapies individual,Waitlist,Cognitive and cognitive behavioural therapies individual:Waitlist,Cognitiveandcognitivebehaviouraltherapiesindividual:Waitlist,-1.827518,-1.827601,TRUE,has_direct(+indirect),Any psychotherapy:Short-term psychodynamic psychotherapies individual,Anypsychotherapy:Short-termpsychodynamicpsychotherapiesindividual,1,-8.300000000005525e-5,8.300000000005525e-5
Acupuncture,SSRIs,Acupuncture:SSRIs,Acupuncture:SSRIs,-0.919457,-0.91951,TRUE,has_direct(+indirect),Any psychotherapy:Short-term psychodynamic psychotherapies individual,Anypsychotherapy:Short-termpsychodynamicpsychotherapiesindividual,1,-5.300000000008076e-5,5.300000000008076e-5
Cognitive and cognitive behavioural therapies group,Waitlist,Cognitive and cognitive behavioural therapies group:Waitlist,Cognitiveandcognitivebehaviouraltherapiesgroup:Waitlist,-2.958528,-2.958571,TRUE,has_direct(+indirect),Any psychotherapy:Short-term psychodynamic psychotherapies individual,Anypsychotherapy:Short-termpsychodynamicpsychotherapiesindividual,1,-4.300000000023729e-5,4.300000000023729e-5
Placebo,SNRIs,Placebo:SNRIs,Placebo:SNRIs,0.740949,0.740991,TRUE,has_direct(+indirect),Any psychotherapy:Short-term psychodynamic psychotherapies individual,Anypsychotherapy:Short-termpsychodynamicpsychotherapiesindividual,1,4.199999999998649e-5,4.199999999998649e-5
Behavioural therapies individual,Cognitive and cognitive behavioural therapies individual,Behavioural therapies individual:Cognitive and cognitive behavioural therapies individual,Behaviouraltherapiesindividual:Cognitiveandcognitivebehaviouraltherapiesindividual,2.108881,2.108919,TRUE,has_direct(+indirect),Any psychotherapy:Short-term psychodynamic psychotherapies individual,Anypsychotherapy:Short-termpsychodynamicpsychotherapiesindividual,1,3.800000000042658e-5,3.800000000042658e-5
Problem solving group,Waitlist,Problem solving group:Waitlist,Problemsolvinggroup:Waitlist,-3.669046,-3.669083,TRUE,has_direct(+indirect),Any psychotherapy:Short-term psychodynamic psychotherapies individual,Anypsychotherapy:Short-termpsychodynamicpsychotherapiesindividual,1,-3.70000000002868e-5,3.70000000002868e-5
Acupuncture,Sham acupuncture,Acupuncture:Sham acupuncture,Acupuncture:Shamacupuncture,-0.531807,-0.531831,TRUE,has_direct(+indirect),Any psychotherapy:Short-term psychodynamic psychotherapies individual,Anypsychotherapy:Short-termpsychodynamicpsychotherapiesindividual,1,-2.4000000000024e-5,2.4000000000024e-5
Exercise individual,No treatment,Exercise individual:No treatment,Exerciseindividual:Notreatment,-0.632998,-0.633018,TRUE,has_direct(+indirect),Any psychotherapy:Short-term psychodynamic psychotherapies individual,Anypsychotherapy:Short-termpsychodynamicpsychotherapiesindividual,1,-2.000000000002e-5,2.000000000002e-5
Cognitive and cognitive behavioural therapies individual,Self-help,Cognitive and cognitive behavioural therapies individual:Self-help,Cognitiveandcognitivebehaviouraltherapiesindividual:Self-help,-0.398416,-0.398436,TRUE,has_direct(+indirect),Any psychotherapy:Short-term psychodynamic psychotherapies individual,Anypsychotherapy:Short-termpsychodynamicpsychotherapiesindividual,1,-2.000000000002e-5,2.000000000002e-5
Counselling individual,Problem solving individual,Counselling individual:Problem solving individual,Counsellingindividual:Problemsolvingindividual,0.613477,0.613496,TRUE,has_direct(+indirect),Any psychotherapy:Short-term psychodynamic psychotherapies individual,Anypsychotherapy:Short-termpsychodynamicpsychotherapiesindividual,1,1.899999999999125e-5,1.899999999999125e-5
Cognitive and cognitive behavioural therapies individual,Waitlist,Cognitive and cognitive behavioural therapies individual:Waitlist,Cognitiveandcognitivebehaviouraltherapiesindividual:Waitlist,-1.827518,-1.826678,TRUE,has_direct(+indirect),Attention placebo:Problem solving individual,Attentionplacebo:Problemsolvingindividual,1,8.399999999999519e-4,8.399999999999519e-4
Acupuncture,SSRIs,Acupuncture:SSRIs,Acupuncture:SSRIs,-0.919457,-0.918922,TRUE,has_direct(+indirect),Attention placebo:Problem solving individual,Attentionplacebo:Problemsolvingindividual,1,5.349999999999522e-4,5.349999999999522e-4
Cognitive and cognitive behavioural therapies group,Waitlist,Cognitive and cognitive behavioural therapies group:Waitlist,Cognitiveandcognitivebehaviouraltherapiesgroup:Waitlist,-2.958528,-2.958093,TRUE,has_direct(+indirect),Attention placebo:Problem solving individual,Attentionplacebo:Problemsolvingindividual,1,4.349999999999632e-4,4.349999999999632e-4
Placebo,SNRIs,Placebo:SNRIs,Placebo:SNRIs,0.740949,0.740524,TRUE,has_direct(+indirect),Attention placebo:Problem solving individual,Attentionplacebo:Problemsolvingindividual,1,-4.250000000000087e-4,4.250000000000087e-4
Behavioural therapies individual,Cognitive and cognitive behavioural therapies individual,Behavioural therapies individual:Cognitive and cognitive behavioural therapies individual,Behaviouraltherapiesindividual:Cognitiveandcognitivebehaviouraltherapiesindividual,2.108881,2.108495,TRUE,has_direct(+indirect),Attention placebo:Problem solving individual,Attentionplacebo:Problemsolvingindividual,1,-3.859999999997754e-4,3.859999999997754e-4
Problem solving group,Waitlist,Problem solving group:Waitlist,Problemsolvinggroup:Waitlist,-3.669046,-3.668674,TRUE,has_direct(+indirect),Attention placebo:Problem solving individual,Attentionplacebo:Problemsolvingindividual,1,3.719999999995949e-4,3.719999999995949e-4
Acupuncture,Sham acupuncture,Acupuncture:Sham acupuncture,Acupuncture:Shamacupuncture,-0.531807,-0.53156,TRUE,has_direct(+indirect),Attention placebo:Problem solving individual,Attentionplacebo:Problemsolvingindividual,1,2.469999999999972e-4,2.469999999999972e-4
Cognitive and cognitive behavioural therapies individual,Self-help,Cognitive and cognitive behavioural therapies individual:Self-help,Cognitiveandcognitivebehaviouraltherapiesindividual:Self-help,-0.398416,-0.39821,TRUE,has_direct(+indirect),Attention placebo:Problem solving individual,Attentionplacebo:Problemsolvingindividual,1,2.0599999999998395e-4,2.0599999999998395e-4
Exercise individual,No treatment,Exercise individual:No treatment,Exerciseindividual:Notreatment,-0.632998,-0.632796,TRUE,has_direct(+indirect),Attention placebo:Problem solving individual,Attentionplacebo:Problemsolvingindividual,1,2.019999999999245e-4,2.019999999999245e-4
Counselling individual,Problem solving individual,Counselling individual:Problem solving individual,Counsellingindividual:Problemsolvingindividual,0.613477,0.613287,TRUE,has_direct(+indirect),Attention placebo:Problem solving individual,Attentionplacebo:Problemsolvingindividual,1,-1.9000000000002348e-4,1.9000000000002348e-4
Cognitive and cognitive behavioural therapies individual,Waitlist,Cognitive and cognitive behavioural therapies individual:Waitlist,Cognitiveandcognitivebehaviouraltherapiesindividual:Waitlist,-1.827518,-1.826678,TRUE,has_direct(+indirect),Attention placebo:Self-help,Attentionplacebo:Self-help,1,8.399999999999519e-4,8.399999999999519e-4
Acupuncture,SSRIs,Acupuncture:SSRIs,Acupuncture:SSRIs,-0.919457,-0.918922,TRUE,has_direct(+indirect),Attention placebo:Self-help,Attentionplacebo:Self-help,1,5.349999999999522e-4,5.349999999999522e-4
Cognitive and cognitive behavioural therapies group,Waitlist,Cognitive and cognitive behavioural therapies group:Waitlist,Cognitiveandcognitivebehaviouraltherapiesgroup:Waitlist,-2.958528,-2.958093,TRUE,has_direct(+indirect),Attention placebo:Self-help,Attentionplacebo:Self-help,1,4.349999999999632e-4,4.349999999999632e-4
Placebo,SNRIs,Placebo:SNRIs,Placebo:SNRIs,0.740949,0.740524,TRUE,has_direct(+indirect),Attention placebo:Self-help,Attentionplacebo:Self-help,1,-4.250000000000087e-4,4.250000000000087e-4
Behavioural therapies individual,Cognitive and cognitive behavioural therapies individual,Behavioural therapies individual:Cognitive and cognitive behavioural therapies individual,Behaviouraltherapiesindividual:Cognitiveandcognitivebehaviouraltherapiesindividual,2.108881,2.108495,TRUE,has_direct(+indirect),Attention placebo:Self-help,Attentionplacebo:Self-help,1,-3.859999999997754e-4,3.859999999997754e-4
Problem solving group,Waitlist,Problem solving group:Waitlist,Problemsolvinggroup:Waitlist,-3.669046,-3.668674,TRUE,has_direct(+indirect),Attention placebo:Self-help,Attentionplacebo:Self-help,1,3.719999999995949e-4,3.719999999995949e-4
Acupuncture,Sham acupuncture,Acupuncture:Sham acupuncture,Acupuncture:Shamacupuncture,-0.531807,-0.53156,TRUE,has_direct(+indirect),Attention placebo:Self-help,Attentionplacebo:Self-help,1,2.469999999999972e-4,2.469999999999972e-4
Cognitive and cognitive behavioural therapies individual,Self-help,Cognitive and cognitive behavioural therapies individual:Self-help,Cognitiveandcognitivebehaviouraltherapiesindividual:Self-help,-0.398416,-0.39821,TRUE,has_direct(+indirect),Attention placebo:Self-help,Attentionplacebo:Self-help,1,2.0599999999998395e-4,2.0599999999998395e-4
Exercise individual,No treatment,Exercise individual:No treatment,Exerciseindividual:Notreatment,-0.632998,-0.632796,TRUE,has_direct(+indirect),Attention placebo:Self-help,Attentionplacebo:Self-help,1,2.019999999999245e-4,2.019999999999245e-4
Counselling individual,Problem solving individual,Counselling individual:Problem solving individual,Counsellingindividual:Problemsolvingindividual,0.613477,0.613287,TRUE,has_direct(+indirect),Attention placebo:Self-help,Attentionplacebo:Self-help,1,-1.9000000000002348e-4,1.9000000000002348e-4
Cognitive and cognitive behavioural therapies individual,Waitlist,Cognitive and cognitive behavioural therapies individual:Waitlist,Cognitiveandcognitivebehaviouraltherapiesindividual:Waitlist,-1.827518,-1.827634,TRUE,has_direct(+indirect),Behavioural therapies individual + AD:Counselling individual + AD,Behaviouraltherapiesindividual+AD:Counsellingindividual+AD,1,-1.16000000000005e-4,1.16000000000005e-4
Acupuncture,SSRIs,Acupuncture:SSRIs,Acupuncture:SSRIs,-0.919457,-0.919531,TRUE,has_direct(+indirect),Behavioural therapies individual + AD:Counselling individual + AD,Behaviouraltherapiesindividual+AD:Counsellingindividual+AD,1,-7.40000000000185e-5,7.40000000000185e-5
Cognitive and cognitive behavioural therapies group,Waitlist,Cognitive and cognitive behavioural therapies group:Waitlist,Cognitiveandcognitivebehaviouraltherapiesgroup:Waitlist,-2.958528,-2.958589,TRUE,has_direct(+indirect),Behavioural therapies individual + AD:Counselling individual + AD,Behaviouraltherapiesindividual+AD:Counsellingindividual+AD,1,-6.100000000008876e-5,6.100000000008876e-5
Placebo,SNRIs,Placebo:SNRIs,Placebo:SNRIs,0.740949,0.741008,TRUE,has_direct(+indirect),Behavioural therapies individual + AD:Counselling individual + AD,Behaviouraltherapiesindividual+AD:Counsellingindividual+AD,1,5.900000000003125e-5,5.900000000003125e-5
Behavioural therapies individual,Cognitive and cognitive behavioural therapies individual,Behavioural therapies individual:Cognitive and cognitive behavioural therapies individual,Behaviouraltherapiesindividual:Cognitiveandcognitivebehaviouraltherapiesindividual,2.108881,2.108934,TRUE,has_direct(+indirect),Behavioural therapies individual + AD:Counselling individual + AD,Behaviouraltherapiesindividual+AD:Counsellingindividual+AD,1,5.3000000000302805e-5,5.3000000000302805e-5
Problem solving group,Waitlist,Problem solving group:Waitlist,Problemsolvinggroup:Waitlist,-3.669046,-3.669098,TRUE,has_direct(+indirect),Behavioural therapies individual + AD:Counselling individual + AD,Behaviouraltherapiesindividual+AD:Counsellingindividual+AD,1,-5.200000000016303e-5,5.200000000016303e-5
Acupuncture,Sham acupuncture,Acupuncture:Sham acupuncture,Acupuncture:Shamacupuncture,-0.531807,-0.531841,TRUE,has_direct(+indirect),Behavioural therapies individual + AD:Counselling individual + AD,Behaviouraltherapiesindividual+AD:Counsellingindividual+AD,1,-3.399999999997849e-5,3.399999999997849e-5
Exercise individual,No treatment,Exercise individual:No treatment,Exerciseindividual:Notreatment,-0.632998,-0.633026,TRUE,has_direct(+indirect),Behavioural therapies individual + AD:Counselling individual + AD,Behaviouraltherapiesindividual+AD:Counsellingindividual+AD,1,-2.8000000000028e-5,2.8000000000028e-5
Cognitive and cognitive behavioural therapies individual,Self-help,Cognitive and cognitive behavioural therapies individual:Self-help,Cognitiveandcognitivebehaviouraltherapiesindividual:Self-help,-0.398416,-0.398444,TRUE,has_direct(+indirect),Behavioural therapies individual + AD:Counselling individual + AD,Behaviouraltherapiesindividual+AD:Counsellingindividual+AD,1,-2.8000000000028e-5,2.8000000000028e-5
Counselling individual,Problem solving individual,Counselling individual:Problem solving individual,Counsellingindividual:Problemsolvingindividual,0.613477,0.613504,TRUE,has_direct(+indirect),Behavioural therapies individual + AD:Counselling individual + AD,Behaviouraltherapiesindividual+AD:Counsellingindividual+AD,1,2.6999999999999247e-5,2.6999999999999247e-5
Placebo,TCAs,Placebo:TCAs,Placebo:TCAs,0.585739,0.599258,TRUE,has_direct(+indirect),Behavioural therapies individual + AD:Placebo,Behaviouraltherapiesindividual+AD:Placebo,1,0.01351899999999994,0.01351899999999994
Cognitive and cognitive behavioural therapies individual,Waitlist,Cognitive and cognitive behavioural therapies individual:Waitlist,Cognitiveandcognitivebehaviouraltherapiesindividual:Waitlist,-1.827518,-1.827714,TRUE,has_direct(+indirect),Behavioural therapies individual + AD:Placebo,Behaviouraltherapiesindividual+AD:Placebo,1,-1.96000000000085e-4,1.96000000000085e-4
Acupuncture,SSRIs,Acupuncture:SSRIs,Acupuncture:SSRIs,-0.919457,-0.919582,TRUE,has_direct(+indirect),Behavioural therapies individual + AD:Placebo,Behaviouraltherapiesindividual+AD:Placebo,1,-1.2500000000004174e-4,1.2500000000004174e-4
Cognitive and cognitive behavioural therapies group,Waitlist,Cognitive and cognitive behavioural therapies group:Waitlist,Cognitiveandcognitivebehaviouraltherapiesgroup:Waitlist,-2.958528,-2.95863,TRUE,has_direct(+indirect),Behavioural therapies individual + AD:Placebo,Behaviouraltherapiesindividual+AD:Placebo,1,-1.020000000000465e-4,1.020000000000465e-4
Placebo,SNRIs,Placebo:SNRIs,Placebo:SNRIs,0.740949,0.741048,TRUE,has_direct(+indirect),Behavioural therapies individual + AD:Placebo,Behaviouraltherapiesindividual+AD:Placebo,1,9.900000000007124e-5,9.900000000007124e-5
Behavioural therapies individual,Cognitive and cognitive behavioural therapies individual,Behavioural therapies individual:Cognitive and cognitive behavioural therapies individual,Behaviouraltherapiesindividual:Cognitiveandcognitivebehaviouraltherapiesindividual,2.108881,2.108971,TRUE,has_direct(+indirect),Behavioural therapies individual + AD:Placebo,Behaviouraltherapiesindividual+AD:Placebo,1,9.000000000014552e-5,9.000000000014552e-5
Problem solving group,Waitlist,Problem solving group:Waitlist,Problemsolvinggroup:Waitlist,-3.669046,-3.669133,TRUE,has_direct(+indirect),Behavioural therapies individual + AD:Placebo,Behaviouraltherapiesindividual+AD:Placebo,1,-8.700000000017027e-5,8.700000000017027e-5
Acupuncture,Sham acupuncture,Acupuncture:Sham acupuncture,Acupuncture:Shamacupuncture,-0.531807,-0.531864,TRUE,has_direct(+indirect),Behavioural therapies individual + AD:Placebo,Behaviouraltherapiesindividual+AD:Placebo,1,-5.699999999997374e-5,5.699999999997374e-5
Cognitive and cognitive behavioural therapies individual,Self-help,Cognitive and cognitive behavioural therapies individual:Self-help,Cognitiveandcognitivebehaviouraltherapiesindividual:Self-help,-0.398416,-0.398464,TRUE,has_direct(+indirect),Behavioural therapies individual + AD:Placebo,Behaviouraltherapiesindividual+AD:Placebo,1,-4.799999999999249e-5,4.799999999999249e-5
Exercise individual,No treatment,Exercise individual:No treatment,Exerciseindividual:Notreatment,-0.632998,-0.633045,TRUE,has_direct(+indirect),Behavioural therapies individual + AD:Placebo,Behaviouraltherapiesindividual+AD:Placebo,1,-4.700000000001925e-5,4.700000000001925e-5
Placebo,TCAs,Placebo:TCAs,Placebo:TCAs,0.585739,0.599258,TRUE,has_direct(+indirect),Behavioural therapies individual + AD:Relaxation individual + AD,Behaviouraltherapiesindividual+AD:Relaxationindividual+AD,1,0.01351899999999994,0.01351899999999994
Cognitive and cognitive behavioural therapies individual,Waitlist,Cognitive and cognitive behavioural therapies individual:Waitlist,Cognitiveandcognitivebehaviouraltherapiesindividual:Waitlist,-1.827518,-1.827714,TRUE,has_direct(+indirect),Behavioural therapies individual + AD:Relaxation individual + AD,Behaviouraltherapiesindividual+AD:Relaxationindividual+AD,1,-1.96000000000085e-4,1.96000000000085e-4
Acupuncture,SSRIs,Acupuncture:SSRIs,Acupuncture:SSRIs,-0.919457,-0.919582,TRUE,has_direct(+indirect),Behavioural therapies individual + AD:Relaxation individual + AD,Behaviouraltherapiesindividual+AD:Relaxationindividual+AD,1,-1.2500000000004174e-4,1.2500000000004174e-4
Cognitive and cognitive behavioural therapies group,Waitlist,Cognitive and cognitive behavioural therapies group:Waitlist,Cognitiveandcognitivebehaviouraltherapiesgroup:Waitlist,-2.958528,-2.95863,TRUE,has_direct(+indirect),Behavioural therapies individual + AD:Relaxation individual + AD,Behaviouraltherapiesindividual+AD:Relaxationindividual+AD,1,-1.020000000000465e-4,1.020000000000465e-4
Placebo,SNRIs,Placebo:SNRIs,Placebo:SNRIs,0.740949,0.741048,TRUE,has_direct(+indirect),Behavioural therapies individual + AD:Relaxation individual + AD,Behaviouraltherapiesindividual+AD:Relaxationindividual+AD,1,9.900000000007124e-5,9.900000000007124e-5
Behavioural therapies individual,Cognitive and cognitive behavioural therapies individual,Behavioural therapies individual:Cognitive and cognitive behavioural therapies individual,Behaviouraltherapiesindividual:Cognitiveandcognitivebehaviouraltherapiesindividual,2.108881,2.108971,TRUE,has_direct(+indirect),Behavioural therapies individual + AD:Relaxation individual + AD,Behaviouraltherapiesindividual+AD:Relaxationindividual+AD,1,9.000000000014552e-5,9.000000000014552e-5
Problem solving group,Waitlist,Problem solving group:Waitlist,Problemsolvinggroup:Waitlist,-3.669046,-3.669133,TRUE,has_direct(+indirect),Behavioural therapies individual + AD:Relaxation individual + AD,Behaviouraltherapiesindividual+AD:Relaxationindividual+AD,1,-8.700000000017027e-5,8.700000000017027e-5
Acupuncture,Sham acupuncture,Acupuncture:Sham acupuncture,Acupuncture:Shamacupuncture,-0.531807,-0.531864,TRUE,has_direct(+indirect),Behavioural therapies individual + AD:Relaxation individual + AD,Behaviouraltherapiesindividual+AD:Relaxationindividual+AD,1,-5.699999999997374e-5,5.699999999997374e-5
Cognitive and cognitive behavioural therapies individual,Self-help,Cognitive and cognitive behavioural therapies individual:Self-help,Cognitiveandcognitivebehaviouraltherapiesindividual:Self-help,-0.398416,-0.398464,TRUE,has_direct(+indirect),Behavioural therapies individual + AD:Relaxation individual + AD,Behaviouraltherapiesindividual+AD:Relaxationindividual+AD,1,-4.799999999999249e-5,4.799999999999249e-5
Exercise individual,No treatment,Exercise individual:No treatment,Exerciseindividual:Notreatment,-0.632998,-0.633045,TRUE,has_direct(+indirect),Behavioural therapies individual + AD:Relaxation individual + AD,Behaviouraltherapiesindividual+AD:Relaxationindividual+AD,1,-4.700000000001925e-5,4.700000000001925e-5
Placebo,TCAs,Placebo:TCAs,Placebo:TCAs,0.585739,0.599258,TRUE,has_direct(+indirect),Behavioural therapies individual + AD:Relaxation individual + placebo,Behaviouraltherapiesindividual+AD:Relaxationindividual+placebo,1,0.01351899999999994,0.01351899999999994
Cognitive and cognitive behavioural therapies individual,Waitlist,Cognitive and cognitive behavioural therapies individual:Waitlist,Cognitiveandcognitivebehaviouraltherapiesindividual:Waitlist,-1.827518,-1.827714,TRUE,has_direct(+indirect),Behavioural therapies individual + AD:Relaxation individual + placebo,Behaviouraltherapiesindividual+AD:Relaxationindividual+placebo,1,-1.96000000000085e-4,1.96000000000085e-4
Acupuncture,SSRIs,Acupuncture:SSRIs,Acupuncture:SSRIs,-0.919457,-0.919582,TRUE,has_direct(+indirect),Behavioural therapies individual + AD:Relaxation individual + placebo,Behaviouraltherapiesindividual+AD:Relaxationindividual+placebo,1,-1.2500000000004174e-4,1.2500000000004174e-4
Cognitive and cognitive behavioural therapies group,Waitlist,Cognitive and cognitive behavioural therapies group:Waitlist,Cognitiveandcognitivebehaviouraltherapiesgroup:Waitlist,-2.958528,-2.95863,TRUE,has_direct(+indirect),Behavioural therapies individual + AD:Relaxation individual + placebo,Behaviouraltherapiesindividual+AD:Relaxationindividual+placebo,1,-1.020000000000465e-4,1.020000000000465e-4
Placebo,SNRIs,Placebo:SNRIs,Placebo:SNRIs,0.740949,0.741048,TRUE,has_direct(+indirect),Behavioural therapies individual + AD:Relaxation individual + placebo,Behaviouraltherapiesindividual+AD:Relaxationindividual+placebo,1,9.900000000007124e-5,9.900000000007124e-5
Behavioural therapies individual,Cognitive and cognitive behavioural therapies individual,Behavioural therapies individual:Cognitive and cognitive behavioural therapies individual,Behaviouraltherapiesindividual:Cognitiveandcognitivebehaviouraltherapiesindividual,2.108881,2.108971,TRUE,has_direct(+indirect),Behavioural therapies individual + AD:Relaxation individual + placebo,Behaviouraltherapiesindividual+AD:Relaxationindividual+placebo,1,9.000000000014552e-5,9.000000000014552e-5
Problem solving group,Waitlist,Problem solving group:Waitlist,Problemsolvinggroup:Waitlist,-3.669046,-3.669133,TRUE,has_direct(+indirect),Behavioural therapies individual + AD:Relaxation individual + placebo,Behaviouraltherapiesindividual+AD:Relaxationindividual+placebo,1,-8.700000000017027e-5,8.700000000017027e-5
Acupuncture,Sham acupuncture,Acupuncture:Sham acupuncture,Acupuncture:Shamacupuncture,-0.531807,-0.531864,TRUE,has_direct(+indirect),Behavioural therapies individual + AD:Relaxation individual + placebo,Behaviouraltherapiesindividual+AD:Relaxationindividual+placebo,1,-5.699999999997374e-5,5.699999999997374e-5
Cognitive and cognitive behavioural therapies individual,Self-help,Cognitive and cognitive behavioural therapies individual:Self-help,Cognitiveandcognitivebehaviouraltherapiesindividual:Self-help,-0.398416,-0.398464,TRUE,has_direct(+indirect),Behavioural therapies individual + AD:Relaxation individual + placebo,Behaviouraltherapiesindividual+AD:Relaxationindividual+placebo,1,-4.799999999999249e-5,4.799999999999249e-5
Exercise individual,No treatment,Exercise individual:No treatment,Exerciseindividual:Notreatment,-0.632998,-0.633045,TRUE,has_direct(+indirect),Behavioural therapies individual + AD:Relaxation individual + placebo,Behaviouraltherapiesindividual+AD:Relaxationindividual+placebo,1,-4.700000000001925e-5,4.700000000001925e-5
Placebo,TCAs,Placebo:TCAs,Placebo:TCAs,0.585739,0.599258,TRUE,has_direct(+indirect),Behavioural therapies individual + AD:TCAs,Behaviouraltherapiesindividual+AD:TCAs,1,0.01351899999999994,0.01351899999999994
Cognitive and cognitive behavioural therapies individual,Waitlist,Cognitive and cognitive behavioural therapies individual:Waitlist,Cognitiveandcognitivebehaviouraltherapiesindividual:Waitlist,-1.827518,-1.827714,TRUE,has_direct(+indirect),Behavioural therapies individual + AD:TCAs,Behaviouraltherapiesindividual+AD:TCAs,1,-1.96000000000085e-4,1.96000000000085e-4
Acupuncture,SSRIs,Acupuncture:SSRIs,Acupuncture:SSRIs,-0.919457,-0.919582,TRUE,has_direct(+indirect),Behavioural therapies individual + AD:TCAs,Behaviouraltherapiesindividual+AD:TCAs,1,-1.2500000000004174e-4,1.2500000000004174e-4
Cognitive and cognitive behavioural therapies group,Waitlist,Cognitive and cognitive behavioural therapies group:Waitlist,Cognitiveandcognitivebehaviouraltherapiesgroup:Waitlist,-2.958528,-2.95863,TRUE,has_direct(+indirect),Behavioural therapies individual + AD:TCAs,Behaviouraltherapiesindividual+AD:TCAs,1,-1.020000000000465e-4,1.020000000000465e-4
Placebo,SNRIs,Placebo:SNRIs,Placebo:SNRIs,0.740949,0.741048,TRUE,has_direct(+indirect),Behavioural therapies individual + AD:TCAs,Behaviouraltherapiesindividual+AD:TCAs,1,9.900000000007124e-5,9.900000000007124e-5
Behavioural therapies individual,Cognitive and cognitive behavioural therapies individual,Behavioural therapies individual:Cognitive and cognitive behavioural therapies individual,Behaviouraltherapiesindividual:Cognitiveandcognitivebehaviouraltherapiesindividual,2.108881,2.108971,TRUE,has_direct(+indirect),Behavioural therapies individual + AD:TCAs,Behaviouraltherapiesindividual+AD:TCAs,1,9.000000000014552e-5,9.000000000014552e-5
Problem solving group,Waitlist,Problem solving group:Waitlist,Problemsolvinggroup:Waitlist,-3.669046,-3.669133,TRUE,has_direct(+indirect),Behavioural therapies individual + AD:TCAs,Behaviouraltherapiesindividual+AD:TCAs,1,-8.700000000017027e-5,8.700000000017027e-5
Acupuncture,Sham acupuncture,Acupuncture:Sham acupuncture,Acupuncture:Shamacupuncture,-0.531807,-0.531864,TRUE,has_direct(+indirect),Behavioural therapies individual + AD:TCAs,Behaviouraltherapiesindividual+AD:TCAs,1,-5.699999999997374e-5,5.699999999997374e-5
Cognitive and cognitive behavioural therapies individual,Self-help,Cognitive and cognitive behavioural therapies individual:Self-help,Cognitiveandcognitivebehaviouraltherapiesindividual:Self-help,-0.398416,-0.398464,TRUE,has_direct(+indirect),Behavioural therapies individual + AD:TCAs,Behaviouraltherapiesindividual+AD:TCAs,1,-4.799999999999249e-5,4.799999999999249e-5
Exercise individual,No treatment,Exercise individual:No treatment,Exerciseindividual:Notreatment,-0.632998,-0.633045,TRUE,has_direct(+indirect),Behavioural therapies individual + AD:TCAs,Behaviouraltherapiesindividual+AD:TCAs,1,-4.700000000001925e-5,4.700000000001925e-5
Cognitive and cognitive behavioural therapies individual,Waitlist,Cognitive and cognitive behavioural therapies individual:Waitlist,Cognitiveandcognitivebehaviouraltherapiesindividual:Waitlist,-1.827518,-1.825518,TRUE,has_direct(+indirect),Behavioural therapies individual:Cognitive and cognitive behavioural therapies individual,Behaviouraltherapiesindividual:Cognitiveandcognitivebehaviouraltherapiesindividual,2,0.002,0.002
Acupuncture,SSRIs,Acupuncture:SSRIs,Acupuncture:SSRIs,-0.919457,-0.918183,TRUE,has_direct(+indirect),Behavioural therapies individual:Cognitive and cognitive behavioural therapies individual,Behaviouraltherapiesindividual:Cognitiveandcognitivebehaviouraltherapiesindividual,2,0.00127399999999999,0.00127399999999999
Cognitive and cognitive behavioural therapies group,Waitlist,Cognitive and cognitive behavioural therapies group:Waitlist,Cognitiveandcognitivebehaviouraltherapiesgroup:Waitlist,-2.958528,-2.957491,TRUE,has_direct(+indirect),Behavioural therapies individual:Cognitive and cognitive behavioural therapies individual,Behaviouraltherapiesindividual:Cognitiveandcognitivebehaviouraltherapiesindividual,2,0.00103699999999973,0.00103699999999973
Placebo,SNRIs,Placebo:SNRIs,Placebo:SNRIs,0.740949,0.739938,TRUE,has_direct(+indirect),Behavioural therapies individual:Cognitive and cognitive behavioural therapies individual,Behaviouraltherapiesindividual:Cognitiveandcognitivebehaviouraltherapiesindividual,2,-0.00101099999999998,0.00101099999999998
Problem solving group,Waitlist,Problem solving group:Waitlist,Problemsolvinggroup:Waitlist,-3.669046,-3.668161,TRUE,has_direct(+indirect),Behavioural therapies individual:Cognitive and cognitive behavioural therapies individual,Behaviouraltherapiesindividual:Cognitiveandcognitivebehaviouraltherapiesindividual,2,8.849999999998026e-4,8.849999999998026e-4
Acupuncture,Sham acupuncture,Acupuncture:Sham acupuncture,Acupuncture:Shamacupuncture,-0.531807,-0.531218,TRUE,has_direct(+indirect),Behavioural therapies individual:Cognitive and cognitive behavioural therapies individual,Behaviouraltherapiesindividual:Cognitiveandcognitivebehaviouraltherapiesindividual,2,5.890000000000617e-4,5.890000000000617e-4
Cognitive and cognitive behavioural therapies individual,Self-help,Cognitive and cognitive behavioural therapies individual:Self-help,Cognitiveandcognitivebehaviouraltherapiesindividual:Self-help,-0.398416,-0.397926,TRUE,has_direct(+indirect),Behavioural therapies individual:Cognitive and cognitive behavioural therapies individual,Behaviouraltherapiesindividual:Cognitiveandcognitivebehaviouraltherapiesindividual,2,4.899999999999904e-4,4.899999999999904e-4
Exercise individual,No treatment,Exercise individual:No treatment,Exerciseindividual:Notreatment,-0.632998,-0.632517,TRUE,has_direct(+indirect),Behavioural therapies individual:Cognitive and cognitive behavioural therapies individual,Behaviouraltherapiesindividual:Cognitiveandcognitivebehaviouraltherapiesindividual,2,4.809999999999537e-4,4.809999999999537e-4
Counselling individual,Problem solving individual,Counselling individual:Problem solving individual,Counsellingindividual:Problemsolvingindividual,0.613477,0.613023,TRUE,has_direct(+indirect),Behavioural therapies individual:Cognitive and cognitive behavioural therapies individual,Behaviouraltherapiesindividual:Cognitiveandcognitivebehaviouraltherapiesindividual,2,-4.5400000000006546e-4,4.5400000000006546e-4
Self-help,Waitlist,Self-help:Waitlist,Self-help:Waitlist,-1.593253,-1.592854,TRUE,has_direct(+indirect),Behavioural therapies individual:Cognitive and cognitive behavioural therapies individual,Behaviouraltherapiesindividual:Cognitiveandcognitivebehaviouraltherapiesindividual,2,3.990000000000382e-4,3.990000000000382e-4
Cognitive and cognitive behavioural therapies individual,Waitlist,Cognitive and cognitive behavioural therapies individual:Waitlist,Cognitiveandcognitivebehaviouraltherapiesindividual:Waitlist,-1.827518,-1.826054,TRUE,has_direct(+indirect),Behavioural therapies individual:SSRIs,Behaviouraltherapiesindividual:SSRIs,1,0.0014639999999999,0.0014639999999999
Acupuncture,SSRIs,Acupuncture:SSRIs,Acupuncture:SSRIs,-0.919457,-0.918525,TRUE,has_direct(+indirect),Behavioural therapies individual:SSRIs,Behaviouraltherapiesindividual:SSRIs,1,9.319999999999328e-4,9.319999999999328e-4
Cognitive and cognitive behavioural therapies group,Waitlist,Cognitive and cognitive behavioural therapies group:Waitlist,Cognitiveandcognitivebehaviouraltherapiesgroup:Waitlist,-2.958528,-2.957769,TRUE,has_direct(+indirect),Behavioural therapies individual:SSRIs,Behaviouraltherapiesindividual:SSRIs,1,7.589999999999542e-4,7.589999999999542e-4
Placebo,SNRIs,Placebo:SNRIs,Placebo:SNRIs,0.740949,0.740209,TRUE,has_direct(+indirect),Behavioural therapies individual:SSRIs,Behaviouraltherapiesindividual:SSRIs,1,-7.399999999999629e-4,7.399999999999629e-4
Behavioural therapies individual,Cognitive and cognitive behavioural therapies individual,Behavioural therapies individual:Cognitive and cognitive behavioural therapies individual,Behaviouraltherapiesindividual:Cognitiveandcognitivebehaviouraltherapiesindividual,2.108881,2.108208,TRUE,has_direct(+indirect),Behavioural therapies individual:SSRIs,Behaviouraltherapiesindividual:SSRIs,1,-6.729999999999237e-4,6.729999999999237e-4
Problem solving group,Waitlist,Problem solving group:Waitlist,Problemsolvinggroup:Waitlist,-3.669046,-3.668398,TRUE,has_direct(+indirect),Behavioural therapies individual:SSRIs,Behaviouraltherapiesindividual:SSRIs,1,6.479999999999819e-4,6.479999999999819e-4
Acupuncture,Sham acupuncture,Acupuncture:Sham acupuncture,Acupuncture:Shamacupuncture,-0.531807,-0.531376,TRUE,has_direct(+indirect),Behavioural therapies individual:SSRIs,Behaviouraltherapiesindividual:SSRIs,1,4.310000000000702e-4,4.310000000000702e-4
Cognitive and cognitive behavioural therapies individual,Self-help,Cognitive and cognitive behavioural therapies individual:Self-help,Cognitiveandcognitivebehaviouraltherapiesindividual:Self-help,-0.398416,-0.398058,TRUE,has_direct(+indirect),Behavioural therapies individual:SSRIs,Behaviouraltherapiesindividual:SSRIs,1,3.5799999999996945e-4,3.5799999999996945e-4
Exercise individual,No treatment,Exercise individual:No treatment,Exerciseindividual:Notreatment,-0.632998,-0.632646,TRUE,has_direct(+indirect),Behavioural therapies individual:SSRIs,Behaviouraltherapiesindividual:SSRIs,1,3.5199999999990794e-4,3.5199999999990794e-4
Counselling individual,Problem solving individual,Counselling individual:Problem solving individual,Counsellingindividual:Problemsolvingindividual,0.613477,0.613145,TRUE,has_direct(+indirect),Behavioural therapies individual:SSRIs,Behaviouraltherapiesindividual:SSRIs,1,-3.3199999999999896e-4,3.3199999999999896e-4
Cognitive and cognitive behavioural therapies individual,Waitlist,Cognitive and cognitive behavioural therapies individual:Waitlist,Cognitiveandcognitivebehaviouraltherapiesindividual:Waitlist,-1.827518,-1.090162,TRUE,has_direct(+indirect),Cognitive and cognitive behavioural therapies group:Cognitive and cognitive behavioural therapies individual,Cognitiveandcognitivebehaviouraltherapiesgroup:Cognitiveandcognitivebehaviouraltherapiesindividual,1,0.7373559999999999,0.7373559999999999
Cognitive and cognitive behavioural therapies group,Waitlist,Cognitive and cognitive behavioural therapies group:Waitlist,Cognitiveandcognitivebehaviouraltherapiesgroup:Waitlist,-2.958528,-2.268514,TRUE,has_direct(+indirect),Cognitive and cognitive behavioural therapies group:Cognitive and cognitive behavioural therapies individual,Cognitiveandcognitivebehaviouraltherapiesgroup:Cognitiveandcognitivebehaviouraltherapiesindividual,1,0.6900139999999997,0.6900139999999997
Acupuncture,SSRIs,Acupuncture:SSRIs,Acupuncture:SSRIs,-0.919457,-0.918849,TRUE,has_direct(+indirect),Cognitive and cognitive behavioural therapies group:Cognitive and cognitive behavioural therapies individual,Cognitiveandcognitivebehaviouraltherapiesgroup:Cognitiveandcognitivebehaviouraltherapiesindividual,1,6.079999999999419e-4,6.079999999999419e-4
Placebo,SNRIs,Placebo:SNRIs,Placebo:SNRIs,0.740949,0.740466,TRUE,has_direct(+indirect),Cognitive and cognitive behavioural therapies group:Cognitive and cognitive behavioural therapies individual,Cognitiveandcognitivebehaviouraltherapiesgroup:Cognitiveandcognitivebehaviouraltherapiesindividual,1,-4.830000000000112e-4,4.830000000000112e-4
Behavioural therapies individual,Cognitive and cognitive behavioural therapies individual,Behavioural therapies individual:Cognitive and cognitive behavioural therapies individual,Behaviouraltherapiesindividual:Cognitiveandcognitivebehaviouraltherapiesindividual,2.108881,2.108442,TRUE,has_direct(+indirect),Cognitive and cognitive behavioural therapies group:Cognitive and cognitive behavioural therapies individual,Cognitiveandcognitivebehaviouraltherapiesgroup:Cognitiveandcognitivebehaviouraltherapiesindividual,1,-4.389999999996342e-4,4.389999999996342e-4
Problem solving group,Waitlist,Problem solving group:Waitlist,Problemsolvinggroup:Waitlist,-3.669046,-3.668623,TRUE,has_direct(+indirect),Cognitive and cognitive behavioural therapies group:Cognitive and cognitive behavioural therapies individual,Cognitiveandcognitivebehaviouraltherapiesgroup:Cognitiveandcognitivebehaviouraltherapiesindividual,1,4.229999999996181e-4,4.229999999996181e-4
Acupuncture,Sham acupuncture,Acupuncture:Sham acupuncture,Acupuncture:Shamacupuncture,-0.531807,-0.531526,TRUE,has_direct(+indirect),Cognitive and cognitive behavioural therapies group:Cognitive and cognitive behavioural therapies individual,Cognitiveandcognitivebehaviouraltherapiesgroup:Cognitiveandcognitivebehaviouraltherapiesindividual,1,2.809999999999757e-4,2.809999999999757e-4
Cognitive and cognitive behavioural therapies individual,Self-help,Cognitive and cognitive behavioural therapies individual:Self-help,Cognitiveandcognitivebehaviouraltherapiesindividual:Self-help,-0.398416,-0.398182,TRUE,has_direct(+indirect),Cognitive and cognitive behavioural therapies group:Cognitive and cognitive behavioural therapies individual,Cognitiveandcognitivebehaviouraltherapiesgroup:Cognitiveandcognitivebehaviouraltherapiesindividual,1,2.34000000000012e-4,2.34000000000012e-4
Exercise individual,No treatment,Exercise individual:No treatment,Exerciseindividual:Notreatment,-0.632998,-0.632769,TRUE,has_direct(+indirect),Cognitive and cognitive behavioural therapies group:Cognitive and cognitive behavioural therapies individual,Cognitiveandcognitivebehaviouraltherapiesgroup:Cognitiveandcognitivebehaviouraltherapiesindividual,1,2.289999999999237e-4,2.289999999999237e-4
Counselling individual,Problem solving individual,Counselling individual:Problem solving individual,Counsellingindividual:Problemsolvingindividual,0.613477,0.61326,TRUE,has_direct(+indirect),Cognitive and cognitive behavioural therapies group:Cognitive and cognitive behavioural therapies individual,Cognitiveandcognitivebehaviouraltherapiesgroup:Cognitiveandcognitivebehaviouraltherapiesindividual,1,-2.1700000000002273e-4,2.1700000000002273e-4
Cognitive and cognitive behavioural therapies individual,Waitlist,Cognitive and cognitive behavioural therapies individual:Waitlist,Cognitiveandcognitivebehaviouraltherapiesindividual:Waitlist,-1.827518,-1.827592,TRUE,has_direct(+indirect),Cognitive and cognitive behavioural therapies group:No treatment,Cognitiveandcognitivebehaviouraltherapiesgroup:Notreatment,1,-7.400000000012952e-5,7.400000000012952e-5
Acupuncture,SSRIs,Acupuncture:SSRIs,Acupuncture:SSRIs,-0.919457,-0.919504,TRUE,has_direct(+indirect),Cognitive and cognitive behavioural therapies group:No treatment,Cognitiveandcognitivebehaviouraltherapiesgroup:Notreatment,1,-4.700000000001925e-5,4.700000000001925e-5
Cognitive and cognitive behavioural therapies group,Waitlist,Cognitive and cognitive behavioural therapies group:Waitlist,Cognitiveandcognitivebehaviouraltherapiesgroup:Waitlist,-2.958528,-2.958567,TRUE,has_direct(+indirect),Cognitive and cognitive behavioural therapies group:No treatment,Cognitiveandcognitivebehaviouraltherapiesgroup:Notreatment,1,-3.900000000012227e-5,3.900000000012227e-5
Placebo,SNRIs,Placebo:SNRIs,Placebo:SNRIs,0.740949,0.740986,TRUE,has_direct(+indirect),Cognitive and cognitive behavioural therapies group:No treatment,Cognitiveandcognitivebehaviouraltherapiesgroup:Notreatment,1,3.700000000006476e-5,3.700000000006476e-5
Behavioural therapies individual,Cognitive and cognitive behavioural therapies individual,Behavioural therapies individual:Cognitive and cognitive behavioural therapies individual,Behaviouraltherapiesindividual:Cognitiveandcognitivebehaviouraltherapiesindividual,2.108881,2.108915,TRUE,has_direct(+indirect),Cognitive and cognitive behavioural therapies group:No treatment,Cognitiveandcognitivebehaviouraltherapiesgroup:Notreatment,1,3.400000000031156e-5,3.400000000031156e-5
Problem solving group,Waitlist,Problem solving group:Waitlist,Problemsolvinggroup:Waitlist,-3.669046,-3.669079,TRUE,has_direct(+indirect),Cognitive and cognitive behavioural therapies group:No treatment,Cognitiveandcognitivebehaviouraltherapiesgroup:Notreatment,1,-3.300000000017178e-5,3.300000000017178e-5
Acupuncture,Sham acupuncture,Acupuncture:Sham acupuncture,Acupuncture:Shamacupuncture,-0.531807,-0.531829,TRUE,has_direct(+indirect),Cognitive and cognitive behavioural therapies group:No treatment,Cognitiveandcognitivebehaviouraltherapiesgroup:Notreatment,1,-2.199999999996649e-5,2.199999999996649e-5
Exercise individual,No treatment,Exercise individual:No treatment,Exerciseindividual:Notreatment,-0.632998,-0.633016,TRUE,has_direct(+indirect),Cognitive and cognitive behavioural therapies group:No treatment,Cognitiveandcognitivebehaviouraltherapiesgroup:Notreatment,1,-1.8000000000073513e-5,1.8000000000073513e-5
Cognitive and cognitive behavioural therapies individual,Self-help,Cognitive and cognitive behavioural therapies individual:Self-help,Cognitiveandcognitivebehaviouraltherapiesindividual:Self-help,-0.398416,-0.398434,TRUE,has_direct(+indirect),Cognitive and cognitive behavioural therapies group:No treatment,Cognitiveandcognitivebehaviouraltherapiesgroup:Notreatment,1,-1.8000000000018e-5,1.8000000000018e-5
Counselling individual,Problem solving individual,Counselling individual:Problem solving individual,Counsellingindividual:Problemsolvingindividual,0.613477,0.613494,TRUE,has_direct(+indirect),Cognitive and cognitive behavioural therapies group:No treatment,Cognitiveandcognitivebehaviouraltherapiesgroup:Notreatment,1,1.6999999999933735e-5,1.6999999999933735e-5
Cognitive and cognitive behavioural therapies individual,Waitlist,Cognitive and cognitive behavioural therapies individual:Waitlist,Cognitiveandcognitivebehaviouraltherapiesindividual:Waitlist,-1.827518,-1.827843,TRUE,has_direct(+indirect),Cognitive and cognitive behavioural therapies group:SSRIs,Cognitiveandcognitivebehaviouraltherapiesgroup:SSRIs,1,-3.2500000000013074e-4,3.2500000000013074e-4
Acupuncture,SSRIs,Acupuncture:SSRIs,Acupuncture:SSRIs,-0.919457,-0.919663,TRUE,has_direct(+indirect),Cognitive and cognitive behavioural therapies group:SSRIs,Cognitiveandcognitivebehaviouraltherapiesgroup:SSRIs,1,-2.0600000000003948e-4,2.0600000000003948e-4
Cognitive and cognitive behavioural therapies group,Waitlist,Cognitive and cognitive behavioural therapies group:Waitlist,Cognitiveandcognitivebehaviouraltherapiesgroup:Waitlist,-2.958528,-2.958697,TRUE,has_direct(+indirect),Cognitive and cognitive behavioural therapies group:SSRIs,Cognitiveandcognitivebehaviouraltherapiesgroup:SSRIs,1,-1.6900000000008575e-4,1.6900000000008575e-4
Placebo,SNRIs,Placebo:SNRIs,Placebo:SNRIs,0.740949,0.741113,TRUE,has_direct(+indirect),Cognitive and cognitive behavioural therapies group:SSRIs,Cognitiveandcognitivebehaviouraltherapiesgroup:SSRIs,1,1.64000000000053e-4,1.64000000000053e-4
Behavioural therapies individual,Cognitive and cognitive behavioural therapies individual,Behavioural therapies individual:Cognitive and cognitive behavioural therapies individual,Behaviouraltherapiesindividual:Cognitiveandcognitivebehaviouraltherapiesindividual,2.108881,2.10903,TRUE,has_direct(+indirect),Cognitive and cognitive behavioural therapies group:SSRIs,Cognitiveandcognitivebehaviouraltherapiesgroup:SSRIs,1,1.490000000003988e-4,1.490000000003988e-4
Problem solving group,Waitlist,Problem solving group:Waitlist,Problemsolvinggroup:Waitlist,-3.669046,-3.66919,TRUE,has_direct(+indirect),Cognitive and cognitive behavioural therapies group:SSRIs,Cognitiveandcognitivebehaviouraltherapiesgroup:SSRIs,1,-1.44000000000144e-4,1.44000000000144e-4
Acupuncture,Sham acupuncture,Acupuncture:Sham acupuncture,Acupuncture:Shamacupuncture,-0.531807,-0.531902,TRUE,has_direct(+indirect),Cognitive and cognitive behavioural therapies group:SSRIs,Cognitiveandcognitivebehaviouraltherapiesgroup:SSRIs,1,-9.499999999995624e-5,9.499999999995624e-5
Cognitive and cognitive behavioural therapies individual,Self-help,Cognitive and cognitive behavioural therapies individual:Self-help,Cognitiveandcognitivebehaviouraltherapiesindividual:Self-help,-0.398416,-0.398495,TRUE,has_direct(+indirect),Cognitive and cognitive behavioural therapies group:SSRIs,Cognitiveandcognitivebehaviouraltherapiesgroup:SSRIs,1,-7.899999999999574e-5,7.899999999999574e-5
Exercise individual,No treatment,Exercise individual:No treatment,Exerciseindividual:Notreatment,-0.632998,-0.633076,TRUE,has_direct(+indirect),Cognitive and cognitive behavioural therapies group:SSRIs,Cognitiveandcognitivebehaviouraltherapiesgroup:SSRIs,1,-7.80000000000225e-5,7.80000000000225e-5
Counselling individual,Problem solving individual,Counselling individual:Problem solving individual,Counsellingindividual:Problemsolvingindividual,0.613477,0.613551,TRUE,has_direct(+indirect),Cognitive and cognitive behavioural therapies group:SSRIs,Cognitiveandcognitivebehaviouraltherapiesgroup:SSRIs,1,7.399999999990747e-5,7.399999999990747e-5
Cognitive and cognitive behavioural therapies group,Waitlist,Cognitive and cognitive behavioural therapies group:Waitlist,Cognitiveandcognitivebehaviouraltherapiesgroup:Waitlist,-2.958528,-4.016269,TRUE,has_direct(+indirect),Cognitive and cognitive behavioural therapies group:Self-help,Cognitiveandcognitivebehaviouraltherapiesgroup:Self-help,1,-1.0577410000000005,1.0577410000000005
Self-help,Waitlist,Self-help:Waitlist,Self-help:Waitlist,-1.593253,-1.663142,TRUE,has_direct(+indirect),Cognitive and cognitive behavioural therapies group:Self-help,Cognitiveandcognitivebehaviouraltherapiesgroup:Self-help,1,-0.06988899999999987,0.06988899999999987
Self-help with support,Waitlist,Self-help with support:Waitlist,Self-helpwithsupport:Waitlist,-1.374967,-1.377598,TRUE,has_direct(+indirect),Cognitive and cognitive behavioural therapies group:Self-help,Cognitiveandcognitivebehaviouraltherapiesgroup:Self-help,1,-0.00263100000000005,0.00263100000000005
Cognitive and cognitive behavioural therapies individual,Waitlist,Cognitive and cognitive behavioural therapies individual:Waitlist,Cognitiveandcognitivebehaviouraltherapiesindividual:Waitlist,-1.827518,-1.827092,TRUE,has_direct(+indirect),Cognitive and cognitive behavioural therapies group:Self-help,Cognitiveandcognitivebehaviouraltherapiesgroup:Self-help,1,4.2600000000003746e-4,4.2600000000003746e-4
Acupuncture,SSRIs,Acupuncture:SSRIs,Acupuncture:SSRIs,-0.919457,-0.919186,TRUE,has_direct(+indirect),Cognitive and cognitive behavioural therapies group:Self-help,Cognitiveandcognitivebehaviouraltherapiesgroup:Self-help,1,2.710000000000212e-4,2.710000000000212e-4
Placebo,SNRIs,Placebo:SNRIs,Placebo:SNRIs,0.740949,0.740734,TRUE,has_direct(+indirect),Cognitive and cognitive behavioural therapies group:Self-help,Cognitiveandcognitivebehaviouraltherapiesgroup:Self-help,1,-2.149999999999652e-4,2.149999999999652e-4
Behavioural therapies individual,Cognitive and cognitive behavioural therapies individual,Behavioural therapies individual:Cognitive and cognitive behavioural therapies individual,Behaviouraltherapiesindividual:Cognitiveandcognitivebehaviouraltherapiesindividual,2.108881,2.108686,TRUE,has_direct(+indirect),Cognitive and cognitive behavioural therapies group:Self-help,Cognitiveandcognitivebehaviouraltherapiesgroup:Self-help,1,-1.9499999999972317e-4,1.9499999999972317e-4
Problem solving group,Waitlist,Problem solving group:Waitlist,Problemsolvinggroup:Waitlist,-3.669046,-3.668858,TRUE,has_direct(+indirect),Cognitive and cognitive behavioural therapies group:Self-help,Cognitiveandcognitivebehaviouraltherapiesgroup:Self-help,1,1.879999999996329e-4,1.879999999996329e-4
Acupuncture,Sham acupuncture,Acupuncture:Sham acupuncture,Acupuncture:Shamacupuncture,-0.531807,-0.531682,TRUE,has_direct(+indirect),Cognitive and cognitive behavioural therapies group:Self-help,Cognitiveandcognitivebehaviouraltherapiesgroup:Self-help,1,1.2500000000004174e-4,1.2500000000004174e-4
Cognitive and cognitive behavioural therapies individual,Self-help,Cognitive and cognitive behavioural therapies individual:Self-help,Cognitiveandcognitivebehaviouraltherapiesindividual:Self-help,-0.398416,-0.398312,TRUE,has_direct(+indirect),Cognitive and cognitive behavioural therapies group:Self-help,Cognitiveandcognitivebehaviouraltherapiesgroup:Self-help,1,1.03999999999993e-4,1.03999999999993e-4
Cognitive and cognitive behavioural therapies group,Waitlist,Cognitive and cognitive behavioural therapies group:Waitlist,Cognitiveandcognitivebehaviouraltherapiesgroup:Waitlist,-2.958528,-4.016269,TRUE,has_direct(+indirect),Cognitive and cognitive behavioural therapies group:Self-help with support,Cognitiveandcognitivebehaviouraltherapiesgroup:Self-helpwithsupport,1,-1.0577410000000005,1.0577410000000005
Self-help,Waitlist,Self-help:Waitlist,Self-help:Waitlist,-1.593253,-1.663142,TRUE,has_direct(+indirect),Cognitive and cognitive behavioural therapies group:Self-help with support,Cognitiveandcognitivebehaviouraltherapiesgroup:Self-helpwithsupport,1,-0.06988899999999987,0.06988899999999987
Self-help with support,Waitlist,Self-help with support:Waitlist,Self-helpwithsupport:Waitlist,-1.374967,-1.377598,TRUE,has_direct(+indirect),Cognitive and cognitive behavioural therapies group:Self-help with support,Cognitiveandcognitivebehaviouraltherapiesgroup:Self-helpwithsupport,1,-0.00263100000000005,0.00263100000000005
Cognitive and cognitive behavioural therapies individual,Waitlist,Cognitive and cognitive behavioural therapies individual:Waitlist,Cognitiveandcognitivebehaviouraltherapiesindividual:Waitlist,-1.827518,-1.827092,TRUE,has_direct(+indirect),Cognitive and cognitive behavioural therapies group:Self-help with support,Cognitiveandcognitivebehaviouraltherapiesgroup:Self-helpwithsupport,1,4.2600000000003746e-4,4.2600000000003746e-4
Acupuncture,SSRIs,Acupuncture:SSRIs,Acupuncture:SSRIs,-0.919457,-0.919186,TRUE,has_direct(+indirect),Cognitive and cognitive behavioural therapies group:Self-help with support,Cognitiveandcognitivebehaviouraltherapiesgroup:Self-helpwithsupport,1,2.710000000000212e-4,2.710000000000212e-4
Placebo,SNRIs,Placebo:SNRIs,Placebo:SNRIs,0.740949,0.740734,TRUE,has_direct(+indirect),Cognitive and cognitive behavioural therapies group:Self-help with support,Cognitiveandcognitivebehaviouraltherapiesgroup:Self-helpwithsupport,1,-2.149999999999652e-4,2.149999999999652e-4
Behavioural therapies individual,Cognitive and cognitive behavioural therapies individual,Behavioural therapies individual:Cognitive and cognitive behavioural therapies individual,Behaviouraltherapiesindividual:Cognitiveandcognitivebehaviouraltherapiesindividual,2.108881,2.108686,TRUE,has_direct(+indirect),Cognitive and cognitive behavioural therapies group:Self-help with support,Cognitiveandcognitivebehaviouraltherapiesgroup:Self-helpwithsupport,1,-1.9499999999972317e-4,1.9499999999972317e-4
Problem solving group,Waitlist,Problem solving group:Waitlist,Problemsolvinggroup:Waitlist,-3.669046,-3.668858,TRUE,has_direct(+indirect),Cognitive and cognitive behavioural therapies group:Self-help with support,Cognitiveandcognitivebehaviouraltherapiesgroup:Self-helpwithsupport,1,1.879999999996329e-4,1.879999999996329e-4
Acupuncture,Sham acupuncture,Acupuncture:Sham acupuncture,Acupuncture:Shamacupuncture,-0.531807,-0.531682,TRUE,has_direct(+indirect),Cognitive and cognitive behavioural therapies group:Self-help with support,Cognitiveandcognitivebehaviouraltherapiesgroup:Self-helpwithsupport,1,1.2500000000004174e-4,1.2500000000004174e-4
Cognitive and cognitive behavioural therapies individual,Self-help,Cognitive and cognitive behavioural therapies individual:Self-help,Cognitiveandcognitivebehaviouraltherapiesindividual:Self-help,-0.398416,-0.398312,TRUE,has_direct(+indirect),Cognitive and cognitive behavioural therapies group:Self-help with support,Cognitiveandcognitivebehaviouraltherapiesgroup:Self-helpwithsupport,1,1.03999999999993e-4,1.03999999999993e-4
Cognitive and cognitive behavioural therapies individual,Waitlist,Cognitive and cognitive behavioural therapies individual:Waitlist,Cognitiveandcognitivebehaviouraltherapiesindividual:Waitlist,-1.827518,-1.827575,TRUE,has_direct(+indirect),Cognitive and cognitive behavioural therapies group:TAU,Cognitiveandcognitivebehaviouraltherapiesgroup:TAU,1,-5.699999999997374e-5,5.699999999997374e-5
Acupuncture,SSRIs,Acupuncture:SSRIs,Acupuncture:SSRIs,-0.919457,-0.919493,TRUE,has_direct(+indirect),Cognitive and cognitive behavioural therapies group:TAU,Cognitiveandcognitivebehaviouraltherapiesgroup:TAU,1,-3.6000000000036e-5,3.6000000000036e-5
Cognitive and cognitive behavioural therapies group,Waitlist,Cognitive and cognitive behavioural therapies group:Waitlist,Cognitiveandcognitivebehaviouraltherapiesgroup:Waitlist,-2.958528,-2.958558,TRUE,has_direct(+indirect),Cognitive and cognitive behavioural therapies group:TAU,Cognitiveandcognitivebehaviouraltherapiesgroup:TAU,1,-3.0000000000196536e-5,3.0000000000196536e-5
Placebo,SNRIs,Placebo:SNRIs,Placebo:SNRIs,0.740949,0.740978,TRUE,has_direct(+indirect),Cognitive and cognitive behavioural therapies group:TAU,Cognitiveandcognitivebehaviouraltherapiesgroup:TAU,1,2.900000000005676e-5,2.900000000005676e-5
Behavioural therapies individual,Cognitive and cognitive behavioural therapies individual,Behavioural therapies individual:Cognitive and cognitive behavioural therapies individual,Behaviouraltherapiesindividual:Cognitiveandcognitivebehaviouraltherapiesindividual,2.108881,2.108907,TRUE,has_direct(+indirect),Cognitive and cognitive behavioural therapies group:TAU,Cognitiveandcognitivebehaviouraltherapiesgroup:TAU,1,2.6000000000081513e-5,2.6000000000081513e-5
Problem solving group,Waitlist,Problem solving group:Waitlist,Problemsolvinggroup:Waitlist,-3.669046,-3.669072,TRUE,has_direct(+indirect),Cognitive and cognitive behavioural therapies group:TAU,Cognitiveandcognitivebehaviouraltherapiesgroup:TAU,1,-2.6000000000081513e-5,2.6000000000081513e-5
Acupuncture,Sham acupuncture,Acupuncture:Sham acupuncture,Acupuncture:Shamacupuncture,-0.531807,-0.531824,TRUE,has_direct(+indirect),Cognitive and cognitive behavioural therapies group:TAU,Cognitiveandcognitivebehaviouraltherapiesgroup:TAU,1,-1.6999999999933735e-5,1.6999999999933735e-5
Exercise individual,No treatment,Exercise individual:No treatment,Exerciseindividual:Notreatment,-0.632998,-0.633012,TRUE,has_direct(+indirect),Cognitive and cognitive behavioural therapies group:TAU,Cognitiveandcognitivebehaviouraltherapiesgroup:TAU,1,-1.4000000000069512e-5,1.4000000000069512e-5
Cognitive and cognitive behavioural therapies individual,Self-help,Cognitive and cognitive behavioural therapies individual:Self-help,Cognitiveandcognitivebehaviouraltherapiesindividual:Self-help,-0.398416,-0.39843,TRUE,has_direct(+indirect),Cognitive and cognitive behavioural therapies group:TAU,Cognitiveandcognitivebehaviouraltherapiesgroup:TAU,1,-1.4000000000014e-5,1.4000000000014e-5
Counselling individual,Problem solving individual,Counselling individual:Problem solving individual,Counsellingindividual:Problemsolvingindividual,0.613477,0.61349,TRUE,has_direct(+indirect),Cognitive and cognitive behavioural therapies group:TAU,Cognitiveandcognitivebehaviouraltherapiesgroup:TAU,1,1.2999999999929734e-5,1.2999999999929734e-5
Cognitive and cognitive behavioural therapies individual,Waitlist,Cognitive and cognitive behavioural therapies individual:Waitlist,Cognitiveandcognitivebehaviouraltherapiesindividual:Waitlist,-1.827518,-1.090161,TRUE,has_direct(+indirect),Cognitive and cognitive behavioural therapies group:Waitlist,Cognitiveandcognitivebehaviouraltherapiesgroup:Waitlist,2,0.737357,0.737357
Self-help,Waitlist,Self-help:Waitlist,Self-help:Waitlist,-1.593253,-1.662804,TRUE,has_direct(+indirect),Cognitive and cognitive behavioural therapies group:Waitlist,Cognitiveandcognitivebehaviouraltherapiesgroup:Waitlist,2,-0.06955099999999992,0.06955099999999992
Self-help with support,Waitlist,Self-help with support:Waitlist,Self-helpwithsupport:Waitlist,-1.374967,-1.377656,TRUE,has_direct(+indirect),Cognitive and cognitive behavioural therapies group:Waitlist,Cognitiveandcognitivebehaviouraltherapiesgroup:Waitlist,2,-0.00268899999999994,0.00268899999999994
Acupuncture,SSRIs,Acupuncture:SSRIs,Acupuncture:SSRIs,-0.919457,-0.918495,TRUE,has_direct(+indirect),Cognitive and cognitive behavioural therapies group:Waitlist,Cognitiveandcognitivebehaviouraltherapiesgroup:Waitlist,2,9.620000000000184e-4,9.620000000000184e-4
Placebo,SNRIs,Placebo:SNRIs,Placebo:SNRIs,0.740949,0.740185,TRUE,has_direct(+indirect),Cognitive and cognitive behavioural therapies group:Waitlist,Cognitiveandcognitivebehaviouraltherapiesgroup:Waitlist,2,-7.639999999999869e-4,7.639999999999869e-4
Behavioural therapies individual,Cognitive and cognitive behavioural therapies individual,Behavioural therapies individual:Cognitive and cognitive behavioural therapies individual,Behaviouraltherapiesindividual:Cognitiveandcognitivebehaviouraltherapiesindividual,2.108881,2.108187,TRUE,has_direct(+indirect),Cognitive and cognitive behavioural therapies group:Waitlist,Cognitiveandcognitivebehaviouraltherapiesgroup:Waitlist,2,-6.939999999997504e-4,6.939999999997504e-4
Problem solving group,Waitlist,Problem solving group:Waitlist,Problemsolvinggroup:Waitlist,-3.669046,-3.668377,TRUE,has_direct(+indirect),Cognitive and cognitive behavioural therapies group:Waitlist,Cognitiveandcognitivebehaviouraltherapiesgroup:Waitlist,2,6.689999999998086e-4,6.689999999998086e-4
Acupuncture,Sham acupuncture,Acupuncture:Sham acupuncture,Acupuncture:Shamacupuncture,-0.531807,-0.531363,TRUE,has_direct(+indirect),Cognitive and cognitive behavioural therapies group:Waitlist,Cognitiveandcognitivebehaviouraltherapiesgroup:Waitlist,2,4.439999999999999e-4,4.439999999999999e-4
Cognitive and cognitive behavioural therapies individual,Self-help,Cognitive and cognitive behavioural therapies individual:Self-help,Cognitiveandcognitivebehaviouraltherapiesindividual:Self-help,-0.398416,-0.398046,TRUE,has_direct(+indirect),Cognitive and cognitive behavioural therapies group:Waitlist,Cognitiveandcognitivebehaviouraltherapiesgroup:Waitlist,2,3.6999999999998145e-4,3.6999999999998145e-4
Exercise individual,No treatment,Exercise individual:No treatment,Exerciseindividual:Notreatment,-0.632998,-0.632635,TRUE,has_direct(+indirect),Cognitive and cognitive behavioural therapies group:Waitlist,Cognitiveandcognitivebehaviouraltherapiesgroup:Waitlist,2,3.630000000000022e-4,3.630000000000022e-4
Cognitive and cognitive behavioural therapies individual + AD,TCAs,Cognitive and cognitive behavioural therapies individual + AD:TCAs,Cognitiveandcognitivebehaviouraltherapiesindividual+AD:TCAs,-0.28123,-0.415354,TRUE,has_direct(+indirect),Cognitive and cognitive behavioural therapies individual + AD:Cognitive and cognitive behavioural therapies individual + placebo,Cognitiveandcognitivebehaviouraltherapiesindividual+AD:Cognitiveandcognitivebehaviouraltherapiesindividual+placebo,2,-0.13412400000000002,0.13412400000000002
Cognitive and cognitive behavioural therapies individual,TCAs,Cognitive and cognitive behavioural therapies individual:TCAs,Cognitiveandcognitivebehaviouraltherapiesindividual:TCAs,-0.216386,-0.278043,TRUE,has_direct(+indirect),Cognitive and cognitive behavioural therapies individual + AD:Cognitive and cognitive behavioural therapies individual + placebo,Cognitiveandcognitivebehaviouraltherapiesindividual+AD:Cognitiveandcognitivebehaviouraltherapiesindividual+placebo,2,-0.06165699999999999,0.06165699999999999
Cognitive and cognitive behavioural therapies individual,Cognitive and cognitive behavioural therapies individual + AD,Cognitive and cognitive behavioural therapies individual:Cognitive and cognitive behavioural therapies individual + AD,Cognitiveandcognitivebehaviouraltherapiesindividual:Cognitiveandcognitivebehaviouraltherapiesindividual+AD,0.189697,0.160194,TRUE,has_direct(+indirect),Cognitive and cognitive behavioural therapies individual + AD:Cognitive and cognitive behavioural therapies individual + placebo,Cognitiveandcognitivebehaviouraltherapiesindividual+AD:Cognitiveandcognitivebehaviouraltherapiesindividual+placebo,2,-0.029503,0.029503
Cognitive and cognitive behavioural therapies individual,Waitlist,Cognitive and cognitive behavioural therapies individual:Waitlist,Cognitiveandcognitivebehaviouraltherapiesindividual:Waitlist,-1.827518,-1.827932,TRUE,has_direct(+indirect),Cognitive and cognitive behavioural therapies individual + AD:Cognitive and cognitive behavioural therapies individual + placebo,Cognitiveandcognitivebehaviouraltherapiesindividual+AD:Cognitiveandcognitivebehaviouraltherapiesindividual+placebo,2,-4.139999999999144e-4,4.139999999999144e-4
Acupuncture,SSRIs,Acupuncture:SSRIs,Acupuncture:SSRIs,-0.919457,-0.91972,TRUE,has_direct(+indirect),Cognitive and cognitive behavioural therapies individual + AD:Cognitive and cognitive behavioural therapies individual + placebo,Cognitiveandcognitivebehaviouraltherapiesindividual+AD:Cognitiveandcognitivebehaviouraltherapiesindividual+placebo,2,-2.630000000000132e-4,2.630000000000132e-4
Cognitive and cognitive behavioural therapies group,Waitlist,Cognitive and cognitive behavioural therapies group:Waitlist,Cognitiveandcognitivebehaviouraltherapiesgroup:Waitlist,-2.958528,-2.958743,TRUE,has_direct(+indirect),Cognitive and cognitive behavioural therapies individual + AD:Cognitive and cognitive behavioural therapies individual + placebo,Cognitiveandcognitivebehaviouraltherapiesindividual+AD:Cognitiveandcognitivebehaviouraltherapiesindividual+placebo,2,-2.1500000000029829e-4,2.1500000000029829e-4
Placebo,SNRIs,Placebo:SNRIs,Placebo:SNRIs,0.740949,0.741158,TRUE,has_direct(+indirect),Cognitive and cognitive behavioural therapies individual + AD:Cognitive and cognitive behavioural therapies individual + placebo,Cognitiveandcognitivebehaviouraltherapiesindividual+AD:Cognitiveandcognitivebehaviouraltherapiesindividual+placebo,2,2.0900000000001473e-4,2.0900000000001473e-4
Behavioural therapies individual,Cognitive and cognitive behavioural therapies individual,Behavioural therapies individual:Cognitive and cognitive behavioural therapies individual,Behaviouraltherapiesindividual:Cognitiveandcognitivebehaviouraltherapiesindividual,2.108881,2.109071,TRUE,has_direct(+indirect),Cognitive and cognitive behavioural therapies individual + AD:Cognitive and cognitive behavioural therapies individual + placebo,Cognitiveandcognitivebehaviouraltherapiesindividual+AD:Cognitiveandcognitivebehaviouraltherapiesindividual+placebo,2,1.9000000000035655e-4,1.9000000000035655e-4
Problem solving group,Waitlist,Problem solving group:Waitlist,Problemsolvinggroup:Waitlist,-3.669046,-3.669229,TRUE,has_direct(+indirect),Cognitive and cognitive behavioural therapies individual + AD:Cognitive and cognitive behavioural therapies individual + placebo,Cognitiveandcognitivebehaviouraltherapiesindividual+AD:Cognitiveandcognitivebehaviouraltherapiesindividual+placebo,2,-1.8300000000026628e-4,1.8300000000026628e-4
Acupuncture,Sham acupuncture,Acupuncture:Sham acupuncture,Acupuncture:Shamacupuncture,-0.531807,-0.531928,TRUE,has_direct(+indirect),Cognitive and cognitive behavioural therapies individual + AD:Cognitive and cognitive behavioural therapies individual + placebo,Cognitiveandcognitivebehaviouraltherapiesindividual+AD:Cognitiveandcognitivebehaviouraltherapiesindividual+placebo,2,-1.2099999999992672e-4,1.2099999999992672e-4
Cognitive and cognitive behavioural therapies individual,Cognitive and cognitive behavioural therapies individual + AD,Cognitive and cognitive behavioural therapies individual:Cognitive and cognitive behavioural therapies individual + AD,Cognitiveandcognitivebehaviouraltherapiesindividual:Cognitiveandcognitivebehaviouraltherapiesindividual+AD,0.189697,0.264317,TRUE,has_direct(+indirect),Cognitive and cognitive behavioural therapies individual + AD:SSRIs,Cognitiveandcognitivebehaviouraltherapiesindividual+AD:SSRIs,2,0.07462000000000002,0.07462000000000002
Cognitive and cognitive behavioural therapies individual,SSRIs,Cognitive and cognitive behavioural therapies individual:SSRIs,Cognitiveandcognitivebehaviouraltherapiesindividual:SSRIs,-0.463198,-0.450858,TRUE,has_direct(+indirect),Cognitive and cognitive behavioural therapies individual + AD:SSRIs,Cognitiveandcognitivebehaviouraltherapiesindividual+AD:SSRIs,2,0.01234000000000001,0.01234000000000001
Cognitive and cognitive behavioural therapies individual,TAU,Cognitive and cognitive behavioural therapies individual:TAU,Cognitiveandcognitivebehaviouraltherapiesindividual:TAU,-0.298912,-0.28881,TRUE,has_direct(+indirect),Cognitive and cognitive behavioural therapies individual + AD:SSRIs,Cognitiveandcognitivebehaviouraltherapiesindividual+AD:SSRIs,2,0.010102,0.010102
Cognitive and cognitive behavioural therapies individual,Waitlist,Cognitive and cognitive behavioural therapies individual:Waitlist,Cognitiveandcognitivebehaviouraltherapiesindividual:Waitlist,-1.827518,-1.828173,TRUE,has_direct(+indirect),Cognitive and cognitive behavioural therapies individual + AD:SSRIs,Cognitiveandcognitivebehaviouraltherapiesindividual+AD:SSRIs,2,-6.550000000000722e-4,6.550000000000722e-4
Acupuncture,SSRIs,Acupuncture:SSRIs,Acupuncture:SSRIs,-0.919457,-0.919873,TRUE,has_direct(+indirect),Cognitive and cognitive behavioural therapies individual + AD:SSRIs,Cognitiveandcognitivebehaviouraltherapiesindividual+AD:SSRIs,2,-4.1600000000008297e-4,4.1600000000008297e-4
Cognitive and cognitive behavioural therapies group,Waitlist,Cognitive and cognitive behavioural therapies group:Waitlist,Cognitiveandcognitivebehaviouraltherapiesgroup:Waitlist,-2.958528,-2.958868,TRUE,has_direct(+indirect),Cognitive and cognitive behavioural therapies individual + AD:SSRIs,Cognitiveandcognitivebehaviouraltherapiesindividual+AD:SSRIs,2,-3.4000000000000696e-4,3.4000000000000696e-4
Placebo,SNRIs,Placebo:SNRIs,Placebo:SNRIs,0.740949,0.741281,TRUE,has_direct(+indirect),Cognitive and cognitive behavioural therapies individual + AD:SSRIs,Cognitiveandcognitivebehaviouraltherapiesindividual+AD:SSRIs,2,3.3199999999999896e-4,3.3199999999999896e-4
Behavioural therapies individual,Cognitive and cognitive behavioural therapies individual,Behavioural therapies individual:Cognitive and cognitive behavioural therapies individual,Behaviouraltherapiesindividual:Cognitiveandcognitivebehaviouraltherapiesindividual,2.108881,2.109181,TRUE,has_direct(+indirect),Cognitive and cognitive behavioural therapies individual + AD:SSRIs,Cognitiveandcognitivebehaviouraltherapiesindividual+AD:SSRIs,2,3.00000000000189e-4,3.00000000000189e-4
Problem solving group,Waitlist,Problem solving group:Waitlist,Problemsolvinggroup:Waitlist,-3.669046,-3.669336,TRUE,has_direct(+indirect),Cognitive and cognitive behavioural therapies individual + AD:SSRIs,Cognitiveandcognitivebehaviouraltherapiesindividual+AD:SSRIs,2,-2.900000000001235e-4,2.900000000001235e-4
Acupuncture,Sham acupuncture,Acupuncture:Sham acupuncture,Acupuncture:Shamacupuncture,-0.531807,-0.531999,TRUE,has_direct(+indirect),Cognitive and cognitive behavioural therapies individual + AD:SSRIs,Cognitiveandcognitivebehaviouraltherapiesindividual+AD:SSRIs,2,-1.9199999999996997e-4,1.9199999999996997e-4
Cognitive and cognitive behavioural therapies individual + AD,SSRIs,Cognitive and cognitive behavioural therapies individual + AD:SSRIs,Cognitiveandcognitivebehaviouraltherapiesindividual+AD:SSRIs,-0.337419,-0.163821,TRUE,has_direct(+indirect),Cognitive and cognitive behavioural therapies individual + AD:TAU,Cognitiveandcognitivebehaviouraltherapiesindividual+AD:TAU,1,0.17359800000000003,0.17359800000000003
Cognitive and cognitive behavioural therapies individual,Cognitive and cognitive behavioural therapies individual + AD,Cognitive and cognitive behavioural therapies individual:Cognitive and cognitive behavioural therapies individual + AD,Cognitiveandcognitivebehaviouraltherapiesindividual:Cognitiveandcognitivebehaviouraltherapiesindividual+AD,0.189697,0.264317,TRUE,has_direct(+indirect),Cognitive and cognitive behavioural therapies individual + AD:TAU,Cognitiveandcognitivebehaviouraltherapiesindividual+AD:TAU,1,0.07462000000000002,0.07462000000000002
Cognitive and cognitive behavioural therapies individual,SSRIs,Cognitive and cognitive behavioural therapies individual:SSRIs,Cognitiveandcognitivebehaviouraltherapiesindividual:SSRIs,-0.463198,-0.450857,TRUE,has_direct(+indirect),Cognitive and cognitive behavioural therapies individual + AD:TAU,Cognitiveandcognitivebehaviouraltherapiesindividual+AD:TAU,1,0.012340999999999991,0.012340999999999991
Cognitive and cognitive behavioural therapies individual,TAU,Cognitive and cognitive behavioural therapies individual:TAU,Cognitiveandcognitivebehaviouraltherapiesindividual:TAU,-0.298912,-0.288812,TRUE,has_direct(+indirect),Cognitive and cognitive behavioural therapies individual + AD:TAU,Cognitiveandcognitivebehaviouraltherapiesindividual+AD:TAU,1,0.01009999999999999,0.01009999999999999
Cognitive and cognitive behavioural therapies individual,Waitlist,Cognitive and cognitive behavioural therapies individual:Waitlist,Cognitiveandcognitivebehaviouraltherapiesindividual:Waitlist,-1.827518,-1.828136,TRUE,has_direct(+indirect),Cognitive and cognitive behavioural therapies individual + AD:TAU,Cognitiveandcognitivebehaviouraltherapiesindividual+AD:TAU,1,-6.180000000000074e-4,6.180000000000074e-4
Acupuncture,SSRIs,Acupuncture:SSRIs,Acupuncture:SSRIs,-0.919457,-0.91985,TRUE,has_direct(+indirect),Cognitive and cognitive behavioural therapies individual + AD:TAU,Cognitiveandcognitivebehaviouraltherapiesindividual+AD:TAU,1,-3.929999999999767e-4,3.929999999999767e-4
Cognitive and cognitive behavioural therapies group,Waitlist,Cognitive and cognitive behavioural therapies group:Waitlist,Cognitiveandcognitivebehaviouraltherapiesgroup:Waitlist,-2.958528,-2.958849,TRUE,has_direct(+indirect),Cognitive and cognitive behavioural therapies individual + AD:TAU,Cognitiveandcognitivebehaviouraltherapiesindividual+AD:TAU,1,-3.210000000000157e-4,3.210000000000157e-4
Placebo,SNRIs,Placebo:SNRIs,Placebo:SNRIs,0.740949,0.741262,TRUE,has_direct(+indirect),Cognitive and cognitive behavioural therapies individual + AD:TAU,Cognitiveandcognitivebehaviouraltherapiesindividual+AD:TAU,1,3.130000000000077e-4,3.130000000000077e-4
Behavioural therapies individual,Cognitive and cognitive behavioural therapies individual,Behavioural therapies individual:Cognitive and cognitive behavioural therapies individual,Behaviouraltherapiesindividual:Cognitiveandcognitivebehaviouraltherapiesindividual,2.108881,2.109165,TRUE,has_direct(+indirect),Cognitive and cognitive behavioural therapies individual + AD:TAU,Cognitiveandcognitivebehaviouraltherapiesindividual+AD:TAU,1,2.84000000000173e-4,2.84000000000173e-4
Problem solving group,Waitlist,Problem solving group:Waitlist,Problemsolvinggroup:Waitlist,-3.669046,-3.66932,TRUE,has_direct(+indirect),Cognitive and cognitive behavioural therapies individual + AD:TAU,Cognitiveandcognitivebehaviouraltherapiesindividual+AD:TAU,1,-2.740000000001075e-4,2.740000000001075e-4
Cognitive and cognitive behavioural therapies individual + AD,Cognitive and cognitive behavioural therapies individual + placebo,Cognitive and cognitive behavioural therapies individual + AD:Cognitive and cognitive behavioural therapies individual + placebo,Cognitiveandcognitivebehaviouraltherapiesindividual+AD:Cognitiveandcognitivebehaviouraltherapiesindividual+placebo,0.052233,-0.275723,TRUE,has_direct(+indirect),Cognitive and cognitive behavioural therapies individual + AD:TCAs,Cognitiveandcognitivebehaviouraltherapiesindividual+AD:TCAs,2,-0.327956,0.327956
Cognitive and cognitive behavioural therapies individual,Cognitive and cognitive behavioural therapies individual + AD,Cognitive and cognitive behavioural therapies individual:Cognitive and cognitive behavioural therapies individual + AD,Cognitiveandcognitivebehaviouraltherapiesindividual:Cognitiveandcognitivebehaviouraltherapiesindividual+AD,0.189697,0.036023,TRUE,has_direct(+indirect),Cognitive and cognitive behavioural therapies individual + AD:TCAs,Cognitiveandcognitivebehaviouraltherapiesindividual+AD:TCAs,2,-0.153674,0.153674
Cognitive and cognitive behavioural therapies individual,TCAs,Cognitive and cognitive behavioural therapies individual:TCAs,Cognitiveandcognitivebehaviouraltherapiesindividual:TCAs,-0.216386,-0.314706,TRUE,has_direct(+indirect),Cognitive and cognitive behavioural therapies individual + AD:TCAs,Cognitiveandcognitivebehaviouraltherapiesindividual+AD:TCAs,2,-0.09832,0.09832
Cognitive and cognitive behavioural therapies individual,Waitlist,Cognitive and cognitive behavioural therapies individual:Waitlist,Cognitiveandcognitivebehaviouraltherapiesindividual:Waitlist,-1.827518,-1.828535,TRUE,has_direct(+indirect),Cognitive and cognitive behavioural therapies individual + AD:TCAs,Cognitiveandcognitivebehaviouraltherapiesindividual+AD:TCAs,2,-0.00101700000000004,0.00101700000000004
Acupuncture,SSRIs,Acupuncture:SSRIs,Acupuncture:SSRIs,-0.919457,-0.920103,TRUE,has_direct(+indirect),Cognitive and cognitive behavioural therapies individual + AD:TCAs,Cognitiveandcognitivebehaviouraltherapiesindividual+AD:TCAs,2,-6.460000000000354e-4,6.460000000000354e-4
Cognitive and cognitive behavioural therapies group,Waitlist,Cognitive and cognitive behavioural therapies group:Waitlist,Cognitiveandcognitivebehaviouraltherapiesgroup:Waitlist,-2.958528,-2.959055,TRUE,has_direct(+indirect),Cognitive and cognitive behavioural therapies individual + AD:TCAs,Cognitiveandcognitivebehaviouraltherapiesindividual+AD:TCAs,2,-5.270000000003883e-4,5.270000000003883e-4
Placebo,SNRIs,Placebo:SNRIs,Placebo:SNRIs,0.740949,0.741464,TRUE,has_direct(+indirect),Cognitive and cognitive behavioural therapies individual + AD:TCAs,Cognitiveandcognitivebehaviouraltherapiesindividual+AD:TCAs,2,5.150000000000432e-4,5.150000000000432e-4
Behavioural therapies individual,Cognitive and cognitive behavioural therapies individual,Behavioural therapies individual:Cognitive and cognitive behavioural therapies individual,Behaviouraltherapiesindividual:Cognitiveandcognitivebehaviouraltherapiesindividual,2.108881,2.109347,TRUE,has_direct(+indirect),Cognitive and cognitive behavioural therapies individual + AD:TCAs,Cognitiveandcognitivebehaviouraltherapiesindividual+AD:TCAs,2,4.660000000002995e-4,4.660000000002995e-4
Problem solving group,Waitlist,Problem solving group:Waitlist,Problemsolvinggroup:Waitlist,-3.669046,-3.669496,TRUE,has_direct(+indirect),Cognitive and cognitive behavioural therapies individual + AD:TCAs,Cognitiveandcognitivebehaviouraltherapiesindividual+AD:TCAs,2,-4.500000000002835e-4,4.500000000002835e-4
Acupuncture,Sham acupuncture,Acupuncture:Sham acupuncture,Acupuncture:Shamacupuncture,-0.531807,-0.532105,TRUE,has_direct(+indirect),Cognitive and cognitive behavioural therapies individual + AD:TCAs,Cognitiveandcognitivebehaviouraltherapiesindividual+AD:TCAs,2,-2.9800000000002047e-4,2.9800000000002047e-4
Cognitive and cognitive behavioural therapies individual + AD,Cognitive and cognitive behavioural therapies individual + placebo,Cognitive and cognitive behavioural therapies individual + AD:Cognitive and cognitive behavioural therapies individual + placebo,Cognitiveandcognitivebehaviouraltherapiesindividual+AD:Cognitiveandcognitivebehaviouraltherapiesindividual+placebo,0.052233,-0.275723,TRUE,has_direct(+indirect),Cognitive and cognitive behavioural therapies individual + placebo:TCAs,Cognitiveandcognitivebehaviouraltherapiesindividual+placebo:TCAs,1,-0.327956,0.327956
Cognitive and cognitive behavioural therapies individual + AD,TCAs,Cognitive and cognitive behavioural therapies individual + AD:TCAs,Cognitiveandcognitivebehaviouraltherapiesindividual+AD:TCAs,-0.28123,-0.415354,TRUE,has_direct(+indirect),Cognitive and cognitive behavioural therapies individual + placebo:TCAs,Cognitiveandcognitivebehaviouraltherapiesindividual+placebo:TCAs,1,-0.13412400000000002,0.13412400000000002
Cognitive and cognitive behavioural therapies individual,TCAs,Cognitive and cognitive behavioural therapies individual:TCAs,Cognitiveandcognitivebehaviouraltherapiesindividual:TCAs,-0.216386,-0.278043,TRUE,has_direct(+indirect),Cognitive and cognitive behavioural therapies individual + placebo:TCAs,Cognitiveandcognitivebehaviouraltherapiesindividual+placebo:TCAs,1,-0.06165699999999999,0.06165699999999999
Cognitive and cognitive behavioural therapies individual,Cognitive and cognitive behavioural therapies individual + AD,Cognitive and cognitive behavioural therapies individual:Cognitive and cognitive behavioural therapies individual + AD,Cognitiveandcognitivebehaviouraltherapiesindividual:Cognitiveandcognitivebehaviouraltherapiesindividual+AD,0.189697,0.160194,TRUE,has_direct(+indirect),Cognitive and cognitive behavioural therapies individual + placebo:TCAs,Cognitiveandcognitivebehaviouraltherapiesindividual+placebo:TCAs,1,-0.029503,0.029503
Cognitive and cognitive behavioural therapies individual,Waitlist,Cognitive and cognitive behavioural therapies individual:Waitlist,Cognitiveandcognitivebehaviouraltherapiesindividual:Waitlist,-1.827518,-1.827932,TRUE,has_direct(+indirect),Cognitive and cognitive behavioural therapies individual + placebo:TCAs,Cognitiveandcognitivebehaviouraltherapiesindividual+placebo:TCAs,1,-4.139999999999144e-4,4.139999999999144e-4
Acupuncture,SSRIs,Acupuncture:SSRIs,Acupuncture:SSRIs,-0.919457,-0.91972,TRUE,has_direct(+indirect),Cognitive and cognitive behavioural therapies individual + placebo:TCAs,Cognitiveandcognitivebehaviouraltherapiesindividual+placebo:TCAs,1,-2.630000000000132e-4,2.630000000000132e-4
Cognitive and cognitive behavioural therapies group,Waitlist,Cognitive and cognitive behavioural therapies group:Waitlist,Cognitiveandcognitivebehaviouraltherapiesgroup:Waitlist,-2.958528,-2.958743,TRUE,has_direct(+indirect),Cognitive and cognitive behavioural therapies individual + placebo:TCAs,Cognitiveandcognitivebehaviouraltherapiesindividual+placebo:TCAs,1,-2.1500000000029829e-4,2.1500000000029829e-4
Placebo,SNRIs,Placebo:SNRIs,Placebo:SNRIs,0.740949,0.741158,TRUE,has_direct(+indirect),Cognitive and cognitive behavioural therapies individual + placebo:TCAs,Cognitiveandcognitivebehaviouraltherapiesindividual+placebo:TCAs,1,2.0900000000001473e-4,2.0900000000001473e-4
Behavioural therapies individual,Cognitive and cognitive behavioural therapies individual,Behavioural therapies individual:Cognitive and cognitive behavioural therapies individual,Behaviouraltherapiesindividual:Cognitiveandcognitivebehaviouraltherapiesindividual,2.108881,2.109071,TRUE,has_direct(+indirect),Cognitive and cognitive behavioural therapies individual + placebo:TCAs,Cognitiveandcognitivebehaviouraltherapiesindividual+placebo:TCAs,1,1.9000000000035655e-4,1.9000000000035655e-4
Problem solving group,Waitlist,Problem solving group:Waitlist,Problemsolvinggroup:Waitlist,-3.669046,-3.669229,TRUE,has_direct(+indirect),Cognitive and cognitive behavioural therapies individual + placebo:TCAs,Cognitiveandcognitivebehaviouraltherapiesindividual+placebo:TCAs,1,-1.8300000000026628e-4,1.8300000000026628e-4
Cognitive and cognitive behavioural therapies individual + AD,Cognitive and cognitive behavioural therapies individual + placebo,Cognitive and cognitive behavioural therapies individual + AD:Cognitive and cognitive behavioural therapies individual + placebo,Cognitiveandcognitivebehaviouraltherapiesindividual+AD:Cognitiveandcognitivebehaviouraltherapiesindividual+placebo,0.052233,-0.275723,TRUE,has_direct(+indirect),Cognitive and cognitive behavioural therapies individual:Cognitive and cognitive behavioural therapies individual + AD,Cognitiveandcognitivebehaviouraltherapiesindividual:Cognitiveandcognitivebehaviouraltherapiesindividual+AD,3,-0.327956,0.327956
Cognitive and cognitive behavioural therapies individual + AD,SSRIs,Cognitive and cognitive behavioural therapies individual + AD:SSRIs,Cognitiveandcognitivebehaviouraltherapiesindividual+AD:SSRIs,-0.337419,-0.163821,TRUE,has_direct(+indirect),Cognitive and cognitive behavioural therapies individual:Cognitive and cognitive behavioural therapies individual + AD,Cognitiveandcognitivebehaviouraltherapiesindividual:Cognitiveandcognitivebehaviouraltherapiesindividual+AD,3,0.17359800000000003,0.17359800000000003
Cognitive and cognitive behavioural therapies individual,TCAs,Cognitive and cognitive behavioural therapies individual:TCAs,Cognitiveandcognitivebehaviouraltherapiesindividual:TCAs,-0.216386,-0.314792,TRUE,has_direct(+indirect),Cognitive and cognitive behavioural therapies individual:Cognitive and cognitive behavioural therapies individual + AD,Cognitiveandcognitivebehaviouraltherapiesindividual:Cognitiveandcognitivebehaviouraltherapiesindividual+AD,3,-0.09840600000000002,0.09840600000000002
Cognitive and cognitive behavioural therapies individual,SSRIs,Cognitive and cognitive behavioural therapies individual:SSRIs,Cognitiveandcognitivebehaviouraltherapiesindividual:SSRIs,-0.463198,-0.45086,TRUE,has_direct(+indirect),Cognitive and cognitive behavioural therapies individual:Cognitive and cognitive behavioural therapies individual + AD,Cognitiveandcognitivebehaviouraltherapiesindividual:Cognitiveandcognitivebehaviouraltherapiesindividual+AD,3,0.01233800000000001,0.01233800000000001
Cognitive and cognitive behavioural therapies individual,TAU,Cognitive and cognitive behavioural therapies individual:TAU,Cognitiveandcognitivebehaviouraltherapiesindividual:TAU,-0.298912,-0.288751,TRUE,has_direct(+indirect),Cognitive and cognitive behavioural therapies individual:Cognitive and cognitive behavioural therapies individual + AD,Cognitiveandcognitivebehaviouraltherapiesindividual:Cognitiveandcognitivebehaviouraltherapiesindividual+AD,3,0.01016100000000003,0.01016100000000003
Cognitive and cognitive behavioural therapies individual,Waitlist,Cognitive and cognitive behavioural therapies individual:Waitlist,Cognitiveandcognitivebehaviouraltherapiesindividual:Waitlist,-1.827518,-1.82922,TRUE,has_direct(+indirect),Cognitive and cognitive behavioural therapies individual:Cognitive and cognitive behavioural therapies individual + AD,Cognitiveandcognitivebehaviouraltherapiesindividual:Cognitiveandcognitivebehaviouraltherapiesindividual+AD,3,-0.00170200000000009,0.00170200000000009
Acupuncture,SSRIs,Acupuncture:SSRIs,Acupuncture:SSRIs,-0.919457,-0.920537,TRUE,has_direct(+indirect),Cognitive and cognitive behavioural therapies individual:Cognitive and cognitive behavioural therapies individual + AD,Cognitiveandcognitivebehaviouraltherapiesindividual:Cognitiveandcognitivebehaviouraltherapiesindividual+AD,3,-0.00108000000000008,0.00108000000000008
Cognitive and cognitive behavioural therapies group,Waitlist,Cognitive and cognitive behavioural therapies group:Waitlist,Cognitiveandcognitivebehaviouraltherapiesgroup:Waitlist,-2.958528,-2.95941,TRUE,has_direct(+indirect),Cognitive and cognitive behavioural therapies individual:Cognitive and cognitive behavioural therapies individual + AD,Cognitiveandcognitivebehaviouraltherapiesindividual:Cognitiveandcognitivebehaviouraltherapiesindividual+AD,3,-8.820000000002715e-4,8.820000000002715e-4
Placebo,SNRIs,Placebo:SNRIs,Placebo:SNRIs,0.740949,0.741811,TRUE,has_direct(+indirect),Cognitive and cognitive behavioural therapies individual:Cognitive and cognitive behavioural therapies individual + AD,Cognitiveandcognitivebehaviouraltherapiesindividual:Cognitiveandcognitivebehaviouraltherapiesindividual+AD,3,8.620000000000294e-4,8.620000000000294e-4
Behavioural therapies individual,Cognitive and cognitive behavioural therapies individual,Behavioural therapies individual:Cognitive and cognitive behavioural therapies individual,Behaviouraltherapiesindividual:Cognitiveandcognitivebehaviouraltherapiesindividual,2.108881,2.10966,TRUE,has_direct(+indirect),Cognitive and cognitive behavioural therapies individual:Cognitive and cognitive behavioural therapies individual + AD,Cognitiveandcognitivebehaviouraltherapiesindividual:Cognitiveandcognitivebehaviouraltherapiesindividual+AD,3,7.790000000000852e-4,7.790000000000852e-4
Cognitive and cognitive behavioural therapies individual + AD,Cognitive and cognitive behavioural therapies individual + placebo,Cognitive and cognitive behavioural therapies individual + AD:Cognitive and cognitive behavioural therapies individual + placebo,Cognitiveandcognitivebehaviouraltherapiesindividual+AD:Cognitiveandcognitivebehaviouraltherapiesindividual+placebo,0.052233,-0.275723,TRUE,has_direct(+indirect),Cognitive and cognitive behavioural therapies individual:Cognitive and cognitive behavioural therapies individual + placebo,Cognitiveandcognitivebehaviouraltherapiesindividual:Cognitiveandcognitivebehaviouraltherapiesindividual+placebo,1,-0.327956,0.327956
Cognitive and cognitive behavioural therapies individual + AD,TCAs,Cognitive and cognitive behavioural therapies individual + AD:TCAs,Cognitiveandcognitivebehaviouraltherapiesindividual+AD:TCAs,-0.28123,-0.415354,TRUE,has_direct(+indirect),Cognitive and cognitive behavioural therapies individual:Cognitive and cognitive behavioural therapies individual + placebo,Cognitiveandcognitivebehaviouraltherapiesindividual:Cognitiveandcognitivebehaviouraltherapiesindividual+placebo,1,-0.13412400000000002,0.13412400000000002
Cognitive and cognitive behavioural therapies individual,TCAs,Cognitive and cognitive behavioural therapies individual:TCAs,Cognitiveandcognitivebehaviouraltherapiesindividual:TCAs,-0.216386,-0.278043,TRUE,has_direct(+indirect),Cognitive and cognitive behavioural therapies individual:Cognitive and cognitive behavioural therapies individual + placebo,Cognitiveandcognitivebehaviouraltherapiesindividual:Cognitiveandcognitivebehaviouraltherapiesindividual+placebo,1,-0.06165699999999999,0.06165699999999999
Cognitive and cognitive behavioural therapies individual,Cognitive and cognitive behavioural therapies individual + AD,Cognitive and cognitive behavioural therapies individual:Cognitive and cognitive behavioural therapies individual + AD,Cognitiveandcognitivebehaviouraltherapiesindividual:Cognitiveandcognitivebehaviouraltherapiesindividual+AD,0.189697,0.160194,TRUE,has_direct(+indirect),Cognitive and cognitive behavioural therapies individual:Cognitive and cognitive behavioural therapies individual + placebo,Cognitiveandcognitivebehaviouraltherapiesindividual:Cognitiveandcognitivebehaviouraltherapiesindividual+placebo,1,-0.029503,0.029503
Cognitive and cognitive behavioural therapies individual,Waitlist,Cognitive and cognitive behavioural therapies individual:Waitlist,Cognitiveandcognitivebehaviouraltherapiesindividual:Waitlist,-1.827518,-1.827932,TRUE,has_direct(+indirect),Cognitive and cognitive behavioural therapies individual:Cognitive and cognitive behavioural therapies individual + placebo,Cognitiveandcognitivebehaviouraltherapiesindividual:Cognitiveandcognitivebehaviouraltherapiesindividual+placebo,1,-4.139999999999144e-4,4.139999999999144e-4
Acupuncture,SSRIs,Acupuncture:SSRIs,Acupuncture:SSRIs,-0.919457,-0.91972,TRUE,has_direct(+indirect),Cognitive and cognitive behavioural therapies individual:Cognitive and cognitive behavioural therapies individual + placebo,Cognitiveandcognitivebehaviouraltherapiesindividual:Cognitiveandcognitivebehaviouraltherapiesindividual+placebo,1,-2.630000000000132e-4,2.630000000000132e-4
Cognitive and cognitive behavioural therapies group,Waitlist,Cognitive and cognitive behavioural therapies group:Waitlist,Cognitiveandcognitivebehaviouraltherapiesgroup:Waitlist,-2.958528,-2.958743,TRUE,has_direct(+indirect),Cognitive and cognitive behavioural therapies individual:Cognitive and cognitive behavioural therapies individual + placebo,Cognitiveandcognitivebehaviouraltherapiesindividual:Cognitiveandcognitivebehaviouraltherapiesindividual+placebo,1,-2.1500000000029829e-4,2.1500000000029829e-4
Placebo,SNRIs,Placebo:SNRIs,Placebo:SNRIs,0.740949,0.741158,TRUE,has_direct(+indirect),Cognitive and cognitive behavioural therapies individual:Cognitive and cognitive behavioural therapies individual + placebo,Cognitiveandcognitivebehaviouraltherapiesindividual:Cognitiveandcognitivebehaviouraltherapiesindividual+placebo,1,2.0900000000001473e-4,2.0900000000001473e-4
Behavioural therapies individual,Cognitive and cognitive behavioural therapies individual,Behavioural therapies individual:Cognitive and cognitive behavioural therapies individual,Behaviouraltherapiesindividual:Cognitiveandcognitivebehaviouraltherapiesindividual,2.108881,2.109071,TRUE,has_direct(+indirect),Cognitive and cognitive behavioural therapies individual:Cognitive and cognitive behavioural therapies individual + placebo,Cognitiveandcognitivebehaviouraltherapiesindividual:Cognitiveandcognitivebehaviouraltherapiesindividual+placebo,1,1.9000000000035655e-4,1.9000000000035655e-4
Problem solving group,Waitlist,Problem solving group:Waitlist,Problemsolvinggroup:Waitlist,-3.669046,-3.669229,TRUE,has_direct(+indirect),Cognitive and cognitive behavioural therapies individual:Cognitive and cognitive behavioural therapies individual + placebo,Cognitiveandcognitivebehaviouraltherapiesindividual:Cognitiveandcognitivebehaviouraltherapiesindividual+placebo,1,-1.8300000000026628e-4,1.8300000000026628e-4
Cognitive and cognitive behavioural therapies individual,Self-help,Cognitive and cognitive behavioural therapies individual:Self-help,Cognitiveandcognitivebehaviouraltherapiesindividual:Self-help,-0.398416,-0.991251,TRUE,has_direct(+indirect),Cognitive and cognitive behavioural therapies individual:Counselling individual,Cognitiveandcognitivebehaviouraltherapiesindividual:Counsellingindividual,2,-0.592835,0.592835
Cognitive and cognitive behavioural therapies individual,TAU,Cognitive and cognitive behavioural therapies individual:TAU,Cognitiveandcognitivebehaviouraltherapiesindividual:TAU,-0.298912,-0.172057,TRUE,has_direct(+indirect),Cognitive and cognitive behavioural therapies individual:Counselling individual,Cognitiveandcognitivebehaviouraltherapiesindividual:Counsellingindividual,2,0.12685500000000002,0.12685500000000002
Cognitive and cognitive behavioural therapies individual,Waitlist,Cognitive and cognitive behavioural therapies individual:Waitlist,Cognitiveandcognitivebehaviouraltherapiesindividual:Waitlist,-1.827518,-1.8296,TRUE,has_direct(+indirect),Cognitive and cognitive behavioural therapies individual:Counselling individual,Cognitiveandcognitivebehaviouraltherapiesindividual:Counsellingindividual,2,-0.00208199999999991,0.00208199999999991
Acupuncture,SSRIs,Acupuncture:SSRIs,Acupuncture:SSRIs,-0.919457,-0.920777,TRUE,has_direct(+indirect),Cognitive and cognitive behavioural therapies individual:Counselling individual,Cognitiveandcognitivebehaviouraltherapiesindividual:Counsellingindividual,2,-0.00131999999999998,0.00131999999999998
Cognitive and cognitive behavioural therapies group,Waitlist,Cognitive and cognitive behavioural therapies group:Waitlist,Cognitiveandcognitivebehaviouraltherapiesgroup:Waitlist,-2.958528,-2.959607,TRUE,has_direct(+indirect),Cognitive and cognitive behavioural therapies individual:Counselling individual,Cognitiveandcognitivebehaviouraltherapiesindividual:Counsellingindividual,2,-0.00107900000000027,0.00107900000000027
Placebo,SNRIs,Placebo:SNRIs,Placebo:SNRIs,0.740949,0.742003,TRUE,has_direct(+indirect),Cognitive and cognitive behavioural therapies individual:Counselling individual,Cognitiveandcognitivebehaviouraltherapiesindividual:Counsellingindividual,2,0.00105399999999999,0.00105399999999999
Behavioural therapies individual,Cognitive and cognitive behavioural therapies individual,Behavioural therapies individual:Cognitive and cognitive behavioural therapies individual,Behaviouraltherapiesindividual:Cognitiveandcognitivebehaviouraltherapiesindividual,2.108881,2.109833,TRUE,has_direct(+indirect),Cognitive and cognitive behavioural therapies individual:Counselling individual,Cognitiveandcognitivebehaviouraltherapiesindividual:Counsellingindividual,2,9.52000000000286e-4,9.52000000000286e-4
Problem solving group,Waitlist,Problem solving group:Waitlist,Problemsolvinggroup:Waitlist,-3.669046,-3.669967,TRUE,has_direct(+indirect),Cognitive and cognitive behavioural therapies individual:Counselling individual,Cognitiveandcognitivebehaviouraltherapiesindividual:Counsellingindividual,2,-9.210000000003936e-4,9.210000000003936e-4
Acupuncture,Sham acupuncture,Acupuncture:Sham acupuncture,Acupuncture:Shamacupuncture,-0.531807,-0.532416,TRUE,has_direct(+indirect),Cognitive and cognitive behavioural therapies individual:Counselling individual,Cognitiveandcognitivebehaviouraltherapiesindividual:Counsellingindividual,2,-6.089999999999707e-4,6.089999999999707e-4
Exercise individual,No treatment,Exercise individual:No treatment,Exerciseindividual:Notreatment,-0.632998,-0.633498,TRUE,has_direct(+indirect),Cognitive and cognitive behavioural therapies individual:Counselling individual,Cognitiveandcognitivebehaviouraltherapiesindividual:Counsellingindividual,2,-5.00000000000056e-4,5.00000000000056e-4
Any AD,Interpersonal psychotherapy (IPT) individual,Any AD:Interpersonal psychotherapy (IPT) individual,AnyAD:Interpersonalpsychotherapy(IPT)individual,-0.173851,0.362091,TRUE,has_direct(+indirect),Cognitive and cognitive behavioural therapies individual:Interpersonal psychotherapy (IPT) individual,Cognitiveandcognitivebehaviouraltherapiesindividual:Interpersonalpsychotherapy(IPT)individual,2,0.535942,0.535942
Cognitive and cognitive behavioural therapies individual,TCAs,Cognitive and cognitive behavioural therapies individual:TCAs,Cognitiveandcognitivebehaviouraltherapiesindividual:TCAs,-0.216386,-0.293195,TRUE,has_direct(+indirect),Cognitive and cognitive behavioural therapies individual:Interpersonal psychotherapy (IPT) individual,Cognitiveandcognitivebehaviouraltherapiesindividual:Interpersonalpsychotherapy(IPT)individual,2,-0.07680899999999999,0.07680899999999999
Any AD,Cognitive and cognitive behavioural therapies individual,Any AD:Cognitive and cognitive behavioural therapies individual,AnyAD:Cognitiveandcognitivebehaviouraltherapiesindividual,-0.452206,-0.4401,TRUE,has_direct(+indirect),Cognitive and cognitive behavioural therapies individual:Interpersonal psychotherapy (IPT) individual,Cognitiveandcognitivebehaviouraltherapiesindividual:Interpersonalpsychotherapy(IPT)individual,2,0.012106,0.012106
Placebo,TCAs,Placebo:TCAs,Placebo:TCAs,0.585739,0.58938,TRUE,has_direct(+indirect),Cognitive and cognitive behavioural therapies individual:Interpersonal psychotherapy (IPT) individual,Cognitiveandcognitivebehaviouraltherapiesindividual:Interpersonalpsychotherapy(IPT)individual,2,0.003641,0.003641
Cognitive and cognitive behavioural therapies individual,Waitlist,Cognitive and cognitive behavioural therapies individual:Waitlist,Cognitiveandcognitivebehaviouraltherapiesindividual:Waitlist,-1.827518,-1.828855,TRUE,has_direct(+indirect),Cognitive and cognitive behavioural therapies individual:Interpersonal psychotherapy (IPT) individual,Cognitiveandcognitivebehaviouraltherapiesindividual:Interpersonalpsychotherapy(IPT)individual,2,-0.00133699999999992,0.00133699999999992
Acupuncture,SSRIs,Acupuncture:SSRIs,Acupuncture:SSRIs,-0.919457,-0.920306,TRUE,has_direct(+indirect),Cognitive and cognitive behavioural therapies individual:Interpersonal psychotherapy (IPT) individual,Cognitiveandcognitivebehaviouraltherapiesindividual:Interpersonalpsychotherapy(IPT)individual,2,-8.489999999999887e-4,8.489999999999887e-4
Cognitive and cognitive behavioural therapies group,Waitlist,Cognitive and cognitive behavioural therapies group:Waitlist,Cognitiveandcognitivebehaviouraltherapiesgroup:Waitlist,-2.958528,-2.959221,TRUE,has_direct(+indirect),Cognitive and cognitive behavioural therapies individual:Interpersonal psychotherapy (IPT) individual,Cognitiveandcognitivebehaviouraltherapiesindividual:Interpersonalpsychotherapy(IPT)individual,2,-6.930000000000547e-4,6.930000000000547e-4
Placebo,SNRIs,Placebo:SNRIs,Placebo:SNRIs,0.740949,0.741626,TRUE,has_direct(+indirect),Cognitive and cognitive behavioural therapies individual:Interpersonal psychotherapy (IPT) individual,Cognitiveandcognitivebehaviouraltherapiesindividual:Interpersonalpsychotherapy(IPT)individual,2,6.770000000000387e-4,6.770000000000387e-4
Behavioural therapies individual,Cognitive and cognitive behavioural therapies individual,Behavioural therapies individual:Cognitive and cognitive behavioural therapies individual,Behaviouraltherapiesindividual:Cognitiveandcognitivebehaviouraltherapiesindividual,2.108881,2.109493,TRUE,has_direct(+indirect),Cognitive and cognitive behavioural therapies individual:Interpersonal psychotherapy (IPT) individual,Cognitiveandcognitivebehaviouraltherapiesindividual:Interpersonalpsychotherapy(IPT)individual,2,6.12000000000279e-4,6.12000000000279e-4
Problem solving group,Waitlist,Problem solving group:Waitlist,Problemsolvinggroup:Waitlist,-3.669046,-3.669638,TRUE,has_direct(+indirect),Cognitive and cognitive behavioural therapies individual:Interpersonal psychotherapy (IPT) individual,Cognitiveandcognitivebehaviouraltherapiesindividual:Interpersonalpsychotherapy(IPT)individual,2,-5.92000000000148e-4,5.92000000000148e-4
Cognitive and cognitive behavioural therapies individual,Self-help,Cognitive and cognitive behavioural therapies individual:Self-help,Cognitiveandcognitivebehaviouraltherapiesindividual:Self-help,-0.398416,0.092785,TRUE,has_direct(+indirect),Cognitive and cognitive behavioural therapies individual:No treatment,Cognitiveandcognitivebehaviouraltherapiesindividual:Notreatment,3,0.491201,0.491201
Cognitive and cognitive behavioural therapies individual,Waitlist,Cognitive and cognitive behavioural therapies individual:Waitlist,Cognitiveandcognitivebehaviouraltherapiesindividual:Waitlist,-1.827518,-1.828239,TRUE,has_direct(+indirect),Cognitive and cognitive behavioural therapies individual:No treatment,Cognitiveandcognitivebehaviouraltherapiesindividual:Notreatment,3,-7.209999999999717e-4,7.209999999999717e-4
Acupuncture,SSRIs,Acupuncture:SSRIs,Acupuncture:SSRIs,-0.919457,-0.919915,TRUE,has_direct(+indirect),Cognitive and cognitive behavioural therapies individual:No treatment,Cognitiveandcognitivebehaviouraltherapiesindividual:Notreatment,3,-4.5800000000006946e-4,4.5800000000006946e-4
Cognitive and cognitive behavioural therapies group,Waitlist,Cognitive and cognitive behavioural therapies group:Waitlist,Cognitiveandcognitivebehaviouraltherapiesgroup:Waitlist,-2.958528,-2.958902,TRUE,has_direct(+indirect),Cognitive and cognitive behavioural therapies individual:No treatment,Cognitiveandcognitivebehaviouraltherapiesindividual:Notreatment,3,-3.740000000003185e-4,3.740000000003185e-4
Placebo,SNRIs,Placebo:SNRIs,Placebo:SNRIs,0.740949,0.741314,TRUE,has_direct(+indirect),Cognitive and cognitive behavioural therapies individual:No treatment,Cognitiveandcognitivebehaviouraltherapiesindividual:Notreatment,3,3.650000000000597e-4,3.650000000000597e-4
Behavioural therapies individual,Cognitive and cognitive behavioural therapies individual,Behavioural therapies individual:Cognitive and cognitive behavioural therapies individual,Behaviouraltherapiesindividual:Cognitiveandcognitivebehaviouraltherapiesindividual,2.108881,2.109212,TRUE,has_direct(+indirect),Cognitive and cognitive behavioural therapies individual:No treatment,Cognitiveandcognitivebehaviouraltherapiesindividual:Notreatment,3,3.3100000000008123e-4,3.3100000000008123e-4
Problem solving group,Waitlist,Problem solving group:Waitlist,Problemsolvinggroup:Waitlist,-3.669046,-3.669365,TRUE,has_direct(+indirect),Cognitive and cognitive behavioural therapies individual:No treatment,Cognitiveandcognitivebehaviouraltherapiesindividual:Notreatment,3,-3.1900000000018025e-4,3.1900000000018025e-4
Acupuncture,Sham acupuncture,Acupuncture:Sham acupuncture,Acupuncture:Shamacupuncture,-0.531807,-0.532018,TRUE,has_direct(+indirect),Cognitive and cognitive behavioural therapies individual:No treatment,Cognitiveandcognitivebehaviouraltherapiesindividual:Notreatment,3,-2.109999999999612e-4,2.109999999999612e-4
Exercise individual,No treatment,Exercise individual:No treatment,Exerciseindividual:Notreatment,-0.632998,-0.633172,TRUE,has_direct(+indirect),Cognitive and cognitive behavioural therapies individual:No treatment,Cognitiveandcognitivebehaviouraltherapiesindividual:Notreatment,3,-1.7400000000000748e-4,1.7400000000000748e-4
Counselling individual,Problem solving individual,Counselling individual:Problem solving individual,Counsellingindividual:Problemsolvingindividual,0.613477,0.61364,TRUE,has_direct(+indirect),Cognitive and cognitive behavioural therapies individual:No treatment,Cognitiveandcognitivebehaviouraltherapiesindividual:Notreatment,3,1.629999999999132e-4,1.629999999999132e-4
Cognitive and cognitive behavioural therapies individual,Interpersonal psychotherapy (IPT) individual,Cognitive and cognitive behavioural therapies individual:Interpersonal psychotherapy (IPT) individual,Cognitiveandcognitivebehaviouraltherapiesindividual:Interpersonalpsychotherapy(IPT)individual,-0.061031,-0.265947,TRUE,has_direct(+indirect),Cognitive and cognitive behavioural therapies individual:Placebo,Cognitiveandcognitivebehaviouraltherapiesindividual:Placebo,1,-0.204916,0.204916
Cognitive and cognitive behavioural therapies individual,TCAs,Cognitive and cognitive behavioural therapies individual:TCAs,Cognitiveandcognitivebehaviouraltherapiesindividual:TCAs,-0.216386,-0.293183,TRUE,has_direct(+indirect),Cognitive and cognitive behavioural therapies individual:Placebo,Cognitiveandcognitivebehaviouraltherapiesindividual:Placebo,1,-0.07679700000000003,0.07679700000000003
Placebo,TCAs,Placebo:TCAs,Placebo:TCAs,0.585739,0.589335,TRUE,has_direct(+indirect),Cognitive and cognitive behavioural therapies individual:Placebo,Cognitiveandcognitivebehaviouraltherapiesindividual:Placebo,1,0.00359600000000004,0.00359600000000004
Cognitive and cognitive behavioural therapies individual,Waitlist,Cognitive and cognitive behavioural therapies individual:Waitlist,Cognitiveandcognitivebehaviouraltherapiesindividual:Waitlist,-1.827518,-1.82845,TRUE,has_direct(+indirect),Cognitive and cognitive behavioural therapies individual:Placebo,Cognitiveandcognitivebehaviouraltherapiesindividual:Placebo,1,-9.319999999999328e-4,9.319999999999328e-4
Acupuncture,SSRIs,Acupuncture:SSRIs,Acupuncture:SSRIs,-0.919457,-0.920049,TRUE,has_direct(+indirect),Cognitive and cognitive behavioural therapies individual:Placebo,Cognitiveandcognitivebehaviouraltherapiesindividual:Placebo,1,-5.920000000000369e-4,5.920000000000369e-4
Cognitive and cognitive behavioural therapies group,Waitlist,Cognitive and cognitive behavioural therapies group:Waitlist,Cognitiveandcognitivebehaviouraltherapiesgroup:Waitlist,-2.958528,-2.959012,TRUE,has_direct(+indirect),Cognitive and cognitive behavioural therapies individual:Placebo,Cognitiveandcognitivebehaviouraltherapiesindividual:Placebo,1,-4.84000000000151e-4,4.84000000000151e-4
Placebo,SNRIs,Placebo:SNRIs,Placebo:SNRIs,0.740949,0.741421,TRUE,has_direct(+indirect),Cognitive and cognitive behavioural therapies individual:Placebo,Cognitiveandcognitivebehaviouraltherapiesindividual:Placebo,1,4.720000000000279e-4,4.720000000000279e-4
Behavioural therapies individual,Cognitive and cognitive behavioural therapies individual,Behavioural therapies individual:Cognitive and cognitive behavioural therapies individual,Behaviouraltherapiesindividual:Cognitiveandcognitivebehaviouraltherapiesindividual,2.108881,2.109308,TRUE,has_direct(+indirect),Cognitive and cognitive behavioural therapies individual:Placebo,Cognitiveandcognitivebehaviouraltherapiesindividual:Placebo,1,4.270000000001773e-4,4.270000000001773e-4
Problem solving group,Waitlist,Problem solving group:Waitlist,Problemsolvinggroup:Waitlist,-3.669046,-3.669459,TRUE,has_direct(+indirect),Cognitive and cognitive behavioural therapies individual:Placebo,Cognitiveandcognitivebehaviouraltherapiesindividual:Placebo,1,-4.129999999999967e-4,4.129999999999967e-4
Acupuncture,Sham acupuncture,Acupuncture:Sham acupuncture,Acupuncture:Shamacupuncture,-0.531807,-0.53208,TRUE,has_direct(+indirect),Cognitive and cognitive behavioural therapies individual:Placebo,Cognitiveandcognitivebehaviouraltherapiesindividual:Placebo,1,-2.729999999999677e-4,2.729999999999677e-4
Cognitive and cognitive behavioural therapies individual,Waitlist,Cognitive and cognitive behavioural therapies individual:Waitlist,Cognitiveandcognitivebehaviouraltherapiesindividual:Waitlist,-1.827518,-1.82753,TRUE,has_direct(+indirect),Cognitive and cognitive behavioural therapies individual:SNRIs,Cognitiveandcognitivebehaviouraltherapiesindividual:SNRIs,1,-1.2000000000123023e-5,1.2000000000123023e-5
Acupuncture,SSRIs,Acupuncture:SSRIs,Acupuncture:SSRIs,-0.919457,-0.919465,TRUE,has_direct(+indirect),Cognitive and cognitive behavioural therapies individual:SNRIs,Cognitiveandcognitivebehaviouraltherapiesindividual:SNRIs,1,-8.000000000008e-6,8.000000000008e-6
Cognitive and cognitive behavioural therapies group,Waitlist,Cognitive and cognitive behavioural therapies group:Waitlist,Cognitiveandcognitivebehaviouraltherapiesgroup:Waitlist,-2.958528,-2.958535,TRUE,has_direct(+indirect),Cognitive and cognitive behavioural therapies individual:SNRIs,Cognitiveandcognitivebehaviouraltherapiesindividual:SNRIs,1,-7.000000000090267e-6,7.000000000090267e-6
Behavioural therapies individual,Cognitive and cognitive behavioural therapies individual,Behavioural therapies individual:Cognitive and cognitive behavioural therapies individual,Behaviouraltherapiesindividual:Cognitiveandcognitivebehaviouraltherapiesindividual,2.108881,2.108887,TRUE,has_direct(+indirect),Cognitive and cognitive behavioural therapies individual:SNRIs,Cognitiveandcognitivebehaviouraltherapiesindividual:SNRIs,1,6.000000000394579e-6,6.000000000394579e-6
Problem solving group,Waitlist,Problem solving group:Waitlist,Problemsolvinggroup:Waitlist,-3.669046,-3.669052,TRUE,has_direct(+indirect),Cognitive and cognitive behavioural therapies individual:SNRIs,Cognitiveandcognitivebehaviouraltherapiesindividual:SNRIs,1,-6.000000000394579e-6,6.000000000394579e-6
Placebo,SNRIs,Placebo:SNRIs,Placebo:SNRIs,0.740949,0.740955,TRUE,has_direct(+indirect),Cognitive and cognitive behavioural therapies individual:SNRIs,Cognitiveandcognitivebehaviouraltherapiesindividual:SNRIs,1,6.000000000061512e-6,6.000000000061512e-6
Exercise individual,No treatment,Exercise individual:No treatment,Exerciseindividual:Notreatment,-0.632998,-0.633001,TRUE,has_direct(+indirect),Cognitive and cognitive behavioural therapies individual:SNRIs,Cognitiveandcognitivebehaviouraltherapiesindividual:SNRIs,1,-3.000000000086267e-6,3.000000000086267e-6
Cognitive and cognitive behavioural therapies individual,Self-help,Cognitive and cognitive behavioural therapies individual:Self-help,Cognitiveandcognitivebehaviouraltherapiesindividual:Self-help,-0.398416,-0.398419,TRUE,has_direct(+indirect),Cognitive and cognitive behavioural therapies individual:SNRIs,Cognitiveandcognitivebehaviouraltherapiesindividual:SNRIs,1,-3.000000000030756e-6,3.000000000030756e-6
Counselling individual,Problem solving individual,Counselling individual:Problem solving individual,Counsellingindividual:Problemsolvingindividual,0.613477,0.61348,TRUE,has_direct(+indirect),Cognitive and cognitive behavioural therapies individual:SNRIs,Cognitiveandcognitivebehaviouraltherapiesindividual:SNRIs,1,2.9999999999752447e-6,2.9999999999752447e-6
Acupuncture,Sham acupuncture,Acupuncture:Sham acupuncture,Acupuncture:Shamacupuncture,-0.531807,-0.53181,TRUE,has_direct(+indirect),Cognitive and cognitive behavioural therapies individual:SNRIs,Cognitiveandcognitivebehaviouraltherapiesindividual:SNRIs,1,-2.9999999999752447e-6,2.9999999999752447e-6
Cognitive and cognitive behavioural therapies individual + AD,SSRIs,Cognitive and cognitive behavioural therapies individual + AD:SSRIs,Cognitiveandcognitivebehaviouraltherapiesindividual+AD:SSRIs,-0.337419,-0.163821,TRUE,has_direct(+indirect),Cognitive and cognitive behavioural therapies individual:SSRIs,Cognitiveandcognitivebehaviouraltherapiesindividual:SSRIs,3,0.17359800000000003,0.17359800000000003
Cognitive and cognitive behavioural therapies individual,Cognitive and cognitive behavioural therapies individual + AD,Cognitive and cognitive behavioural therapies individual:Cognitive and cognitive behavioural therapies individual + AD,Cognitiveandcognitivebehaviouraltherapiesindividual:Cognitiveandcognitivebehaviouraltherapiesindividual+AD,0.189697,0.264316,TRUE,has_direct(+indirect),Cognitive and cognitive behavioural therapies individual:SSRIs,Cognitiveandcognitivebehaviouraltherapiesindividual:SSRIs,3,0.07461899999999999,0.07461899999999999
Cognitive and cognitive behavioural therapies individual,TAU,Cognitive and cognitive behavioural therapies individual:TAU,Cognitiveandcognitivebehaviouraltherapiesindividual:TAU,-0.298912,-0.288795,TRUE,has_direct(+indirect),Cognitive and cognitive behavioural therapies individual:SSRIs,Cognitiveandcognitivebehaviouraltherapiesindividual:SSRIs,3,0.01011699999999998,0.01011699999999998
Cognitive and cognitive behavioural therapies individual,Waitlist,Cognitive and cognitive behavioural therapies individual:Waitlist,Cognitiveandcognitivebehaviouraltherapiesindividual:Waitlist,-1.827518,-1.828445,TRUE,has_direct(+indirect),Cognitive and cognitive behavioural therapies individual:SSRIs,Cognitiveandcognitivebehaviouraltherapiesindividual:SSRIs,3,-9.270000000001222e-4,9.270000000001222e-4
Acupuncture,SSRIs,Acupuncture:SSRIs,Acupuncture:SSRIs,-0.919457,-0.920046,TRUE,has_direct(+indirect),Cognitive and cognitive behavioural therapies individual:SSRIs,Cognitiveandcognitivebehaviouraltherapiesindividual:SSRIs,3,-5.890000000000617e-4,5.890000000000617e-4
Cognitive and cognitive behavioural therapies group,Waitlist,Cognitive and cognitive behavioural therapies group:Waitlist,Cognitiveandcognitivebehaviouraltherapiesgroup:Waitlist,-2.958528,-2.959009,TRUE,has_direct(+indirect),Cognitive and cognitive behavioural therapies individual:SSRIs,Cognitiveandcognitivebehaviouraltherapiesindividual:SSRIs,3,-4.810000000001758e-4,4.810000000001758e-4
Placebo,SNRIs,Placebo:SNRIs,Placebo:SNRIs,0.740949,0.741418,TRUE,has_direct(+indirect),Cognitive and cognitive behavioural therapies individual:SSRIs,Cognitiveandcognitivebehaviouraltherapiesindividual:SSRIs,3,4.690000000000527e-4,4.690000000000527e-4
Behavioural therapies individual,Cognitive and cognitive behavioural therapies individual,Behavioural therapies individual:Cognitive and cognitive behavioural therapies individual,Behaviouraltherapiesindividual:Cognitiveandcognitivebehaviouraltherapiesindividual,2.108881,2.109306,TRUE,has_direct(+indirect),Cognitive and cognitive behavioural therapies individual:SSRIs,Cognitiveandcognitivebehaviouraltherapiesindividual:SSRIs,3,4.2500000000034177e-4,4.2500000000034177e-4
Problem solving group,Waitlist,Problem solving group:Waitlist,Problemsolvinggroup:Waitlist,-3.669046,-3.669456,TRUE,has_direct(+indirect),Cognitive and cognitive behavioural therapies individual:SSRIs,Cognitiveandcognitivebehaviouraltherapiesindividual:SSRIs,3,-4.1000000000002146e-4,4.1000000000002146e-4
Acupuncture,Sham acupuncture,Acupuncture:Sham acupuncture,Acupuncture:Shamacupuncture,-0.531807,-0.532078,TRUE,has_direct(+indirect),Cognitive and cognitive behavioural therapies individual:SSRIs,Cognitiveandcognitivebehaviouraltherapiesindividual:SSRIs,3,-2.710000000000212e-4,2.710000000000212e-4
Cognitive and cognitive behavioural therapies individual,Counselling individual,Cognitive and cognitive behavioural therapies individual:Counselling individual,Cognitiveandcognitivebehaviouraltherapiesindividual:Counsellingindividual,-0.208458,-0.080031,TRUE,has_direct(+indirect),Cognitive and cognitive behavioural therapies individual:Self-help,Cognitiveandcognitivebehaviouraltherapiesindividual:Self-help,2,0.128427,0.128427
Cognitive and cognitive behavioural therapies individual,No treatment,Cognitive and cognitive behavioural therapies individual:No treatment,Cognitiveandcognitivebehaviouraltherapiesindividual:Notreatment,-0.891205,-0.783735,TRUE,has_direct(+indirect),Cognitive and cognitive behavioural therapies individual:Self-help,Cognitiveandcognitivebehaviouraltherapiesindividual:Self-help,2,0.10747000000000008,0.10747000000000008
Cognitive and cognitive behavioural therapies individual,Waitlist,Cognitive and cognitive behavioural therapies individual:Waitlist,Cognitiveandcognitivebehaviouraltherapiesindividual:Waitlist,-1.827518,-1.828428,TRUE,has_direct(+indirect),Cognitive and cognitive behavioural therapies individual:Self-help,Cognitiveandcognitivebehaviouraltherapiesindividual:Self-help,2,-9.099999999999664e-4,9.099999999999664e-4
Acupuncture,SSRIs,Acupuncture:SSRIs,Acupuncture:SSRIs,-0.919457,-0.920035,TRUE,has_direct(+indirect),Cognitive and cognitive behavioural therapies individual:Self-help,Cognitiveandcognitivebehaviouraltherapiesindividual:Self-help,2,-5.780000000000785e-4,5.780000000000785e-4
Cognitive and cognitive behavioural therapies group,Waitlist,Cognitive and cognitive behavioural therapies group:Waitlist,Cognitiveandcognitivebehaviouraltherapiesgroup:Waitlist,-2.958528,-2.959,TRUE,has_direct(+indirect),Cognitive and cognitive behavioural therapies individual:Self-help,Cognitiveandcognitivebehaviouraltherapiesindividual:Self-help,2,-4.7200000000025e-4,4.7200000000025e-4
Placebo,SNRIs,Placebo:SNRIs,Placebo:SNRIs,0.740949,0.741409,TRUE,has_direct(+indirect),Cognitive and cognitive behavioural therapies individual:Self-help,Cognitiveandcognitivebehaviouraltherapiesindividual:Self-help,2,4.600000000000159e-4,4.600000000000159e-4
Behavioural therapies individual,Cognitive and cognitive behavioural therapies individual,Behavioural therapies individual:Cognitive and cognitive behavioural therapies individual,Behaviouraltherapiesindividual:Cognitiveandcognitivebehaviouraltherapiesindividual,2.108881,2.109298,TRUE,has_direct(+indirect),Cognitive and cognitive behavioural therapies individual:Self-help,Cognitiveandcognitivebehaviouraltherapiesindividual:Self-help,2,4.170000000001117e-4,4.170000000001117e-4
Problem solving group,Waitlist,Problem solving group:Waitlist,Problemsolvinggroup:Waitlist,-3.669046,-3.669449,TRUE,has_direct(+indirect),Cognitive and cognitive behavioural therapies individual:Self-help,Cognitiveandcognitivebehaviouraltherapiesindividual:Self-help,2,-4.030000000003753e-4,4.030000000003753e-4
Acupuncture,Sham acupuncture,Acupuncture:Sham acupuncture,Acupuncture:Shamacupuncture,-0.531807,-0.532073,TRUE,has_direct(+indirect),Cognitive and cognitive behavioural therapies individual:Self-help,Cognitiveandcognitivebehaviouraltherapiesindividual:Self-help,2,-2.6599999999998847e-4,2.6599999999998847e-4
Exercise individual,No treatment,Exercise individual:No treatment,Exerciseindividual:Notreatment,-0.632998,-0.633217,TRUE,has_direct(+indirect),Cognitive and cognitive behavioural therapies individual:Self-help,Cognitiveandcognitivebehaviouraltherapiesindividual:Self-help,2,-2.1900000000008024e-4,2.1900000000008024e-4
Cognitive and cognitive behavioural therapies individual,Waitlist,Cognitive and cognitive behavioural therapies individual:Waitlist,Cognitiveandcognitivebehaviouraltherapiesindividual:Waitlist,-1.827518,-2.343793,TRUE,has_direct(+indirect),Cognitive and cognitive behavioural therapies individual:Self-help with support,Cognitiveandcognitivebehaviouraltherapiesindividual:Self-helpwithsupport,3,-0.5162749999999998,0.5162749999999998
Cognitive and cognitive behavioural therapies individual,Short-term psychodynamic psychotherapies individual,Cognitive and cognitive behavioural therapies individual:Short-term psychodynamic psychotherapies individual,Cognitiveandcognitivebehaviouraltherapiesindividual:Short-termpsychodynamicpsychotherapiesindividual,0.048663,-0.164771,TRUE,has_direct(+indirect),Cognitive and cognitive behavioural therapies individual:Self-help with support,Cognitiveandcognitivebehaviouraltherapiesindividual:Self-helpwithsupport,3,-0.213434,0.213434
Self-help with support,Waitlist,Self-help with support:Waitlist,Self-helpwithsupport:Waitlist,-1.374967,-1.525491,TRUE,has_direct(+indirect),Cognitive and cognitive behavioural therapies individual:Self-help with support,Cognitiveandcognitivebehaviouraltherapiesindividual:Self-helpwithsupport,3,-0.15052399999999988,0.15052399999999988
Acupuncture,SSRIs,Acupuncture:SSRIs,Acupuncture:SSRIs,-0.919457,-0.920156,TRUE,has_direct(+indirect),Cognitive and cognitive behavioural therapies individual:Self-help with support,Cognitiveandcognitivebehaviouraltherapiesindividual:Self-helpwithsupport,3,-6.990000000000052e-4,6.990000000000052e-4
Cognitive and cognitive behavioural therapies group,Waitlist,Cognitive and cognitive behavioural therapies group:Waitlist,Cognitiveandcognitivebehaviouraltherapiesgroup:Waitlist,-2.958528,-2.959099,TRUE,has_direct(+indirect),Cognitive and cognitive behavioural therapies individual:Self-help with support,Cognitiveandcognitivebehaviouraltherapiesindividual:Self-helpwithsupport,3,-5.710000000003213e-4,5.710000000003213e-4
Placebo,SNRIs,Placebo:SNRIs,Placebo:SNRIs,0.740949,0.741506,TRUE,has_direct(+indirect),Cognitive and cognitive behavioural therapies individual:Self-help with support,Cognitiveandcognitivebehaviouraltherapiesindividual:Self-helpwithsupport,3,5.570000000000297e-4,5.570000000000297e-4
Behavioural therapies individual,Cognitive and cognitive behavioural therapies individual,Behavioural therapies individual:Cognitive and cognitive behavioural therapies individual,Behaviouraltherapiesindividual:Cognitiveandcognitivebehaviouraltherapiesindividual,2.108881,2.109386,TRUE,has_direct(+indirect),Cognitive and cognitive behavioural therapies individual:Self-help with support,Cognitiveandcognitivebehaviouraltherapiesindividual:Self-helpwithsupport,3,5.050000000004218e-4,5.050000000004218e-4
Problem solving group,Waitlist,Problem solving group:Waitlist,Problemsolvinggroup:Waitlist,-3.669046,-3.669534,TRUE,has_direct(+indirect),Cognitive and cognitive behavioural therapies individual:Self-help with support,Cognitiveandcognitivebehaviouraltherapiesindividual:Self-helpwithsupport,3,-4.88000000000266e-4,4.88000000000266e-4
Acupuncture,Sham acupuncture,Acupuncture:Sham acupuncture,Acupuncture:Shamacupuncture,-0.531807,-0.532129,TRUE,has_direct(+indirect),Cognitive and cognitive behavioural therapies individual:Self-help with support,Cognitiveandcognitivebehaviouraltherapiesindividual:Self-helpwithsupport,3,-3.2199999999993345e-4,3.2199999999993345e-4
Cognitive and cognitive behavioural therapies individual,Self-help,Cognitive and cognitive behavioural therapies individual:Self-help,Cognitiveandcognitivebehaviouraltherapiesindividual:Self-help,-0.398416,-0.398684,TRUE,has_direct(+indirect),Cognitive and cognitive behavioural therapies individual:Self-help with support,Cognitiveandcognitivebehaviouraltherapiesindividual:Self-helpwithsupport,3,-2.6799999999999047e-4,2.6799999999999047e-4
Cognitive and cognitive behavioural therapies individual,Self-help with support,Cognitive and cognitive behavioural therapies individual:Self-help with support,Cognitiveandcognitivebehaviouraltherapiesindividual:Self-helpwithsupport,-0.082025,-0.002188,TRUE,has_direct(+indirect),Cognitive and cognitive behavioural therapies individual:Short-term psychodynamic psychotherapies individual,Cognitiveandcognitivebehaviouraltherapiesindividual:Short-termpsychodynamicpsychotherapiesindividual,2,0.079837,0.079837
Cognitive and cognitive behavioural therapies individual,Waitlist,Cognitive and cognitive behavioural therapies individual:Waitlist,Cognitiveandcognitivebehaviouraltherapiesindividual:Waitlist,-1.827518,-1.828143,TRUE,has_direct(+indirect),Cognitive and cognitive behavioural therapies individual:Short-term psychodynamic psychotherapies individual,Cognitiveandcognitivebehaviouraltherapiesindividual:Short-termpsychodynamicpsychotherapiesindividual,2,-6.250000000000977e-4,6.250000000000977e-4
Acupuncture,SSRIs,Acupuncture:SSRIs,Acupuncture:SSRIs,-0.919457,-0.919854,TRUE,has_direct(+indirect),Cognitive and cognitive behavioural therapies individual:Short-term psychodynamic psychotherapies individual,Cognitiveandcognitivebehaviouraltherapiesindividual:Short-termpsychodynamicpsychotherapiesindividual,2,-3.969999999999807e-4,3.969999999999807e-4
Cognitive and cognitive behavioural therapies group,Waitlist,Cognitive and cognitive behavioural therapies group:Waitlist,Cognitiveandcognitivebehaviouraltherapiesgroup:Waitlist,-2.958528,-2.958852,TRUE,has_direct(+indirect),Cognitive and cognitive behavioural therapies individual:Short-term psychodynamic psychotherapies individual,Cognitiveandcognitivebehaviouraltherapiesindividual:Short-termpsychodynamicpsychotherapiesindividual,2,-3.2399999999999096e-4,3.2399999999999096e-4
Placebo,SNRIs,Placebo:SNRIs,Placebo:SNRIs,0.740949,0.741265,TRUE,has_direct(+indirect),Cognitive and cognitive behavioural therapies individual:Short-term psychodynamic psychotherapies individual,Cognitiveandcognitivebehaviouraltherapiesindividual:Short-termpsychodynamicpsychotherapiesindividual,2,3.1599999999998296e-4,3.1599999999998296e-4
Behavioural therapies individual,Cognitive and cognitive behavioural therapies individual,Behavioural therapies individual:Cognitive and cognitive behavioural therapies individual,Behaviouraltherapiesindividual:Cognitiveandcognitivebehaviouraltherapiesindividual,2.108881,2.109168,TRUE,has_direct(+indirect),Cognitive and cognitive behavioural therapies individual:Short-term psychodynamic psychotherapies individual,Cognitiveandcognitivebehaviouraltherapiesindividual:Short-termpsychodynamicpsychotherapiesindividual,2,2.8700000000014825e-4,2.8700000000014825e-4
Problem solving group,Waitlist,Problem solving group:Waitlist,Problemsolvinggroup:Waitlist,-3.669046,-3.669323,TRUE,has_direct(+indirect),Cognitive and cognitive behavioural therapies individual:Short-term psychodynamic psychotherapies individual,Cognitiveandcognitivebehaviouraltherapiesindividual:Short-termpsychodynamicpsychotherapiesindividual,2,-2.7700000000008274e-4,2.7700000000008274e-4
Acupuncture,Sham acupuncture,Acupuncture:Sham acupuncture,Acupuncture:Shamacupuncture,-0.531807,-0.53199,TRUE,has_direct(+indirect),Cognitive and cognitive behavioural therapies individual:Short-term psychodynamic psychotherapies individual,Cognitiveandcognitivebehaviouraltherapiesindividual:Short-termpsychodynamicpsychotherapiesindividual,2,-1.829999999999332e-4,1.829999999999332e-4
Cognitive and cognitive behavioural therapies individual,Self-help,Cognitive and cognitive behavioural therapies individual:Self-help,Cognitiveandcognitivebehaviouraltherapiesindividual:Self-help,-0.398416,-0.398568,TRUE,has_direct(+indirect),Cognitive and cognitive behavioural therapies individual:Short-term psychodynamic psychotherapies individual,Cognitiveandcognitivebehaviouraltherapiesindividual:Short-termpsychodynamicpsychotherapiesindividual,2,-1.5199999999998548e-4,1.5199999999998548e-4
Exercise individual,No treatment,Exercise individual:No treatment,Exerciseindividual:Notreatment,-0.632998,-0.633149,TRUE,has_direct(+indirect),Cognitive and cognitive behavioural therapies individual:Short-term psychodynamic psychotherapies individual,Cognitiveandcognitivebehaviouraltherapiesindividual:Short-termpsychodynamicpsychotherapiesindividual,2,-1.5100000000001224e-4,1.5100000000001224e-4
Cognitive and cognitive behavioural therapies individual + AD,SSRIs,Cognitive and cognitive behavioural therapies individual + AD:SSRIs,Cognitiveandcognitivebehaviouraltherapiesindividual+AD:SSRIs,-0.337419,-0.163821,TRUE,has_direct(+indirect),Cognitive and cognitive behavioural therapies individual:TAU,Cognitiveandcognitivebehaviouraltherapiesindividual:TAU,3,0.17359800000000003,0.17359800000000003
Cognitive and cognitive behavioural therapies individual,Counselling individual,Cognitive and cognitive behavioural therapies individual:Counselling individual,Cognitiveandcognitivebehaviouraltherapiesindividual:Counsellingindividual,-0.208458,-0.334026,TRUE,has_direct(+indirect),Cognitive and cognitive behavioural therapies individual:TAU,Cognitiveandcognitivebehaviouraltherapiesindividual:TAU,3,-0.125568,0.125568
Cognitive and cognitive behavioural therapies individual,Cognitive and cognitive behavioural therapies individual + AD,Cognitive and cognitive behavioural therapies individual:Cognitive and cognitive behavioural therapies individual + AD,Cognitiveandcognitivebehaviouraltherapiesindividual:Cognitiveandcognitivebehaviouraltherapiesindividual+AD,0.189697,0.264314,TRUE,has_direct(+indirect),Cognitive and cognitive behavioural therapies individual:TAU,Cognitiveandcognitivebehaviouraltherapiesindividual:TAU,3,0.07461699999999999,0.07461699999999999
Cognitive and cognitive behavioural therapies individual,SSRIs,Cognitive and cognitive behavioural therapies individual:SSRIs,Cognitiveandcognitivebehaviouraltherapiesindividual:SSRIs,-0.463198,-0.450861,TRUE,has_direct(+indirect),Cognitive and cognitive behavioural therapies individual:TAU,Cognitiveandcognitivebehaviouraltherapiesindividual:TAU,3,0.01233699999999998,0.01233699999999998
Cognitive and cognitive behavioural therapies individual,Waitlist,Cognitive and cognitive behavioural therapies individual:Waitlist,Cognitiveandcognitivebehaviouraltherapiesindividual:Waitlist,-1.827518,-1.829521,TRUE,has_direct(+indirect),Cognitive and cognitive behavioural therapies individual:TAU,Cognitiveandcognitivebehaviouraltherapiesindividual:TAU,3,-0.00200299999999997,0.00200299999999997
Cognitive and cognitive behavioural therapies individual,TCAs,Cognitive and cognitive behavioural therapies individual:TCAs,Cognitiveandcognitivebehaviouraltherapiesindividual:TCAs,-0.216386,-0.218346,TRUE,has_direct(+indirect),Cognitive and cognitive behavioural therapies individual:TAU,Cognitiveandcognitivebehaviouraltherapiesindividual:TAU,3,-0.00196000000000001,0.00196000000000001
Acupuncture,SSRIs,Acupuncture:SSRIs,Acupuncture:SSRIs,-0.919457,-0.920728,TRUE,has_direct(+indirect),Cognitive and cognitive behavioural therapies individual:TAU,Cognitiveandcognitivebehaviouraltherapiesindividual:TAU,3,-0.00127100000000002,0.00127100000000002
Cognitive and cognitive behavioural therapies group,Waitlist,Cognitive and cognitive behavioural therapies group:Waitlist,Cognitiveandcognitivebehaviouraltherapiesgroup:Waitlist,-2.958528,-2.959566,TRUE,has_direct(+indirect),Cognitive and cognitive behavioural therapies individual:TAU,Cognitiveandcognitivebehaviouraltherapiesindividual:TAU,3,-0.00103800000000031,0.00103800000000031
Placebo,SNRIs,Placebo:SNRIs,Placebo:SNRIs,0.740949,0.741963,TRUE,has_direct(+indirect),Cognitive and cognitive behavioural therapies individual:TAU,Cognitiveandcognitivebehaviouraltherapiesindividual:TAU,3,0.00101400000000007,0.00101400000000007
Behavioural therapies individual,Cognitive and cognitive behavioural therapies individual,Behavioural therapies individual:Cognitive and cognitive behavioural therapies individual,Behaviouraltherapiesindividual:Cognitiveandcognitivebehaviouraltherapiesindividual,2.108881,2.109798,TRUE,has_direct(+indirect),Cognitive and cognitive behavioural therapies individual:TAU,Cognitiveandcognitivebehaviouraltherapiesindividual:TAU,3,9.170000000002788e-4,9.170000000002788e-4
Cognitive and cognitive behavioural therapies individual + AD,Cognitive and cognitive behavioural therapies individual + placebo,Cognitive and cognitive behavioural therapies individual + AD:Cognitive and cognitive behavioural therapies individual + placebo,Cognitiveandcognitivebehaviouraltherapiesindividual+AD:Cognitiveandcognitivebehaviouraltherapiesindividual+placebo,0.052233,-0.275723,TRUE,has_direct(+indirect),Cognitive and cognitive behavioural therapies individual:TCAs,Cognitiveandcognitivebehaviouraltherapiesindividual:TCAs,6,-0.327956,0.327956
Cognitive and cognitive behavioural therapies individual,Interpersonal psychotherapy (IPT) individual,Cognitive and cognitive behavioural therapies individual:Interpersonal psychotherapy (IPT) individual,Cognitiveandcognitivebehaviouraltherapiesindividual:Interpersonalpsychotherapy(IPT)individual,-0.061031,-0.265947,TRUE,has_direct(+indirect),Cognitive and cognitive behavioural therapies individual:TCAs,Cognitiveandcognitivebehaviouraltherapiesindividual:TCAs,6,-0.204916,0.204916
Cognitive and cognitive behavioural therapies individual,Cognitive and cognitive behavioural therapies individual + AD,Cognitive and cognitive behavioural therapies individual:Cognitive and cognitive behavioural therapies individual + AD,Cognitiveandcognitivebehaviouraltherapiesindividual:Cognitiveandcognitivebehaviouraltherapiesindividual+AD,0.189697,0.036023,TRUE,has_direct(+indirect),Cognitive and cognitive behavioural therapies individual:TCAs,Cognitiveandcognitivebehaviouraltherapiesindividual:TCAs,6,-0.153674,0.153674
Cognitive and cognitive behavioural therapies individual,TAU,Cognitive and cognitive behavioural therapies individual:TAU,Cognitiveandcognitivebehaviouraltherapiesindividual:TAU,-0.298912,-0.429845,TRUE,has_direct(+indirect),Cognitive and cognitive behavioural therapies individual:TCAs,Cognitiveandcognitivebehaviouraltherapiesindividual:TCAs,6,-0.13093299999999997,0.13093299999999997
Placebo,TCAs,Placebo:TCAs,Placebo:TCAs,0.585739,0.589501,TRUE,has_direct(+indirect),Cognitive and cognitive behavioural therapies individual:TCAs,Cognitiveandcognitivebehaviouraltherapiesindividual:TCAs,6,0.00376200000000004,0.00376200000000004
Cognitive and cognitive behavioural therapies individual,Waitlist,Cognitive and cognitive behavioural therapies individual:Waitlist,Cognitiveandcognitivebehaviouraltherapiesindividual:Waitlist,-1.827518,-1.829942,TRUE,has_direct(+indirect),Cognitive and cognitive behavioural therapies individual:TCAs,Cognitiveandcognitivebehaviouraltherapiesindividual:TCAs,6,-0.00242399999999998,0.00242399999999998
Acupuncture,SSRIs,Acupuncture:SSRIs,Acupuncture:SSRIs,-0.919457,-0.920994,TRUE,has_direct(+indirect),Cognitive and cognitive behavioural therapies individual:TCAs,Cognitiveandcognitivebehaviouraltherapiesindividual:TCAs,6,-0.00153700000000001,0.00153700000000001
Cognitive and cognitive behavioural therapies group,Waitlist,Cognitive and cognitive behavioural therapies group:Waitlist,Cognitiveandcognitivebehaviouraltherapiesgroup:Waitlist,-2.958528,-2.959784,TRUE,has_direct(+indirect),Cognitive and cognitive behavioural therapies individual:TCAs,Cognitiveandcognitivebehaviouraltherapiesindividual:TCAs,6,-0.00125600000000014,0.00125600000000014
Placebo,SNRIs,Placebo:SNRIs,Placebo:SNRIs,0.740949,0.742176,TRUE,has_direct(+indirect),Cognitive and cognitive behavioural therapies individual:TCAs,Cognitiveandcognitivebehaviouraltherapiesindividual:TCAs,6,0.00122699999999997,0.00122699999999997
Behavioural therapies individual,Cognitive and cognitive behavioural therapies individual,Behavioural therapies individual:Cognitive and cognitive behavioural therapies individual,Behaviouraltherapiesindividual:Cognitiveandcognitivebehaviouraltherapiesindividual,2.108881,2.10999,TRUE,has_direct(+indirect),Cognitive and cognitive behavioural therapies individual:TCAs,Cognitiveandcognitivebehaviouraltherapiesindividual:TCAs,6,0.00110900000000002,0.00110900000000002
Cognitive and cognitive behavioural therapies group,Waitlist,Cognitive and cognitive behavioural therapies group:Waitlist,Cognitiveandcognitivebehaviouraltherapiesgroup:Waitlist,-2.958528,-2.268514,TRUE,has_direct(+indirect),Cognitive and cognitive behavioural therapies individual:Waitlist,Cognitiveandcognitivebehaviouraltherapiesindividual:Waitlist,3,0.6900139999999997,0.6900139999999997
Self-help with support,Waitlist,Self-help with support:Waitlist,Self-helpwithsupport:Waitlist,-1.374967,-1.525544,TRUE,has_direct(+indirect),Cognitive and cognitive behavioural therapies individual:Waitlist,Cognitiveandcognitivebehaviouraltherapiesindividual:Waitlist,3,-0.15057699999999996,0.15057699999999996
Cognitive and cognitive behavioural therapies individual,Self-help with support,Cognitive and cognitive behavioural therapies individual:Self-help with support,Cognitiveandcognitivebehaviouraltherapiesindividual:Self-helpwithsupport,-0.082025,-0.062522,TRUE,has_direct(+indirect),Cognitive and cognitive behavioural therapies individual:Waitlist,Cognitiveandcognitivebehaviouraltherapiesindividual:Waitlist,3,0.019503,0.019503
Acupuncture,SSRIs,Acupuncture:SSRIs,Acupuncture:SSRIs,-0.919457,-0.919191,TRUE,has_direct(+indirect),Cognitive and cognitive behavioural therapies individual:Waitlist,Cognitiveandcognitivebehaviouraltherapiesindividual:Waitlist,3,2.6599999999998847e-4,2.6599999999998847e-4
Placebo,SNRIs,Placebo:SNRIs,Placebo:SNRIs,0.740949,0.740737,TRUE,has_direct(+indirect),Cognitive and cognitive behavioural therapies individual:Waitlist,Cognitiveandcognitivebehaviouraltherapiesindividual:Waitlist,3,-2.1199999999998995e-4,2.1199999999998995e-4
Behavioural therapies individual,Cognitive and cognitive behavioural therapies individual,Behavioural therapies individual:Cognitive and cognitive behavioural therapies individual,Behaviouraltherapiesindividual:Cognitiveandcognitivebehaviouraltherapiesindividual,2.108881,2.108689,TRUE,has_direct(+indirect),Cognitive and cognitive behavioural therapies individual:Waitlist,Cognitiveandcognitivebehaviouraltherapiesindividual:Waitlist,3,-1.9199999999974793e-4,1.9199999999974793e-4
Problem solving group,Waitlist,Problem solving group:Waitlist,Problemsolvinggroup:Waitlist,-3.669046,-3.668861,TRUE,has_direct(+indirect),Cognitive and cognitive behavioural therapies individual:Waitlist,Cognitiveandcognitivebehaviouraltherapiesindividual:Waitlist,3,1.849999999996577e-4,1.849999999996577e-4
Acupuncture,Sham acupuncture,Acupuncture:Sham acupuncture,Acupuncture:Shamacupuncture,-0.531807,-0.531684,TRUE,has_direct(+indirect),Cognitive and cognitive behavioural therapies individual:Waitlist,Cognitiveandcognitivebehaviouraltherapiesindividual:Waitlist,3,1.2299999999998423e-4,1.2299999999998423e-4
Cognitive and cognitive behavioural therapies individual,Self-help,Cognitive and cognitive behavioural therapies individual:Self-help,Cognitiveandcognitivebehaviouraltherapiesindividual:Self-help,-0.398416,-0.398314,TRUE,has_direct(+indirect),Cognitive and cognitive behavioural therapies individual:Waitlist,Cognitiveandcognitivebehaviouraltherapiesindividual:Waitlist,3,1.01999999999991e-4,1.01999999999991e-4
Exercise individual,No treatment,Exercise individual:No treatment,Exerciseindividual:Notreatment,-0.632998,-0.632898,TRUE,has_direct(+indirect),Cognitive and cognitive behavioural therapies individual:Waitlist,Cognitiveandcognitivebehaviouraltherapiesindividual:Waitlist,3,9.9999999999989e-5,9.9999999999989e-5
Any psychotherapy,Behavioural therapies individual,Any psychotherapy:Behavioural therapies individual,Anypsychotherapy:Behaviouraltherapiesindividual,0.251478,0.251478,TRUE,has_direct(+indirect),Counselling individual + AD:Counselling individual + placebo,Counsellingindividual+AD:Counsellingindividual+placebo,1,0,0
Any AD,Cognitive and cognitive behavioural therapies group,Any AD:Cognitive and cognitive behavioural therapies group,AnyAD:Cognitiveandcognitivebehaviouraltherapiesgroup,-0.709809,-0.709809,TRUE,has_direct(+indirect),Counselling individual + AD:Counselling individual + placebo,Counsellingindividual+AD:Counsellingindividual+placebo,1,0,0
Any AD,Cognitive and cognitive behavioural therapies group + AD,Any AD:Cognitive and cognitive behavioural therapies group + AD,AnyAD:Cognitiveandcognitivebehaviouraltherapiesgroup+AD,0.664339,0.664339,TRUE,has_direct(+indirect),Counselling individual + AD:Counselling individual + placebo,Counsellingindividual+AD:Counsellingindividual+placebo,1,0,0
Any AD,Cognitive and cognitive behavioural therapies individual,Any AD:Cognitive and cognitive behavioural therapies individual,AnyAD:Cognitiveandcognitivebehaviouraltherapiesindividual,-0.452206,-0.452206,TRUE,has_direct(+indirect),Counselling individual + AD:Counselling individual + placebo,Counsellingindividual+AD:Counsellingindividual+placebo,1,0,0
Behavioural therapies individual,Cognitive and cognitive behavioural therapies individual,Behavioural therapies individual:Cognitive and cognitive behavioural therapies individual,Behaviouraltherapiesindividual:Cognitiveandcognitivebehaviouraltherapiesindividual,2.108881,2.108881,TRUE,has_direct(+indirect),Counselling individual + AD:Counselling individual + placebo,Counsellingindividual+AD:Counsellingindividual+placebo,1,0,0
Cognitive and cognitive behavioural therapies group,Cognitive and cognitive behavioural therapies individual,Cognitive and cognitive behavioural therapies group:Cognitive and cognitive behavioural therapies individual,Cognitiveandcognitivebehaviouraltherapiesgroup:Cognitiveandcognitivebehaviouraltherapiesindividual,0.472502,0.472502,TRUE,has_direct(+indirect),Counselling individual + AD:Counselling individual + placebo,Counsellingindividual+AD:Counsellingindividual+placebo,1,0,0
Any AD,Cognitive and cognitive behavioural therapies individual + AD,Any AD:Cognitive and cognitive behavioural therapies individual + AD,AnyAD:Cognitiveandcognitivebehaviouraltherapiesindividual+AD,4.715432,4.715432,TRUE,has_direct(+indirect),Counselling individual + AD:Counselling individual + placebo,Counsellingindividual+AD:Counsellingindividual+placebo,1,0,0
Cognitive and cognitive behavioural therapies individual,Cognitive and cognitive behavioural therapies individual + AD,Cognitive and cognitive behavioural therapies individual:Cognitive and cognitive behavioural therapies individual + AD,Cognitiveandcognitivebehaviouraltherapiesindividual:Cognitiveandcognitivebehaviouraltherapiesindividual+AD,0.189697,0.189697,TRUE,has_direct(+indirect),Counselling individual + AD:Counselling individual + placebo,Counsellingindividual+AD:Counsellingindividual+placebo,1,0,0
Cognitive and cognitive behavioural therapies individual,Cognitive and cognitive behavioural therapies individual + placebo,Cognitive and cognitive behavioural therapies individual:Cognitive and cognitive behavioural therapies individual + placebo,Cognitiveandcognitivebehaviouraltherapiesindividual:Cognitiveandcognitivebehaviouraltherapiesindividual+placebo,0.688418,0.688418,TRUE,has_direct(+indirect),Counselling individual + AD:Counselling individual + placebo,Counsellingindividual+AD:Counsellingindividual+placebo,1,0,0
Cognitive and cognitive behavioural therapies individual + AD,Cognitive and cognitive behavioural therapies individual + placebo,Cognitive and cognitive behavioural therapies individual + AD:Cognitive and cognitive behavioural therapies individual + placebo,Cognitiveandcognitivebehaviouraltherapiesindividual+AD:Cognitiveandcognitivebehaviouraltherapiesindividual+placebo,0.052233,0.052233,TRUE,has_direct(+indirect),Counselling individual + AD:Counselling individual + placebo,Counsellingindividual+AD:Counsellingindividual+placebo,1,0,0
Cognitive and cognitive behavioural therapies individual,Waitlist,Cognitive and cognitive behavioural therapies individual:Waitlist,Cognitiveandcognitivebehaviouraltherapiesindividual:Waitlist,-1.827518,-1.827634,TRUE,has_direct(+indirect),Counselling individual + AD:Short-term psychodynamic psychotherapies individual + AD,Counsellingindividual+AD:Short-termpsychodynamicpsychotherapiesindividual+AD,1,-1.16000000000005e-4,1.16000000000005e-4
Acupuncture,SSRIs,Acupuncture:SSRIs,Acupuncture:SSRIs,-0.919457,-0.919531,TRUE,has_direct(+indirect),Counselling individual + AD:Short-term psychodynamic psychotherapies individual + AD,Counsellingindividual+AD:Short-termpsychodynamicpsychotherapiesindividual+AD,1,-7.40000000000185e-5,7.40000000000185e-5
Cognitive and cognitive behavioural therapies group,Waitlist,Cognitive and cognitive behavioural therapies group:Waitlist,Cognitiveandcognitivebehaviouraltherapiesgroup:Waitlist,-2.958528,-2.958589,TRUE,has_direct(+indirect),Counselling individual + AD:Short-term psychodynamic psychotherapies individual + AD,Counsellingindividual+AD:Short-termpsychodynamicpsychotherapiesindividual+AD,1,-6.100000000008876e-5,6.100000000008876e-5
Placebo,SNRIs,Placebo:SNRIs,Placebo:SNRIs,0.740949,0.741008,TRUE,has_direct(+indirect),Counselling individual + AD:Short-term psychodynamic psychotherapies individual + AD,Counsellingindividual+AD:Short-termpsychodynamicpsychotherapiesindividual+AD,1,5.900000000003125e-5,5.900000000003125e-5
Behavioural therapies individual,Cognitive and cognitive behavioural therapies individual,Behavioural therapies individual:Cognitive and cognitive behavioural therapies individual,Behaviouraltherapiesindividual:Cognitiveandcognitivebehaviouraltherapiesindividual,2.108881,2.108934,TRUE,has_direct(+indirect),Counselling individual + AD:Short-term psychodynamic psychotherapies individual + AD,Counsellingindividual+AD:Short-termpsychodynamicpsychotherapiesindividual+AD,1,5.3000000000302805e-5,5.3000000000302805e-5
Problem solving group,Waitlist,Problem solving group:Waitlist,Problemsolvinggroup:Waitlist,-3.669046,-3.669098,TRUE,has_direct(+indirect),Counselling individual + AD:Short-term psychodynamic psychotherapies individual + AD,Counsellingindividual+AD:Short-termpsychodynamicpsychotherapiesindividual+AD,1,-5.200000000016303e-5,5.200000000016303e-5
Acupuncture,Sham acupuncture,Acupuncture:Sham acupuncture,Acupuncture:Shamacupuncture,-0.531807,-0.531841,TRUE,has_direct(+indirect),Counselling individual + AD:Short-term psychodynamic psychotherapies individual + AD,Counsellingindividual+AD:Short-termpsychodynamicpsychotherapiesindividual+AD,1,-3.399999999997849e-5,3.399999999997849e-5
Exercise individual,No treatment,Exercise individual:No treatment,Exerciseindividual:Notreatment,-0.632998,-0.633026,TRUE,has_direct(+indirect),Counselling individual + AD:Short-term psychodynamic psychotherapies individual + AD,Counsellingindividual+AD:Short-termpsychodynamicpsychotherapiesindividual+AD,1,-2.8000000000028e-5,2.8000000000028e-5
Cognitive and cognitive behavioural therapies individual,Self-help,Cognitive and cognitive behavioural therapies individual:Self-help,Cognitiveandcognitivebehaviouraltherapiesindividual:Self-help,-0.398416,-0.398444,TRUE,has_direct(+indirect),Counselling individual + AD:Short-term psychodynamic psychotherapies individual + AD,Counsellingindividual+AD:Short-termpsychodynamicpsychotherapiesindividual+AD,1,-2.8000000000028e-5,2.8000000000028e-5
Counselling individual,Problem solving individual,Counselling individual:Problem solving individual,Counsellingindividual:Problemsolvingindividual,0.613477,0.613504,TRUE,has_direct(+indirect),Counselling individual + AD:Short-term psychodynamic psychotherapies individual + AD,Counsellingindividual+AD:Short-termpsychodynamicpsychotherapiesindividual+AD,1,2.6999999999999247e-5,2.6999999999999247e-5
Cognitive and cognitive behavioural therapies individual,Waitlist,Cognitive and cognitive behavioural therapies individual:Waitlist,Cognitiveandcognitivebehaviouraltherapiesindividual:Waitlist,-1.827518,-1.826424,TRUE,has_direct(+indirect),Counselling individual:No treatment,Counsellingindividual:Notreatment,1,0.00109399999999992,0.00109399999999992
Acupuncture,SSRIs,Acupuncture:SSRIs,Acupuncture:SSRIs,-0.919457,-0.918761,TRUE,has_direct(+indirect),Counselling individual:No treatment,Counsellingindividual:Notreatment,1,6.959999999999189e-4,6.959999999999189e-4
Cognitive and cognitive behavioural therapies group,Waitlist,Cognitive and cognitive behavioural therapies group:Waitlist,Cognitiveandcognitivebehaviouraltherapiesgroup:Waitlist,-2.958528,-2.957961,TRUE,has_direct(+indirect),Counselling individual:No treatment,Counsellingindividual:Notreatment,1,5.669999999997621e-4,5.669999999997621e-4
Placebo,SNRIs,Placebo:SNRIs,Placebo:SNRIs,0.740949,0.740396,TRUE,has_direct(+indirect),Counselling individual:No treatment,Counsellingindividual:Notreatment,1,-5.529999999999147e-4,5.529999999999147e-4
Behavioural therapies individual,Cognitive and cognitive behavioural therapies individual,Behavioural therapies individual:Cognitive and cognitive behavioural therapies individual,Behaviouraltherapiesindividual:Cognitiveandcognitivebehaviouraltherapiesindividual,2.108881,2.108379,TRUE,has_direct(+indirect),Counselling individual:No treatment,Counsellingindividual:Notreatment,1,-5.020000000000024e-4,5.020000000000024e-4
Problem solving group,Waitlist,Problem solving group:Waitlist,Problemsolvinggroup:Waitlist,-3.669046,-3.668562,TRUE,has_direct(+indirect),Counselling individual:No treatment,Counsellingindividual:Notreatment,1,4.839999999997069e-4,4.839999999997069e-4
Acupuncture,Sham acupuncture,Acupuncture:Sham acupuncture,Acupuncture:Shamacupuncture,-0.531807,-0.531485,TRUE,has_direct(+indirect),Counselling individual:No treatment,Counsellingindividual:Notreatment,1,3.2200000000004447e-4,3.2200000000004447e-4
Cognitive and cognitive behavioural therapies individual,Self-help,Cognitive and cognitive behavioural therapies individual:Self-help,Cognitiveandcognitivebehaviouraltherapiesindividual:Self-help,-0.398416,-0.398148,TRUE,has_direct(+indirect),Counselling individual:No treatment,Counsellingindividual:Notreatment,1,2.6799999999999047e-4,2.6799999999999047e-4
Exercise individual,No treatment,Exercise individual:No treatment,Exerciseindividual:Notreatment,-0.632998,-0.632735,TRUE,has_direct(+indirect),Counselling individual:No treatment,Counsellingindividual:Notreatment,1,2.629999999999022e-4,2.629999999999022e-4
Counselling individual,Problem solving individual,Counselling individual:Problem solving individual,Counsellingindividual:Problemsolvingindividual,0.613477,0.613229,TRUE,has_direct(+indirect),Counselling individual:No treatment,Counsellingindividual:Notreatment,1,-2.48000000000026e-4,2.48000000000026e-4
Cognitive and cognitive behavioural therapies individual,Waitlist,Cognitive and cognitive behavioural therapies individual:Waitlist,Cognitiveandcognitivebehaviouraltherapiesindividual:Waitlist,-1.827518,-1.827751,TRUE,has_direct(+indirect),Counselling individual:Problem solving individual,Counsellingindividual:Problemsolvingindividual,2,-2.329999999999277e-4,2.329999999999277e-4
Acupuncture,SSRIs,Acupuncture:SSRIs,Acupuncture:SSRIs,-0.919457,-0.919605,TRUE,has_direct(+indirect),Counselling individual:Problem solving individual,Counsellingindividual:Problemsolvingindividual,2,-1.48000000000037e-4,1.48000000000037e-4
Cognitive and cognitive behavioural therapies group,Waitlist,Cognitive and cognitive behavioural therapies group:Waitlist,Cognitiveandcognitivebehaviouraltherapiesgroup:Waitlist,-2.958528,-2.958649,TRUE,has_direct(+indirect),Counselling individual:Problem solving individual,Counsellingindividual:Problemsolvingindividual,2,-1.2100000000003774e-4,1.2100000000003774e-4
Placebo,SNRIs,Placebo:SNRIs,Placebo:SNRIs,0.740949,0.741067,TRUE,has_direct(+indirect),Counselling individual:Problem solving individual,Counsellingindividual:Problemsolvingindividual,2,1.180000000000625e-4,1.180000000000625e-4
Behavioural therapies individual,Cognitive and cognitive behavioural therapies individual,Behavioural therapies individual:Cognitive and cognitive behavioural therapies individual,Behaviouraltherapiesindividual:Cognitiveandcognitivebehaviouraltherapiesindividual,2.108881,2.108988,TRUE,has_direct(+indirect),Counselling individual:Problem solving individual,Counsellingindividual:Problemsolvingindividual,2,1.070000000003013e-4,1.070000000003013e-4
Problem solving group,Waitlist,Problem solving group:Waitlist,Problemsolvinggroup:Waitlist,-3.669046,-3.669149,TRUE,has_direct(+indirect),Counselling individual:Problem solving individual,Counsellingindividual:Problemsolvingindividual,2,-1.0300000000018628e-4,1.0300000000018628e-4
Acupuncture,Sham acupuncture,Acupuncture:Sham acupuncture,Acupuncture:Shamacupuncture,-0.531807,-0.531875,TRUE,has_direct(+indirect),Counselling individual:Problem solving individual,Counsellingindividual:Problemsolvingindividual,2,-6.799999999995698e-5,6.799999999995698e-5
Cognitive and cognitive behavioural therapies individual,Self-help,Cognitive and cognitive behavioural therapies individual:Self-help,Cognitiveandcognitivebehaviouraltherapiesindividual:Self-help,-0.398416,-0.398473,TRUE,has_direct(+indirect),Counselling individual:Problem solving individual,Counsellingindividual:Problemsolvingindividual,2,-5.700000000002925e-5,5.700000000002925e-5
Exercise individual,No treatment,Exercise individual:No treatment,Exerciseindividual:Notreatment,-0.632998,-0.633054,TRUE,has_direct(+indirect),Counselling individual:Problem solving individual,Counsellingindividual:Problemsolvingindividual,2,-5.6000000000056005e-5,5.6000000000056005e-5
Self-help,Waitlist,Self-help:Waitlist,Self-help:Waitlist,-1.593253,-1.593299,TRUE,has_direct(+indirect),Counselling individual:Problem solving individual,Counsellingindividual:Problemsolvingindividual,2,-4.599999999999049e-5,4.599999999999049e-5
Cognitive and cognitive behavioural therapies individual,Self-help,Cognitive and cognitive behavioural therapies individual:Self-help,Cognitiveandcognitivebehaviouraltherapiesindividual:Self-help,-0.398416,-0.991251,TRUE,has_direct(+indirect),Counselling individual:Self-help,Counsellingindividual:Self-help,1,-0.592835,0.592835
Cognitive and cognitive behavioural therapies individual,Counselling individual,Cognitive and cognitive behavioural therapies individual:Counselling individual,Cognitiveandcognitivebehaviouraltherapiesindividual:Counsellingindividual,-0.208458,-0.080031,TRUE,has_direct(+indirect),Counselling individual:Self-help,Counsellingindividual:Self-help,1,0.128427,0.128427
Cognitive and cognitive behavioural therapies individual,Waitlist,Cognitive and cognitive behavioural therapies individual:Waitlist,Cognitiveandcognitivebehaviouraltherapiesindividual:Waitlist,-1.827518,-1.828502,TRUE,has_direct(+indirect),Counselling individual:Self-help,Counsellingindividual:Self-help,1,-9.84000000000096e-4,9.84000000000096e-4
Acupuncture,SSRIs,Acupuncture:SSRIs,Acupuncture:SSRIs,-0.919457,-0.920082,TRUE,has_direct(+indirect),Counselling individual:Self-help,Counsellingindividual:Self-help,1,-6.249999999999867e-4,6.249999999999867e-4
Cognitive and cognitive behavioural therapies group,Waitlist,Cognitive and cognitive behavioural therapies group:Waitlist,Cognitiveandcognitivebehaviouraltherapiesgroup:Waitlist,-2.958528,-2.959038,TRUE,has_direct(+indirect),Counselling individual:Self-help,Counsellingindividual:Self-help,1,-5.100000000002325e-4,5.100000000002325e-4
Placebo,SNRIs,Placebo:SNRIs,Placebo:SNRIs,0.740949,0.741447,TRUE,has_direct(+indirect),Counselling individual:Self-help,Counsellingindividual:Self-help,1,4.979999999999984e-4,4.979999999999984e-4
Behavioural therapies individual,Cognitive and cognitive behavioural therapies individual,Behavioural therapies individual:Cognitive and cognitive behavioural therapies individual,Behaviouraltherapiesindividual:Cognitiveandcognitivebehaviouraltherapiesindividual,2.108881,2.109332,TRUE,has_direct(+indirect),Counselling individual:Self-help,Counsellingindividual:Self-help,1,4.510000000004233e-4,4.510000000004233e-4
Problem solving group,Waitlist,Problem solving group:Waitlist,Problemsolvinggroup:Waitlist,-3.669046,-3.669482,TRUE,has_direct(+indirect),Counselling individual:Self-help,Counsellingindividual:Self-help,1,-4.3600000000010297e-4,4.3600000000010297e-4
Acupuncture,Sham acupuncture,Acupuncture:Sham acupuncture,Acupuncture:Shamacupuncture,-0.531807,-0.532095,TRUE,has_direct(+indirect),Counselling individual:Self-help,Counsellingindividual:Self-help,1,-2.8799999999995496e-4,2.8799999999995496e-4
Exercise individual,No treatment,Exercise individual:No treatment,Exerciseindividual:Notreatment,-0.632998,-0.633235,TRUE,has_direct(+indirect),Counselling individual:Self-help,Counsellingindividual:Self-help,1,-2.3700000000004273e-4,2.3700000000004273e-4
Cognitive and cognitive behavioural therapies individual,TAU,Cognitive and cognitive behavioural therapies individual:TAU,Cognitiveandcognitivebehaviouraltherapiesindividual:TAU,-0.298912,-0.172006,TRUE,has_direct(+indirect),Counselling individual:TAU,Counsellingindividual:TAU,1,0.12690600000000002,0.12690600000000002
Cognitive and cognitive behavioural therapies individual,Counselling individual,Cognitive and cognitive behavioural therapies individual:Counselling individual,Cognitiveandcognitivebehaviouraltherapiesindividual:Counsellingindividual,-0.208458,-0.334026,TRUE,has_direct(+indirect),Counselling individual:TAU,Counsellingindividual:TAU,1,-0.125568,0.125568
Cognitive and cognitive behavioural therapies individual,Waitlist,Cognitive and cognitive behavioural therapies individual:Waitlist,Cognitiveandcognitivebehaviouraltherapiesindividual:Waitlist,-1.827518,-1.828631,TRUE,has_direct(+indirect),Counselling individual:TAU,Counsellingindividual:TAU,1,-0.00111299999999991,0.00111299999999991
Acupuncture,SSRIs,Acupuncture:SSRIs,Acupuncture:SSRIs,-0.919457,-0.920164,TRUE,has_direct(+indirect),Counselling individual:TAU,Counsellingindividual:TAU,1,-7.070000000000132e-4,7.070000000000132e-4
Cognitive and cognitive behavioural therapies group,Waitlist,Cognitive and cognitive behavioural therapies group:Waitlist,Cognitiveandcognitivebehaviouraltherapiesgroup:Waitlist,-2.958528,-2.959105,TRUE,has_direct(+indirect),Counselling individual:TAU,Counsellingindividual:TAU,1,-5.770000000002717e-4,5.770000000002717e-4
Placebo,SNRIs,Placebo:SNRIs,Placebo:SNRIs,0.740949,0.741512,TRUE,has_direct(+indirect),Counselling individual:TAU,Counsellingindividual:TAU,1,5.629999999999802e-4,5.629999999999802e-4
Behavioural therapies individual,Cognitive and cognitive behavioural therapies individual,Behavioural therapies individual:Cognitive and cognitive behavioural therapies individual,Behaviouraltherapiesindividual:Cognitiveandcognitivebehaviouraltherapiesindividual,2.108881,2.109391,TRUE,has_direct(+indirect),Counselling individual:TAU,Counsellingindividual:TAU,1,5.100000000002325e-4,5.100000000002325e-4
Problem solving group,Waitlist,Problem solving group:Waitlist,Problemsolvinggroup:Waitlist,-3.669046,-3.669539,TRUE,has_direct(+indirect),Counselling individual:TAU,Counsellingindividual:TAU,1,-4.930000000000767e-4,4.930000000000767e-4
Acupuncture,Sham acupuncture,Acupuncture:Sham acupuncture,Acupuncture:Shamacupuncture,-0.531807,-0.532133,TRUE,has_direct(+indirect),Counselling individual:TAU,Counsellingindividual:TAU,1,-3.2599999999993745e-4,3.2599999999993745e-4
Cognitive and cognitive behavioural therapies individual,Self-help,Cognitive and cognitive behavioural therapies individual:Self-help,Cognitiveandcognitivebehaviouraltherapiesindividual:Self-help,-0.398416,-0.398687,TRUE,has_direct(+indirect),Counselling individual:TAU,Counsellingindividual:TAU,1,-2.710000000000212e-4,2.710000000000212e-4
Any psychotherapy,Behavioural therapies individual,Any psychotherapy:Behavioural therapies individual,Anypsychotherapy:Behaviouraltherapiesindividual,0.251478,0.251478,TRUE,has_direct(+indirect),Exercise group + AD:SSRIs,Exercisegroup+AD:SSRIs,1,0,0
Any AD,Cognitive and cognitive behavioural therapies group,Any AD:Cognitive and cognitive behavioural therapies group,AnyAD:Cognitiveandcognitivebehaviouraltherapiesgroup,-0.709809,-0.709809,TRUE,has_direct(+indirect),Exercise group + AD:SSRIs,Exercisegroup+AD:SSRIs,1,0,0
Any AD,Cognitive and cognitive behavioural therapies group + AD,Any AD:Cognitive and cognitive behavioural therapies group + AD,AnyAD:Cognitiveandcognitivebehaviouraltherapiesgroup+AD,0.664339,0.664339,TRUE,has_direct(+indirect),Exercise group + AD:SSRIs,Exercisegroup+AD:SSRIs,1,0,0
Any AD,Cognitive and cognitive behavioural therapies individual,Any AD:Cognitive and cognitive behavioural therapies individual,AnyAD:Cognitiveandcognitivebehaviouraltherapiesindividual,-0.452206,-0.452206,TRUE,has_direct(+indirect),Exercise group + AD:SSRIs,Exercisegroup+AD:SSRIs,1,0,0
Behavioural therapies individual,Cognitive and cognitive behavioural therapies individual,Behavioural therapies individual:Cognitive and cognitive behavioural therapies individual,Behaviouraltherapiesindividual:Cognitiveandcognitivebehaviouraltherapiesindividual,2.108881,2.108881,TRUE,has_direct(+indirect),Exercise group + AD:SSRIs,Exercisegroup+AD:SSRIs,1,0,0
Cognitive and cognitive behavioural therapies group,Cognitive and cognitive behavioural therapies individual,Cognitive and cognitive behavioural therapies group:Cognitive and cognitive behavioural therapies individual,Cognitiveandcognitivebehaviouraltherapiesgroup:Cognitiveandcognitivebehaviouraltherapiesindividual,0.472502,0.472502,TRUE,has_direct(+indirect),Exercise group + AD:SSRIs,Exercisegroup+AD:SSRIs,1,0,0
Any AD,Cognitive and cognitive behavioural therapies individual + AD,Any AD:Cognitive and cognitive behavioural therapies individual + AD,AnyAD:Cognitiveandcognitivebehaviouraltherapiesindividual+AD,4.715432,4.715432,TRUE,has_direct(+indirect),Exercise group + AD:SSRIs,Exercisegroup+AD:SSRIs,1,0,0
Cognitive and cognitive behavioural therapies individual,Cognitive and cognitive behavioural therapies individual + AD,Cognitive and cognitive behavioural therapies individual:Cognitive and cognitive behavioural therapies individual + AD,Cognitiveandcognitivebehaviouraltherapiesindividual:Cognitiveandcognitivebehaviouraltherapiesindividual+AD,0.189697,0.189697,TRUE,has_direct(+indirect),Exercise group + AD:SSRIs,Exercisegroup+AD:SSRIs,1,0,0
Cognitive and cognitive behavioural therapies individual,Cognitive and cognitive behavioural therapies individual + placebo,Cognitive and cognitive behavioural therapies individual:Cognitive and cognitive behavioural therapies individual + placebo,Cognitiveandcognitivebehaviouraltherapiesindividual:Cognitiveandcognitivebehaviouraltherapiesindividual+placebo,0.688418,0.688418,TRUE,has_direct(+indirect),Exercise group + AD:SSRIs,Exercisegroup+AD:SSRIs,1,0,0
Cognitive and cognitive behavioural therapies individual + AD,Cognitive and cognitive behavioural therapies individual + placebo,Cognitive and cognitive behavioural therapies individual + AD:Cognitive and cognitive behavioural therapies individual + placebo,Cognitiveandcognitivebehaviouraltherapiesindividual+AD:Cognitiveandcognitivebehaviouraltherapiesindividual+placebo,0.052233,0.052233,TRUE,has_direct(+indirect),Exercise group + AD:SSRIs,Exercisegroup+AD:SSRIs,1,0,0
Exercise individual,SSRIs,Exercise individual:SSRIs,Exerciseindividual:SSRIs,-0.091986,-0.026895,TRUE,has_direct(+indirect),Exercise group:Exercise individual,Exercisegroup:Exerciseindividual,1,0.065091,0.065091
Placebo,SSRIs,Placebo:SSRIs,Placebo:SSRIs,0.510398,0.516437,TRUE,has_direct(+indirect),Exercise group:Exercise individual,Exercisegroup:Exerciseindividual,1,0.00603900000000001,0.00603900000000001
Cognitive and cognitive behavioural therapies individual,Waitlist,Cognitive and cognitive behavioural therapies individual:Waitlist,Cognitiveandcognitivebehaviouraltherapiesindividual:Waitlist,-1.827518,-1.827758,TRUE,has_direct(+indirect),Exercise group:Exercise individual,Exercisegroup:Exerciseindividual,1,-2.40000000000018e-4,2.40000000000018e-4
Acupuncture,SSRIs,Acupuncture:SSRIs,Acupuncture:SSRIs,-0.919457,-0.91961,TRUE,has_direct(+indirect),Exercise group:Exercise individual,Exercisegroup:Exerciseindividual,1,-1.5300000000006975e-4,1.5300000000006975e-4
Cognitive and cognitive behavioural therapies group,Waitlist,Cognitive and cognitive behavioural therapies group:Waitlist,Cognitiveandcognitivebehaviouraltherapiesgroup:Waitlist,-2.958528,-2.958653,TRUE,has_direct(+indirect),Exercise group:Exercise individual,Exercisegroup:Exerciseindividual,1,-1.2500000000015277e-4,1.2500000000015277e-4
Placebo,SNRIs,Placebo:SNRIs,Placebo:SNRIs,0.740949,0.741071,TRUE,has_direct(+indirect),Exercise group:Exercise individual,Exercisegroup:Exerciseindividual,1,1.220000000000665e-4,1.220000000000665e-4
Behavioural therapies individual,Cognitive and cognitive behavioural therapies individual,Behavioural therapies individual:Cognitive and cognitive behavioural therapies individual,Behaviouraltherapiesindividual:Cognitiveandcognitivebehaviouraltherapiesindividual,2.108881,2.108991,TRUE,has_direct(+indirect),Exercise group:Exercise individual,Exercisegroup:Exerciseindividual,1,1.1000000000027654e-4,1.1000000000027654e-4
Problem solving group,Waitlist,Problem solving group:Waitlist,Problemsolvinggroup:Waitlist,-3.669046,-3.669153,TRUE,has_direct(+indirect),Exercise group:Exercise individual,Exercisegroup:Exerciseindividual,1,-1.070000000003013e-4,1.070000000003013e-4
Acupuncture,Sham acupuncture,Acupuncture:Sham acupuncture,Acupuncture:Shamacupuncture,-0.531807,-0.531877,TRUE,has_direct(+indirect),Exercise group:Exercise individual,Exercisegroup:Exerciseindividual,1,-7.00000000000145e-5,7.00000000000145e-5
Exercise individual,No treatment,Exercise individual:No treatment,Exerciseindividual:Notreatment,-0.632998,-0.633056,TRUE,has_direct(+indirect),Exercise group:Exercise individual,Exercisegroup:Exerciseindividual,1,-5.8000000000002494e-5,5.8000000000002494e-5
Cognitive and cognitive behavioural therapies individual,Waitlist,Cognitive and cognitive behavioural therapies individual:Waitlist,Cognitiveandcognitivebehaviouraltherapiesindividual:Waitlist,-1.827518,-1.827714,TRUE,has_direct(+indirect),Exercise group:No treatment,Exercisegroup:Notreatment,1,-1.96000000000085e-4,1.96000000000085e-4
Acupuncture,SSRIs,Acupuncture:SSRIs,Acupuncture:SSRIs,-0.919457,-0.919582,TRUE,has_direct(+indirect),Exercise group:No treatment,Exercisegroup:Notreatment,1,-1.2500000000004174e-4,1.2500000000004174e-4
Cognitive and cognitive behavioural therapies group,Waitlist,Cognitive and cognitive behavioural therapies group:Waitlist,Cognitiveandcognitivebehaviouraltherapiesgroup:Waitlist,-2.958528,-2.95863,TRUE,has_direct(+indirect),Exercise group:No treatment,Exercisegroup:Notreatment,1,-1.020000000000465e-4,1.020000000000465e-4
Placebo,SNRIs,Placebo:SNRIs,Placebo:SNRIs,0.740949,0.741048,TRUE,has_direct(+indirect),Exercise group:No treatment,Exercisegroup:Notreatment,1,9.900000000007124e-5,9.900000000007124e-5
Behavioural therapies individual,Cognitive and cognitive behavioural therapies individual,Behavioural therapies individual:Cognitive and cognitive behavioural therapies individual,Behaviouraltherapiesindividual:Cognitiveandcognitivebehaviouraltherapiesindividual,2.108881,2.108971,TRUE,has_direct(+indirect),Exercise group:No treatment,Exercisegroup:Notreatment,1,9.000000000014552e-5,9.000000000014552e-5
Problem solving group,Waitlist,Problem solving group:Waitlist,Problemsolvinggroup:Waitlist,-3.669046,-3.669133,TRUE,has_direct(+indirect),Exercise group:No treatment,Exercisegroup:Notreatment,1,-8.700000000017027e-5,8.700000000017027e-5
Acupuncture,Sham acupuncture,Acupuncture:Sham acupuncture,Acupuncture:Shamacupuncture,-0.531807,-0.531864,TRUE,has_direct(+indirect),Exercise group:No treatment,Exercisegroup:Notreatment,1,-5.699999999997374e-5,5.699999999997374e-5
Cognitive and cognitive behavioural therapies individual,Self-help,Cognitive and cognitive behavioural therapies individual:Self-help,Cognitiveandcognitivebehaviouraltherapiesindividual:Self-help,-0.398416,-0.398464,TRUE,has_direct(+indirect),Exercise group:No treatment,Exercisegroup:Notreatment,1,-4.799999999999249e-5,4.799999999999249e-5
Exercise individual,No treatment,Exercise individual:No treatment,Exerciseindividual:Notreatment,-0.632998,-0.633045,TRUE,has_direct(+indirect),Exercise group:No treatment,Exercisegroup:Notreatment,1,-4.700000000001925e-5,4.700000000001925e-5
Counselling individual,Problem solving individual,Counselling individual:Problem solving individual,Counsellingindividual:Problemsolvingindividual,0.613477,0.613522,TRUE,has_direct(+indirect),Exercise group:No treatment,Exercisegroup:Notreatment,1,4.499999999996174e-5,4.499999999996174e-5
Exercise individual,SSRIs,Exercise individual:SSRIs,Exerciseindividual:SSRIs,-0.091986,-0.026895,TRUE,has_direct(+indirect),Exercise group:Placebo,Exercisegroup:Placebo,1,0.065091,0.065091
Placebo,SSRIs,Placebo:SSRIs,Placebo:SSRIs,0.510398,0.516437,TRUE,has_direct(+indirect),Exercise group:Placebo,Exercisegroup:Placebo,1,0.00603900000000001,0.00603900000000001
Cognitive and cognitive behavioural therapies individual,Waitlist,Cognitive and cognitive behavioural therapies individual:Waitlist,Cognitiveandcognitivebehaviouraltherapiesindividual:Waitlist,-1.827518,-1.827758,TRUE,has_direct(+indirect),Exercise group:Placebo,Exercisegroup:Placebo,1,-2.40000000000018e-4,2.40000000000018e-4
Acupuncture,SSRIs,Acupuncture:SSRIs,Acupuncture:SSRIs,-0.919457,-0.91961,TRUE,has_direct(+indirect),Exercise group:Placebo,Exercisegroup:Placebo,1,-1.5300000000006975e-4,1.5300000000006975e-4
Cognitive and cognitive behavioural therapies group,Waitlist,Cognitive and cognitive behavioural therapies group:Waitlist,Cognitiveandcognitivebehaviouraltherapiesgroup:Waitlist,-2.958528,-2.958653,TRUE,has_direct(+indirect),Exercise group:Placebo,Exercisegroup:Placebo,1,-1.2500000000015277e-4,1.2500000000015277e-4
Placebo,SNRIs,Placebo:SNRIs,Placebo:SNRIs,0.740949,0.741071,TRUE,has_direct(+indirect),Exercise group:Placebo,Exercisegroup:Placebo,1,1.220000000000665e-4,1.220000000000665e-4
Behavioural therapies individual,Cognitive and cognitive behavioural therapies individual,Behavioural therapies individual:Cognitive and cognitive behavioural therapies individual,Behaviouraltherapiesindividual:Cognitiveandcognitivebehaviouraltherapiesindividual,2.108881,2.108991,TRUE,has_direct(+indirect),Exercise group:Placebo,Exercisegroup:Placebo,1,1.1000000000027654e-4,1.1000000000027654e-4
Problem solving group,Waitlist,Problem solving group:Waitlist,Problemsolvinggroup:Waitlist,-3.669046,-3.669153,TRUE,has_direct(+indirect),Exercise group:Placebo,Exercisegroup:Placebo,1,-1.070000000003013e-4,1.070000000003013e-4
Acupuncture,Sham acupuncture,Acupuncture:Sham acupuncture,Acupuncture:Shamacupuncture,-0.531807,-0.531877,TRUE,has_direct(+indirect),Exercise group:Placebo,Exercisegroup:Placebo,1,-7.00000000000145e-5,7.00000000000145e-5
Exercise individual,No treatment,Exercise individual:No treatment,Exerciseindividual:Notreatment,-0.632998,-0.633056,TRUE,has_direct(+indirect),Exercise group:Placebo,Exercisegroup:Placebo,1,-5.8000000000002494e-5,5.8000000000002494e-5
Exercise individual,SSRIs,Exercise individual:SSRIs,Exerciseindividual:SSRIs,-0.091986,-0.026895,TRUE,has_direct(+indirect),Exercise group:SSRIs,Exercisegroup:SSRIs,1,0.065091,0.065091
Placebo,SSRIs,Placebo:SSRIs,Placebo:SSRIs,0.510398,0.516437,TRUE,has_direct(+indirect),Exercise group:SSRIs,Exercisegroup:SSRIs,1,0.00603900000000001,0.00603900000000001
Cognitive and cognitive behavioural therapies individual,Waitlist,Cognitive and cognitive behavioural therapies individual:Waitlist,Cognitiveandcognitivebehaviouraltherapiesindividual:Waitlist,-1.827518,-1.827758,TRUE,has_direct(+indirect),Exercise group:SSRIs,Exercisegroup:SSRIs,1,-2.40000000000018e-4,2.40000000000018e-4
Acupuncture,SSRIs,Acupuncture:SSRIs,Acupuncture:SSRIs,-0.919457,-0.91961,TRUE,has_direct(+indirect),Exercise group:SSRIs,Exercisegroup:SSRIs,1,-1.5300000000006975e-4,1.5300000000006975e-4
Cognitive and cognitive behavioural therapies group,Waitlist,Cognitive and cognitive behavioural therapies group:Waitlist,Cognitiveandcognitivebehaviouraltherapiesgroup:Waitlist,-2.958528,-2.958653,TRUE,has_direct(+indirect),Exercise group:SSRIs,Exercisegroup:SSRIs,1,-1.2500000000015277e-4,1.2500000000015277e-4
Placebo,SNRIs,Placebo:SNRIs,Placebo:SNRIs,0.740949,0.741071,TRUE,has_direct(+indirect),Exercise group:SSRIs,Exercisegroup:SSRIs,1,1.220000000000665e-4,1.220000000000665e-4
Behavioural therapies individual,Cognitive and cognitive behavioural therapies individual,Behavioural therapies individual:Cognitive and cognitive behavioural therapies individual,Behaviouraltherapiesindividual:Cognitiveandcognitivebehaviouraltherapiesindividual,2.108881,2.108991,TRUE,has_direct(+indirect),Exercise group:SSRIs,Exercisegroup:SSRIs,1,1.1000000000027654e-4,1.1000000000027654e-4
Problem solving group,Waitlist,Problem solving group:Waitlist,Problemsolvinggroup:Waitlist,-3.669046,-3.669153,TRUE,has_direct(+indirect),Exercise group:SSRIs,Exercisegroup:SSRIs,1,-1.070000000003013e-4,1.070000000003013e-4
Acupuncture,Sham acupuncture,Acupuncture:Sham acupuncture,Acupuncture:Shamacupuncture,-0.531807,-0.531877,TRUE,has_direct(+indirect),Exercise group:SSRIs,Exercisegroup:SSRIs,1,-7.00000000000145e-5,7.00000000000145e-5
Exercise individual,No treatment,Exercise individual:No treatment,Exerciseindividual:Notreatment,-0.632998,-0.633056,TRUE,has_direct(+indirect),Exercise group:SSRIs,Exercisegroup:SSRIs,1,-5.8000000000002494e-5,5.8000000000002494e-5
Cognitive and cognitive behavioural therapies individual,Waitlist,Cognitive and cognitive behavioural therapies individual:Waitlist,Cognitiveandcognitivebehaviouraltherapiesindividual:Waitlist,-1.827518,-1.826836,TRUE,has_direct(+indirect),Exercise group:TAU,Exercisegroup:TAU,1,6.820000000000714e-4,6.820000000000714e-4
Acupuncture,SSRIs,Acupuncture:SSRIs,Acupuncture:SSRIs,-0.919457,-0.919023,TRUE,has_direct(+indirect),Exercise group:TAU,Exercisegroup:TAU,1,4.339999999999344e-4,4.339999999999344e-4
Cognitive and cognitive behavioural therapies group,Waitlist,Cognitive and cognitive behavioural therapies group:Waitlist,Cognitiveandcognitivebehaviouraltherapiesgroup:Waitlist,-2.958528,-2.958175,TRUE,has_direct(+indirect),Exercise group:TAU,Exercisegroup:TAU,1,3.5299999999960363e-4,3.5299999999960363e-4
Placebo,SNRIs,Placebo:SNRIs,Placebo:SNRIs,0.740949,0.740604,TRUE,has_direct(+indirect),Exercise group:TAU,Exercisegroup:TAU,1,-3.449999999999287e-4,3.449999999999287e-4
Behavioural therapies individual,Cognitive and cognitive behavioural therapies individual,Behavioural therapies individual:Cognitive and cognitive behavioural therapies individual,Behaviouraltherapiesindividual:Cognitiveandcognitivebehaviouraltherapiesindividual,2.108881,2.108568,TRUE,has_direct(+indirect),Exercise group:TAU,Exercisegroup:TAU,1,-3.1299999999978567e-4,3.1299999999978567e-4
Problem solving group,Waitlist,Problem solving group:Waitlist,Problemsolvinggroup:Waitlist,-3.669046,-3.668744,TRUE,has_direct(+indirect),Exercise group:TAU,Exercisegroup:TAU,1,3.0200000000002447e-4,3.0200000000002447e-4
Acupuncture,Sham acupuncture,Acupuncture:Sham acupuncture,Acupuncture:Shamacupuncture,-0.531807,-0.531606,TRUE,has_direct(+indirect),Exercise group:TAU,Exercisegroup:TAU,1,2.0100000000000673e-4,2.0100000000000673e-4
Cognitive and cognitive behavioural therapies individual,Self-help,Cognitive and cognitive behavioural therapies individual:Self-help,Cognitiveandcognitivebehaviouraltherapiesindividual:Self-help,-0.398416,-0.398249,TRUE,has_direct(+indirect),Exercise group:TAU,Exercisegroup:TAU,1,1.6699999999997273e-4,1.6699999999997273e-4
Exercise individual,No treatment,Exercise individual:No treatment,Exerciseindividual:Notreatment,-0.632998,-0.632834,TRUE,has_direct(+indirect),Exercise group:TAU,Exercisegroup:TAU,1,1.6399999999994197e-4,1.6399999999994197e-4
Counselling individual,Problem solving individual,Counselling individual:Problem solving individual,Counsellingindividual:Problemsolvingindividual,0.613477,0.613322,TRUE,has_direct(+indirect),Exercise group:TAU,Exercisegroup:TAU,1,-1.5500000000001624e-4,1.5500000000001624e-4
Exercise individual,No treatment,Exercise individual:No treatment,Exerciseindividual:Notreatment,-0.632998,-1.326941,TRUE,has_direct(+indirect),Exercise individual + AD:No treatment,Exerciseindividual+AD:Notreatment,1,-0.693943,0.693943
Exercise individual,SSRIs,Exercise individual:SSRIs,Exerciseindividual:SSRIs,-0.091986,-0.143848,TRUE,has_direct(+indirect),Exercise individual + AD:No treatment,Exerciseindividual+AD:Notreatment,1,-0.051862,0.051862
No treatment,SSRIs,No treatment:SSRIs,Notreatment:SSRIs,0.058141,0.067284,TRUE,has_direct(+indirect),Exercise individual + AD:No treatment,Exerciseindividual+AD:Notreatment,1,0.00914299999999999,0.00914299999999999
Cognitive and cognitive behavioural therapies individual,Waitlist,Cognitive and cognitive behavioural therapies individual:Waitlist,Cognitiveandcognitivebehaviouraltherapiesindividual:Waitlist,-1.827518,-1.827164,TRUE,has_direct(+indirect),Exercise individual + AD:No treatment,Exerciseindividual+AD:Notreatment,1,3.5399999999996545e-4,3.5399999999996545e-4
Acupuncture,SSRIs,Acupuncture:SSRIs,Acupuncture:SSRIs,-0.919457,-0.919232,TRUE,has_direct(+indirect),Exercise individual + AD:No treatment,Exerciseindividual+AD:Notreatment,1,2.249999999999197e-4,2.249999999999197e-4
Cognitive and cognitive behavioural therapies group,Waitlist,Cognitive and cognitive behavioural therapies group:Waitlist,Cognitiveandcognitivebehaviouraltherapiesgroup:Waitlist,-2.958528,-2.958345,TRUE,has_direct(+indirect),Exercise individual + AD:No treatment,Exerciseindividual+AD:Notreatment,1,1.829999999998222e-4,1.829999999998222e-4
Placebo,SNRIs,Placebo:SNRIs,Placebo:SNRIs,0.740949,0.74077,TRUE,has_direct(+indirect),Exercise individual + AD:No treatment,Exerciseindividual+AD:Notreatment,1,-1.7899999999992922e-4,1.7899999999992922e-4
Behavioural therapies individual,Cognitive and cognitive behavioural therapies individual,Behavioural therapies individual:Cognitive and cognitive behavioural therapies individual,Behaviouraltherapiesindividual:Cognitiveandcognitivebehaviouraltherapiesindividual,2.108881,2.108719,TRUE,has_direct(+indirect),Exercise individual + AD:No treatment,Exerciseindividual+AD:Notreatment,1,-1.6199999999999548e-4,1.6199999999999548e-4
Problem solving group,Waitlist,Problem solving group:Waitlist,Problemsolvinggroup:Waitlist,-3.669046,-3.668889,TRUE,has_direct(+indirect),Exercise individual + AD:No treatment,Exerciseindividual+AD:Notreatment,1,1.5699999999974068e-4,1.5699999999974068e-4
Acupuncture,Sham acupuncture,Acupuncture:Sham acupuncture,Acupuncture:Shamacupuncture,-0.531807,-0.531703,TRUE,has_direct(+indirect),Exercise individual + AD:No treatment,Exerciseindividual+AD:Notreatment,1,1.03999999999993e-4,1.03999999999993e-4
Exercise individual,No treatment,Exercise individual:No treatment,Exerciseindividual:Notreatment,-0.632998,-1.326941,TRUE,has_direct(+indirect),Exercise individual + AD:SSRIs,Exerciseindividual+AD:SSRIs,1,-0.693943,0.693943
Exercise individual,SSRIs,Exercise individual:SSRIs,Exerciseindividual:SSRIs,-0.091986,-0.143848,TRUE,has_direct(+indirect),Exercise individual + AD:SSRIs,Exerciseindividual+AD:SSRIs,1,-0.051862,0.051862
No treatment,SSRIs,No treatment:SSRIs,Notreatment:SSRIs,0.058141,0.067284,TRUE,has_direct(+indirect),Exercise individual + AD:SSRIs,Exerciseindividual+AD:SSRIs,1,0.00914299999999999,0.00914299999999999
Cognitive and cognitive behavioural therapies individual,Waitlist,Cognitive and cognitive behavioural therapies individual:Waitlist,Cognitiveandcognitivebehaviouraltherapiesindividual:Waitlist,-1.827518,-1.827164,TRUE,has_direct(+indirect),Exercise individual + AD:SSRIs,Exerciseindividual+AD:SSRIs,1,3.5399999999996545e-4,3.5399999999996545e-4
Acupuncture,SSRIs,Acupuncture:SSRIs,Acupuncture:SSRIs,-0.919457,-0.919232,TRUE,has_direct(+indirect),Exercise individual + AD:SSRIs,Exerciseindividual+AD:SSRIs,1,2.249999999999197e-4,2.249999999999197e-4
Cognitive and cognitive behavioural therapies group,Waitlist,Cognitive and cognitive behavioural therapies group:Waitlist,Cognitiveandcognitivebehaviouraltherapiesgroup:Waitlist,-2.958528,-2.958345,TRUE,has_direct(+indirect),Exercise individual + AD:SSRIs,Exerciseindividual+AD:SSRIs,1,1.829999999998222e-4,1.829999999998222e-4
Placebo,SNRIs,Placebo:SNRIs,Placebo:SNRIs,0.740949,0.74077,TRUE,has_direct(+indirect),Exercise individual + AD:SSRIs,Exerciseindividual+AD:SSRIs,1,-1.7899999999992922e-4,1.7899999999992922e-4
Behavioural therapies individual,Cognitive and cognitive behavioural therapies individual,Behavioural therapies individual:Cognitive and cognitive behavioural therapies individual,Behaviouraltherapiesindividual:Cognitiveandcognitivebehaviouraltherapiesindividual,2.108881,2.108719,TRUE,has_direct(+indirect),Exercise individual + AD:SSRIs,Exerciseindividual+AD:SSRIs,1,-1.6199999999999548e-4,1.6199999999999548e-4
Problem solving group,Waitlist,Problem solving group:Waitlist,Problemsolvinggroup:Waitlist,-3.669046,-3.668889,TRUE,has_direct(+indirect),Exercise individual + AD:SSRIs,Exerciseindividual+AD:SSRIs,1,1.5699999999974068e-4,1.5699999999974068e-4
Acupuncture,Sham acupuncture,Acupuncture:Sham acupuncture,Acupuncture:Shamacupuncture,-0.531807,-0.531703,TRUE,has_direct(+indirect),Exercise individual + AD:SSRIs,Exerciseindividual+AD:SSRIs,1,1.03999999999993e-4,1.03999999999993e-4
Exercise individual,No treatment,Exercise individual:No treatment,Exerciseindividual:Notreatment,-0.632998,-1.326941,TRUE,has_direct(+indirect),Exercise individual:Exercise individual + AD,Exerciseindividual:Exerciseindividual+AD,1,-0.693943,0.693943
Exercise individual,SSRIs,Exercise individual:SSRIs,Exerciseindividual:SSRIs,-0.091986,-0.143848,TRUE,has_direct(+indirect),Exercise individual:Exercise individual + AD,Exerciseindividual:Exerciseindividual+AD,1,-0.051862,0.051862
No treatment,SSRIs,No treatment:SSRIs,Notreatment:SSRIs,0.058141,0.067284,TRUE,has_direct(+indirect),Exercise individual:Exercise individual + AD,Exerciseindividual:Exerciseindividual+AD,1,0.00914299999999999,0.00914299999999999
Cognitive and cognitive behavioural therapies individual,Waitlist,Cognitive and cognitive behavioural therapies individual:Waitlist,Cognitiveandcognitivebehaviouraltherapiesindividual:Waitlist,-1.827518,-1.827164,TRUE,has_direct(+indirect),Exercise individual:Exercise individual + AD,Exerciseindividual:Exerciseindividual+AD,1,3.5399999999996545e-4,3.5399999999996545e-4
Acupuncture,SSRIs,Acupuncture:SSRIs,Acupuncture:SSRIs,-0.919457,-0.919232,TRUE,has_direct(+indirect),Exercise individual:Exercise individual + AD,Exerciseindividual:Exerciseindividual+AD,1,2.249999999999197e-4,2.249999999999197e-4
Cognitive and cognitive behavioural therapies group,Waitlist,Cognitive and cognitive behavioural therapies group:Waitlist,Cognitiveandcognitivebehaviouraltherapiesgroup:Waitlist,-2.958528,-2.958345,TRUE,has_direct(+indirect),Exercise individual:Exercise individual + AD,Exerciseindividual:Exerciseindividual+AD,1,1.829999999998222e-4,1.829999999998222e-4
Placebo,SNRIs,Placebo:SNRIs,Placebo:SNRIs,0.740949,0.74077,TRUE,has_direct(+indirect),Exercise individual:Exercise individual + AD,Exerciseindividual:Exerciseindividual+AD,1,-1.7899999999992922e-4,1.7899999999992922e-4
Behavioural therapies individual,Cognitive and cognitive behavioural therapies individual,Behavioural therapies individual:Cognitive and cognitive behavioural therapies individual,Behaviouraltherapiesindividual:Cognitiveandcognitivebehaviouraltherapiesindividual,2.108881,2.108719,TRUE,has_direct(+indirect),Exercise individual:Exercise individual + AD,Exerciseindividual:Exerciseindividual+AD,1,-1.6199999999999548e-4,1.6199999999999548e-4
Problem solving group,Waitlist,Problem solving group:Waitlist,Problemsolvinggroup:Waitlist,-3.669046,-3.668889,TRUE,has_direct(+indirect),Exercise individual:Exercise individual + AD,Exerciseindividual:Exerciseindividual+AD,1,1.5699999999974068e-4,1.5699999999974068e-4
Acupuncture,Sham acupuncture,Acupuncture:Sham acupuncture,Acupuncture:Shamacupuncture,-0.531807,-0.531703,TRUE,has_direct(+indirect),Exercise individual:Exercise individual + AD,Exerciseindividual:Exerciseindividual+AD,1,1.03999999999993e-4,1.03999999999993e-4
Exercise individual,SSRIs,Exercise individual:SSRIs,Exerciseindividual:SSRIs,-0.091986,-0.143848,TRUE,has_direct(+indirect),Exercise individual:No treatment,Exerciseindividual:Notreatment,2,-0.051862,0.051862
No treatment,SSRIs,No treatment:SSRIs,Notreatment:SSRIs,0.058141,0.067284,TRUE,has_direct(+indirect),Exercise individual:No treatment,Exerciseindividual:Notreatment,2,0.00914299999999999,0.00914299999999999
Cognitive and cognitive behavioural therapies individual,Waitlist,Cognitive and cognitive behavioural therapies individual:Waitlist,Cognitiveandcognitivebehaviouraltherapiesindividual:Waitlist,-1.827518,-1.827194,TRUE,has_direct(+indirect),Exercise individual:No treatment,Exerciseindividual:Notreatment,2,3.2399999999999096e-4,3.2399999999999096e-4
Acupuncture,SSRIs,Acupuncture:SSRIs,Acupuncture:SSRIs,-0.919457,-0.919251,TRUE,has_direct(+indirect),Exercise individual:No treatment,Exerciseindividual:Notreatment,2,2.059999999999285e-4,2.059999999999285e-4
Cognitive and cognitive behavioural therapies group,Waitlist,Cognitive and cognitive behavioural therapies group:Waitlist,Cognitiveandcognitivebehaviouraltherapiesgroup:Waitlist,-2.958528,-2.958361,TRUE,has_direct(+indirect),Exercise individual:No treatment,Exerciseindividual:Notreatment,2,1.669999999998062e-4,1.669999999998062e-4
Placebo,SNRIs,Placebo:SNRIs,Placebo:SNRIs,0.740949,0.740785,TRUE,has_direct(+indirect),Exercise individual:No treatment,Exerciseindividual:Notreatment,2,-1.6399999999994197e-4,1.6399999999994197e-4
Behavioural therapies individual,Cognitive and cognitive behavioural therapies individual,Behavioural therapies individual:Cognitive and cognitive behavioural therapies individual,Behaviouraltherapiesindividual:Cognitiveandcognitivebehaviouraltherapiesindividual,2.108881,2.108733,TRUE,has_direct(+indirect),Exercise individual:No treatment,Exerciseindividual:Notreatment,2,-1.4799999999981497e-4,1.4799999999981497e-4
Problem solving group,Waitlist,Problem solving group:Waitlist,Problemsolvinggroup:Waitlist,-3.669046,-3.668903,TRUE,has_direct(+indirect),Exercise individual:No treatment,Exerciseindividual:Notreatment,2,1.4300000000000423e-4,1.4300000000000423e-4
Acupuncture,Sham acupuncture,Acupuncture:Sham acupuncture,Acupuncture:Shamacupuncture,-0.531807,-0.531712,TRUE,has_direct(+indirect),Exercise individual:No treatment,Exerciseindividual:Notreatment,2,9.500000000006724e-5,9.500000000006724e-5
Cognitive and cognitive behavioural therapies individual,Self-help,Cognitive and cognitive behavioural therapies individual:Self-help,Cognitiveandcognitivebehaviouraltherapiesindividual:Self-help,-0.398416,-0.398337,TRUE,has_direct(+indirect),Exercise individual:No treatment,Exerciseindividual:Notreatment,2,7.899999999999574e-5,7.899999999999574e-5
Exercise individual,SSRIs,Exercise individual:SSRIs,Exerciseindividual:SSRIs,-0.091986,-0.026895,TRUE,has_direct(+indirect),Exercise individual:Placebo,Exerciseindividual:Placebo,1,0.065091,0.065091
Placebo,SSRIs,Placebo:SSRIs,Placebo:SSRIs,0.510398,0.516437,TRUE,has_direct(+indirect),Exercise individual:Placebo,Exerciseindividual:Placebo,1,0.00603900000000001,0.00603900000000001
Cognitive and cognitive behavioural therapies individual,Waitlist,Cognitive and cognitive behavioural therapies individual:Waitlist,Cognitiveandcognitivebehaviouraltherapiesindividual:Waitlist,-1.827518,-1.827758,TRUE,has_direct(+indirect),Exercise individual:Placebo,Exerciseindividual:Placebo,1,-2.40000000000018e-4,2.40000000000018e-4
Acupuncture,SSRIs,Acupuncture:SSRIs,Acupuncture:SSRIs,-0.919457,-0.91961,TRUE,has_direct(+indirect),Exercise individual:Placebo,Exerciseindividual:Placebo,1,-1.5300000000006975e-4,1.5300000000006975e-4
Cognitive and cognitive behavioural therapies group,Waitlist,Cognitive and cognitive behavioural therapies group:Waitlist,Cognitiveandcognitivebehaviouraltherapiesgroup:Waitlist,-2.958528,-2.958653,TRUE,has_direct(+indirect),Exercise individual:Placebo,Exerciseindividual:Placebo,1,-1.2500000000015277e-4,1.2500000000015277e-4
Placebo,SNRIs,Placebo:SNRIs,Placebo:SNRIs,0.740949,0.741071,TRUE,has_direct(+indirect),Exercise individual:Placebo,Exerciseindividual:Placebo,1,1.220000000000665e-4,1.220000000000665e-4
Behavioural therapies individual,Cognitive and cognitive behavioural therapies individual,Behavioural therapies individual:Cognitive and cognitive behavioural therapies individual,Behaviouraltherapiesindividual:Cognitiveandcognitivebehaviouraltherapiesindividual,2.108881,2.108991,TRUE,has_direct(+indirect),Exercise individual:Placebo,Exerciseindividual:Placebo,1,1.1000000000027654e-4,1.1000000000027654e-4
Problem solving group,Waitlist,Problem solving group:Waitlist,Problemsolvinggroup:Waitlist,-3.669046,-3.669153,TRUE,has_direct(+indirect),Exercise individual:Placebo,Exerciseindividual:Placebo,1,-1.070000000003013e-4,1.070000000003013e-4
Acupuncture,Sham acupuncture,Acupuncture:Sham acupuncture,Acupuncture:Shamacupuncture,-0.531807,-0.531877,TRUE,has_direct(+indirect),Exercise individual:Placebo,Exerciseindividual:Placebo,1,-7.00000000000145e-5,7.00000000000145e-5
Exercise individual,No treatment,Exercise individual:No treatment,Exerciseindividual:Notreatment,-0.632998,-0.633056,TRUE,has_direct(+indirect),Exercise individual:Placebo,Exerciseindividual:Placebo,1,-5.8000000000002494e-5,5.8000000000002494e-5
Exercise individual,No treatment,Exercise individual:No treatment,Exerciseindividual:Notreatment,-0.632998,-1.326941,TRUE,has_direct(+indirect),Exercise individual:SSRIs,Exerciseindividual:SSRIs,2,-0.693943,0.693943
No treatment,SSRIs,No treatment:SSRIs,Notreatment:SSRIs,0.058141,0.067284,TRUE,has_direct(+indirect),Exercise individual:SSRIs,Exerciseindividual:SSRIs,2,0.00914299999999999,0.00914299999999999
Placebo,SSRIs,Placebo:SSRIs,Placebo:SSRIs,0.510398,0.516458,TRUE,has_direct(+indirect),Exercise individual:SSRIs,Exerciseindividual:SSRIs,2,0.00605999999999995,0.00605999999999995
Cognitive and cognitive behavioural therapies individual,Waitlist,Cognitive and cognitive behavioural therapies individual:Waitlist,Cognitiveandcognitivebehaviouraltherapiesindividual:Waitlist,-1.827518,-1.827244,TRUE,has_direct(+indirect),Exercise individual:SSRIs,Exerciseindividual:SSRIs,2,2.7399999999988545e-4,2.7399999999988545e-4
Acupuncture,SSRIs,Acupuncture:SSRIs,Acupuncture:SSRIs,-0.919457,-0.919283,TRUE,has_direct(+indirect),Exercise individual:SSRIs,Exerciseindividual:SSRIs,2,1.7400000000000748e-4,1.7400000000000748e-4
Cognitive and cognitive behavioural therapies group,Waitlist,Cognitive and cognitive behavioural therapies group:Waitlist,Cognitiveandcognitivebehaviouraltherapiesgroup:Waitlist,-2.958528,-2.958386,TRUE,has_direct(+indirect),Exercise individual:SSRIs,Exerciseindividual:SSRIs,2,1.4199999999986446e-4,1.4199999999986446e-4
Placebo,SNRIs,Placebo:SNRIs,Placebo:SNRIs,0.740949,0.74081,TRUE,has_direct(+indirect),Exercise individual:SSRIs,Exerciseindividual:SSRIs,2,-1.3900000000000023e-4,1.3900000000000023e-4
Behavioural therapies individual,Cognitive and cognitive behavioural therapies individual,Behavioural therapies individual:Cognitive and cognitive behavioural therapies individual,Behaviouraltherapiesindividual:Cognitiveandcognitivebehaviouraltherapiesindividual,2.108881,2.108756,TRUE,has_direct(+indirect),Exercise individual:SSRIs,Exerciseindividual:SSRIs,2,-1.2499999999970868e-4,1.2499999999970868e-4
Problem solving group,Waitlist,Problem solving group:Waitlist,Problemsolvinggroup:Waitlist,-3.669046,-3.668925,TRUE,has_direct(+indirect),Exercise individual:SSRIs,Exerciseindividual:SSRIs,2,1.2099999999959364e-4,1.2099999999959364e-4
Acupuncture,Sham acupuncture,Acupuncture:Sham acupuncture,Acupuncture:Shamacupuncture,-0.531807,-0.531726,TRUE,has_direct(+indirect),Exercise individual:SSRIs,Exerciseindividual:SSRIs,2,8.099999999999774e-5,8.099999999999774e-5
Any AD,Interpersonal psychotherapy (IPT) individual,Any AD:Interpersonal psychotherapy (IPT) individual,AnyAD:Interpersonalpsychotherapy(IPT)individual,-0.173851,-0.743028,TRUE,has_direct(+indirect),Interpersonal psychotherapy (IPT) individual + AD:Interpersonal psychotherapy (IPT) individual + placebo,Interpersonalpsychotherapy(IPT)individual+AD:Interpersonalpsychotherapy(IPT)individual+placebo,1,-0.569177,0.569177
Any AD,Interpersonal psychotherapy (IPT) individual + AD,Any AD:Interpersonal psychotherapy (IPT) individual + AD,AnyAD:Interpersonalpsychotherapy(IPT)individual+AD,0.18278,-0.31382,TRUE,has_direct(+indirect),Interpersonal psychotherapy (IPT) individual + AD:Interpersonal psychotherapy (IPT) individual + placebo,Interpersonalpsychotherapy(IPT)individual+AD:Interpersonalpsychotherapy(IPT)individual+placebo,1,-0.4966,0.4966
Cognitive and cognitive behavioural therapies individual,Waitlist,Cognitive and cognitive behavioural therapies individual:Waitlist,Cognitiveandcognitivebehaviouraltherapiesindividual:Waitlist,-1.827518,-1.827272,TRUE,has_direct(+indirect),Interpersonal psychotherapy (IPT) individual + AD:Interpersonal psychotherapy (IPT) individual + placebo,Interpersonalpsychotherapy(IPT)individual+AD:Interpersonalpsychotherapy(IPT)individual+placebo,1,2.4599999999996847e-4,2.4599999999996847e-4
Acupuncture,SSRIs,Acupuncture:SSRIs,Acupuncture:SSRIs,-0.919457,-0.9193,TRUE,has_direct(+indirect),Interpersonal psychotherapy (IPT) individual + AD:Interpersonal psychotherapy (IPT) individual + placebo,Interpersonalpsychotherapy(IPT)individual+AD:Interpersonalpsychotherapy(IPT)individual+placebo,1,1.5699999999996272e-4,1.5699999999996272e-4
Cognitive and cognitive behavioural therapies group,Waitlist,Cognitive and cognitive behavioural therapies group:Waitlist,Cognitiveandcognitivebehaviouraltherapiesgroup:Waitlist,-2.958528,-2.958401,TRUE,has_direct(+indirect),Interpersonal psychotherapy (IPT) individual + AD:Interpersonal psychotherapy (IPT) individual + placebo,Interpersonalpsychotherapy(IPT)individual+AD:Interpersonalpsychotherapy(IPT)individual+placebo,1,1.2699999999998823e-4,1.2699999999998823e-4
Placebo,SNRIs,Placebo:SNRIs,Placebo:SNRIs,0.740949,0.740824,TRUE,has_direct(+indirect),Interpersonal psychotherapy (IPT) individual + AD:Interpersonal psychotherapy (IPT) individual + placebo,Interpersonalpsychotherapy(IPT)individual+AD:Interpersonalpsychotherapy(IPT)individual+placebo,1,-1.2499999999993072e-4,1.2499999999993072e-4
Behavioural therapies individual,Cognitive and cognitive behavioural therapies individual,Behavioural therapies individual:Cognitive and cognitive behavioural therapies individual,Behaviouraltherapiesindividual:Cognitiveandcognitivebehaviouraltherapiesindividual,2.108881,2.108768,TRUE,has_direct(+indirect),Interpersonal psychotherapy (IPT) individual + AD:Interpersonal psychotherapy (IPT) individual + placebo,Interpersonalpsychotherapy(IPT)individual+AD:Interpersonalpsychotherapy(IPT)individual+placebo,1,-1.129999999998077e-4,1.129999999998077e-4
Problem solving group,Waitlist,Problem solving group:Waitlist,Problemsolvinggroup:Waitlist,-3.669046,-3.668937,TRUE,has_direct(+indirect),Interpersonal psychotherapy (IPT) individual + AD:Interpersonal psychotherapy (IPT) individual + placebo,Interpersonalpsychotherapy(IPT)individual+AD:Interpersonalpsychotherapy(IPT)individual+placebo,1,1.0899999999969268e-4,1.0899999999969268e-4
Acupuncture,Sham acupuncture,Acupuncture:Sham acupuncture,Acupuncture:Shamacupuncture,-0.531807,-0.531735,TRUE,has_direct(+indirect),Interpersonal psychotherapy (IPT) individual + AD:Interpersonal psychotherapy (IPT) individual + placebo,Interpersonalpsychotherapy(IPT)individual+AD:Interpersonalpsychotherapy(IPT)individual+placebo,1,7.2000000000072e-5,7.2000000000072e-5
Cognitive and cognitive behavioural therapies individual,Self-help,Cognitive and cognitive behavioural therapies individual:Self-help,Cognitiveandcognitivebehaviouraltherapiesindividual:Self-help,-0.398416,-0.398356,TRUE,has_direct(+indirect),Interpersonal psychotherapy (IPT) individual + AD:Interpersonal psychotherapy (IPT) individual + placebo,Interpersonalpsychotherapy(IPT)individual+AD:Interpersonalpsychotherapy(IPT)individual+placebo,1,6.0000000000004494e-5,6.0000000000004494e-5
Any AD,Interpersonal psychotherapy (IPT) individual + AD,Any AD:Interpersonal psychotherapy (IPT) individual + AD,AnyAD:Interpersonalpsychotherapy(IPT)individual+AD,0.18278,0.662109,TRUE,has_direct(+indirect),Interpersonal psychotherapy (IPT) individual + AD:Psychoeducation group + AD,Interpersonalpsychotherapy(IPT)individual+AD:Psychoeducationgroup+AD,1,0.4793289999999999,0.4793289999999999
Cognitive and cognitive behavioural therapies individual,Waitlist,Cognitive and cognitive behavioural therapies individual:Waitlist,Cognitiveandcognitivebehaviouraltherapiesindividual:Waitlist,-1.827518,-1.827704,TRUE,has_direct(+indirect),Interpersonal psychotherapy (IPT) individual + AD:Psychoeducation group + AD,Interpersonalpsychotherapy(IPT)individual+AD:Psychoeducationgroup+AD,1,-1.8600000000001948e-4,1.8600000000001948e-4
Acupuncture,SSRIs,Acupuncture:SSRIs,Acupuncture:SSRIs,-0.919457,-0.919575,TRUE,has_direct(+indirect),Interpersonal psychotherapy (IPT) individual + AD:Psychoeducation group + AD,Interpersonalpsychotherapy(IPT)individual+AD:Psychoeducationgroup+AD,1,-1.180000000000625e-4,1.180000000000625e-4
Cognitive and cognitive behavioural therapies group,Waitlist,Cognitive and cognitive behavioural therapies group:Waitlist,Cognitiveandcognitivebehaviouraltherapiesgroup:Waitlist,-2.958528,-2.958625,TRUE,has_direct(+indirect),Interpersonal psychotherapy (IPT) individual + AD:Psychoeducation group + AD,Interpersonalpsychotherapy(IPT)individual+AD:Psychoeducationgroup+AD,1,-9.70000000002358e-5,9.70000000002358e-5
Placebo,SNRIs,Placebo:SNRIs,Placebo:SNRIs,0.740949,0.741043,TRUE,has_direct(+indirect),Interpersonal psychotherapy (IPT) individual + AD:Psychoeducation group + AD,Interpersonalpsychotherapy(IPT)individual+AD:Psychoeducationgroup+AD,1,9.40000000000385e-5,9.40000000000385e-5
Behavioural therapies individual,Cognitive and cognitive behavioural therapies individual,Behavioural therapies individual:Cognitive and cognitive behavioural therapies individual,Behaviouraltherapiesindividual:Cognitiveandcognitivebehaviouraltherapiesindividual,2.108881,2.108966,TRUE,has_direct(+indirect),Interpersonal psychotherapy (IPT) individual + AD:Psychoeducation group + AD,Interpersonalpsychotherapy(IPT)individual+AD:Psychoeducationgroup+AD,1,8.500000000033481e-5,8.500000000033481e-5
Problem solving group,Waitlist,Problem solving group:Waitlist,Problemsolvinggroup:Waitlist,-3.669046,-3.669129,TRUE,has_direct(+indirect),Interpersonal psychotherapy (IPT) individual + AD:Psychoeducation group + AD,Interpersonalpsychotherapy(IPT)individual+AD:Psychoeducationgroup+AD,1,-8.300000000005525e-5,8.300000000005525e-5
Acupuncture,Sham acupuncture,Acupuncture:Sham acupuncture,Acupuncture:Shamacupuncture,-0.531807,-0.531861,TRUE,has_direct(+indirect),Interpersonal psychotherapy (IPT) individual + AD:Psychoeducation group + AD,Interpersonalpsychotherapy(IPT)individual+AD:Psychoeducationgroup+AD,1,-5.3999999999998494e-5,5.3999999999998494e-5
Exercise individual,No treatment,Exercise individual:No treatment,Exerciseindividual:Notreatment,-0.632998,-0.633043,TRUE,has_direct(+indirect),Interpersonal psychotherapy (IPT) individual + AD:Psychoeducation group + AD,Interpersonalpsychotherapy(IPT)individual+AD:Psychoeducationgroup+AD,1,-4.500000000007276e-5,4.500000000007276e-5
Cognitive and cognitive behavioural therapies individual,Self-help,Cognitive and cognitive behavioural therapies individual:Self-help,Cognitiveandcognitivebehaviouraltherapiesindividual:Self-help,-0.398416,-0.398461,TRUE,has_direct(+indirect),Interpersonal psychotherapy (IPT) individual + AD:Psychoeducation group + AD,Interpersonalpsychotherapy(IPT)individual+AD:Psychoeducationgroup+AD,1,-4.500000000001725e-5,4.500000000001725e-5
Cognitive and cognitive behavioural therapies individual,Waitlist,Cognitive and cognitive behavioural therapies individual:Waitlist,Cognitiveandcognitivebehaviouraltherapiesindividual:Waitlist,-1.827518,-1.827718,TRUE,has_direct(+indirect),Interpersonal psychotherapy (IPT) individual + AD:SNRIs,Interpersonalpsychotherapy(IPT)individual+AD:SNRIs,1,-1.9999999999997797e-4,1.9999999999997797e-4
Acupuncture,SSRIs,Acupuncture:SSRIs,Acupuncture:SSRIs,-0.919457,-0.919585,TRUE,has_direct(+indirect),Interpersonal psychotherapy (IPT) individual + AD:SNRIs,Interpersonalpsychotherapy(IPT)individual+AD:SNRIs,1,-1.28000000000017e-4,1.28000000000017e-4
Cognitive and cognitive behavioural therapies group,Waitlist,Cognitive and cognitive behavioural therapies group:Waitlist,Cognitiveandcognitivebehaviouraltherapiesgroup:Waitlist,-2.958528,-2.958632,TRUE,has_direct(+indirect),Interpersonal psychotherapy (IPT) individual + AD:SNRIs,Interpersonalpsychotherapy(IPT)individual+AD:SNRIs,1,-1.0400000000032604e-4,1.0400000000032604e-4
Placebo,SNRIs,Placebo:SNRIs,Placebo:SNRIs,0.740949,0.74105,TRUE,has_direct(+indirect),Interpersonal psychotherapy (IPT) individual + AD:SNRIs,Interpersonalpsychotherapy(IPT)individual+AD:SNRIs,1,1.0100000000001774e-4,1.0100000000001774e-4
Behavioural therapies individual,Cognitive and cognitive behavioural therapies individual,Behavioural therapies individual:Cognitive and cognitive behavioural therapies individual,Behaviouraltherapiesindividual:Cognitiveandcognitivebehaviouraltherapiesindividual,2.108881,2.108973,TRUE,has_direct(+indirect),Interpersonal psychotherapy (IPT) individual + AD:SNRIs,Interpersonalpsychotherapy(IPT)individual+AD:SNRIs,1,9.200000000042508e-5,9.200000000042508e-5
Problem solving group,Waitlist,Problem solving group:Waitlist,Problemsolvinggroup:Waitlist,-3.669046,-3.669135,TRUE,has_direct(+indirect),Interpersonal psychotherapy (IPT) individual + AD:SNRIs,Interpersonalpsychotherapy(IPT)individual+AD:SNRIs,1,-8.900000000000574e-5,8.900000000000574e-5
Acupuncture,Sham acupuncture,Acupuncture:Sham acupuncture,Acupuncture:Shamacupuncture,-0.531807,-0.531866,TRUE,has_direct(+indirect),Interpersonal psychotherapy (IPT) individual + AD:SNRIs,Interpersonalpsychotherapy(IPT)individual+AD:SNRIs,1,-5.899999999992023e-5,5.899999999992023e-5
Exercise individual,No treatment,Exercise individual:No treatment,Exerciseindividual:Notreatment,-0.632998,-0.633047,TRUE,has_direct(+indirect),Interpersonal psychotherapy (IPT) individual + AD:SNRIs,Interpersonalpsychotherapy(IPT)individual+AD:SNRIs,1,-4.900000000007676e-5,4.900000000007676e-5
Cognitive and cognitive behavioural therapies individual,Self-help,Cognitive and cognitive behavioural therapies individual:Self-help,Cognitiveandcognitivebehaviouraltherapiesindividual:Self-help,-0.398416,-0.398465,TRUE,has_direct(+indirect),Interpersonal psychotherapy (IPT) individual + AD:SNRIs,Interpersonalpsychotherapy(IPT)individual+AD:SNRIs,1,-4.900000000002125e-5,4.900000000002125e-5
Counselling individual,Problem solving individual,Counselling individual:Problem solving individual,Counsellingindividual:Problemsolvingindividual,0.613477,0.613523,TRUE,has_direct(+indirect),Interpersonal psychotherapy (IPT) individual + AD:SNRIs,Interpersonalpsychotherapy(IPT)individual+AD:SNRIs,1,4.599999999999049e-5,4.599999999999049e-5
Cognitive and cognitive behavioural therapies individual,Waitlist,Cognitive and cognitive behavioural therapies individual:Waitlist,Cognitiveandcognitivebehaviouraltherapiesindividual:Waitlist,-1.827518,-1.827302,TRUE,has_direct(+indirect),Interpersonal psychotherapy (IPT) individual + placebo:TCAs,Interpersonalpsychotherapy(IPT)individual+placebo:TCAs,1,2.1599999999999395e-4,2.1599999999999395e-4
Acupuncture,SSRIs,Acupuncture:SSRIs,Acupuncture:SSRIs,-0.919457,-0.91932,TRUE,has_direct(+indirect),Interpersonal psychotherapy (IPT) individual + placebo:TCAs,Interpersonalpsychotherapy(IPT)individual+placebo:TCAs,1,1.3699999999994272e-4,1.3699999999994272e-4
Cognitive and cognitive behavioural therapies group,Waitlist,Cognitive and cognitive behavioural therapies group:Waitlist,Cognitiveandcognitivebehaviouraltherapiesgroup:Waitlist,-2.958528,-2.958416,TRUE,has_direct(+indirect),Interpersonal psychotherapy (IPT) individual + placebo:TCAs,Interpersonalpsychotherapy(IPT)individual+placebo:TCAs,1,1.1199999999966792e-4,1.1199999999966792e-4
Placebo,SNRIs,Placebo:SNRIs,Placebo:SNRIs,0.740949,0.74084,TRUE,has_direct(+indirect),Interpersonal psychotherapy (IPT) individual + placebo:TCAs,Interpersonalpsychotherapy(IPT)individual+placebo:TCAs,1,-1.0899999999991472e-4,1.0899999999991472e-4
Behavioural therapies individual,Cognitive and cognitive behavioural therapies individual,Behavioural therapies individual:Cognitive and cognitive behavioural therapies individual,Behaviouraltherapiesindividual:Cognitiveandcognitivebehaviouraltherapiesindividual,2.108881,2.108782,TRUE,has_direct(+indirect),Interpersonal psychotherapy (IPT) individual + placebo:TCAs,Interpersonalpsychotherapy(IPT)individual+placebo:TCAs,1,-9.899999999962716e-5,9.899999999962716e-5
Problem solving group,Waitlist,Problem solving group:Waitlist,Problemsolvinggroup:Waitlist,-3.669046,-3.668951,TRUE,has_direct(+indirect),Interpersonal psychotherapy (IPT) individual + placebo:TCAs,Interpersonalpsychotherapy(IPT)individual+placebo:TCAs,1,9.499999999995624e-5,9.499999999995624e-5
Acupuncture,Sham acupuncture,Acupuncture:Sham acupuncture,Acupuncture:Shamacupuncture,-0.531807,-0.531743,TRUE,has_direct(+indirect),Interpersonal psychotherapy (IPT) individual + placebo:TCAs,Interpersonalpsychotherapy(IPT)individual+placebo:TCAs,1,6.4000000000064e-5,6.4000000000064e-5
Cognitive and cognitive behavioural therapies individual,Self-help,Cognitive and cognitive behavioural therapies individual:Self-help,Cognitiveandcognitivebehaviouraltherapiesindividual:Self-help,-0.398416,-0.398363,TRUE,has_direct(+indirect),Interpersonal psychotherapy (IPT) individual + placebo:TCAs,Interpersonalpsychotherapy(IPT)individual+placebo:TCAs,1,5.299999999996974e-5,5.299999999996974e-5
Exercise individual,No treatment,Exercise individual:No treatment,Exerciseindividual:Notreatment,-0.632998,-0.632946,TRUE,has_direct(+indirect),Interpersonal psychotherapy (IPT) individual + placebo:TCAs,Interpersonalpsychotherapy(IPT)individual+placebo:TCAs,1,5.199999999994098e-5,5.199999999994098e-5
Counselling individual,Problem solving individual,Counselling individual:Problem solving individual,Counsellingindividual:Problemsolvingindividual,0.613477,0.613428,TRUE,has_direct(+indirect),Interpersonal psychotherapy (IPT) individual + placebo:TCAs,Interpersonalpsychotherapy(IPT)individual+placebo:TCAs,1,-4.900000000007676e-5,4.900000000007676e-5
Any AD,Interpersonal psychotherapy (IPT) individual,Any AD:Interpersonal psychotherapy (IPT) individual,AnyAD:Interpersonalpsychotherapy(IPT)individual,-0.173851,-0.743028,TRUE,has_direct(+indirect),Interpersonal psychotherapy (IPT) individual:Interpersonal psychotherapy (IPT) individual + AD,Interpersonalpsychotherapy(IPT)individual:Interpersonalpsychotherapy(IPT)individual+AD,1,-0.569177,0.569177
Any AD,Interpersonal psychotherapy (IPT) individual + AD,Any AD:Interpersonal psychotherapy (IPT) individual + AD,AnyAD:Interpersonalpsychotherapy(IPT)individual+AD,0.18278,-0.31382,TRUE,has_direct(+indirect),Interpersonal psychotherapy (IPT) individual:Interpersonal psychotherapy (IPT) individual + AD,Interpersonalpsychotherapy(IPT)individual:Interpersonalpsychotherapy(IPT)individual+AD,1,-0.4966,0.4966
Cognitive and cognitive behavioural therapies individual,Waitlist,Cognitive and cognitive behavioural therapies individual:Waitlist,Cognitiveandcognitivebehaviouraltherapiesindividual:Waitlist,-1.827518,-1.827272,TRUE,has_direct(+indirect),Interpersonal psychotherapy (IPT) individual:Interpersonal psychotherapy (IPT) individual + AD,Interpersonalpsychotherapy(IPT)individual:Interpersonalpsychotherapy(IPT)individual+AD,1,2.4599999999996847e-4,2.4599999999996847e-4
Acupuncture,SSRIs,Acupuncture:SSRIs,Acupuncture:SSRIs,-0.919457,-0.9193,TRUE,has_direct(+indirect),Interpersonal psychotherapy (IPT) individual:Interpersonal psychotherapy (IPT) individual + AD,Interpersonalpsychotherapy(IPT)individual:Interpersonalpsychotherapy(IPT)individual+AD,1,1.5699999999996272e-4,1.5699999999996272e-4
Cognitive and cognitive behavioural therapies group,Waitlist,Cognitive and cognitive behavioural therapies group:Waitlist,Cognitiveandcognitivebehaviouraltherapiesgroup:Waitlist,-2.958528,-2.958401,TRUE,has_direct(+indirect),Interpersonal psychotherapy (IPT) individual:Interpersonal psychotherapy (IPT) individual + AD,Interpersonalpsychotherapy(IPT)individual:Interpersonalpsychotherapy(IPT)individual+AD,1,1.2699999999998823e-4,1.2699999999998823e-4
Placebo,SNRIs,Placebo:SNRIs,Placebo:SNRIs,0.740949,0.740824,TRUE,has_direct(+indirect),Interpersonal psychotherapy (IPT) individual:Interpersonal psychotherapy (IPT) individual + AD,Interpersonalpsychotherapy(IPT)individual:Interpersonalpsychotherapy(IPT)individual+AD,1,-1.2499999999993072e-4,1.2499999999993072e-4
Behavioural therapies individual,Cognitive and cognitive behavioural therapies individual,Behavioural therapies individual:Cognitive and cognitive behavioural therapies individual,Behaviouraltherapiesindividual:Cognitiveandcognitivebehaviouraltherapiesindividual,2.108881,2.108768,TRUE,has_direct(+indirect),Interpersonal psychotherapy (IPT) individual:Interpersonal psychotherapy (IPT) individual + AD,Interpersonalpsychotherapy(IPT)individual:Interpersonalpsychotherapy(IPT)individual+AD,1,-1.129999999998077e-4,1.129999999998077e-4
Problem solving group,Waitlist,Problem solving group:Waitlist,Problemsolvinggroup:Waitlist,-3.669046,-3.668937,TRUE,has_direct(+indirect),Interpersonal psychotherapy (IPT) individual:Interpersonal psychotherapy (IPT) individual + AD,Interpersonalpsychotherapy(IPT)individual:Interpersonalpsychotherapy(IPT)individual+AD,1,1.0899999999969268e-4,1.0899999999969268e-4
Acupuncture,Sham acupuncture,Acupuncture:Sham acupuncture,Acupuncture:Shamacupuncture,-0.531807,-0.531735,TRUE,has_direct(+indirect),Interpersonal psychotherapy (IPT) individual:Interpersonal psychotherapy (IPT) individual + AD,Interpersonalpsychotherapy(IPT)individual:Interpersonalpsychotherapy(IPT)individual+AD,1,7.2000000000072e-5,7.2000000000072e-5
Cognitive and cognitive behavioural therapies individual,Self-help,Cognitive and cognitive behavioural therapies individual:Self-help,Cognitiveandcognitivebehaviouraltherapiesindividual:Self-help,-0.398416,-0.398356,TRUE,has_direct(+indirect),Interpersonal psychotherapy (IPT) individual:Interpersonal psychotherapy (IPT) individual + AD,Interpersonalpsychotherapy(IPT)individual:Interpersonalpsychotherapy(IPT)individual+AD,1,6.0000000000004494e-5,6.0000000000004494e-5
Any AD,Interpersonal psychotherapy (IPT) individual,Any AD:Interpersonal psychotherapy (IPT) individual,AnyAD:Interpersonalpsychotherapy(IPT)individual,-0.173851,-0.743028,TRUE,has_direct(+indirect),Interpersonal psychotherapy (IPT) individual:Interpersonal psychotherapy (IPT) individual + placebo,Interpersonalpsychotherapy(IPT)individual:Interpersonalpsychotherapy(IPT)individual+placebo,1,-0.569177,0.569177
Any AD,Interpersonal psychotherapy (IPT) individual + AD,Any AD:Interpersonal psychotherapy (IPT) individual + AD,AnyAD:Interpersonalpsychotherapy(IPT)individual+AD,0.18278,-0.31382,TRUE,has_direct(+indirect),Interpersonal psychotherapy (IPT) individual:Interpersonal psychotherapy (IPT) individual + placebo,Interpersonalpsychotherapy(IPT)individual:Interpersonalpsychotherapy(IPT)individual+placebo,1,-0.4966,0.4966
Cognitive and cognitive behavioural therapies individual,Waitlist,Cognitive and cognitive behavioural therapies individual:Waitlist,Cognitiveandcognitivebehaviouraltherapiesindividual:Waitlist,-1.827518,-1.827272,TRUE,has_direct(+indirect),Interpersonal psychotherapy (IPT) individual:Interpersonal psychotherapy (IPT) individual + placebo,Interpersonalpsychotherapy(IPT)individual:Interpersonalpsychotherapy(IPT)individual+placebo,1,2.4599999999996847e-4,2.4599999999996847e-4
Acupuncture,SSRIs,Acupuncture:SSRIs,Acupuncture:SSRIs,-0.919457,-0.9193,TRUE,has_direct(+indirect),Interpersonal psychotherapy (IPT) individual:Interpersonal psychotherapy (IPT) individual + placebo,Interpersonalpsychotherapy(IPT)individual:Interpersonalpsychotherapy(IPT)individual+placebo,1,1.5699999999996272e-4,1.5699999999996272e-4
Cognitive and cognitive behavioural therapies group,Waitlist,Cognitive and cognitive behavioural therapies group:Waitlist,Cognitiveandcognitivebehaviouraltherapiesgroup:Waitlist,-2.958528,-2.958401,TRUE,has_direct(+indirect),Interpersonal psychotherapy (IPT) individual:Interpersonal psychotherapy (IPT) individual + placebo,Interpersonalpsychotherapy(IPT)individual:Interpersonalpsychotherapy(IPT)individual+placebo,1,1.2699999999998823e-4,1.2699999999998823e-4
Placebo,SNRIs,Placebo:SNRIs,Placebo:SNRIs,0.740949,0.740824,TRUE,has_direct(+indirect),Interpersonal psychotherapy (IPT) individual:Interpersonal psychotherapy (IPT) individual + placebo,Interpersonalpsychotherapy(IPT)individual:Interpersonalpsychotherapy(IPT)individual+placebo,1,-1.2499999999993072e-4,1.2499999999993072e-4
Behavioural therapies individual,Cognitive and cognitive behavioural therapies individual,Behavioural therapies individual:Cognitive and cognitive behavioural therapies individual,Behaviouraltherapiesindividual:Cognitiveandcognitivebehaviouraltherapiesindividual,2.108881,2.108768,TRUE,has_direct(+indirect),Interpersonal psychotherapy (IPT) individual:Interpersonal psychotherapy (IPT) individual + placebo,Interpersonalpsychotherapy(IPT)individual:Interpersonalpsychotherapy(IPT)individual+placebo,1,-1.129999999998077e-4,1.129999999998077e-4
Problem solving group,Waitlist,Problem solving group:Waitlist,Problemsolvinggroup:Waitlist,-3.669046,-3.668937,TRUE,has_direct(+indirect),Interpersonal psychotherapy (IPT) individual:Interpersonal psychotherapy (IPT) individual + placebo,Interpersonalpsychotherapy(IPT)individual:Interpersonalpsychotherapy(IPT)individual+placebo,1,1.0899999999969268e-4,1.0899999999969268e-4
Acupuncture,Sham acupuncture,Acupuncture:Sham acupuncture,Acupuncture:Shamacupuncture,-0.531807,-0.531735,TRUE,has_direct(+indirect),Interpersonal psychotherapy (IPT) individual:Interpersonal psychotherapy (IPT) individual + placebo,Interpersonalpsychotherapy(IPT)individual:Interpersonalpsychotherapy(IPT)individual+placebo,1,7.2000000000072e-5,7.2000000000072e-5
Cognitive and cognitive behavioural therapies individual,Self-help,Cognitive and cognitive behavioural therapies individual:Self-help,Cognitiveandcognitivebehaviouraltherapiesindividual:Self-help,-0.398416,-0.398356,TRUE,has_direct(+indirect),Interpersonal psychotherapy (IPT) individual:Interpersonal psychotherapy (IPT) individual + placebo,Interpersonalpsychotherapy(IPT)individual:Interpersonalpsychotherapy(IPT)individual+placebo,1,6.0000000000004494e-5,6.0000000000004494e-5
Cognitive and cognitive behavioural therapies individual,Interpersonal psychotherapy (IPT) individual,Cognitive and cognitive behavioural therapies individual:Interpersonal psychotherapy (IPT) individual,Cognitiveandcognitivebehaviouraltherapiesindividual:Interpersonalpsychotherapy(IPT)individual,-0.061031,-0.265947,TRUE,has_direct(+indirect),Interpersonal psychotherapy (IPT) individual:Placebo,Interpersonalpsychotherapy(IPT)individual:Placebo,1,-0.204916,0.204916
Cognitive and cognitive behavioural therapies individual,TCAs,Cognitive and cognitive behavioural therapies individual:TCAs,Cognitiveandcognitivebehaviouraltherapiesindividual:TCAs,-0.216386,-0.293183,TRUE,has_direct(+indirect),Interpersonal psychotherapy (IPT) individual:Placebo,Interpersonalpsychotherapy(IPT)individual:Placebo,1,-0.07679700000000003,0.07679700000000003
Placebo,TCAs,Placebo:TCAs,Placebo:TCAs,0.585739,0.589335,TRUE,has_direct(+indirect),Interpersonal psychotherapy (IPT) individual:Placebo,Interpersonalpsychotherapy(IPT)individual:Placebo,1,0.00359600000000004,0.00359600000000004
Cognitive and cognitive behavioural therapies individual,Waitlist,Cognitive and cognitive behavioural therapies individual:Waitlist,Cognitiveandcognitivebehaviouraltherapiesindividual:Waitlist,-1.827518,-1.82845,TRUE,has_direct(+indirect),Interpersonal psychotherapy (IPT) individual:Placebo,Interpersonalpsychotherapy(IPT)individual:Placebo,1,-9.319999999999328e-4,9.319999999999328e-4
Acupuncture,SSRIs,Acupuncture:SSRIs,Acupuncture:SSRIs,-0.919457,-0.920049,TRUE,has_direct(+indirect),Interpersonal psychotherapy (IPT) individual:Placebo,Interpersonalpsychotherapy(IPT)individual:Placebo,1,-5.920000000000369e-4,5.920000000000369e-4
Cognitive and cognitive behavioural therapies group,Waitlist,Cognitive and cognitive behavioural therapies group:Waitlist,Cognitiveandcognitivebehaviouraltherapiesgroup:Waitlist,-2.958528,-2.959012,TRUE,has_direct(+indirect),Interpersonal psychotherapy (IPT) individual:Placebo,Interpersonalpsychotherapy(IPT)individual:Placebo,1,-4.84000000000151e-4,4.84000000000151e-4
Placebo,SNRIs,Placebo:SNRIs,Placebo:SNRIs,0.740949,0.741421,TRUE,has_direct(+indirect),Interpersonal psychotherapy (IPT) individual:Placebo,Interpersonalpsychotherapy(IPT)individual:Placebo,1,4.720000000000279e-4,4.720000000000279e-4
Behavioural therapies individual,Cognitive and cognitive behavioural therapies individual,Behavioural therapies individual:Cognitive and cognitive behavioural therapies individual,Behaviouraltherapiesindividual:Cognitiveandcognitivebehaviouraltherapiesindividual,2.108881,2.109308,TRUE,has_direct(+indirect),Interpersonal psychotherapy (IPT) individual:Placebo,Interpersonalpsychotherapy(IPT)individual:Placebo,1,4.270000000001773e-4,4.270000000001773e-4
Problem solving group,Waitlist,Problem solving group:Waitlist,Problemsolvinggroup:Waitlist,-3.669046,-3.669459,TRUE,has_direct(+indirect),Interpersonal psychotherapy (IPT) individual:Placebo,Interpersonalpsychotherapy(IPT)individual:Placebo,1,-4.129999999999967e-4,4.129999999999967e-4
Acupuncture,Sham acupuncture,Acupuncture:Sham acupuncture,Acupuncture:Shamacupuncture,-0.531807,-0.53208,TRUE,has_direct(+indirect),Interpersonal psychotherapy (IPT) individual:Placebo,Interpersonalpsychotherapy(IPT)individual:Placebo,1,-2.729999999999677e-4,2.729999999999677e-4
Cognitive and cognitive behavioural therapies individual,Interpersonal psychotherapy (IPT) individual,Cognitive and cognitive behavioural therapies individual:Interpersonal psychotherapy (IPT) individual,Cognitiveandcognitivebehaviouraltherapiesindividual:Interpersonalpsychotherapy(IPT)individual,-0.061031,-0.265947,TRUE,has_direct(+indirect),Interpersonal psychotherapy (IPT) individual:TCAs,Interpersonalpsychotherapy(IPT)individual:TCAs,1,-0.204916,0.204916
Cognitive and cognitive behavioural therapies individual,TCAs,Cognitive and cognitive behavioural therapies individual:TCAs,Cognitiveandcognitivebehaviouraltherapiesindividual:TCAs,-0.216386,-0.293183,TRUE,has_direct(+indirect),Interpersonal psychotherapy (IPT) individual:TCAs,Interpersonalpsychotherapy(IPT)individual:TCAs,1,-0.07679700000000003,0.07679700000000003
Placebo,TCAs,Placebo:TCAs,Placebo:TCAs,0.585739,0.589335,TRUE,has_direct(+indirect),Interpersonal psychotherapy (IPT) individual:TCAs,Interpersonalpsychotherapy(IPT)individual:TCAs,1,0.00359600000000004,0.00359600000000004
Cognitive and cognitive behavioural therapies individual,Waitlist,Cognitive and cognitive behavioural therapies individual:Waitlist,Cognitiveandcognitivebehaviouraltherapiesindividual:Waitlist,-1.827518,-1.82845,TRUE,has_direct(+indirect),Interpersonal psychotherapy (IPT) individual:TCAs,Interpersonalpsychotherapy(IPT)individual:TCAs,1,-9.319999999999328e-4,9.319999999999328e-4
Acupuncture,SSRIs,Acupuncture:SSRIs,Acupuncture:SSRIs,-0.919457,-0.920049,TRUE,has_direct(+indirect),Interpersonal psychotherapy (IPT) individual:TCAs,Interpersonalpsychotherapy(IPT)individual:TCAs,1,-5.920000000000369e-4,5.920000000000369e-4
Cognitive and cognitive behavioural therapies group,Waitlist,Cognitive and cognitive behavioural therapies group:Waitlist,Cognitiveandcognitivebehaviouraltherapiesgroup:Waitlist,-2.958528,-2.959012,TRUE,has_direct(+indirect),Interpersonal psychotherapy (IPT) individual:TCAs,Interpersonalpsychotherapy(IPT)individual:TCAs,1,-4.84000000000151e-4,4.84000000000151e-4
Placebo,SNRIs,Placebo:SNRIs,Placebo:SNRIs,0.740949,0.741421,TRUE,has_direct(+indirect),Interpersonal psychotherapy (IPT) individual:TCAs,Interpersonalpsychotherapy(IPT)individual:TCAs,1,4.720000000000279e-4,4.720000000000279e-4
Behavioural therapies individual,Cognitive and cognitive behavioural therapies individual,Behavioural therapies individual:Cognitive and cognitive behavioural therapies individual,Behaviouraltherapiesindividual:Cognitiveandcognitivebehaviouraltherapiesindividual,2.108881,2.109308,TRUE,has_direct(+indirect),Interpersonal psychotherapy (IPT) individual:TCAs,Interpersonalpsychotherapy(IPT)individual:TCAs,1,4.270000000001773e-4,4.270000000001773e-4
Problem solving group,Waitlist,Problem solving group:Waitlist,Problemsolvinggroup:Waitlist,-3.669046,-3.669459,TRUE,has_direct(+indirect),Interpersonal psychotherapy (IPT) individual:TCAs,Interpersonalpsychotherapy(IPT)individual:TCAs,1,-4.129999999999967e-4,4.129999999999967e-4
Acupuncture,Sham acupuncture,Acupuncture:Sham acupuncture,Acupuncture:Shamacupuncture,-0.531807,-0.53208,TRUE,has_direct(+indirect),Interpersonal psychotherapy (IPT) individual:TCAs,Interpersonalpsychotherapy(IPT)individual:TCAs,1,-2.729999999999677e-4,2.729999999999677e-4
Placebo,SSRIs,Placebo:SSRIs,Placebo:SSRIs,0.510398,0.513231,TRUE,has_direct(+indirect),Light therapy + AD:Placebo,Lighttherapy+AD:Placebo,1,0.00283299999999997,0.00283299999999997
Cognitive and cognitive behavioural therapies individual,Waitlist,Cognitive and cognitive behavioural therapies individual:Waitlist,Cognitiveandcognitivebehaviouraltherapiesindividual:Waitlist,-1.827518,-1.827967,TRUE,has_direct(+indirect),Light therapy + AD:Placebo,Lighttherapy+AD:Placebo,1,-4.489999999999217e-4,4.489999999999217e-4
Acupuncture,SSRIs,Acupuncture:SSRIs,Acupuncture:SSRIs,-0.919457,-0.919743,TRUE,has_direct(+indirect),Light therapy + AD:Placebo,Lighttherapy+AD:Placebo,1,-2.8600000000000847e-4,2.8600000000000847e-4
Cognitive and cognitive behavioural therapies group,Waitlist,Cognitive and cognitive behavioural therapies group:Waitlist,Cognitiveandcognitivebehaviouraltherapiesgroup:Waitlist,-2.958528,-2.958761,TRUE,has_direct(+indirect),Light therapy + AD:Placebo,Lighttherapy+AD:Placebo,1,-2.3300000000014975e-4,2.3300000000014975e-4
Placebo,SNRIs,Placebo:SNRIs,Placebo:SNRIs,0.740949,0.741176,TRUE,has_direct(+indirect),Light therapy + AD:Placebo,Lighttherapy+AD:Placebo,1,2.269999999999772e-4,2.269999999999772e-4
Behavioural therapies individual,Cognitive and cognitive behavioural therapies individual,Behavioural therapies individual:Cognitive and cognitive behavioural therapies individual,Behaviouraltherapiesindividual:Cognitiveandcognitivebehaviouraltherapiesindividual,2.108881,2.109087,TRUE,has_direct(+indirect),Light therapy + AD:Placebo,Lighttherapy+AD:Placebo,1,2.0600000000037255e-4,2.0600000000037255e-4
Problem solving group,Waitlist,Problem solving group:Waitlist,Problemsolvinggroup:Waitlist,-3.669046,-3.669245,TRUE,has_direct(+indirect),Light therapy + AD:Placebo,Lighttherapy+AD:Placebo,1,-1.9900000000028228e-4,1.9900000000028228e-4
Acupuncture,Sham acupuncture,Acupuncture:Sham acupuncture,Acupuncture:Shamacupuncture,-0.531807,-0.531939,TRUE,has_direct(+indirect),Light therapy + AD:Placebo,Lighttherapy+AD:Placebo,1,-1.32000000000021e-4,1.32000000000021e-4
Cognitive and cognitive behavioural therapies individual,Self-help,Cognitive and cognitive behavioural therapies individual:Self-help,Cognitiveandcognitivebehaviouraltherapiesindividual:Self-help,-0.398416,-0.398525,TRUE,has_direct(+indirect),Light therapy + AD:Placebo,Lighttherapy+AD:Placebo,1,-1.0900000000002574e-4,1.0900000000002574e-4
Exercise individual,No treatment,Exercise individual:No treatment,Exerciseindividual:Notreatment,-0.632998,-0.633106,TRUE,has_direct(+indirect),Light therapy + AD:Placebo,Lighttherapy+AD:Placebo,1,-1.07999999999997e-4,1.07999999999997e-4
Cognitive and cognitive behavioural therapies individual,Waitlist,Cognitive and cognitive behavioural therapies individual:Waitlist,Cognitiveandcognitivebehaviouraltherapiesindividual:Waitlist,-1.827518,-1.827731,TRUE,has_direct(+indirect),Light therapy + AD:SNRIs,Lighttherapy+AD:SNRIs,1,-2.1300000000001873e-4,2.1300000000001873e-4
Acupuncture,SSRIs,Acupuncture:SSRIs,Acupuncture:SSRIs,-0.919457,-0.919593,TRUE,has_direct(+indirect),Light therapy + AD:SNRIs,Lighttherapy+AD:SNRIs,1,-1.36000000000025e-4,1.36000000000025e-4
Cognitive and cognitive behavioural therapies group,Waitlist,Cognitive and cognitive behavioural therapies group:Waitlist,Cognitiveandcognitivebehaviouraltherapiesgroup:Waitlist,-2.958528,-2.958639,TRUE,has_direct(+indirect),Light therapy + AD:SNRIs,Lighttherapy+AD:SNRIs,1,-1.1099999999997225e-4,1.1099999999997225e-4
Placebo,SNRIs,Placebo:SNRIs,Placebo:SNRIs,0.740949,0.741057,TRUE,has_direct(+indirect),Light therapy + AD:SNRIs,Lighttherapy+AD:SNRIs,1,1.07999999999997e-4,1.07999999999997e-4
Behavioural therapies individual,Cognitive and cognitive behavioural therapies individual,Behavioural therapies individual:Cognitive and cognitive behavioural therapies individual,Behaviouraltherapiesindividual:Cognitiveandcognitivebehaviouraltherapiesindividual,2.108881,2.108979,TRUE,has_direct(+indirect),Light therapy + AD:SNRIs,Lighttherapy+AD:SNRIs,1,9.800000000037556e-5,9.800000000037556e-5
Problem solving group,Waitlist,Problem solving group:Waitlist,Problemsolvinggroup:Waitlist,-3.669046,-3.669141,TRUE,has_direct(+indirect),Light therapy + AD:SNRIs,Lighttherapy+AD:SNRIs,1,-9.500000000040032e-5,9.500000000040032e-5
Acupuncture,Sham acupuncture,Acupuncture:Sham acupuncture,Acupuncture:Shamacupuncture,-0.531807,-0.531869,TRUE,has_direct(+indirect),Light therapy + AD:SNRIs,Lighttherapy+AD:SNRIs,1,-6.20000000000065e-5,6.20000000000065e-5
Exercise individual,No treatment,Exercise individual:No treatment,Exerciseindividual:Notreatment,-0.632998,-0.63305,TRUE,has_direct(+indirect),Light therapy + AD:SNRIs,Lighttherapy+AD:SNRIs,1,-5.2000000000052005e-5,5.2000000000052005e-5
Cognitive and cognitive behavioural therapies individual,Self-help,Cognitive and cognitive behavioural therapies individual:Self-help,Cognitiveandcognitivebehaviouraltherapiesindividual:Self-help,-0.398416,-0.398468,TRUE,has_direct(+indirect),Light therapy + AD:SNRIs,Lighttherapy+AD:SNRIs,1,-5.1999999999996493e-5,5.1999999999996493e-5
Counselling individual,Problem solving individual,Counselling individual:Problem solving individual,Counsellingindividual:Problemsolvingindividual,0.613477,0.613525,TRUE,has_direct(+indirect),Light therapy + AD:SNRIs,Lighttherapy+AD:SNRIs,1,4.799999999993698e-5,4.799999999993698e-5
Placebo,SSRIs,Placebo:SSRIs,Placebo:SSRIs,0.510398,0.513231,TRUE,has_direct(+indirect),Light therapy + AD:SSRIs,Lighttherapy+AD:SSRIs,1,0.00283299999999997,0.00283299999999997
Cognitive and cognitive behavioural therapies individual,Waitlist,Cognitive and cognitive behavioural therapies individual:Waitlist,Cognitiveandcognitivebehaviouraltherapiesindividual:Waitlist,-1.827518,-1.827967,TRUE,has_direct(+indirect),Light therapy + AD:SSRIs,Lighttherapy+AD:SSRIs,1,-4.489999999999217e-4,4.489999999999217e-4
Acupuncture,SSRIs,Acupuncture:SSRIs,Acupuncture:SSRIs,-0.919457,-0.919743,TRUE,has_direct(+indirect),Light therapy + AD:SSRIs,Lighttherapy+AD:SSRIs,1,-2.8600000000000847e-4,2.8600000000000847e-4
Cognitive and cognitive behavioural therapies group,Waitlist,Cognitive and cognitive behavioural therapies group:Waitlist,Cognitiveandcognitivebehaviouraltherapiesgroup:Waitlist,-2.958528,-2.958761,TRUE,has_direct(+indirect),Light therapy + AD:SSRIs,Lighttherapy+AD:SSRIs,1,-2.3300000000014975e-4,2.3300000000014975e-4
Placebo,SNRIs,Placebo:SNRIs,Placebo:SNRIs,0.740949,0.741176,TRUE,has_direct(+indirect),Light therapy + AD:SSRIs,Lighttherapy+AD:SSRIs,1,2.269999999999772e-4,2.269999999999772e-4
Behavioural therapies individual,Cognitive and cognitive behavioural therapies individual,Behavioural therapies individual:Cognitive and cognitive behavioural therapies individual,Behaviouraltherapiesindividual:Cognitiveandcognitivebehaviouraltherapiesindividual,2.108881,2.109087,TRUE,has_direct(+indirect),Light therapy + AD:SSRIs,Lighttherapy+AD:SSRIs,1,2.0600000000037255e-4,2.0600000000037255e-4
Problem solving group,Waitlist,Problem solving group:Waitlist,Problemsolvinggroup:Waitlist,-3.669046,-3.669245,TRUE,has_direct(+indirect),Light therapy + AD:SSRIs,Lighttherapy+AD:SSRIs,1,-1.9900000000028228e-4,1.9900000000028228e-4
Acupuncture,Sham acupuncture,Acupuncture:Sham acupuncture,Acupuncture:Shamacupuncture,-0.531807,-0.531939,TRUE,has_direct(+indirect),Light therapy + AD:SSRIs,Lighttherapy+AD:SSRIs,1,-1.32000000000021e-4,1.32000000000021e-4
Cognitive and cognitive behavioural therapies individual,Self-help,Cognitive and cognitive behavioural therapies individual:Self-help,Cognitiveandcognitivebehaviouraltherapiesindividual:Self-help,-0.398416,-0.398525,TRUE,has_direct(+indirect),Light therapy + AD:SSRIs,Lighttherapy+AD:SSRIs,1,-1.0900000000002574e-4,1.0900000000002574e-4
Exercise individual,No treatment,Exercise individual:No treatment,Exerciseindividual:Notreatment,-0.632998,-0.633106,TRUE,has_direct(+indirect),Light therapy + AD:SSRIs,Lighttherapy+AD:SSRIs,1,-1.07999999999997e-4,1.07999999999997e-4
Placebo,SSRIs,Placebo:SSRIs,Placebo:SSRIs,0.510398,0.513231,TRUE,has_direct(+indirect),Light therapy:Light therapy + AD,Lighttherapy:Lighttherapy+AD,1,0.00283299999999997,0.00283299999999997
Cognitive and cognitive behavioural therapies individual,Waitlist,Cognitive and cognitive behavioural therapies individual:Waitlist,Cognitiveandcognitivebehaviouraltherapiesindividual:Waitlist,-1.827518,-1.827967,TRUE,has_direct(+indirect),Light therapy:Light therapy + AD,Lighttherapy:Lighttherapy+AD,1,-4.489999999999217e-4,4.489999999999217e-4
Acupuncture,SSRIs,Acupuncture:SSRIs,Acupuncture:SSRIs,-0.919457,-0.919743,TRUE,has_direct(+indirect),Light therapy:Light therapy + AD,Lighttherapy:Lighttherapy+AD,1,-2.8600000000000847e-4,2.8600000000000847e-4
Cognitive and cognitive behavioural therapies group,Waitlist,Cognitive and cognitive behavioural therapies group:Waitlist,Cognitiveandcognitivebehaviouraltherapiesgroup:Waitlist,-2.958528,-2.958761,TRUE,has_direct(+indirect),Light therapy:Light therapy + AD,Lighttherapy:Lighttherapy+AD,1,-2.3300000000014975e-4,2.3300000000014975e-4
Placebo,SNRIs,Placebo:SNRIs,Placebo:SNRIs,0.740949,0.741176,TRUE,has_direct(+indirect),Light therapy:Light therapy + AD,Lighttherapy:Lighttherapy+AD,1,2.269999999999772e-4,2.269999999999772e-4
Behavioural therapies individual,Cognitive and cognitive behavioural therapies individual,Behavioural therapies individual:Cognitive and cognitive behavioural therapies individual,Behaviouraltherapiesindividual:Cognitiveandcognitivebehaviouraltherapiesindividual,2.108881,2.109087,TRUE,has_direct(+indirect),Light therapy:Light therapy + AD,Lighttherapy:Lighttherapy+AD,1,2.0600000000037255e-4,2.0600000000037255e-4
Problem solving group,Waitlist,Problem solving group:Waitlist,Problemsolvinggroup:Waitlist,-3.669046,-3.669245,TRUE,has_direct(+indirect),Light therapy:Light therapy + AD,Lighttherapy:Lighttherapy+AD,1,-1.9900000000028228e-4,1.9900000000028228e-4
Acupuncture,Sham acupuncture,Acupuncture:Sham acupuncture,Acupuncture:Shamacupuncture,-0.531807,-0.531939,TRUE,has_direct(+indirect),Light therapy:Light therapy + AD,Lighttherapy:Lighttherapy+AD,1,-1.32000000000021e-4,1.32000000000021e-4
Cognitive and cognitive behavioural therapies individual,Self-help,Cognitive and cognitive behavioural therapies individual:Self-help,Cognitiveandcognitivebehaviouraltherapiesindividual:Self-help,-0.398416,-0.398525,TRUE,has_direct(+indirect),Light therapy:Light therapy + AD,Lighttherapy:Lighttherapy+AD,1,-1.0900000000002574e-4,1.0900000000002574e-4
Exercise individual,No treatment,Exercise individual:No treatment,Exerciseindividual:Notreatment,-0.632998,-0.633106,TRUE,has_direct(+indirect),Light therapy:Light therapy + AD,Lighttherapy:Lighttherapy+AD,1,-1.07999999999997e-4,1.07999999999997e-4
Placebo,SSRIs,Placebo:SSRIs,Placebo:SSRIs,0.510398,0.513231,TRUE,has_direct(+indirect),Light therapy:Placebo,Lighttherapy:Placebo,1,0.00283299999999997,0.00283299999999997
Cognitive and cognitive behavioural therapies individual,Waitlist,Cognitive and cognitive behavioural therapies individual:Waitlist,Cognitiveandcognitivebehaviouraltherapiesindividual:Waitlist,-1.827518,-1.827967,TRUE,has_direct(+indirect),Light therapy:Placebo,Lighttherapy:Placebo,1,-4.489999999999217e-4,4.489999999999217e-4
Acupuncture,SSRIs,Acupuncture:SSRIs,Acupuncture:SSRIs,-0.919457,-0.919743,TRUE,has_direct(+indirect),Light therapy:Placebo,Lighttherapy:Placebo,1,-2.8600000000000847e-4,2.8600000000000847e-4
Cognitive and cognitive behavioural therapies group,Waitlist,Cognitive and cognitive behavioural therapies group:Waitlist,Cognitiveandcognitivebehaviouraltherapiesgroup:Waitlist,-2.958528,-2.958761,TRUE,has_direct(+indirect),Light therapy:Placebo,Lighttherapy:Placebo,1,-2.3300000000014975e-4,2.3300000000014975e-4
Placebo,SNRIs,Placebo:SNRIs,Placebo:SNRIs,0.740949,0.741176,TRUE,has_direct(+indirect),Light therapy:Placebo,Lighttherapy:Placebo,1,2.269999999999772e-4,2.269999999999772e-4
Behavioural therapies individual,Cognitive and cognitive behavioural therapies individual,Behavioural therapies individual:Cognitive and cognitive behavioural therapies individual,Behaviouraltherapiesindividual:Cognitiveandcognitivebehaviouraltherapiesindividual,2.108881,2.109087,TRUE,has_direct(+indirect),Light therapy:Placebo,Lighttherapy:Placebo,1,2.0600000000037255e-4,2.0600000000037255e-4
Problem solving group,Waitlist,Problem solving group:Waitlist,Problemsolvinggroup:Waitlist,-3.669046,-3.669245,TRUE,has_direct(+indirect),Light therapy:Placebo,Lighttherapy:Placebo,1,-1.9900000000028228e-4,1.9900000000028228e-4
Acupuncture,Sham acupuncture,Acupuncture:Sham acupuncture,Acupuncture:Shamacupuncture,-0.531807,-0.531939,TRUE,has_direct(+indirect),Light therapy:Placebo,Lighttherapy:Placebo,1,-1.32000000000021e-4,1.32000000000021e-4
Cognitive and cognitive behavioural therapies individual,Self-help,Cognitive and cognitive behavioural therapies individual:Self-help,Cognitiveandcognitivebehaviouraltherapiesindividual:Self-help,-0.398416,-0.398525,TRUE,has_direct(+indirect),Light therapy:Placebo,Lighttherapy:Placebo,1,-1.0900000000002574e-4,1.0900000000002574e-4
Exercise individual,No treatment,Exercise individual:No treatment,Exerciseindividual:Notreatment,-0.632998,-0.633106,TRUE,has_direct(+indirect),Light therapy:Placebo,Lighttherapy:Placebo,1,-1.07999999999997e-4,1.07999999999997e-4
Placebo,SSRIs,Placebo:SSRIs,Placebo:SSRIs,0.510398,0.513231,TRUE,has_direct(+indirect),Light therapy:SSRIs,Lighttherapy:SSRIs,1,0.00283299999999997,0.00283299999999997
Cognitive and cognitive behavioural therapies individual,Waitlist,Cognitive and cognitive behavioural therapies individual:Waitlist,Cognitiveandcognitivebehaviouraltherapiesindividual:Waitlist,-1.827518,-1.827967,TRUE,has_direct(+indirect),Light therapy:SSRIs,Lighttherapy:SSRIs,1,-4.489999999999217e-4,4.489999999999217e-4
Acupuncture,SSRIs,Acupuncture:SSRIs,Acupuncture:SSRIs,-0.919457,-0.919743,TRUE,has_direct(+indirect),Light therapy:SSRIs,Lighttherapy:SSRIs,1,-2.8600000000000847e-4,2.8600000000000847e-4
Cognitive and cognitive behavioural therapies group,Waitlist,Cognitive and cognitive behavioural therapies group:Waitlist,Cognitiveandcognitivebehaviouraltherapiesgroup:Waitlist,-2.958528,-2.958761,TRUE,has_direct(+indirect),Light therapy:SSRIs,Lighttherapy:SSRIs,1,-2.3300000000014975e-4,2.3300000000014975e-4
Placebo,SNRIs,Placebo:SNRIs,Placebo:SNRIs,0.740949,0.741176,TRUE,has_direct(+indirect),Light therapy:SSRIs,Lighttherapy:SSRIs,1,2.269999999999772e-4,2.269999999999772e-4
Behavioural therapies individual,Cognitive and cognitive behavioural therapies individual,Behavioural therapies individual:Cognitive and cognitive behavioural therapies individual,Behaviouraltherapiesindividual:Cognitiveandcognitivebehaviouraltherapiesindividual,2.108881,2.109087,TRUE,has_direct(+indirect),Light therapy:SSRIs,Lighttherapy:SSRIs,1,2.0600000000037255e-4,2.0600000000037255e-4
Problem solving group,Waitlist,Problem solving group:Waitlist,Problemsolvinggroup:Waitlist,-3.669046,-3.669245,TRUE,has_direct(+indirect),Light therapy:SSRIs,Lighttherapy:SSRIs,1,-1.9900000000028228e-4,1.9900000000028228e-4
Acupuncture,Sham acupuncture,Acupuncture:Sham acupuncture,Acupuncture:Shamacupuncture,-0.531807,-0.531939,TRUE,has_direct(+indirect),Light therapy:SSRIs,Lighttherapy:SSRIs,1,-1.32000000000021e-4,1.32000000000021e-4
Cognitive and cognitive behavioural therapies individual,Self-help,Cognitive and cognitive behavioural therapies individual:Self-help,Cognitiveandcognitivebehaviouraltherapiesindividual:Self-help,-0.398416,-0.398525,TRUE,has_direct(+indirect),Light therapy:SSRIs,Lighttherapy:SSRIs,1,-1.0900000000002574e-4,1.0900000000002574e-4
Exercise individual,No treatment,Exercise individual:No treatment,Exerciseindividual:Notreatment,-0.632998,-0.633106,TRUE,has_direct(+indirect),Light therapy:SSRIs,Lighttherapy:SSRIs,1,-1.07999999999997e-4,1.07999999999997e-4
Any psychotherapy,Behavioural therapies individual,Any psychotherapy:Behavioural therapies individual,Anypsychotherapy:Behaviouraltherapiesindividual,0.251478,0.251478,TRUE,has_direct(+indirect),Mindfulness or meditation group:No treatment,Mindfulnessormeditationgroup:Notreatment,1,0,0
Any AD,Cognitive and cognitive behavioural therapies group,Any AD:Cognitive and cognitive behavioural therapies group,AnyAD:Cognitiveandcognitivebehaviouraltherapiesgroup,-0.709809,-0.709809,TRUE,has_direct(+indirect),Mindfulness or meditation group:No treatment,Mindfulnessormeditationgroup:Notreatment,1,0,0
Any AD,Cognitive and cognitive behavioural therapies group + AD,Any AD:Cognitive and cognitive behavioural therapies group + AD,AnyAD:Cognitiveandcognitivebehaviouraltherapiesgroup+AD,0.664339,0.664339,TRUE,has_direct(+indirect),Mindfulness or meditation group:No treatment,Mindfulnessormeditationgroup:Notreatment,1,0,0
Any AD,Cognitive and cognitive behavioural therapies individual,Any AD:Cognitive and cognitive behavioural therapies individual,AnyAD:Cognitiveandcognitivebehaviouraltherapiesindividual,-0.452206,-0.452206,TRUE,has_direct(+indirect),Mindfulness or meditation group:No treatment,Mindfulnessormeditationgroup:Notreatment,1,0,0
Behavioural therapies individual,Cognitive and cognitive behavioural therapies individual,Behavioural therapies individual:Cognitive and cognitive behavioural therapies individual,Behaviouraltherapiesindividual:Cognitiveandcognitivebehaviouraltherapiesindividual,2.108881,2.108881,TRUE,has_direct(+indirect),Mindfulness or meditation group:No treatment,Mindfulnessormeditationgroup:Notreatment,1,0,0
Cognitive and cognitive behavioural therapies group,Cognitive and cognitive behavioural therapies individual,Cognitive and cognitive behavioural therapies group:Cognitive and cognitive behavioural therapies individual,Cognitiveandcognitivebehaviouraltherapiesgroup:Cognitiveandcognitivebehaviouraltherapiesindividual,0.472502,0.472502,TRUE,has_direct(+indirect),Mindfulness or meditation group:No treatment,Mindfulnessormeditationgroup:Notreatment,1,0,0
Any AD,Cognitive and cognitive behavioural therapies individual + AD,Any AD:Cognitive and cognitive behavioural therapies individual + AD,AnyAD:Cognitiveandcognitivebehaviouraltherapiesindividual+AD,4.715432,4.715432,TRUE,has_direct(+indirect),Mindfulness or meditation group:No treatment,Mindfulnessormeditationgroup:Notreatment,1,0,0
Cognitive and cognitive behavioural therapies individual,Cognitive and cognitive behavioural therapies individual + AD,Cognitive and cognitive behavioural therapies individual:Cognitive and cognitive behavioural therapies individual + AD,Cognitiveandcognitivebehaviouraltherapiesindividual:Cognitiveandcognitivebehaviouraltherapiesindividual+AD,0.189697,0.189697,TRUE,has_direct(+indirect),Mindfulness or meditation group:No treatment,Mindfulnessormeditationgroup:Notreatment,1,0,0
Cognitive and cognitive behavioural therapies individual,Cognitive and cognitive behavioural therapies individual + placebo,Cognitive and cognitive behavioural therapies individual:Cognitive and cognitive behavioural therapies individual + placebo,Cognitiveandcognitivebehaviouraltherapiesindividual:Cognitiveandcognitivebehaviouraltherapiesindividual+placebo,0.688418,0.688418,TRUE,has_direct(+indirect),Mindfulness or meditation group:No treatment,Mindfulnessormeditationgroup:Notreatment,1,0,0
Cognitive and cognitive behavioural therapies individual + AD,Cognitive and cognitive behavioural therapies individual + placebo,Cognitive and cognitive behavioural therapies individual + AD:Cognitive and cognitive behavioural therapies individual + placebo,Cognitiveandcognitivebehaviouraltherapiesindividual+AD:Cognitiveandcognitivebehaviouraltherapiesindividual+placebo,0.052233,0.052233,TRUE,has_direct(+indirect),Mindfulness or meditation group:No treatment,Mindfulnessormeditationgroup:Notreatment,1,0,0
Mirtazapine,TCAs,Mirtazapine:TCAs,Mirtazapine:TCAs,0.115832,0.087708,TRUE,has_direct(+indirect),Mirtazapine:Placebo,Mirtazapine:Placebo,6,-0.02812400000000001,0.02812400000000001
Placebo,TCAs,Placebo:TCAs,Placebo:TCAs,0.585739,0.578979,TRUE,has_direct(+indirect),Mirtazapine:Placebo,Mirtazapine:Placebo,6,-0.0067599999999999796,0.0067599999999999796
Cognitive and cognitive behavioural therapies individual,Waitlist,Cognitive and cognitive behavioural therapies individual:Waitlist,Cognitiveandcognitivebehaviouraltherapiesindividual:Waitlist,-1.827518,-1.824616,TRUE,has_direct(+indirect),Mirtazapine:Placebo,Mirtazapine:Placebo,6,0.00290199999999996,0.00290199999999996
Acupuncture,SSRIs,Acupuncture:SSRIs,Acupuncture:SSRIs,-0.919457,-0.917605,TRUE,has_direct(+indirect),Mirtazapine:Placebo,Mirtazapine:Placebo,6,0.00185199999999996,0.00185199999999996
Cognitive and cognitive behavioural therapies group,Waitlist,Cognitive and cognitive behavioural therapies group:Waitlist,Cognitiveandcognitivebehaviouraltherapiesgroup:Waitlist,-2.958528,-2.957023,TRUE,has_direct(+indirect),Mirtazapine:Placebo,Mirtazapine:Placebo,6,0.00150499999999986,0.00150499999999986
Placebo,SNRIs,Placebo:SNRIs,Placebo:SNRIs,0.740949,0.739482,TRUE,has_direct(+indirect),Mirtazapine:Placebo,Mirtazapine:Placebo,6,-0.00146699999999999,0.00146699999999999
Behavioural therapies individual,Cognitive and cognitive behavioural therapies individual,Behavioural therapies individual:Cognitive and cognitive behavioural therapies individual,Behaviouraltherapiesindividual:Cognitiveandcognitivebehaviouraltherapiesindividual,2.108881,2.107545,TRUE,has_direct(+indirect),Mirtazapine:Placebo,Mirtazapine:Placebo,6,-0.00133599999999978,0.00133599999999978
Problem solving group,Waitlist,Problem solving group:Waitlist,Problemsolvinggroup:Waitlist,-3.669046,-3.66776,TRUE,has_direct(+indirect),Mirtazapine:Placebo,Mirtazapine:Placebo,6,0.00128599999999989,0.00128599999999989
Acupuncture,Sham acupuncture,Acupuncture:Sham acupuncture,Acupuncture:Shamacupuncture,-0.531807,-0.530952,TRUE,has_direct(+indirect),Mirtazapine:Placebo,Mirtazapine:Placebo,6,8.550000000000502e-4,8.550000000000502e-4
Cognitive and cognitive behavioural therapies individual,Self-help,Cognitive and cognitive behavioural therapies individual:Self-help,Cognitiveandcognitivebehaviouraltherapiesindividual:Self-help,-0.398416,-0.397703,TRUE,has_direct(+indirect),Mirtazapine:Placebo,Mirtazapine:Placebo,6,7.130000000000192e-4,7.130000000000192e-4
Cognitive and cognitive behavioural therapies individual,Waitlist,Cognitive and cognitive behavioural therapies individual:Waitlist,Cognitiveandcognitivebehaviouraltherapiesindividual:Waitlist,-1.827518,-1.828681,TRUE,has_direct(+indirect),Mirtazapine:SNRIs,Mirtazapine:SNRIs,3,-0.00116300000000002,0.00116300000000002
Acupuncture,SSRIs,Acupuncture:SSRIs,Acupuncture:SSRIs,-0.919457,-0.920196,TRUE,has_direct(+indirect),Mirtazapine:SNRIs,Mirtazapine:SNRIs,3,-7.390000000000452e-4,7.390000000000452e-4
Cognitive and cognitive behavioural therapies group,Waitlist,Cognitive and cognitive behavioural therapies group:Waitlist,Cognitiveandcognitivebehaviouraltherapiesgroup:Waitlist,-2.958528,-2.959131,TRUE,has_direct(+indirect),Mirtazapine:SNRIs,Mirtazapine:SNRIs,3,-6.030000000003533e-4,6.030000000003533e-4
Placebo,SNRIs,Placebo:SNRIs,Placebo:SNRIs,0.740949,0.741538,TRUE,has_direct(+indirect),Mirtazapine:SNRIs,Mirtazapine:SNRIs,3,5.890000000000617e-4,5.890000000000617e-4
Behavioural therapies individual,Cognitive and cognitive behavioural therapies individual,Behavioural therapies individual:Cognitive and cognitive behavioural therapies individual,Behaviouraltherapiesindividual:Cognitiveandcognitivebehaviouraltherapiesindividual,2.108881,2.109414,TRUE,has_direct(+indirect),Mirtazapine:SNRIs,Mirtazapine:SNRIs,3,5.330000000003388e-4,5.330000000003388e-4
Problem solving group,Waitlist,Problem solving group:Waitlist,Problemsolvinggroup:Waitlist,-3.669046,-3.669561,TRUE,has_direct(+indirect),Mirtazapine:SNRIs,Mirtazapine:SNRIs,3,-5.150000000000432e-4,5.150000000000432e-4
Acupuncture,Sham acupuncture,Acupuncture:Sham acupuncture,Acupuncture:Shamacupuncture,-0.531807,-0.532148,TRUE,has_direct(+indirect),Mirtazapine:SNRIs,Mirtazapine:SNRIs,3,-3.409999999999247e-4,3.409999999999247e-4
Cognitive and cognitive behavioural therapies individual,Self-help,Cognitive and cognitive behavioural therapies individual:Self-help,Cognitiveandcognitivebehaviouraltherapiesindividual:Self-help,-0.398416,-0.398699,TRUE,has_direct(+indirect),Mirtazapine:SNRIs,Mirtazapine:SNRIs,3,-2.830000000000332e-4,2.830000000000332e-4
Exercise individual,No treatment,Exercise individual:No treatment,Exerciseindividual:Notreatment,-0.632998,-0.633278,TRUE,has_direct(+indirect),Mirtazapine:SNRIs,Mirtazapine:SNRIs,3,-2.80000000000058e-4,2.80000000000058e-4
Counselling individual,Problem solving individual,Counselling individual:Problem solving individual,Counsellingindividual:Problemsolvingindividual,0.613477,0.61374,TRUE,has_direct(+indirect),Mirtazapine:SNRIs,Mirtazapine:SNRIs,3,2.629999999999022e-4,2.629999999999022e-4
Cognitive and cognitive behavioural therapies individual,Waitlist,Cognitive and cognitive behavioural therapies individual:Waitlist,Cognitiveandcognitivebehaviouraltherapiesindividual:Waitlist,-1.827518,-1.832947,TRUE,has_direct(+indirect),Mirtazapine:SSRIs,Mirtazapine:SSRIs,9,-0.00542900000000012,0.00542900000000012
Acupuncture,SSRIs,Acupuncture:SSRIs,Acupuncture:SSRIs,-0.919457,-0.922886,TRUE,has_direct(+indirect),Mirtazapine:SSRIs,Mirtazapine:SSRIs,9,-0.00342900000000001,0.00342900000000001
Cognitive and cognitive behavioural therapies group,Waitlist,Cognitive and cognitive behavioural therapies group:Waitlist,Cognitiveandcognitivebehaviouraltherapiesgroup:Waitlist,-2.958528,-2.961338,TRUE,has_direct(+indirect),Mirtazapine:SSRIs,Mirtazapine:SSRIs,9,-0.0028100000000002,0.0028100000000002
Placebo,SNRIs,Placebo:SNRIs,Placebo:SNRIs,0.740949,0.7437,TRUE,has_direct(+indirect),Mirtazapine:SSRIs,Mirtazapine:SSRIs,9,0.00275100000000005,0.00275100000000005
Behavioural therapies individual,Cognitive and cognitive behavioural therapies individual,Behavioural therapies individual:Cognitive and cognitive behavioural therapies individual,Behaviouraltherapiesindividual:Cognitiveandcognitivebehaviouraltherapiesindividual,2.108881,2.111354,TRUE,has_direct(+indirect),Mirtazapine:SSRIs,Mirtazapine:SSRIs,9,0.00247300000000016,0.00247300000000016
Problem solving group,Waitlist,Problem solving group:Waitlist,Problemsolvinggroup:Waitlist,-3.669046,-3.671445,TRUE,has_direct(+indirect),Mirtazapine:SSRIs,Mirtazapine:SSRIs,9,-0.00239900000000004,0.00239900000000004
Acupuncture,Sham acupuncture,Acupuncture:Sham acupuncture,Acupuncture:Shamacupuncture,-0.531807,-0.53338700000000006,TRUE,has_direct(+indirect),Mirtazapine:SSRIs,Mirtazapine:SSRIs,9,-0.00158000000000002,0.00158000000000002
Cognitive and cognitive behavioural therapies individual,Self-help,Cognitive and cognitive behavioural therapies individual:Self-help,Cognitiveandcognitivebehaviouraltherapiesindividual:Self-help,-0.398416,-0.399724,TRUE,has_direct(+indirect),Mirtazapine:SSRIs,Mirtazapine:SSRIs,9,-0.00130800000000003,0.00130800000000003
Exercise individual,No treatment,Exercise individual:No treatment,Exerciseindividual:Notreatment,-0.632998,-0.634296,TRUE,has_direct(+indirect),Mirtazapine:SSRIs,Mirtazapine:SSRIs,9,-0.00129800000000002,0.00129800000000002
Counselling individual,Problem solving individual,Counselling individual:Problem solving individual,Counsellingindividual:Problemsolvingindividual,0.613477,0.614695,TRUE,has_direct(+indirect),Mirtazapine:SSRIs,Mirtazapine:SSRIs,9,0.00121799999999994,0.00121799999999994
Mirtazapine,Placebo,Mirtazapine:Placebo,Mirtazapine:Placebo,-0.841042,-1.017627,TRUE,has_direct(+indirect),Mirtazapine:TCAs,Mirtazapine:TCAs,6,-0.1765850000000001,0.1765850000000001
Placebo,TCAs,Placebo:TCAs,Placebo:TCAs,0.585739,0.579745,TRUE,has_direct(+indirect),Mirtazapine:TCAs,Mirtazapine:TCAs,6,-0.00599400000000005,0.00599400000000005
Cognitive and cognitive behavioural therapies individual,Waitlist,Cognitive and cognitive behavioural therapies individual:Waitlist,Cognitiveandcognitivebehaviouraltherapiesindividual:Waitlist,-1.827518,-1.831192,TRUE,has_direct(+indirect),Mirtazapine:TCAs,Mirtazapine:TCAs,6,-0.00367399999999995,0.00367399999999995
Acupuncture,SSRIs,Acupuncture:SSRIs,Acupuncture:SSRIs,-0.919457,-0.921782,TRUE,has_direct(+indirect),Mirtazapine:TCAs,Mirtazapine:TCAs,6,-0.00232500000000002,0.00232500000000002
Cognitive and cognitive behavioural therapies group,Waitlist,Cognitive and cognitive behavioural therapies group:Waitlist,Cognitiveandcognitivebehaviouraltherapiesgroup:Waitlist,-2.958528,-2.960431,TRUE,has_direct(+indirect),Mirtazapine:TCAs,Mirtazapine:TCAs,6,-0.00190299999999998,0.00190299999999998
Placebo,SNRIs,Placebo:SNRIs,Placebo:SNRIs,0.740949,0.74281,TRUE,has_direct(+indirect),Mirtazapine:TCAs,Mirtazapine:TCAs,6,0.001861,0.001861
Behavioural therapies individual,Cognitive and cognitive behavioural therapies individual,Behavioural therapies individual:Cognitive and cognitive behavioural therapies individual,Behaviouraltherapiesindividual:Cognitiveandcognitivebehaviouraltherapiesindividual,2.108881,2.110558,TRUE,has_direct(+indirect),Mirtazapine:TCAs,Mirtazapine:TCAs,6,0.00167700000000037,0.00167700000000037
Problem solving group,Waitlist,Problem solving group:Waitlist,Problemsolvinggroup:Waitlist,-3.669046,-3.67067,TRUE,has_direct(+indirect),Mirtazapine:TCAs,Mirtazapine:TCAs,6,-0.00162400000000006,0.00162400000000006
Acupuncture,Sham acupuncture,Acupuncture:Sham acupuncture,Acupuncture:Shamacupuncture,-0.531807,-0.532879,TRUE,has_direct(+indirect),Mirtazapine:TCAs,Mirtazapine:TCAs,6,-0.00107199999999996,0.00107199999999996
Cognitive and cognitive behavioural therapies individual,Self-help,Cognitive and cognitive behavioural therapies individual:Self-help,Cognitiveandcognitivebehaviouraltherapiesindividual:Self-help,-0.398416,-0.399305,TRUE,has_direct(+indirect),Mirtazapine:TCAs,Mirtazapine:TCAs,6,-8.890000000000287e-4,8.890000000000287e-4
Cognitive and cognitive behavioural therapies individual,Waitlist,Cognitive and cognitive behavioural therapies individual:Waitlist,Cognitiveandcognitivebehaviouraltherapiesindividual:Waitlist,-1.827518,-1.828112,TRUE,has_direct(+indirect),Mirtazapine:Trazodone,Mirtazapine:Trazodone,1,-5.939999999999834e-4,5.939999999999834e-4
Acupuncture,SSRIs,Acupuncture:SSRIs,Acupuncture:SSRIs,-0.919457,-0.919835,TRUE,has_direct(+indirect),Mirtazapine:Trazodone,Mirtazapine:Trazodone,1,-3.7799999999998946e-4,3.7799999999998946e-4
Cognitive and cognitive behavioural therapies group,Waitlist,Cognitive and cognitive behavioural therapies group:Waitlist,Cognitiveandcognitivebehaviouraltherapiesgroup:Waitlist,-2.958528,-2.958836,TRUE,has_direct(+indirect),Mirtazapine:Trazodone,Mirtazapine:Trazodone,1,-3.0799999999997496e-4,3.0799999999997496e-4
Placebo,SNRIs,Placebo:SNRIs,Placebo:SNRIs,0.740949,0.74125,TRUE,has_direct(+indirect),Mirtazapine:Trazodone,Mirtazapine:Trazodone,1,3.009999999999957e-4,3.009999999999957e-4
Behavioural therapies individual,Cognitive and cognitive behavioural therapies individual,Behavioural therapies individual:Cognitive and cognitive behavioural therapies individual,Behaviouraltherapiesindividual:Cognitiveandcognitivebehaviouraltherapiesindividual,2.108881,2.109153,TRUE,has_direct(+indirect),Mirtazapine:Trazodone,Mirtazapine:Trazodone,1,2.72000000000272e-4,2.72000000000272e-4
Problem solving group,Waitlist,Problem solving group:Waitlist,Problemsolvinggroup:Waitlist,-3.669046,-3.669309,TRUE,has_direct(+indirect),Mirtazapine:Trazodone,Mirtazapine:Trazodone,1,-2.630000000003463e-4,2.630000000003463e-4
Acupuncture,Sham acupuncture,Acupuncture:Sham acupuncture,Acupuncture:Shamacupuncture,-0.531807,-0.531981,TRUE,has_direct(+indirect),Mirtazapine:Trazodone,Mirtazapine:Trazodone,1,-1.7400000000000748e-4,1.7400000000000748e-4
Cognitive and cognitive behavioural therapies individual,Self-help,Cognitive and cognitive behavioural therapies individual:Self-help,Cognitiveandcognitivebehaviouraltherapiesindividual:Self-help,-0.398416,-0.398561,TRUE,has_direct(+indirect),Mirtazapine:Trazodone,Mirtazapine:Trazodone,1,-1.4500000000000624e-4,1.4500000000000624e-4
Exercise individual,No treatment,Exercise individual:No treatment,Exerciseindividual:Notreatment,-0.632998,-0.633141,TRUE,has_direct(+indirect),Mirtazapine:Trazodone,Mirtazapine:Trazodone,1,-1.4300000000000423e-4,1.4300000000000423e-4
Counselling individual,Problem solving individual,Counselling individual:Problem solving individual,Counsellingindividual:Problemsolvingindividual,0.613477,0.613612,TRUE,has_direct(+indirect),Mirtazapine:Trazodone,Mirtazapine:Trazodone,1,1.3499999999999623e-4,1.3499999999999623e-4
Any psychotherapy,Behavioural therapies individual,Any psychotherapy:Behavioural therapies individual,Anypsychotherapy:Behaviouraltherapiesindividual,0.251478,0.251478,TRUE,has_direct(+indirect),Music therapy group:No treatment,Musictherapygroup:Notreatment,1,0,0
Any AD,Cognitive and cognitive behavioural therapies group,Any AD:Cognitive and cognitive behavioural therapies group,AnyAD:Cognitiveandcognitivebehaviouraltherapiesgroup,-0.709809,-0.709809,TRUE,has_direct(+indirect),Music therapy group:No treatment,Musictherapygroup:Notreatment,1,0,0
Any AD,Cognitive and cognitive behavioural therapies group + AD,Any AD:Cognitive and cognitive behavioural therapies group + AD,AnyAD:Cognitiveandcognitivebehaviouraltherapiesgroup+AD,0.664339,0.664339,TRUE,has_direct(+indirect),Music therapy group:No treatment,Musictherapygroup:Notreatment,1,0,0
Any AD,Cognitive and cognitive behavioural therapies individual,Any AD:Cognitive and cognitive behavioural therapies individual,AnyAD:Cognitiveandcognitivebehaviouraltherapiesindividual,-0.452206,-0.452206,TRUE,has_direct(+indirect),Music therapy group:No treatment,Musictherapygroup:Notreatment,1,0,0
Behavioural therapies individual,Cognitive and cognitive behavioural therapies individual,Behavioural therapies individual:Cognitive and cognitive behavioural therapies individual,Behaviouraltherapiesindividual:Cognitiveandcognitivebehaviouraltherapiesindividual,2.108881,2.108881,TRUE,has_direct(+indirect),Music therapy group:No treatment,Musictherapygroup:Notreatment,1,0,0
Cognitive and cognitive behavioural therapies group,Cognitive and cognitive behavioural therapies individual,Cognitive and cognitive behavioural therapies group:Cognitive and cognitive behavioural therapies individual,Cognitiveandcognitivebehaviouraltherapiesgroup:Cognitiveandcognitivebehaviouraltherapiesindividual,0.472502,0.472502,TRUE,has_direct(+indirect),Music therapy group:No treatment,Musictherapygroup:Notreatment,1,0,0
Any AD,Cognitive and cognitive behavioural therapies individual + AD,Any AD:Cognitive and cognitive behavioural therapies individual + AD,AnyAD:Cognitiveandcognitivebehaviouraltherapiesindividual+AD,4.715432,4.715432,TRUE,has_direct(+indirect),Music therapy group:No treatment,Musictherapygroup:Notreatment,1,0,0
Cognitive and cognitive behavioural therapies individual,Cognitive and cognitive behavioural therapies individual + AD,Cognitive and cognitive behavioural therapies individual:Cognitive and cognitive behavioural therapies individual + AD,Cognitiveandcognitivebehaviouraltherapiesindividual:Cognitiveandcognitivebehaviouraltherapiesindividual+AD,0.189697,0.189697,TRUE,has_direct(+indirect),Music therapy group:No treatment,Musictherapygroup:Notreatment,1,0,0
Cognitive and cognitive behavioural therapies individual,Cognitive and cognitive behavioural therapies individual + placebo,Cognitive and cognitive behavioural therapies individual:Cognitive and cognitive behavioural therapies individual + placebo,Cognitiveandcognitivebehaviouraltherapiesindividual:Cognitiveandcognitivebehaviouraltherapiesindividual+placebo,0.688418,0.688418,TRUE,has_direct(+indirect),Music therapy group:No treatment,Musictherapygroup:Notreatment,1,0,0
Cognitive and cognitive behavioural therapies individual + AD,Cognitive and cognitive behavioural therapies individual + placebo,Cognitive and cognitive behavioural therapies individual + AD:Cognitive and cognitive behavioural therapies individual + placebo,Cognitiveandcognitivebehaviouraltherapiesindividual+AD:Cognitiveandcognitivebehaviouraltherapiesindividual+placebo,0.052233,0.052233,TRUE,has_direct(+indirect),Music therapy group:No treatment,Musictherapygroup:Notreatment,1,0,0
Any psychotherapy,Behavioural therapies individual,Any psychotherapy:Behavioural therapies individual,Anypsychotherapy:Behaviouraltherapiesindividual,0.251478,0.251478,TRUE,has_direct(+indirect),No treatment:Psychoeducation group,Notreatment:Psychoeducationgroup,1,0,0
Any AD,Cognitive and cognitive behavioural therapies group,Any AD:Cognitive and cognitive behavioural therapies group,AnyAD:Cognitiveandcognitivebehaviouraltherapiesgroup,-0.709809,-0.709809,TRUE,has_direct(+indirect),No treatment:Psychoeducation group,Notreatment:Psychoeducationgroup,1,0,0
Any AD,Cognitive and cognitive behavioural therapies group + AD,Any AD:Cognitive and cognitive behavioural therapies group + AD,AnyAD:Cognitiveandcognitivebehaviouraltherapiesgroup+AD,0.664339,0.664339,TRUE,has_direct(+indirect),No treatment:Psychoeducation group,Notreatment:Psychoeducationgroup,1,0,0
Any AD,Cognitive and cognitive behavioural therapies individual,Any AD:Cognitive and cognitive behavioural therapies individual,AnyAD:Cognitiveandcognitivebehaviouraltherapiesindividual,-0.452206,-0.452206,TRUE,has_direct(+indirect),No treatment:Psychoeducation group,Notreatment:Psychoeducationgroup,1,0,0
Behavioural therapies individual,Cognitive and cognitive behavioural therapies individual,Behavioural therapies individual:Cognitive and cognitive behavioural therapies individual,Behaviouraltherapiesindividual:Cognitiveandcognitivebehaviouraltherapiesindividual,2.108881,2.108881,TRUE,has_direct(+indirect),No treatment:Psychoeducation group,Notreatment:Psychoeducationgroup,1,0,0
Cognitive and cognitive behavioural therapies group,Cognitive and cognitive behavioural therapies individual,Cognitive and cognitive behavioural therapies group:Cognitive and cognitive behavioural therapies individual,Cognitiveandcognitivebehaviouraltherapiesgroup:Cognitiveandcognitivebehaviouraltherapiesindividual,0.472502,0.472502,TRUE,has_direct(+indirect),No treatment:Psychoeducation group,Notreatment:Psychoeducationgroup,1,0,0
Any AD,Cognitive and cognitive behavioural therapies individual + AD,Any AD:Cognitive and cognitive behavioural therapies individual + AD,AnyAD:Cognitiveandcognitivebehaviouraltherapiesindividual+AD,4.715432,4.715432,TRUE,has_direct(+indirect),No treatment:Psychoeducation group,Notreatment:Psychoeducationgroup,1,0,0
Cognitive and cognitive behavioural therapies individual,Cognitive and cognitive behavioural therapies individual + AD,Cognitive and cognitive behavioural therapies individual:Cognitive and cognitive behavioural therapies individual + AD,Cognitiveandcognitivebehaviouraltherapiesindividual:Cognitiveandcognitivebehaviouraltherapiesindividual+AD,0.189697,0.189697,TRUE,has_direct(+indirect),No treatment:Psychoeducation group,Notreatment:Psychoeducationgroup,1,0,0
Cognitive and cognitive behavioural therapies individual,Cognitive and cognitive behavioural therapies individual + placebo,Cognitive and cognitive behavioural therapies individual:Cognitive and cognitive behavioural therapies individual + placebo,Cognitiveandcognitivebehaviouraltherapiesindividual:Cognitiveandcognitivebehaviouraltherapiesindividual+placebo,0.688418,0.688418,TRUE,has_direct(+indirect),No treatment:Psychoeducation group,Notreatment:Psychoeducationgroup,1,0,0
Cognitive and cognitive behavioural therapies individual + AD,Cognitive and cognitive behavioural therapies individual + placebo,Cognitive and cognitive behavioural therapies individual + AD:Cognitive and cognitive behavioural therapies individual + placebo,Cognitiveandcognitivebehaviouraltherapiesindividual+AD:Cognitiveandcognitivebehaviouraltherapiesindividual+placebo,0.052233,0.052233,TRUE,has_direct(+indirect),No treatment:Psychoeducation group,Notreatment:Psychoeducationgroup,1,0,0
Exercise individual,No treatment,Exercise individual:No treatment,Exerciseindividual:Notreatment,-0.632998,-1.326941,TRUE,has_direct(+indirect),No treatment:SSRIs,Notreatment:SSRIs,2,-0.693943,0.693943
Exercise individual,SSRIs,Exercise individual:SSRIs,Exerciseindividual:SSRIs,-0.091986,-0.143848,TRUE,has_direct(+indirect),No treatment:SSRIs,Notreatment:SSRIs,2,-0.051862,0.051862
Cognitive and cognitive behavioural therapies individual,Waitlist,Cognitive and cognitive behavioural therapies individual:Waitlist,Cognitiveandcognitivebehaviouraltherapiesindividual:Waitlist,-1.827518,-1.827137,TRUE,has_direct(+indirect),No treatment:SSRIs,Notreatment:SSRIs,2,3.809999999999647e-4,3.809999999999647e-4
Acupuncture,SSRIs,Acupuncture:SSRIs,Acupuncture:SSRIs,-0.919457,-0.919215,TRUE,has_direct(+indirect),No treatment:SSRIs,Notreatment:SSRIs,2,2.419999999999645e-4,2.419999999999645e-4
Cognitive and cognitive behavioural therapies group,Waitlist,Cognitive and cognitive behavioural therapies group:Waitlist,Cognitiveandcognitivebehaviouraltherapiesgroup:Waitlist,-2.958528,-2.958331,TRUE,has_direct(+indirect),No treatment:SSRIs,Notreatment:SSRIs,2,1.9700000000000273e-4,1.9700000000000273e-4
Placebo,SNRIs,Placebo:SNRIs,Placebo:SNRIs,0.740949,0.740756,TRUE,has_direct(+indirect),No treatment:SSRIs,Notreatment:SSRIs,2,-1.9299999999999873e-4,1.9299999999999873e-4
Behavioural therapies individual,Cognitive and cognitive behavioural therapies individual,Behavioural therapies individual:Cognitive and cognitive behavioural therapies individual,Behaviouraltherapiesindividual:Cognitiveandcognitivebehaviouraltherapiesindividual,2.108881,2.108706,TRUE,has_direct(+indirect),No treatment:SSRIs,Notreatment:SSRIs,2,-1.7499999999959215e-4,1.7499999999959215e-4
Problem solving group,Waitlist,Problem solving group:Waitlist,Problemsolvinggroup:Waitlist,-3.669046,-3.668878,TRUE,has_direct(+indirect),No treatment:SSRIs,Notreatment:SSRIs,2,1.6799999999994597e-4,1.6799999999994597e-4
Acupuncture,Sham acupuncture,Acupuncture:Sham acupuncture,Acupuncture:Shamacupuncture,-0.531807,-0.531695,TRUE,has_direct(+indirect),No treatment:SSRIs,Notreatment:SSRIs,2,1.12000000000001e-4,1.12000000000001e-4
Cognitive and cognitive behavioural therapies individual,Self-help,Cognitive and cognitive behavioural therapies individual:Self-help,Cognitiveandcognitivebehaviouraltherapiesindividual:Self-help,-0.398416,-0.398323,TRUE,has_direct(+indirect),No treatment:SSRIs,Notreatment:SSRIs,2,9.300000000000974e-5,9.300000000000974e-5
Cognitive and cognitive behavioural therapies individual,Self-help,Cognitive and cognitive behavioural therapies individual:Self-help,Cognitiveandcognitivebehaviouraltherapiesindividual:Self-help,-0.398416,0.092785,TRUE,has_direct(+indirect),No treatment:Self-help,Notreatment:Self-help,1,0.491201,0.491201
Cognitive and cognitive behavioural therapies individual,No treatment,Cognitive and cognitive behavioural therapies individual:No treatment,Cognitiveandcognitivebehaviouraltherapiesindividual:Notreatment,-0.891205,-0.783753,TRUE,has_direct(+indirect),No treatment:Self-help,Notreatment:Self-help,1,0.107452,0.107452
Cognitive and cognitive behavioural therapies individual,Waitlist,Cognitive and cognitive behavioural therapies individual:Waitlist,Cognitiveandcognitivebehaviouraltherapiesindividual:Waitlist,-1.827518,-1.82734,TRUE,has_direct(+indirect),No treatment:Self-help,Notreatment:Self-help,1,1.7800000000001148e-4,1.7800000000001148e-4
Acupuncture,SSRIs,Acupuncture:SSRIs,Acupuncture:SSRIs,-0.919457,-0.919344,TRUE,has_direct(+indirect),No treatment:Self-help,Notreatment:Self-help,1,1.1299999999991872e-4,1.1299999999991872e-4
Cognitive and cognitive behavioural therapies group,Waitlist,Cognitive and cognitive behavioural therapies group:Waitlist,Cognitiveandcognitivebehaviouraltherapiesgroup:Waitlist,-2.958528,-2.958436,TRUE,has_direct(+indirect),No treatment:Self-help,Notreatment:Self-help,1,9.1999999999981e-5,9.1999999999981e-5
Placebo,SNRIs,Placebo:SNRIs,Placebo:SNRIs,0.740949,0.740859,TRUE,has_direct(+indirect),No treatment:Self-help,Notreatment:Self-help,1,-8.999999999992347e-5,8.999999999992347e-5
Behavioural therapies individual,Cognitive and cognitive behavioural therapies individual,Behavioural therapies individual:Cognitive and cognitive behavioural therapies individual,Behaviouraltherapiesindividual:Cognitiveandcognitivebehaviouraltherapiesindividual,2.108881,2.108799,TRUE,has_direct(+indirect),No treatment:Self-help,Notreatment:Self-help,1,-8.199999999991547e-5,8.199999999991547e-5
Problem solving group,Waitlist,Problem solving group:Waitlist,Problemsolvinggroup:Waitlist,-3.669046,-3.668967,TRUE,has_direct(+indirect),No treatment:Self-help,Notreatment:Self-help,1,7.899999999994023e-5,7.899999999994023e-5
Acupuncture,Sham acupuncture,Acupuncture:Sham acupuncture,Acupuncture:Shamacupuncture,-0.531807,-0.531755,TRUE,has_direct(+indirect),No treatment:Self-help,Notreatment:Self-help,1,5.2000000000052005e-5,5.2000000000052005e-5
Exercise individual,No treatment,Exercise individual:No treatment,Exerciseindividual:Notreatment,-0.632998,-0.632956,TRUE,has_direct(+indirect),No treatment:Self-help,Notreatment:Self-help,1,4.199999999998649e-5,4.199999999998649e-5
Cognitive and cognitive behavioural therapies individual,Waitlist,Cognitive and cognitive behavioural therapies individual:Waitlist,Cognitiveandcognitivebehaviouraltherapiesindividual:Waitlist,-1.827518,-1.827676,TRUE,has_direct(+indirect),No treatment:Self-help with support,Notreatment:Self-helpwithsupport,1,-1.580000000001025e-4,1.580000000001025e-4
Acupuncture,SSRIs,Acupuncture:SSRIs,Acupuncture:SSRIs,-0.919457,-0.919558,TRUE,has_direct(+indirect),No treatment:Self-help with support,Notreatment:Self-helpwithsupport,1,-1.0100000000001774e-4,1.0100000000001774e-4
Cognitive and cognitive behavioural therapies group,Waitlist,Cognitive and cognitive behavioural therapies group:Waitlist,Cognitiveandcognitivebehaviouraltherapiesgroup:Waitlist,-2.958528,-2.95861,TRUE,has_direct(+indirect),No treatment:Self-help with support,Notreatment:Self-helpwithsupport,1,-8.200000000035956e-5,8.200000000035956e-5
Placebo,SNRIs,Placebo:SNRIs,Placebo:SNRIs,0.740949,0.741029,TRUE,has_direct(+indirect),No treatment:Self-help with support,Notreatment:Self-helpwithsupport,1,8.000000000008001e-5,8.000000000008001e-5
Behavioural therapies individual,Cognitive and cognitive behavioural therapies individual,Behavioural therapies individual:Cognitive and cognitive behavioural therapies individual,Behaviouraltherapiesindividual:Cognitiveandcognitivebehaviouraltherapiesindividual,2.108881,2.108954,TRUE,has_direct(+indirect),No treatment:Self-help with support,Notreatment:Self-helpwithsupport,1,7.300000000043383e-5,7.300000000043383e-5
Problem solving group,Waitlist,Problem solving group:Waitlist,Problemsolvinggroup:Waitlist,-3.669046,-3.669116,TRUE,has_direct(+indirect),No treatment:Self-help with support,Notreatment:Self-helpwithsupport,1,-7.00000000000145e-5,7.00000000000145e-5
Acupuncture,Sham acupuncture,Acupuncture:Sham acupuncture,Acupuncture:Shamacupuncture,-0.531807,-0.531853,TRUE,has_direct(+indirect),No treatment:Self-help with support,Notreatment:Self-helpwithsupport,1,-4.599999999999049e-5,4.599999999999049e-5
Exercise individual,No treatment,Exercise individual:No treatment,Exerciseindividual:Notreatment,-0.632998,-0.633036,TRUE,has_direct(+indirect),No treatment:Self-help with support,Notreatment:Self-helpwithsupport,1,-3.8000000000093515e-5,3.8000000000093515e-5
Cognitive and cognitive behavioural therapies individual,Self-help,Cognitive and cognitive behavioural therapies individual:Self-help,Cognitiveandcognitivebehaviouraltherapiesindividual:Self-help,-0.398416,-0.398454,TRUE,has_direct(+indirect),No treatment:Self-help with support,Notreatment:Self-helpwithsupport,1,-3.799999999998249e-5,3.799999999998249e-5
Counselling individual,Problem solving individual,Counselling individual:Problem solving individual,Counsellingindividual:Problemsolvingindividual,0.613477,0.613513,TRUE,has_direct(+indirect),No treatment:Self-help with support,Notreatment:Self-helpwithsupport,1,3.599999999992498e-5,3.599999999992498e-5
Any psychotherapy,Behavioural therapies individual,Any psychotherapy:Behavioural therapies individual,Anypsychotherapy:Behaviouraltherapiesindividual,0.251478,0.251478,TRUE,has_direct(+indirect),Peer support group:Peer support group + AD,Peersupportgroup:Peersupportgroup+AD,1,0,0
Any AD,Cognitive and cognitive behavioural therapies group,Any AD:Cognitive and cognitive behavioural therapies group,AnyAD:Cognitiveandcognitivebehaviouraltherapiesgroup,-0.709809,-0.709809,TRUE,has_direct(+indirect),Peer support group:Peer support group + AD,Peersupportgroup:Peersupportgroup+AD,1,0,0
Any AD,Cognitive and cognitive behavioural therapies group + AD,Any AD:Cognitive and cognitive behavioural therapies group + AD,AnyAD:Cognitiveandcognitivebehaviouraltherapiesgroup+AD,0.664339,0.664339,TRUE,has_direct(+indirect),Peer support group:Peer support group + AD,Peersupportgroup:Peersupportgroup+AD,1,0,0
Any AD,Cognitive and cognitive behavioural therapies individual,Any AD:Cognitive and cognitive behavioural therapies individual,AnyAD:Cognitiveandcognitivebehaviouraltherapiesindividual,-0.452206,-0.452206,TRUE,has_direct(+indirect),Peer support group:Peer support group + AD,Peersupportgroup:Peersupportgroup+AD,1,0,0
Behavioural therapies individual,Cognitive and cognitive behavioural therapies individual,Behavioural therapies individual:Cognitive and cognitive behavioural therapies individual,Behaviouraltherapiesindividual:Cognitiveandcognitivebehaviouraltherapiesindividual,2.108881,2.108881,TRUE,has_direct(+indirect),Peer support group:Peer support group + AD,Peersupportgroup:Peersupportgroup+AD,1,0,0
Cognitive and cognitive behavioural therapies group,Cognitive and cognitive behavioural therapies individual,Cognitive and cognitive behavioural therapies group:Cognitive and cognitive behavioural therapies individual,Cognitiveandcognitivebehaviouraltherapiesgroup:Cognitiveandcognitivebehaviouraltherapiesindividual,0.472502,0.472502,TRUE,has_direct(+indirect),Peer support group:Peer support group + AD,Peersupportgroup:Peersupportgroup+AD,1,0,0
Any AD,Cognitive and cognitive behavioural therapies individual + AD,Any AD:Cognitive and cognitive behavioural therapies individual + AD,AnyAD:Cognitiveandcognitivebehaviouraltherapiesindividual+AD,4.715432,4.715432,TRUE,has_direct(+indirect),Peer support group:Peer support group + AD,Peersupportgroup:Peersupportgroup+AD,1,0,0
Cognitive and cognitive behavioural therapies individual,Cognitive and cognitive behavioural therapies individual + AD,Cognitive and cognitive behavioural therapies individual:Cognitive and cognitive behavioural therapies individual + AD,Cognitiveandcognitivebehaviouraltherapiesindividual:Cognitiveandcognitivebehaviouraltherapiesindividual+AD,0.189697,0.189697,TRUE,has_direct(+indirect),Peer support group:Peer support group + AD,Peersupportgroup:Peersupportgroup+AD,1,0,0
Cognitive and cognitive behavioural therapies individual,Cognitive and cognitive behavioural therapies individual + placebo,Cognitive and cognitive behavioural therapies individual:Cognitive and cognitive behavioural therapies individual + placebo,Cognitiveandcognitivebehaviouraltherapiesindividual:Cognitiveandcognitivebehaviouraltherapiesindividual+placebo,0.688418,0.688418,TRUE,has_direct(+indirect),Peer support group:Peer support group + AD,Peersupportgroup:Peersupportgroup+AD,1,0,0
Cognitive and cognitive behavioural therapies individual + AD,Cognitive and cognitive behavioural therapies individual + placebo,Cognitive and cognitive behavioural therapies individual + AD:Cognitive and cognitive behavioural therapies individual + placebo,Cognitiveandcognitivebehaviouraltherapiesindividual+AD:Cognitiveandcognitivebehaviouraltherapiesindividual+placebo,0.052233,0.052233,TRUE,has_direct(+indirect),Peer support group:Peer support group + AD,Peersupportgroup:Peersupportgroup+AD,1,0,0
Placebo,TCAs,Placebo:TCAs,Placebo:TCAs,0.585739,0.581401,TRUE,has_direct(+indirect),Placebo:Problem solving individual,Placebo:Problemsolvingindividual,1,-0.00433800000000006,0.00433800000000006
Cognitive and cognitive behavioural therapies individual,Waitlist,Cognitive and cognitive behavioural therapies individual:Waitlist,Cognitiveandcognitivebehaviouraltherapiesindividual:Waitlist,-1.827518,-1.828108,TRUE,has_direct(+indirect),Placebo:Problem solving individual,Placebo:Problemsolvingindividual,1,-5.900000000000905e-4,5.900000000000905e-4
Acupuncture,SSRIs,Acupuncture:SSRIs,Acupuncture:SSRIs,-0.919457,-0.919832,TRUE,has_direct(+indirect),Placebo:Problem solving individual,Placebo:Problemsolvingindividual,1,-3.750000000000142e-4,3.750000000000142e-4
Cognitive and cognitive behavioural therapies group,Waitlist,Cognitive and cognitive behavioural therapies group:Waitlist,Cognitiveandcognitivebehaviouraltherapiesgroup:Waitlist,-2.958528,-2.958834,TRUE,has_direct(+indirect),Placebo:Problem solving individual,Placebo:Problemsolvingindividual,1,-3.060000000001395e-4,3.060000000001395e-4
Placebo,SNRIs,Placebo:SNRIs,Placebo:SNRIs,0.740949,0.741248,TRUE,has_direct(+indirect),Placebo:Problem solving individual,Placebo:Problemsolvingindividual,1,2.990000000000492e-4,2.990000000000492e-4
Behavioural therapies individual,Cognitive and cognitive behavioural therapies individual,Behavioural therapies individual:Cognitive and cognitive behavioural therapies individual,Behaviouraltherapiesindividual:Cognitiveandcognitivebehaviouraltherapiesindividual,2.108881,2.109152,TRUE,has_direct(+indirect),Placebo:Problem solving individual,Placebo:Problemsolvingindividual,1,2.7100000000013225e-4,2.7100000000013225e-4
Problem solving group,Waitlist,Problem solving group:Waitlist,Problemsolvinggroup:Waitlist,-3.669046,-3.669308,TRUE,has_direct(+indirect),Placebo:Problem solving individual,Placebo:Problemsolvingindividual,1,-2.620000000002065e-4,2.620000000002065e-4
Acupuncture,Sham acupuncture,Acupuncture:Sham acupuncture,Acupuncture:Shamacupuncture,-0.531807,-0.53198,TRUE,has_direct(+indirect),Placebo:Problem solving individual,Placebo:Problemsolvingindividual,1,-1.7299999999997873e-4,1.7299999999997873e-4
Cognitive and cognitive behavioural therapies individual,Self-help,Cognitive and cognitive behavioural therapies individual:Self-help,Cognitiveandcognitivebehaviouraltherapiesindividual:Self-help,-0.398416,-0.39856,TRUE,has_direct(+indirect),Placebo:Problem solving individual,Placebo:Problemsolvingindividual,1,-1.44000000000033e-4,1.44000000000033e-4
Exercise individual,No treatment,Exercise individual:No treatment,Exerciseindividual:Notreatment,-0.632998,-0.63314,TRUE,has_direct(+indirect),Placebo:Problem solving individual,Placebo:Problemsolvingindividual,1,-1.420000000000865e-4,1.420000000000865e-4
Placebo,TCAs,Placebo:TCAs,Placebo:TCAs,0.585739,0.599258,TRUE,has_direct(+indirect),Placebo:Relaxation individual + AD,Placebo:Relaxationindividual+AD,1,0.01351899999999994,0.01351899999999994
Cognitive and cognitive behavioural therapies individual,Waitlist,Cognitive and cognitive behavioural therapies individual:Waitlist,Cognitiveandcognitivebehaviouraltherapiesindividual:Waitlist,-1.827518,-1.827714,TRUE,has_direct(+indirect),Placebo:Relaxation individual + AD,Placebo:Relaxationindividual+AD,1,-1.96000000000085e-4,1.96000000000085e-4
Acupuncture,SSRIs,Acupuncture:SSRIs,Acupuncture:SSRIs,-0.919457,-0.919582,TRUE,has_direct(+indirect),Placebo:Relaxation individual + AD,Placebo:Relaxationindividual+AD,1,-1.2500000000004174e-4,1.2500000000004174e-4
Cognitive and cognitive behavioural therapies group,Waitlist,Cognitive and cognitive behavioural therapies group:Waitlist,Cognitiveandcognitivebehaviouraltherapiesgroup:Waitlist,-2.958528,-2.95863,TRUE,has_direct(+indirect),Placebo:Relaxation individual + AD,Placebo:Relaxationindividual+AD,1,-1.020000000000465e-4,1.020000000000465e-4
Placebo,SNRIs,Placebo:SNRIs,Placebo:SNRIs,0.740949,0.741048,TRUE,has_direct(+indirect),Placebo:Relaxation individual + AD,Placebo:Relaxationindividual+AD,1,9.900000000007124e-5,9.900000000007124e-5
Behavioural therapies individual,Cognitive and cognitive behavioural therapies individual,Behavioural therapies individual:Cognitive and cognitive behavioural therapies individual,Behaviouraltherapiesindividual:Cognitiveandcognitivebehaviouraltherapiesindividual,2.108881,2.108971,TRUE,has_direct(+indirect),Placebo:Relaxation individual + AD,Placebo:Relaxationindividual+AD,1,9.000000000014552e-5,9.000000000014552e-5
Problem solving group,Waitlist,Problem solving group:Waitlist,Problemsolvinggroup:Waitlist,-3.669046,-3.669133,TRUE,has_direct(+indirect),Placebo:Relaxation individual + AD,Placebo:Relaxationindividual+AD,1,-8.700000000017027e-5,8.700000000017027e-5
Acupuncture,Sham acupuncture,Acupuncture:Sham acupuncture,Acupuncture:Shamacupuncture,-0.531807,-0.531864,TRUE,has_direct(+indirect),Placebo:Relaxation individual + AD,Placebo:Relaxationindividual+AD,1,-5.699999999997374e-5,5.699999999997374e-5
Cognitive and cognitive behavioural therapies individual,Self-help,Cognitive and cognitive behavioural therapies individual:Self-help,Cognitiveandcognitivebehaviouraltherapiesindividual:Self-help,-0.398416,-0.398464,TRUE,has_direct(+indirect),Placebo:Relaxation individual + AD,Placebo:Relaxationindividual+AD,1,-4.799999999999249e-5,4.799999999999249e-5
Exercise individual,No treatment,Exercise individual:No treatment,Exerciseindividual:Notreatment,-0.632998,-0.633045,TRUE,has_direct(+indirect),Placebo:Relaxation individual + AD,Placebo:Relaxationindividual+AD,1,-4.700000000001925e-5,4.700000000001925e-5
Placebo,TCAs,Placebo:TCAs,Placebo:TCAs,0.585739,0.599258,TRUE,has_direct(+indirect),Placebo:Relaxation individual + placebo,Placebo:Relaxationindividual+placebo,1,0.01351899999999994,0.01351899999999994
Cognitive and cognitive behavioural therapies individual,Waitlist,Cognitive and cognitive behavioural therapies individual:Waitlist,Cognitiveandcognitivebehaviouraltherapiesindividual:Waitlist,-1.827518,-1.827714,TRUE,has_direct(+indirect),Placebo:Relaxation individual + placebo,Placebo:Relaxationindividual+placebo,1,-1.96000000000085e-4,1.96000000000085e-4
Acupuncture,SSRIs,Acupuncture:SSRIs,Acupuncture:SSRIs,-0.919457,-0.919582,TRUE,has_direct(+indirect),Placebo:Relaxation individual + placebo,Placebo:Relaxationindividual+placebo,1,-1.2500000000004174e-4,1.2500000000004174e-4
Cognitive and cognitive behavioural therapies group,Waitlist,Cognitive and cognitive behavioural therapies group:Waitlist,Cognitiveandcognitivebehaviouraltherapiesgroup:Waitlist,-2.958528,-2.95863,TRUE,has_direct(+indirect),Placebo:Relaxation individual + placebo,Placebo:Relaxationindividual+placebo,1,-1.020000000000465e-4,1.020000000000465e-4
Placebo,SNRIs,Placebo:SNRIs,Placebo:SNRIs,0.740949,0.741048,TRUE,has_direct(+indirect),Placebo:Relaxation individual + placebo,Placebo:Relaxationindividual+placebo,1,9.900000000007124e-5,9.900000000007124e-5
Behavioural therapies individual,Cognitive and cognitive behavioural therapies individual,Behavioural therapies individual:Cognitive and cognitive behavioural therapies individual,Behaviouraltherapiesindividual:Cognitiveandcognitivebehaviouraltherapiesindividual,2.108881,2.108971,TRUE,has_direct(+indirect),Placebo:Relaxation individual + placebo,Placebo:Relaxationindividual+placebo,1,9.000000000014552e-5,9.000000000014552e-5
Problem solving group,Waitlist,Problem solving group:Waitlist,Problemsolvinggroup:Waitlist,-3.669046,-3.669133,TRUE,has_direct(+indirect),Placebo:Relaxation individual + placebo,Placebo:Relaxationindividual+placebo,1,-8.700000000017027e-5,8.700000000017027e-5
Acupuncture,Sham acupuncture,Acupuncture:Sham acupuncture,Acupuncture:Shamacupuncture,-0.531807,-0.531864,TRUE,has_direct(+indirect),Placebo:Relaxation individual + placebo,Placebo:Relaxationindividual+placebo,1,-5.699999999997374e-5,5.699999999997374e-5
Cognitive and cognitive behavioural therapies individual,Self-help,Cognitive and cognitive behavioural therapies individual:Self-help,Cognitiveandcognitivebehaviouraltherapiesindividual:Self-help,-0.398416,-0.398464,TRUE,has_direct(+indirect),Placebo:Relaxation individual + placebo,Placebo:Relaxationindividual+placebo,1,-4.799999999999249e-5,4.799999999999249e-5
Exercise individual,No treatment,Exercise individual:No treatment,Exerciseindividual:Notreatment,-0.632998,-0.633045,TRUE,has_direct(+indirect),Placebo:Relaxation individual + placebo,Placebo:Relaxationindividual+placebo,1,-4.700000000001925e-5,4.700000000001925e-5
SNRIs,SSRIs,SNRIs:SSRIs,SNRIs:SSRIs,-0.321387,-0.048626,TRUE,has_direct(+indirect),Placebo:SNRIs,Placebo:SNRIs,33,0.272761,0.272761
Placebo,SSRIs,Placebo:SSRIs,Placebo:SSRIs,0.510398,0.57641,TRUE,has_direct(+indirect),Placebo:SNRIs,Placebo:SNRIs,33,0.06601199999999996,0.06601199999999996
SNRIs,TCAs,SNRIs:TCAs,SNRIs:TCAs,0.075802,0.131915,TRUE,has_direct(+indirect),Placebo:SNRIs,Placebo:SNRIs,33,0.05611300000000001,0.05611300000000001
Cognitive and cognitive behavioural therapies individual,Waitlist,Cognitive and cognitive behavioural therapies individual:Waitlist,Cognitiveandcognitivebehaviouraltherapiesindividual:Waitlist,-1.827518,-1.788687,TRUE,has_direct(+indirect),Placebo:SNRIs,Placebo:SNRIs,33,0.03883100000000006,0.03883100000000006
Acupuncture,SSRIs,Acupuncture:SSRIs,Acupuncture:SSRIs,-0.919457,-0.893511,TRUE,has_direct(+indirect),Placebo:SNRIs,Placebo:SNRIs,33,0.02594599999999991,0.02594599999999991
Cognitive and cognitive behavioural therapies group,Waitlist,Cognitive and cognitive behavioural therapies group:Waitlist,Cognitiveandcognitivebehaviouraltherapiesgroup:Waitlist,-2.958528,-2.93817,TRUE,has_direct(+indirect),Placebo:SNRIs,Placebo:SNRIs,33,0.02035799999999987,0.02035799999999987
Behavioural therapies individual,Cognitive and cognitive behavioural therapies individual,Behavioural therapies individual:Cognitive and cognitive behavioural therapies individual,Behaviouraltherapiesindividual:Cognitiveandcognitivebehaviouraltherapiesindividual,2.108881,2.090122,TRUE,has_direct(+indirect),Placebo:SNRIs,Placebo:SNRIs,33,-0.01875899999999974,0.01875899999999974
Problem solving group,Waitlist,Problem solving group:Waitlist,Problemsolvinggroup:Waitlist,-3.669046,-3.65161,TRUE,has_direct(+indirect),Placebo:SNRIs,Placebo:SNRIs,33,0.017436,0.017436
Acupuncture,Sham acupuncture,Acupuncture:Sham acupuncture,Acupuncture:Shamacupuncture,-0.531807,-0.519688,TRUE,has_direct(+indirect),Placebo:SNRIs,Placebo:SNRIs,33,0.01211899999999999,0.01211899999999999
Cognitive and cognitive behavioural therapies individual,Self-help,Cognitive and cognitive behavioural therapies individual:Self-help,Cognitiveandcognitivebehaviouraltherapiesindividual:Self-help,-0.398416,-0.388026,TRUE,has_direct(+indirect),Placebo:SNRIs,Placebo:SNRIs,33,0.01039000000000001,0.01039000000000001
SNRIs,SSRIs,SNRIs:SSRIs,SNRIs:SSRIs,-0.321387,-0.047627,TRUE,has_direct(+indirect),Placebo:SSRIs,Placebo:SSRIs,83,0.27376,0.27376
Placebo,SNRIs,Placebo:SNRIs,Placebo:SNRIs,0.740949,0.578077,TRUE,has_direct(+indirect),Placebo:SSRIs,Placebo:SSRIs,83,-0.16287200000000002,0.16287200000000002
Cognitive and cognitive behavioural therapies individual,Waitlist,Cognitive and cognitive behavioural therapies individual:Waitlist,Cognitiveandcognitivebehaviouraltherapiesindividual:Waitlist,-1.827518,-1.757025,TRUE,has_direct(+indirect),Placebo:SSRIs,Placebo:SSRIs,83,0.07049299999999992,0.07049299999999992
Exercise individual,SSRIs,Exercise individual:SSRIs,Exerciseindividual:SSRIs,-0.091986,-0.026895,TRUE,has_direct(+indirect),Placebo:SSRIs,Placebo:SSRIs,83,0.065091,0.065091
Acupuncture,SSRIs,Acupuncture:SSRIs,Acupuncture:SSRIs,-0.919457,-0.870317,TRUE,has_direct(+indirect),Placebo:SSRIs,Placebo:SSRIs,83,0.04913999999999996,0.04913999999999996
Cognitive and cognitive behavioural therapies group,Waitlist,Cognitive and cognitive behavioural therapies group:Waitlist,Cognitiveandcognitivebehaviouraltherapiesgroup:Waitlist,-2.958528,-2.921223,TRUE,has_direct(+indirect),Placebo:SSRIs,Placebo:SSRIs,83,0.03730499999999992,0.03730499999999992
Behavioural therapies individual,Cognitive and cognitive behavioural therapies individual,Behavioural therapies individual:Cognitive and cognitive behavioural therapies individual,Behaviouraltherapiesindividual:Cognitiveandcognitivebehaviouraltherapiesindividual,2.108881,2.073282,TRUE,has_direct(+indirect),Placebo:SSRIs,Placebo:SSRIs,83,-0.03559899999999993,0.03559899999999993
Problem solving group,Waitlist,Problem solving group:Waitlist,Problemsolvinggroup:Waitlist,-3.669046,-3.637017,TRUE,has_direct(+indirect),Placebo:SSRIs,Placebo:SSRIs,83,0.03202899999999964,0.03202899999999964
Acupuncture,Sham acupuncture,Acupuncture:Sham acupuncture,Acupuncture:Shamacupuncture,-0.531807,-0.508586,TRUE,has_direct(+indirect),Placebo:SSRIs,Placebo:SSRIs,83,0.02322100000000004,0.02322100000000004
Cognitive and cognitive behavioural therapies individual,Self-help,Cognitive and cognitive behavioural therapies individual:Self-help,Cognitiveandcognitivebehaviouraltherapiesindividual:Self-help,-0.398416,-0.377938,TRUE,has_direct(+indirect),Placebo:SSRIs,Placebo:SSRIs,83,0.02047799999999999,0.02047799999999999
Cognitive and cognitive behavioural therapies individual,Interpersonal psychotherapy (IPT) individual,Cognitive and cognitive behavioural therapies individual:Interpersonal psychotherapy (IPT) individual,Cognitiveandcognitivebehaviouraltherapiesindividual:Interpersonalpsychotherapy(IPT)individual,-0.061031,-0.265947,TRUE,has_direct(+indirect),Placebo:TCAs,Placebo:TCAs,28,-0.204916,0.204916
Mirtazapine,Placebo,Mirtazapine:Placebo,Mirtazapine:Placebo,-0.841042,-1.016757,TRUE,has_direct(+indirect),Placebo:TCAs,Placebo:TCAs,28,-0.17571499999999995,0.17571499999999995
Cognitive and cognitive behavioural therapies individual,TCAs,Cognitive and cognitive behavioural therapies individual:TCAs,Cognitiveandcognitivebehaviouraltherapiesindividual:TCAs,-0.216386,-0.293485,TRUE,has_direct(+indirect),Placebo:TCAs,Placebo:TCAs,28,-0.077099,0.077099
SNRIs,TCAs,SNRIs:TCAs,SNRIs:TCAs,0.075802,0.134406,TRUE,has_direct(+indirect),Placebo:TCAs,Placebo:TCAs,28,0.058604,0.058604
Mirtazapine,TCAs,Mirtazapine:TCAs,Mirtazapine:TCAs,0.115832,0.087796,TRUE,has_direct(+indirect),Placebo:TCAs,Placebo:TCAs,28,-0.028036,0.028036
Placebo,SNRIs,Placebo:SNRIs,Placebo:SNRIs,0.740949,0.752094,TRUE,has_direct(+indirect),Placebo:TCAs,Placebo:TCAs,28,0.01114500000000007,0.01114500000000007
Cognitive and cognitive behavioural therapies individual,Waitlist,Cognitive and cognitive behavioural therapies individual:Waitlist,Cognitiveandcognitivebehaviouraltherapiesindividual:Waitlist,-1.827518,-1.838613,TRUE,has_direct(+indirect),Placebo:TCAs,Placebo:TCAs,28,-0.01109500000000007,0.01109500000000007
SSRIs,TCAs,SSRIs:TCAs,SSRIs:TCAs,0.024311,0.014516,TRUE,has_direct(+indirect),Placebo:TCAs,Placebo:TCAs,28,-0.009795,0.009795
Placebo,SSRIs,Placebo:SSRIs,Placebo:SSRIs,0.510398,0.518763,TRUE,has_direct(+indirect),Placebo:TCAs,Placebo:TCAs,28,0.00836499999999995,0.00836499999999995
Acupuncture,SSRIs,Acupuncture:SSRIs,Acupuncture:SSRIs,-0.919457,-0.926415,TRUE,has_direct(+indirect),Placebo:TCAs,Placebo:TCAs,28,-0.00695800000000002,0.00695800000000002
Cognitive and cognitive behavioural therapies individual,Waitlist,Cognitive and cognitive behavioural therapies individual:Waitlist,Cognitiveandcognitivebehaviouraltherapiesindividual:Waitlist,-1.827518,-1.830291,TRUE,has_direct(+indirect),Placebo:Trazodone,Placebo:Trazodone,2,-0.00277299999999991,0.00277299999999991
Acupuncture,SSRIs,Acupuncture:SSRIs,Acupuncture:SSRIs,-0.919457,-0.921214,TRUE,has_direct(+indirect),Placebo:Trazodone,Placebo:Trazodone,2,-0.001757,0.001757
Cognitive and cognitive behavioural therapies group,Waitlist,Cognitive and cognitive behavioural therapies group:Waitlist,Cognitiveandcognitivebehaviouraltherapiesgroup:Waitlist,-2.958528,-2.959964,TRUE,has_direct(+indirect),Placebo:Trazodone,Placebo:Trazodone,2,-0.00143599999999999,0.00143599999999999
Placebo,SNRIs,Placebo:SNRIs,Placebo:SNRIs,0.740949,0.742353,TRUE,has_direct(+indirect),Placebo:Trazodone,Placebo:Trazodone,2,0.00140400000000007,0.00140400000000007
Behavioural therapies individual,Cognitive and cognitive behavioural therapies individual,Behavioural therapies individual:Cognitive and cognitive behavioural therapies individual,Behaviouraltherapiesindividual:Cognitiveandcognitivebehaviouraltherapiesindividual,2.108881,2.110148,TRUE,has_direct(+indirect),Placebo:Trazodone,Placebo:Trazodone,2,0.00126700000000035,0.00126700000000035
Problem solving group,Waitlist,Problem solving group:Waitlist,Problemsolvinggroup:Waitlist,-3.669046,-3.670272,TRUE,has_direct(+indirect),Placebo:Trazodone,Placebo:Trazodone,2,-0.00122600000000039,0.00122600000000039
Acupuncture,Sham acupuncture,Acupuncture:Sham acupuncture,Acupuncture:Shamacupuncture,-0.531807,-0.532617,TRUE,has_direct(+indirect),Placebo:Trazodone,Placebo:Trazodone,2,-8.099999999999774e-4,8.099999999999774e-4
Cognitive and cognitive behavioural therapies individual,Self-help,Cognitive and cognitive behavioural therapies individual:Self-help,Cognitiveandcognitivebehaviouraltherapiesindividual:Self-help,-0.398416,-0.399088,TRUE,has_direct(+indirect),Placebo:Trazodone,Placebo:Trazodone,2,-6.720000000000059e-4,6.720000000000059e-4
Exercise individual,No treatment,Exercise individual:No treatment,Exerciseindividual:Notreatment,-0.632998,-0.633663,TRUE,has_direct(+indirect),Placebo:Trazodone,Placebo:Trazodone,2,-6.650000000000267e-4,6.650000000000267e-4
Counselling individual,Problem solving individual,Counselling individual:Problem solving individual,Counsellingindividual:Problemsolvingindividual,0.613477,0.614102,TRUE,has_direct(+indirect),Placebo:Trazodone,Placebo:Trazodone,2,6.249999999999867e-4,6.249999999999867e-4
Cognitive and cognitive behavioural therapies individual,Waitlist,Cognitive and cognitive behavioural therapies individual:Waitlist,Cognitiveandcognitivebehaviouraltherapiesindividual:Waitlist,-1.827518,-1.827343,TRUE,has_direct(+indirect),Problem solving group:Waitlist,Problemsolvinggroup:Waitlist,2,1.7500000000003624e-4,1.7500000000003624e-4
Acupuncture,SSRIs,Acupuncture:SSRIs,Acupuncture:SSRIs,-0.919457,-0.919346,TRUE,has_direct(+indirect),Problem solving group:Waitlist,Problemsolvinggroup:Waitlist,2,1.1099999999997225e-4,1.1099999999997225e-4
Cognitive and cognitive behavioural therapies group,Waitlist,Cognitive and cognitive behavioural therapies group:Waitlist,Cognitiveandcognitivebehaviouraltherapiesgroup:Waitlist,-2.958528,-2.958438,TRUE,has_direct(+indirect),Problem solving group:Waitlist,Problemsolvinggroup:Waitlist,2,8.999999999970143e-5,8.999999999970143e-5
Placebo,SNRIs,Placebo:SNRIs,Placebo:SNRIs,0.740949,0.74086,TRUE,has_direct(+indirect),Problem solving group:Waitlist,Problemsolvinggroup:Waitlist,2,-8.900000000000574e-5,8.900000000000574e-5
Behavioural therapies individual,Cognitive and cognitive behavioural therapies individual,Behavioural therapies individual:Cognitive and cognitive behavioural therapies individual,Behaviouraltherapiesindividual:Cognitiveandcognitivebehaviouraltherapiesindividual,2.108881,2.108801,TRUE,has_direct(+indirect),Problem solving group:Waitlist,Problemsolvinggroup:Waitlist,2,-7.999999999963592e-5,7.999999999963592e-5
Acupuncture,Sham acupuncture,Acupuncture:Sham acupuncture,Acupuncture:Shamacupuncture,-0.531807,-0.531755,TRUE,has_direct(+indirect),Problem solving group:Waitlist,Problemsolvinggroup:Waitlist,2,5.2000000000052005e-5,5.2000000000052005e-5
Cognitive and cognitive behavioural therapies individual,Self-help,Cognitive and cognitive behavioural therapies individual:Self-help,Cognitiveandcognitivebehaviouraltherapiesindividual:Self-help,-0.398416,-0.398373,TRUE,has_direct(+indirect),Problem solving group:Waitlist,Problemsolvinggroup:Waitlist,2,4.300000000001525e-5,4.300000000001525e-5
Exercise individual,No treatment,Exercise individual:No treatment,Exerciseindividual:Notreatment,-0.632998,-0.632956,TRUE,has_direct(+indirect),Problem solving group:Waitlist,Problemsolvinggroup:Waitlist,2,4.199999999998649e-5,4.199999999998649e-5
Counselling individual,Problem solving individual,Counselling individual:Problem solving individual,Counsellingindividual:Problemsolvingindividual,0.613477,0.613438,TRUE,has_direct(+indirect),Problem solving group:Waitlist,Problemsolvinggroup:Waitlist,2,-3.900000000001125e-5,3.900000000001125e-5
Self-help,Waitlist,Self-help:Waitlist,Self-help:Waitlist,-1.593253,-1.593218,TRUE,has_direct(+indirect),Problem solving group:Waitlist,Problemsolvinggroup:Waitlist,2,3.500000000000725e-5,3.500000000000725e-5
Placebo,TCAs,Placebo:TCAs,Placebo:TCAs,0.585739,0.581401,TRUE,has_direct(+indirect),Problem solving individual:TCAs,Problemsolvingindividual:TCAs,1,-0.00433800000000006,0.00433800000000006
Cognitive and cognitive behavioural therapies individual,Waitlist,Cognitive and cognitive behavioural therapies individual:Waitlist,Cognitiveandcognitivebehaviouraltherapiesindividual:Waitlist,-1.827518,-1.828108,TRUE,has_direct(+indirect),Problem solving individual:TCAs,Problemsolvingindividual:TCAs,1,-5.900000000000905e-4,5.900000000000905e-4
Acupuncture,SSRIs,Acupuncture:SSRIs,Acupuncture:SSRIs,-0.919457,-0.919832,TRUE,has_direct(+indirect),Problem solving individual:TCAs,Problemsolvingindividual:TCAs,1,-3.750000000000142e-4,3.750000000000142e-4
Cognitive and cognitive behavioural therapies group,Waitlist,Cognitive and cognitive behavioural therapies group:Waitlist,Cognitiveandcognitivebehaviouraltherapiesgroup:Waitlist,-2.958528,-2.958834,TRUE,has_direct(+indirect),Problem solving individual:TCAs,Problemsolvingindividual:TCAs,1,-3.060000000001395e-4,3.060000000001395e-4
Placebo,SNRIs,Placebo:SNRIs,Placebo:SNRIs,0.740949,0.741248,TRUE,has_direct(+indirect),Problem solving individual:TCAs,Problemsolvingindividual:TCAs,1,2.990000000000492e-4,2.990000000000492e-4
Behavioural therapies individual,Cognitive and cognitive behavioural therapies individual,Behavioural therapies individual:Cognitive and cognitive behavioural therapies individual,Behaviouraltherapiesindividual:Cognitiveandcognitivebehaviouraltherapiesindividual,2.108881,2.109152,TRUE,has_direct(+indirect),Problem solving individual:TCAs,Problemsolvingindividual:TCAs,1,2.7100000000013225e-4,2.7100000000013225e-4
Problem solving group,Waitlist,Problem solving group:Waitlist,Problemsolvinggroup:Waitlist,-3.669046,-3.669308,TRUE,has_direct(+indirect),Problem solving individual:TCAs,Problemsolvingindividual:TCAs,1,-2.620000000002065e-4,2.620000000002065e-4
Acupuncture,Sham acupuncture,Acupuncture:Sham acupuncture,Acupuncture:Shamacupuncture,-0.531807,-0.53198,TRUE,has_direct(+indirect),Problem solving individual:TCAs,Problemsolvingindividual:TCAs,1,-1.7299999999997873e-4,1.7299999999997873e-4
Cognitive and cognitive behavioural therapies individual,Self-help,Cognitive and cognitive behavioural therapies individual:Self-help,Cognitiveandcognitivebehaviouraltherapiesindividual:Self-help,-0.398416,-0.39856,TRUE,has_direct(+indirect),Problem solving individual:TCAs,Problemsolvingindividual:TCAs,1,-1.44000000000033e-4,1.44000000000033e-4
Exercise individual,No treatment,Exercise individual:No treatment,Exerciseindividual:Notreatment,-0.632998,-0.63314,TRUE,has_direct(+indirect),Problem solving individual:TCAs,Problemsolvingindividual:TCAs,1,-1.420000000000865e-4,1.420000000000865e-4
Cognitive and cognitive behavioural therapies individual,Waitlist,Cognitive and cognitive behavioural therapies individual:Waitlist,Cognitiveandcognitivebehaviouraltherapiesindividual:Waitlist,-1.827518,-1.826636,TRUE,has_direct(+indirect),Problem solving individual:Waitlist,Problemsolvingindividual:Waitlist,1,8.820000000000494e-4,8.820000000000494e-4
Acupuncture,SSRIs,Acupuncture:SSRIs,Acupuncture:SSRIs,-0.919457,-0.918896,TRUE,has_direct(+indirect),Problem solving individual:Waitlist,Problemsolvingindividual:Waitlist,1,5.609999999999227e-4,5.609999999999227e-4
Cognitive and cognitive behavioural therapies group,Waitlist,Cognitive and cognitive behavioural therapies group:Waitlist,Cognitiveandcognitivebehaviouraltherapiesgroup:Waitlist,-2.958528,-2.958071,TRUE,has_direct(+indirect),Problem solving individual:Waitlist,Problemsolvingindividual:Waitlist,1,4.569999999999297e-4,4.569999999999297e-4
Placebo,SNRIs,Placebo:SNRIs,Placebo:SNRIs,0.740949,0.740503,TRUE,has_direct(+indirect),Problem solving individual:Waitlist,Problemsolvingindividual:Waitlist,1,-4.459999999999464e-4,4.459999999999464e-4
Behavioural therapies individual,Cognitive and cognitive behavioural therapies individual,Behavioural therapies individual:Cognitive and cognitive behavioural therapies individual,Behaviouraltherapiesindividual:Cognitiveandcognitivebehaviouraltherapiesindividual,2.108881,2.108476,TRUE,has_direct(+indirect),Problem solving individual:Waitlist,Problemsolvingindividual:Waitlist,1,-4.0499999999976666e-4,4.0499999999976666e-4
Problem solving group,Waitlist,Problem solving group:Waitlist,Problemsolvinggroup:Waitlist,-3.669046,-3.668656,TRUE,has_direct(+indirect),Problem solving individual:Waitlist,Problemsolvingindividual:Waitlist,1,3.899999999998904e-4,3.899999999998904e-4
Acupuncture,Sham acupuncture,Acupuncture:Sham acupuncture,Acupuncture:Shamacupuncture,-0.531807,-0.531548,TRUE,has_direct(+indirect),Problem solving individual:Waitlist,Problemsolvingindividual:Waitlist,1,2.590000000000092e-4,2.590000000000092e-4
Cognitive and cognitive behavioural therapies individual,Self-help,Cognitive and cognitive behavioural therapies individual:Self-help,Cognitiveandcognitivebehaviouraltherapiesindividual:Self-help,-0.398416,-0.3982,TRUE,has_direct(+indirect),Problem solving individual:Waitlist,Problemsolvingindividual:Waitlist,1,2.1599999999999395e-4,2.1599999999999395e-4
Exercise individual,No treatment,Exercise individual:No treatment,Exerciseindividual:Notreatment,-0.632998,-0.632786,TRUE,has_direct(+indirect),Problem solving individual:Waitlist,Problemsolvingindividual:Waitlist,1,2.1199999999998995e-4,2.1199999999998995e-4
Counselling individual,Problem solving individual,Counselling individual:Problem solving individual,Counsellingindividual:Problemsolvingindividual,0.613477,0.613277,TRUE,has_direct(+indirect),Problem solving individual:Waitlist,Problemsolvingindividual:Waitlist,1,-2.00000000000089e-4,2.00000000000089e-4
Placebo,TCAs,Placebo:TCAs,Placebo:TCAs,0.585739,0.599258,TRUE,has_direct(+indirect),Relaxation individual + AD:Relaxation individual + placebo,Relaxationindividual+AD:Relaxationindividual+placebo,1,0.01351899999999994,0.01351899999999994
Cognitive and cognitive behavioural therapies individual,Waitlist,Cognitive and cognitive behavioural therapies individual:Waitlist,Cognitiveandcognitivebehaviouraltherapiesindividual:Waitlist,-1.827518,-1.827714,TRUE,has_direct(+indirect),Relaxation individual + AD:Relaxation individual + placebo,Relaxationindividual+AD:Relaxationindividual+placebo,1,-1.96000000000085e-4,1.96000000000085e-4
Acupuncture,SSRIs,Acupuncture:SSRIs,Acupuncture:SSRIs,-0.919457,-0.919582,TRUE,has_direct(+indirect),Relaxation individual + AD:Relaxation individual + placebo,Relaxationindividual+AD:Relaxationindividual+placebo,1,-1.2500000000004174e-4,1.2500000000004174e-4
Cognitive and cognitive behavioural therapies group,Waitlist,Cognitive and cognitive behavioural therapies group:Waitlist,Cognitiveandcognitivebehaviouraltherapiesgroup:Waitlist,-2.958528,-2.95863,TRUE,has_direct(+indirect),Relaxation individual + AD:Relaxation individual + placebo,Relaxationindividual+AD:Relaxationindividual+placebo,1,-1.020000000000465e-4,1.020000000000465e-4
Placebo,SNRIs,Placebo:SNRIs,Placebo:SNRIs,0.740949,0.741048,TRUE,has_direct(+indirect),Relaxation individual + AD:Relaxation individual + placebo,Relaxationindividual+AD:Relaxationindividual+placebo,1,9.900000000007124e-5,9.900000000007124e-5
Behavioural therapies individual,Cognitive and cognitive behavioural therapies individual,Behavioural therapies individual:Cognitive and cognitive behavioural therapies individual,Behaviouraltherapiesindividual:Cognitiveandcognitivebehaviouraltherapiesindividual,2.108881,2.108971,TRUE,has_direct(+indirect),Relaxation individual + AD:Relaxation individual + placebo,Relaxationindividual+AD:Relaxationindividual+placebo,1,9.000000000014552e-5,9.000000000014552e-5
Problem solving group,Waitlist,Problem solving group:Waitlist,Problemsolvinggroup:Waitlist,-3.669046,-3.669133,TRUE,has_direct(+indirect),Relaxation individual + AD:Relaxation individual + placebo,Relaxationindividual+AD:Relaxationindividual+placebo,1,-8.700000000017027e-5,8.700000000017027e-5
Acupuncture,Sham acupuncture,Acupuncture:Sham acupuncture,Acupuncture:Shamacupuncture,-0.531807,-0.531864,TRUE,has_direct(+indirect),Relaxation individual + AD:Relaxation individual + placebo,Relaxationindividual+AD:Relaxationindividual+placebo,1,-5.699999999997374e-5,5.699999999997374e-5
Cognitive and cognitive behavioural therapies individual,Self-help,Cognitive and cognitive behavioural therapies individual:Self-help,Cognitiveandcognitivebehaviouraltherapiesindividual:Self-help,-0.398416,-0.398464,TRUE,has_direct(+indirect),Relaxation individual + AD:Relaxation individual + placebo,Relaxationindividual+AD:Relaxationindividual+placebo,1,-4.799999999999249e-5,4.799999999999249e-5
Exercise individual,No treatment,Exercise individual:No treatment,Exerciseindividual:Notreatment,-0.632998,-0.633045,TRUE,has_direct(+indirect),Relaxation individual + AD:Relaxation individual + placebo,Relaxationindividual+AD:Relaxationindividual+placebo,1,-4.700000000001925e-5,4.700000000001925e-5
Placebo,TCAs,Placebo:TCAs,Placebo:TCAs,0.585739,0.599258,TRUE,has_direct(+indirect),Relaxation individual + AD:TCAs,Relaxationindividual+AD:TCAs,1,0.01351899999999994,0.01351899999999994
Cognitive and cognitive behavioural therapies individual,Waitlist,Cognitive and cognitive behavioural therapies individual:Waitlist,Cognitiveandcognitivebehaviouraltherapiesindividual:Waitlist,-1.827518,-1.827714,TRUE,has_direct(+indirect),Relaxation individual + AD:TCAs,Relaxationindividual+AD:TCAs,1,-1.96000000000085e-4,1.96000000000085e-4
Acupuncture,SSRIs,Acupuncture:SSRIs,Acupuncture:SSRIs,-0.919457,-0.919582,TRUE,has_direct(+indirect),Relaxation individual + AD:TCAs,Relaxationindividual+AD:TCAs,1,-1.2500000000004174e-4,1.2500000000004174e-4
Cognitive and cognitive behavioural therapies group,Waitlist,Cognitive and cognitive behavioural therapies group:Waitlist,Cognitiveandcognitivebehaviouraltherapiesgroup:Waitlist,-2.958528,-2.95863,TRUE,has_direct(+indirect),Relaxation individual + AD:TCAs,Relaxationindividual+AD:TCAs,1,-1.020000000000465e-4,1.020000000000465e-4
Placebo,SNRIs,Placebo:SNRIs,Placebo:SNRIs,0.740949,0.741048,TRUE,has_direct(+indirect),Relaxation individual + AD:TCAs,Relaxationindividual+AD:TCAs,1,9.900000000007124e-5,9.900000000007124e-5
Behavioural therapies individual,Cognitive and cognitive behavioural therapies individual,Behavioural therapies individual:Cognitive and cognitive behavioural therapies individual,Behaviouraltherapiesindividual:Cognitiveandcognitivebehaviouraltherapiesindividual,2.108881,2.108971,TRUE,has_direct(+indirect),Relaxation individual + AD:TCAs,Relaxationindividual+AD:TCAs,1,9.000000000014552e-5,9.000000000014552e-5
Problem solving group,Waitlist,Problem solving group:Waitlist,Problemsolvinggroup:Waitlist,-3.669046,-3.669133,TRUE,has_direct(+indirect),Relaxation individual + AD:TCAs,Relaxationindividual+AD:TCAs,1,-8.700000000017027e-5,8.700000000017027e-5
Acupuncture,Sham acupuncture,Acupuncture:Sham acupuncture,Acupuncture:Shamacupuncture,-0.531807,-0.531864,TRUE,has_direct(+indirect),Relaxation individual + AD:TCAs,Relaxationindividual+AD:TCAs,1,-5.699999999997374e-5,5.699999999997374e-5
Cognitive and cognitive behavioural therapies individual,Self-help,Cognitive and cognitive behavioural therapies individual:Self-help,Cognitiveandcognitivebehaviouraltherapiesindividual:Self-help,-0.398416,-0.398464,TRUE,has_direct(+indirect),Relaxation individual + AD:TCAs,Relaxationindividual+AD:TCAs,1,-4.799999999999249e-5,4.799999999999249e-5
Exercise individual,No treatment,Exercise individual:No treatment,Exerciseindividual:Notreatment,-0.632998,-0.633045,TRUE,has_direct(+indirect),Relaxation individual + AD:TCAs,Relaxationindividual+AD:TCAs,1,-4.700000000001925e-5,4.700000000001925e-5
Placebo,TCAs,Placebo:TCAs,Placebo:TCAs,0.585739,0.599258,TRUE,has_direct(+indirect),Relaxation individual + placebo:TCAs,Relaxationindividual+placebo:TCAs,1,0.01351899999999994,0.01351899999999994
Cognitive and cognitive behavioural therapies individual,Waitlist,Cognitive and cognitive behavioural therapies individual:Waitlist,Cognitiveandcognitivebehaviouraltherapiesindividual:Waitlist,-1.827518,-1.827714,TRUE,has_direct(+indirect),Relaxation individual + placebo:TCAs,Relaxationindividual+placebo:TCAs,1,-1.96000000000085e-4,1.96000000000085e-4
Acupuncture,SSRIs,Acupuncture:SSRIs,Acupuncture:SSRIs,-0.919457,-0.919582,TRUE,has_direct(+indirect),Relaxation individual + placebo:TCAs,Relaxationindividual+placebo:TCAs,1,-1.2500000000004174e-4,1.2500000000004174e-4
Cognitive and cognitive behavioural therapies group,Waitlist,Cognitive and cognitive behavioural therapies group:Waitlist,Cognitiveandcognitivebehaviouraltherapiesgroup:Waitlist,-2.958528,-2.95863,TRUE,has_direct(+indirect),Relaxation individual + placebo:TCAs,Relaxationindividual+placebo:TCAs,1,-1.020000000000465e-4,1.020000000000465e-4
Placebo,SNRIs,Placebo:SNRIs,Placebo:SNRIs,0.740949,0.741048,TRUE,has_direct(+indirect),Relaxation individual + placebo:TCAs,Relaxationindividual+placebo:TCAs,1,9.900000000007124e-5,9.900000000007124e-5
Behavioural therapies individual,Cognitive and cognitive behavioural therapies individual,Behavioural therapies individual:Cognitive and cognitive behavioural therapies individual,Behaviouraltherapiesindividual:Cognitiveandcognitivebehaviouraltherapiesindividual,2.108881,2.108971,TRUE,has_direct(+indirect),Relaxation individual + placebo:TCAs,Relaxationindividual+placebo:TCAs,1,9.000000000014552e-5,9.000000000014552e-5
Problem solving group,Waitlist,Problem solving group:Waitlist,Problemsolvinggroup:Waitlist,-3.669046,-3.669133,TRUE,has_direct(+indirect),Relaxation individual + placebo:TCAs,Relaxationindividual+placebo:TCAs,1,-8.700000000017027e-5,8.700000000017027e-5
Acupuncture,Sham acupuncture,Acupuncture:Sham acupuncture,Acupuncture:Shamacupuncture,-0.531807,-0.531864,TRUE,has_direct(+indirect),Relaxation individual + placebo:TCAs,Relaxationindividual+placebo:TCAs,1,-5.699999999997374e-5,5.699999999997374e-5
Cognitive and cognitive behavioural therapies individual,Self-help,Cognitive and cognitive behavioural therapies individual:Self-help,Cognitiveandcognitivebehaviouraltherapiesindividual:Self-help,-0.398416,-0.398464,TRUE,has_direct(+indirect),Relaxation individual + placebo:TCAs,Relaxationindividual+placebo:TCAs,1,-4.799999999999249e-5,4.799999999999249e-5
Exercise individual,No treatment,Exercise individual:No treatment,Exerciseindividual:Notreatment,-0.632998,-0.633045,TRUE,has_direct(+indirect),Relaxation individual + placebo:TCAs,Relaxationindividual+placebo:TCAs,1,-4.700000000001925e-5,4.700000000001925e-5
Placebo,SNRIs,Placebo:SNRIs,Placebo:SNRIs,0.740949,0.598623,TRUE,has_direct(+indirect),SNRIs:SSRIs,SNRIs:SSRIs,35,-0.14232599999999995,0.14232599999999995
Placebo,SSRIs,Placebo:SSRIs,Placebo:SSRIs,0.510398,0.575441,TRUE,has_direct(+indirect),SNRIs:SSRIs,SNRIs:SSRIs,35,0.06504299999999996,0.06504299999999996
Cognitive and cognitive behavioural therapies individual,Waitlist,Cognitive and cognitive behavioural therapies individual:Waitlist,Cognitiveandcognitivebehaviouraltherapiesindividual:Waitlist,-1.827518,-1.805608,TRUE,has_direct(+indirect),SNRIs:SSRIs,SNRIs:SSRIs,35,0.02190999999999987,0.02190999999999987
Acupuncture,SSRIs,Acupuncture:SSRIs,Acupuncture:SSRIs,-0.919457,-0.905135,TRUE,has_direct(+indirect),SNRIs:SSRIs,SNRIs:SSRIs,35,0.01432199999999994,0.01432199999999994
Cognitive and cognitive behavioural therapies group,Waitlist,Cognitive and cognitive behavioural therapies group:Waitlist,Cognitiveandcognitivebehaviouraltherapiesgroup:Waitlist,-2.958528,-2.947098,TRUE,has_direct(+indirect),SNRIs:SSRIs,SNRIs:SSRIs,35,0.01142999999999983,0.01142999999999983
Behavioural therapies individual,Cognitive and cognitive behavioural therapies individual,Behavioural therapies individual:Cognitive and cognitive behavioural therapies individual,Behaviouraltherapiesindividual:Cognitiveandcognitivebehaviouraltherapiesindividual,2.108881,2.098537,TRUE,has_direct(+indirect),SNRIs:SSRIs,SNRIs:SSRIs,35,-0.0103439999999999,0.0103439999999999
Problem solving group,Waitlist,Problem solving group:Waitlist,Problemsolvinggroup:Waitlist,-3.669046,-3.659269,TRUE,has_direct(+indirect),SNRIs:SSRIs,SNRIs:SSRIs,35,0.0097769999999997,0.0097769999999997
Acupuncture,Sham acupuncture,Acupuncture:Sham acupuncture,Acupuncture:Shamacupuncture,-0.531807,-0.525154,TRUE,has_direct(+indirect),SNRIs:SSRIs,SNRIs:SSRIs,35,0.00665300000000002,0.00665300000000002
Cognitive and cognitive behavioural therapies individual,Self-help,Cognitive and cognitive behavioural therapies individual:Self-help,Cognitiveandcognitivebehaviouraltherapiesindividual:Self-help,-0.398416,-0.392791,TRUE,has_direct(+indirect),SNRIs:SSRIs,SNRIs:SSRIs,35,0.00562499999999999,0.00562499999999999
Exercise individual,No treatment,Exercise individual:No treatment,Exerciseindividual:Notreatment,-0.632998,-0.627607,TRUE,has_direct(+indirect),SNRIs:SSRIs,SNRIs:SSRIs,35,0.00539099999999992,0.00539099999999992
SNRIs,Trazodone,SNRIs:Trazodone,SNRIs:Trazodone,-0.373764,-0.268792,TRUE,has_direct(+indirect),SNRIs:TCAs,SNRIs:TCAs,7,0.104972,0.104972
TCAs,Trazodone,TCAs:Trazodone,TCAs:Trazodone,-0.638707,-0.730946,TRUE,has_direct(+indirect),SNRIs:TCAs,SNRIs:TCAs,7,-0.09223899999999996,0.09223899999999996
Placebo,TCAs,Placebo:TCAs,Placebo:TCAs,0.585739,0.597525,TRUE,has_direct(+indirect),SNRIs:TCAs,SNRIs:TCAs,7,0.01178599999999996,0.01178599999999996
Placebo,SNRIs,Placebo:SNRIs,Placebo:SNRIs,0.740949,0.748476,TRUE,has_direct(+indirect),SNRIs:TCAs,SNRIs:TCAs,7,0.00752700000000006,0.00752700000000006
Cognitive and cognitive behavioural therapies individual,Waitlist,Cognitive and cognitive behavioural therapies individual:Waitlist,Cognitiveandcognitivebehaviouraltherapiesindividual:Waitlist,-1.827518,-1.831717,TRUE,has_direct(+indirect),SNRIs:TCAs,SNRIs:TCAs,7,-0.00419900000000006,0.00419900000000006
Acupuncture,SSRIs,Acupuncture:SSRIs,Acupuncture:SSRIs,-0.919457,-0.922113,TRUE,has_direct(+indirect),SNRIs:TCAs,SNRIs:TCAs,7,-0.00265599999999999,0.00265599999999999
Cognitive and cognitive behavioural therapies group,Waitlist,Cognitive and cognitive behavioural therapies group:Waitlist,Cognitiveandcognitivebehaviouraltherapiesgroup:Waitlist,-2.958528,-2.960702,TRUE,has_direct(+indirect),SNRIs:TCAs,SNRIs:TCAs,7,-0.00217400000000012,0.00217400000000012
Behavioural therapies individual,Cognitive and cognitive behavioural therapies individual,Behavioural therapies individual:Cognitive and cognitive behavioural therapies individual,Behaviouraltherapiesindividual:Cognitiveandcognitivebehaviouraltherapiesindividual,2.108881,2.110797,TRUE,has_direct(+indirect),SNRIs:TCAs,SNRIs:TCAs,7,0.00191600000000002,0.00191600000000002
Problem solving group,Waitlist,Problem solving group:Waitlist,Problemsolvinggroup:Waitlist,-3.669046,-3.670902,TRUE,has_direct(+indirect),SNRIs:TCAs,SNRIs:TCAs,7,-0.00185600000000007,0.00185600000000007
Acupuncture,Sham acupuncture,Acupuncture:Sham acupuncture,Acupuncture:Shamacupuncture,-0.531807,-0.533031,TRUE,has_direct(+indirect),SNRIs:TCAs,SNRIs:TCAs,7,-0.001224,0.001224
TCAs,Trazodone,TCAs:Trazodone,TCAs:Trazodone,-0.638707,-0.730946,TRUE,has_direct(+indirect),SNRIs:Trazodone,SNRIs:Trazodone,2,-0.09223899999999996,0.09223899999999996
Cognitive and cognitive behavioural therapies individual,Waitlist,Cognitive and cognitive behavioural therapies individual:Waitlist,Cognitiveandcognitivebehaviouraltherapiesindividual:Waitlist,-1.827518,-1.829553,TRUE,has_direct(+indirect),SNRIs:Trazodone,SNRIs:Trazodone,2,-0.002035,0.002035
Acupuncture,SSRIs,Acupuncture:SSRIs,Acupuncture:SSRIs,-0.919457,-0.920748,TRUE,has_direct(+indirect),SNRIs:Trazodone,SNRIs:Trazodone,2,-0.00129100000000004,0.00129100000000004
Cognitive and cognitive behavioural therapies group,Waitlist,Cognitive and cognitive behavioural therapies group:Waitlist,Cognitiveandcognitivebehaviouraltherapiesgroup:Waitlist,-2.958528,-2.959583,TRUE,has_direct(+indirect),SNRIs:Trazodone,SNRIs:Trazodone,2,-0.00105500000000002,0.00105500000000002
Placebo,SNRIs,Placebo:SNRIs,Placebo:SNRIs,0.740949,0.741979,TRUE,has_direct(+indirect),SNRIs:Trazodone,SNRIs:Trazodone,2,0.00103000000000008,0.00103000000000008
Behavioural therapies individual,Cognitive and cognitive behavioural therapies individual,Behavioural therapies individual:Cognitive and cognitive behavioural therapies individual,Behaviouraltherapiesindividual:Cognitiveandcognitivebehaviouraltherapiesindividual,2.108881,2.109812,TRUE,has_direct(+indirect),SNRIs:Trazodone,SNRIs:Trazodone,2,9.310000000000151e-4,9.310000000000151e-4
Problem solving group,Waitlist,Problem solving group:Waitlist,Problemsolvinggroup:Waitlist,-3.669046,-3.669946,TRUE,has_direct(+indirect),SNRIs:Trazodone,SNRIs:Trazodone,2,-9.000000000001229e-4,9.000000000001229e-4
Acupuncture,Sham acupuncture,Acupuncture:Sham acupuncture,Acupuncture:Shamacupuncture,-0.531807,-0.532402,TRUE,has_direct(+indirect),SNRIs:Trazodone,SNRIs:Trazodone,2,-5.950000000000122e-4,5.950000000000122e-4
Cognitive and cognitive behavioural therapies individual,Self-help,Cognitive and cognitive behavioural therapies individual:Self-help,Cognitiveandcognitivebehaviouraltherapiesindividual:Self-help,-0.398416,-0.39891,TRUE,has_direct(+indirect),SNRIs:Trazodone,SNRIs:Trazodone,2,-4.939999999999944e-4,4.939999999999944e-4
Exercise individual,No treatment,Exercise individual:No treatment,Exerciseindividual:Notreatment,-0.632998,-0.633486,TRUE,has_direct(+indirect),SNRIs:Trazodone,SNRIs:Trazodone,2,-4.880000000000439e-4,4.880000000000439e-4
Cognitive and cognitive behavioural therapies individual + AD,SSRIs,Cognitive and cognitive behavioural therapies individual + AD:SSRIs,Cognitiveandcognitivebehaviouraltherapiesindividual+AD:SSRIs,-0.337419,-0.163821,TRUE,has_direct(+indirect),SSRIs:TAU,SSRIs:TAU,1,0.17359800000000003,0.17359800000000003
Cognitive and cognitive behavioural therapies individual,Cognitive and cognitive behavioural therapies individual + AD,Cognitive and cognitive behavioural therapies individual:Cognitive and cognitive behavioural therapies individual + AD,Cognitiveandcognitivebehaviouraltherapiesindividual:Cognitiveandcognitivebehaviouraltherapiesindividual+AD,0.189697,0.264317,TRUE,has_direct(+indirect),SSRIs:TAU,SSRIs:TAU,1,0.07462000000000002,0.07462000000000002
Cognitive and cognitive behavioural therapies individual,SSRIs,Cognitive and cognitive behavioural therapies individual:SSRIs,Cognitiveandcognitivebehaviouraltherapiesindividual:SSRIs,-0.463198,-0.450857,TRUE,has_direct(+indirect),SSRIs:TAU,SSRIs:TAU,1,0.012340999999999991,0.012340999999999991
Cognitive and cognitive behavioural therapies individual,TAU,Cognitive and cognitive behavioural therapies individual:TAU,Cognitiveandcognitivebehaviouraltherapiesindividual:TAU,-0.298912,-0.288812,TRUE,has_direct(+indirect),SSRIs:TAU,SSRIs:TAU,1,0.01009999999999999,0.01009999999999999
Cognitive and cognitive behavioural therapies individual,Waitlist,Cognitive and cognitive behavioural therapies individual:Waitlist,Cognitiveandcognitivebehaviouraltherapiesindividual:Waitlist,-1.827518,-1.828136,TRUE,has_direct(+indirect),SSRIs:TAU,SSRIs:TAU,1,-6.180000000000074e-4,6.180000000000074e-4
Acupuncture,SSRIs,Acupuncture:SSRIs,Acupuncture:SSRIs,-0.919457,-0.91985,TRUE,has_direct(+indirect),SSRIs:TAU,SSRIs:TAU,1,-3.929999999999767e-4,3.929999999999767e-4
Cognitive and cognitive behavioural therapies group,Waitlist,Cognitive and cognitive behavioural therapies group:Waitlist,Cognitiveandcognitivebehaviouraltherapiesgroup:Waitlist,-2.958528,-2.958849,TRUE,has_direct(+indirect),SSRIs:TAU,SSRIs:TAU,1,-3.210000000000157e-4,3.210000000000157e-4
Placebo,SNRIs,Placebo:SNRIs,Placebo:SNRIs,0.740949,0.741262,TRUE,has_direct(+indirect),SSRIs:TAU,SSRIs:TAU,1,3.130000000000077e-4,3.130000000000077e-4
Behavioural therapies individual,Cognitive and cognitive behavioural therapies individual,Behavioural therapies individual:Cognitive and cognitive behavioural therapies individual,Behaviouraltherapiesindividual:Cognitiveandcognitivebehaviouraltherapiesindividual,2.108881,2.109165,TRUE,has_direct(+indirect),SSRIs:TAU,SSRIs:TAU,1,2.84000000000173e-4,2.84000000000173e-4
Problem solving group,Waitlist,Problem solving group:Waitlist,Problemsolvinggroup:Waitlist,-3.669046,-3.66932,TRUE,has_direct(+indirect),SSRIs:TAU,SSRIs:TAU,1,-2.740000000001075e-4,2.740000000001075e-4
Placebo,TCAs,Placebo:TCAs,Placebo:TCAs,0.585739,0.619057,TRUE,has_direct(+indirect),SSRIs:TCAs,SSRIs:TCAs,37,0.03331799999999996,0.03331799999999996
Cognitive and cognitive behavioural therapies individual,Waitlist,Cognitive and cognitive behavioural therapies individual:Waitlist,Cognitiveandcognitivebehaviouraltherapiesindividual:Waitlist,-1.827518,-1.846851,TRUE,has_direct(+indirect),SSRIs:TCAs,SSRIs:TCAs,37,-0.01933300000000004,0.01933300000000004
Acupuncture,SSRIs,Acupuncture:SSRIs,Acupuncture:SSRIs,-0.919457,-0.931459,TRUE,has_direct(+indirect),SSRIs:TCAs,SSRIs:TCAs,37,-0.01200200000000006,0.01200200000000006
Cognitive and cognitive behavioural therapies group,Waitlist,Cognitive and cognitive behavioural therapies group:Waitlist,Cognitiveandcognitivebehaviouraltherapiesgroup:Waitlist,-2.958528,-2.968493,TRUE,has_direct(+indirect),SSRIs:TCAs,SSRIs:TCAs,37,-0.00996500000000022,0.00996500000000022
Placebo,SNRIs,Placebo:SNRIs,Placebo:SNRIs,0.740949,0.750791,TRUE,has_direct(+indirect),SSRIs:TCAs,SSRIs:TCAs,37,0.00984200000000001,0.00984200000000001
Behavioural therapies individual,Cognitive and cognitive behavioural therapies individual,Behavioural therapies individual:Cognitive and cognitive behavioural therapies individual,Behaviouraltherapiesindividual:Cognitiveandcognitivebehaviouraltherapiesindividual,2.108881,2.117531,TRUE,has_direct(+indirect),SSRIs:TCAs,SSRIs:TCAs,37,0.00865000000000026,0.00865000000000026
Problem solving group,Waitlist,Problem solving group:Waitlist,Problemsolvinggroup:Waitlist,-3.669046,-3.677544,TRUE,has_direct(+indirect),SSRIs:TCAs,SSRIs:TCAs,37,-0.00849800000000033,0.00849800000000033
Placebo,SSRIs,Placebo:SSRIs,Placebo:SSRIs,0.510398,0.518445,TRUE,has_direct(+indirect),SSRIs:TCAs,SSRIs:TCAs,37,0.00804700000000002,0.00804700000000002
Acupuncture,Sham acupuncture,Acupuncture:Sham acupuncture,Acupuncture:Shamacupuncture,-0.531807,-0.537317,TRUE,has_direct(+indirect),SSRIs:TCAs,SSRIs:TCAs,37,-0.00551000000000001,0.00551000000000001
Exercise individual,No treatment,Exercise individual:No treatment,Exerciseindividual:Notreatment,-0.632998,-0.637552,TRUE,has_direct(+indirect),SSRIs:TCAs,SSRIs:TCAs,37,-0.00455400000000005,0.00455400000000005
Cognitive and cognitive behavioural therapies individual,Waitlist,Cognitive and cognitive behavioural therapies individual:Waitlist,Cognitiveandcognitivebehaviouraltherapiesindividual:Waitlist,-1.827518,-1.830137,TRUE,has_direct(+indirect),SSRIs:Trazodone,SSRIs:Trazodone,6,-0.00261899999999992,0.00261899999999992
Acupuncture,SSRIs,Acupuncture:SSRIs,Acupuncture:SSRIs,-0.919457,-0.921117,TRUE,has_direct(+indirect),SSRIs:Trazodone,SSRIs:Trazodone,6,-0.00165999999999999,0.00165999999999999
Cognitive and cognitive behavioural therapies group,Waitlist,Cognitive and cognitive behavioural therapies group:Waitlist,Cognitiveandcognitivebehaviouraltherapiesgroup:Waitlist,-2.958528,-2.959885,TRUE,has_direct(+indirect),SSRIs:Trazodone,SSRIs:Trazodone,6,-0.00135700000000005,0.00135700000000005
Placebo,SNRIs,Placebo:SNRIs,Placebo:SNRIs,0.740949,0.742275,TRUE,has_direct(+indirect),SSRIs:Trazodone,SSRIs:Trazodone,6,0.00132600000000004,0.00132600000000004
Behavioural therapies individual,Cognitive and cognitive behavioural therapies individual,Behavioural therapies individual:Cognitive and cognitive behavioural therapies individual,Behaviouraltherapiesindividual:Cognitiveandcognitivebehaviouraltherapiesindividual,2.108881,2.110078,TRUE,has_direct(+indirect),SSRIs:Trazodone,SSRIs:Trazodone,6,0.00119700000000033,0.00119700000000033
Problem solving group,Waitlist,Problem solving group:Waitlist,Problemsolvinggroup:Waitlist,-3.669046,-3.670204,TRUE,has_direct(+indirect),SSRIs:Trazodone,SSRIs:Trazodone,6,-0.00115800000000021,0.00115800000000021
Acupuncture,Sham acupuncture,Acupuncture:Sham acupuncture,Acupuncture:Shamacupuncture,-0.531807,-0.532572,TRUE,has_direct(+indirect),SSRIs:Trazodone,SSRIs:Trazodone,6,-7.650000000000157e-4,7.650000000000157e-4
Cognitive and cognitive behavioural therapies individual,Self-help,Cognitive and cognitive behavioural therapies individual:Self-help,Cognitiveandcognitivebehaviouraltherapiesindividual:Self-help,-0.398416,-0.399051,TRUE,has_direct(+indirect),SSRIs:Trazodone,SSRIs:Trazodone,6,-6.349999999999967e-4,6.349999999999967e-4
Exercise individual,No treatment,Exercise individual:No treatment,Exerciseindividual:Notreatment,-0.632998,-0.633626,TRUE,has_direct(+indirect),SSRIs:Trazodone,SSRIs:Trazodone,6,-6.280000000000729e-4,6.280000000000729e-4
Counselling individual,Problem solving individual,Counselling individual:Problem solving individual,Counsellingindividual:Problemsolvingindividual,0.613477,0.614068,TRUE,has_direct(+indirect),SSRIs:Trazodone,SSRIs:Trazodone,6,5.909999999998972e-4,5.909999999998972e-4
Cognitive and cognitive behavioural therapies individual,Short-term psychodynamic psychotherapies individual,Cognitive and cognitive behavioural therapies individual:Short-term psychodynamic psychotherapies individual,Cognitiveandcognitivebehaviouraltherapiesindividual:Short-termpsychodynamicpsychotherapiesindividual,0.048663,-0.164771,TRUE,has_direct(+indirect),Self-help with support:Short-term psychodynamic psychotherapies individual,Self-helpwithsupport:Short-termpsychodynamicpsychotherapiesindividual,1,-0.213434,0.213434
Cognitive and cognitive behavioural therapies individual,Self-help with support,Cognitive and cognitive behavioural therapies individual:Self-help with support,Cognitiveandcognitivebehaviouraltherapiesindividual:Self-helpwithsupport,-0.082025,-0.002166,TRUE,has_direct(+indirect),Self-help with support:Short-term psychodynamic psychotherapies individual,Self-helpwithsupport:Short-termpsychodynamicpsychotherapiesindividual,1,0.079859,0.079859
Cognitive and cognitive behavioural therapies individual,Waitlist,Cognitive and cognitive behavioural therapies individual:Waitlist,Cognitiveandcognitivebehaviouraltherapiesindividual:Waitlist,-1.827518,-1.827817,TRUE,has_direct(+indirect),Self-help with support:Short-term psychodynamic psychotherapies individual,Self-helpwithsupport:Short-termpsychodynamicpsychotherapiesindividual,1,-2.990000000000492e-4,2.990000000000492e-4
Acupuncture,SSRIs,Acupuncture:SSRIs,Acupuncture:SSRIs,-0.919457,-0.919647,TRUE,has_direct(+indirect),Self-help with support:Short-term psychodynamic psychotherapies individual,Self-helpwithsupport:Short-termpsychodynamicpsychotherapiesindividual,1,-1.9000000000002348e-4,1.9000000000002348e-4
Cognitive and cognitive behavioural therapies group,Waitlist,Cognitive and cognitive behavioural therapies group:Waitlist,Cognitiveandcognitivebehaviouraltherapiesgroup:Waitlist,-2.958528,-2.958683,TRUE,has_direct(+indirect),Self-help with support:Short-term psychodynamic psychotherapies individual,Self-helpwithsupport:Short-termpsychodynamicpsychotherapiesindividual,1,-1.550000000003493e-4,1.550000000003493e-4
Placebo,SNRIs,Placebo:SNRIs,Placebo:SNRIs,0.740949,0.7411,TRUE,has_direct(+indirect),Self-help with support:Short-term psychodynamic psychotherapies individual,Self-helpwithsupport:Short-termpsychodynamicpsychotherapiesindividual,1,1.5100000000001224e-4,1.5100000000001224e-4
Behavioural therapies individual,Cognitive and cognitive behavioural therapies individual,Behavioural therapies individual:Cognitive and cognitive behavioural therapies individual,Behaviouraltherapiesindividual:Cognitiveandcognitivebehaviouraltherapiesindividual,2.108881,2.109018,TRUE,has_direct(+indirect),Self-help with support:Short-term psychodynamic psychotherapies individual,Self-helpwithsupport:Short-termpsychodynamicpsychotherapiesindividual,1,1.3700000000005377e-4,1.3700000000005377e-4
Problem solving group,Waitlist,Problem solving group:Waitlist,Problemsolvinggroup:Waitlist,-3.669046,-3.669179,TRUE,has_direct(+indirect),Self-help with support:Short-term psychodynamic psychotherapies individual,Self-helpwithsupport:Short-termpsychodynamicpsychotherapiesindividual,1,-1.330000000003828e-4,1.330000000003828e-4
Acupuncture,Sham acupuncture,Acupuncture:Sham acupuncture,Acupuncture:Shamacupuncture,-0.531807,-0.531894,TRUE,has_direct(+indirect),Self-help with support:Short-term psychodynamic psychotherapies individual,Self-helpwithsupport:Short-termpsychodynamicpsychotherapiesindividual,1,-8.699999999994823e-5,8.699999999994823e-5
Cognitive and cognitive behavioural therapies individual,Self-help,Cognitive and cognitive behavioural therapies individual:Self-help,Cognitiveandcognitivebehaviouraltherapiesindividual:Self-help,-0.398416,-0.398489,TRUE,has_direct(+indirect),Self-help with support:Short-term psychodynamic psychotherapies individual,Self-helpwithsupport:Short-termpsychodynamicpsychotherapiesindividual,1,-7.299999999998974e-5,7.299999999998974e-5
Cognitive and cognitive behavioural therapies group,Waitlist,Cognitive and cognitive behavioural therapies group:Waitlist,Cognitiveandcognitivebehaviouraltherapiesgroup:Waitlist,-2.958528,-4.016269,TRUE,has_direct(+indirect),Self-help with support:Waitlist,Self-helpwithsupport:Waitlist,4,-1.0577410000000005,1.0577410000000005
Cognitive and cognitive behavioural therapies individual,Waitlist,Cognitive and cognitive behavioural therapies individual:Waitlist,Cognitiveandcognitivebehaviouraltherapiesindividual:Waitlist,-1.827518,-2.342172,TRUE,has_direct(+indirect),Self-help with support:Waitlist,Self-helpwithsupport:Waitlist,4,-0.5146540000000002,0.5146540000000002
Self-help,Waitlist,Self-help:Waitlist,Self-help:Waitlist,-1.593253,-1.663229,TRUE,has_direct(+indirect),Self-help with support:Waitlist,Self-helpwithsupport:Waitlist,4,-0.06997600000000004,0.06997600000000004
Cognitive and cognitive behavioural therapies individual,Self-help with support,Cognitive and cognitive behavioural therapies individual:Self-help with support,Cognitiveandcognitivebehaviouraltherapiesindividual:Self-helpwithsupport,-0.082025,-0.062535,TRUE,has_direct(+indirect),Self-help with support:Waitlist,Self-helpwithsupport:Waitlist,4,0.01949,0.01949
Acupuncture,SSRIs,Acupuncture:SSRIs,Acupuncture:SSRIs,-0.919457,-0.919365,TRUE,has_direct(+indirect),Self-help with support:Waitlist,Self-helpwithsupport:Waitlist,4,9.1999999999981e-5,9.1999999999981e-5
Placebo,SNRIs,Placebo:SNRIs,Placebo:SNRIs,0.740949,0.740876,TRUE,has_direct(+indirect),Self-help with support:Waitlist,Self-helpwithsupport:Waitlist,4,-7.299999999998974e-5,7.299999999998974e-5
Behavioural therapies individual,Cognitive and cognitive behavioural therapies individual,Behavioural therapies individual:Cognitive and cognitive behavioural therapies individual,Behaviouraltherapiesindividual:Cognitiveandcognitivebehaviouraltherapiesindividual,2.108881,2.108815,TRUE,has_direct(+indirect),Self-help with support:Waitlist,Self-helpwithsupport:Waitlist,4,-6.599999999989947e-5,6.599999999989947e-5
Problem solving group,Waitlist,Problem solving group:Waitlist,Problemsolvinggroup:Waitlist,-3.669046,-3.668982,TRUE,has_direct(+indirect),Self-help with support:Waitlist,Self-helpwithsupport:Waitlist,4,6.399999999961992e-5,6.399999999961992e-5
Acupuncture,Sham acupuncture,Acupuncture:Sham acupuncture,Acupuncture:Shamacupuncture,-0.531807,-0.531764,TRUE,has_direct(+indirect),Self-help with support:Waitlist,Self-helpwithsupport:Waitlist,4,4.300000000001525e-5,4.300000000001525e-5
Cognitive and cognitive behavioural therapies individual,Self-help,Cognitive and cognitive behavioural therapies individual:Self-help,Cognitiveandcognitivebehaviouraltherapiesindividual:Self-help,-0.398416,-0.398381,TRUE,has_direct(+indirect),Self-help with support:Waitlist,Self-helpwithsupport:Waitlist,4,3.500000000000725e-5,3.500000000000725e-5
Cognitive and cognitive behavioural therapies group,Waitlist,Cognitive and cognitive behavioural therapies group:Waitlist,Cognitiveandcognitivebehaviouraltherapiesgroup:Waitlist,-2.958528,-4.016269,TRUE,has_direct(+indirect),Self-help:Self-help with support,Self-help:Self-helpwithsupport,1,-1.0577410000000005,1.0577410000000005
Self-help,Waitlist,Self-help:Waitlist,Self-help:Waitlist,-1.593253,-1.663142,TRUE,has_direct(+indirect),Self-help:Self-help with support,Self-help:Self-helpwithsupport,1,-0.06988899999999987,0.06988899999999987
Self-help with support,Waitlist,Self-help with support:Waitlist,Self-helpwithsupport:Waitlist,-1.374967,-1.377598,TRUE,has_direct(+indirect),Self-help:Self-help with support,Self-help:Self-helpwithsupport,1,-0.00263100000000005,0.00263100000000005
Cognitive and cognitive behavioural therapies individual,Waitlist,Cognitive and cognitive behavioural therapies individual:Waitlist,Cognitiveandcognitivebehaviouraltherapiesindividual:Waitlist,-1.827518,-1.827092,TRUE,has_direct(+indirect),Self-help:Self-help with support,Self-help:Self-helpwithsupport,1,4.2600000000003746e-4,4.2600000000003746e-4
Acupuncture,SSRIs,Acupuncture:SSRIs,Acupuncture:SSRIs,-0.919457,-0.919186,TRUE,has_direct(+indirect),Self-help:Self-help with support,Self-help:Self-helpwithsupport,1,2.710000000000212e-4,2.710000000000212e-4
Placebo,SNRIs,Placebo:SNRIs,Placebo:SNRIs,0.740949,0.740734,TRUE,has_direct(+indirect),Self-help:Self-help with support,Self-help:Self-helpwithsupport,1,-2.149999999999652e-4,2.149999999999652e-4
Behavioural therapies individual,Cognitive and cognitive behavioural therapies individual,Behavioural therapies individual:Cognitive and cognitive behavioural therapies individual,Behaviouraltherapiesindividual:Cognitiveandcognitivebehaviouraltherapiesindividual,2.108881,2.108686,TRUE,has_direct(+indirect),Self-help:Self-help with support,Self-help:Self-helpwithsupport,1,-1.9499999999972317e-4,1.9499999999972317e-4
Problem solving group,Waitlist,Problem solving group:Waitlist,Problemsolvinggroup:Waitlist,-3.669046,-3.668858,TRUE,has_direct(+indirect),Self-help:Self-help with support,Self-help:Self-helpwithsupport,1,1.879999999996329e-4,1.879999999996329e-4
Acupuncture,Sham acupuncture,Acupuncture:Sham acupuncture,Acupuncture:Shamacupuncture,-0.531807,-0.531682,TRUE,has_direct(+indirect),Self-help:Self-help with support,Self-help:Self-helpwithsupport,1,1.2500000000004174e-4,1.2500000000004174e-4
Cognitive and cognitive behavioural therapies individual,Self-help,Cognitive and cognitive behavioural therapies individual:Self-help,Cognitiveandcognitivebehaviouraltherapiesindividual:Self-help,-0.398416,-0.398312,TRUE,has_direct(+indirect),Self-help:Self-help with support,Self-help:Self-helpwithsupport,1,1.03999999999993e-4,1.03999999999993e-4
Cognitive and cognitive behavioural therapies group,Waitlist,Cognitive and cognitive behavioural therapies group:Waitlist,Cognitiveandcognitivebehaviouraltherapiesgroup:Waitlist,-2.958528,-4.016269,TRUE,has_direct(+indirect),Self-help:Waitlist,Self-help:Waitlist,5,-1.0577410000000005,1.0577410000000005
Self-help with support,Waitlist,Self-help with support:Waitlist,Self-helpwithsupport:Waitlist,-1.374967,-1.377599,TRUE,has_direct(+indirect),Self-help:Waitlist,Self-help:Waitlist,5,-0.00263199999999996,0.00263199999999996
Cognitive and cognitive behavioural therapies individual,Waitlist,Cognitive and cognitive behavioural therapies individual:Waitlist,Cognitiveandcognitivebehaviouraltherapiesindividual:Waitlist,-1.827518,-1.827073,TRUE,has_direct(+indirect),Self-help:Waitlist,Self-help:Waitlist,5,4.450000000000287e-4,4.450000000000287e-4
Acupuncture,SSRIs,Acupuncture:SSRIs,Acupuncture:SSRIs,-0.919457,-0.919174,TRUE,has_direct(+indirect),Self-help:Waitlist,Self-help:Waitlist,5,2.829999999999222e-4,2.829999999999222e-4
Placebo,SNRIs,Placebo:SNRIs,Placebo:SNRIs,0.740949,0.740724,TRUE,has_direct(+indirect),Self-help:Waitlist,Self-help:Waitlist,5,-2.249999999999197e-4,2.249999999999197e-4
Behavioural therapies individual,Cognitive and cognitive behavioural therapies individual,Behavioural therapies individual:Cognitive and cognitive behavioural therapies individual,Behaviouraltherapiesindividual:Cognitiveandcognitivebehaviouraltherapiesindividual,2.108881,2.108677,TRUE,has_direct(+indirect),Self-help:Waitlist,Self-help:Waitlist,5,-2.039999999996489e-4,2.039999999996489e-4
Problem solving group,Waitlist,Problem solving group:Waitlist,Problemsolvinggroup:Waitlist,-3.669046,-3.668849,TRUE,has_direct(+indirect),Self-help:Waitlist,Self-help:Waitlist,5,1.9700000000000273e-4,1.9700000000000273e-4
Acupuncture,Sham acupuncture,Acupuncture:Sham acupuncture,Acupuncture:Shamacupuncture,-0.531807,-0.531676,TRUE,has_direct(+indirect),Self-help:Waitlist,Self-help:Waitlist,5,1.3099999999999223e-4,1.3099999999999223e-4
Cognitive and cognitive behavioural therapies individual,Self-help,Cognitive and cognitive behavioural therapies individual:Self-help,Cognitiveandcognitivebehaviouraltherapiesindividual:Self-help,-0.398416,-0.398307,TRUE,has_direct(+indirect),Self-help:Waitlist,Self-help:Waitlist,5,1.0899999999997025e-4,1.0899999999997025e-4
Exercise individual,No treatment,Exercise individual:No treatment,Exerciseindividual:Notreatment,-0.632998,-0.632891,TRUE,has_direct(+indirect),Self-help:Waitlist,Self-help:Waitlist,5,1.0699999999996825e-4,1.0699999999996825e-4
Acupuncture,Sham acupuncture,Acupuncture:Sham acupuncture,Acupuncture:Shamacupuncture,-0.531807,-0.749834,TRUE,has_direct(+indirect),Sham acupuncture:Waitlist,Shamacupuncture:Waitlist,1,-0.21802699999999997,0.21802699999999997
Cognitive and cognitive behavioural therapies individual,Waitlist,Cognitive and cognitive behavioural therapies individual:Waitlist,Cognitiveandcognitivebehaviouraltherapiesindividual:Waitlist,-1.827518,-1.826727,TRUE,has_direct(+indirect),Sham acupuncture:Waitlist,Shamacupuncture:Waitlist,1,7.909999999999862e-4,7.909999999999862e-4
Acupuncture,SSRIs,Acupuncture:SSRIs,Acupuncture:SSRIs,-0.919457,-0.918954,TRUE,has_direct(+indirect),Sham acupuncture:Waitlist,Shamacupuncture:Waitlist,1,5.029999999999202e-4,5.029999999999202e-4
Cognitive and cognitive behavioural therapies group,Waitlist,Cognitive and cognitive behavioural therapies group:Waitlist,Cognitiveandcognitivebehaviouraltherapiesgroup:Waitlist,-2.958528,-2.958118,TRUE,has_direct(+indirect),Sham acupuncture:Waitlist,Shamacupuncture:Waitlist,1,4.1000000000002146e-4,4.1000000000002146e-4
Placebo,SNRIs,Placebo:SNRIs,Placebo:SNRIs,0.740949,0.740549,TRUE,has_direct(+indirect),Sham acupuncture:Waitlist,Shamacupuncture:Waitlist,1,-3.9999999999995595e-4,3.9999999999995595e-4
Behavioural therapies individual,Cognitive and cognitive behavioural therapies individual,Behavioural therapies individual:Cognitive and cognitive behavioural therapies individual,Behaviouraltherapiesindividual:Cognitiveandcognitivebehaviouraltherapiesindividual,2.108881,2.108518,TRUE,has_direct(+indirect),Sham acupuncture:Waitlist,Shamacupuncture:Waitlist,1,-3.6299999999966914e-4,3.6299999999966914e-4
Problem solving group,Waitlist,Problem solving group:Waitlist,Problemsolvinggroup:Waitlist,-3.669046,-3.668696,TRUE,has_direct(+indirect),Sham acupuncture:Waitlist,Shamacupuncture:Waitlist,1,3.499999999996284e-4,3.499999999996284e-4
Cognitive and cognitive behavioural therapies individual,Self-help,Cognitive and cognitive behavioural therapies individual:Self-help,Cognitiveandcognitivebehaviouraltherapiesindividual:Self-help,-0.398416,-0.398222,TRUE,has_direct(+indirect),Sham acupuncture:Waitlist,Shamacupuncture:Waitlist,1,1.9399999999997197e-4,1.9399999999997197e-4
Exercise individual,No treatment,Exercise individual:No treatment,Exerciseindividual:Notreatment,-0.632998,-0.632808,TRUE,has_direct(+indirect),Sham acupuncture:Waitlist,Shamacupuncture:Waitlist,1,1.899999999999125e-4,1.899999999999125e-4
Counselling individual,Problem solving individual,Counselling individual:Problem solving individual,Counsellingindividual:Problemsolvingindividual,0.613477,0.613298,TRUE,has_direct(+indirect),Sham acupuncture:Waitlist,Shamacupuncture:Waitlist,1,-1.7900000000004024e-4,1.7900000000004024e-4
Cognitive and cognitive behavioural therapies individual,Waitlist,Cognitive and cognitive behavioural therapies individual:Waitlist,Cognitiveandcognitivebehaviouraltherapiesindividual:Waitlist,-1.827518,-1.827742,TRUE,has_direct(+indirect),Short-term psychodynamic psychotherapies individual:SSRIs,Short-termpsychodynamicpsychotherapiesindividual:SSRIs,1,-2.24000000000002e-4,2.24000000000002e-4
Acupuncture,SSRIs,Acupuncture:SSRIs,Acupuncture:SSRIs,-0.919457,-0.9196,TRUE,has_direct(+indirect),Short-term psychodynamic psychotherapies individual:SSRIs,Short-termpsychodynamicpsychotherapiesindividual:SSRIs,1,-1.4300000000000423e-4,1.4300000000000423e-4
Cognitive and cognitive behavioural therapies group,Waitlist,Cognitive and cognitive behavioural therapies group:Waitlist,Cognitiveandcognitivebehaviouraltherapiesgroup:Waitlist,-2.958528,-2.958645,TRUE,has_direct(+indirect),Short-term psychodynamic psychotherapies individual:SSRIs,Short-termpsychodynamicpsychotherapiesindividual:SSRIs,1,-1.170000000003668e-4,1.170000000003668e-4
Placebo,SNRIs,Placebo:SNRIs,Placebo:SNRIs,0.740949,0.741063,TRUE,has_direct(+indirect),Short-term psychodynamic psychotherapies individual:SSRIs,Short-termpsychodynamicpsychotherapiesindividual:SSRIs,1,1.140000000000585e-4,1.140000000000585e-4
Behavioural therapies individual,Cognitive and cognitive behavioural therapies individual,Behavioural therapies individual:Cognitive and cognitive behavioural therapies individual,Behaviouraltherapiesindividual:Cognitiveandcognitivebehaviouraltherapiesindividual,2.108881,2.108984,TRUE,has_direct(+indirect),Short-term psychodynamic psychotherapies individual:SSRIs,Short-termpsychodynamicpsychotherapiesindividual:SSRIs,1,1.0300000000018628e-4,1.0300000000018628e-4
Problem solving group,Waitlist,Problem solving group:Waitlist,Problemsolvinggroup:Waitlist,-3.669046,-3.669146,TRUE,has_direct(+indirect),Short-term psychodynamic psychotherapies individual:SSRIs,Short-termpsychodynamicpsychotherapiesindividual:SSRIs,1,-1.0000000000021104e-4,1.0000000000021104e-4
Acupuncture,Sham acupuncture,Acupuncture:Sham acupuncture,Acupuncture:Shamacupuncture,-0.531807,-0.531873,TRUE,has_direct(+indirect),Short-term psychodynamic psychotherapies individual:SSRIs,Short-termpsychodynamicpsychotherapiesindividual:SSRIs,1,-6.60000000000105e-5,6.60000000000105e-5
Cognitive and cognitive behavioural therapies individual,Self-help,Cognitive and cognitive behavioural therapies individual:Self-help,Cognitiveandcognitivebehaviouraltherapiesindividual:Self-help,-0.398416,-0.398471,TRUE,has_direct(+indirect),Short-term psychodynamic psychotherapies individual:SSRIs,Short-termpsychodynamicpsychotherapiesindividual:SSRIs,1,-5.500000000002725e-5,5.500000000002725e-5
Exercise individual,No treatment,Exercise individual:No treatment,Exerciseindividual:Notreatment,-0.632998,-0.633052,TRUE,has_direct(+indirect),Short-term psychodynamic psychotherapies individual:SSRIs,Short-termpsychodynamicpsychotherapiesindividual:SSRIs,1,-5.3999999999998494e-5,5.3999999999998494e-5
Counselling individual,Problem solving individual,Counselling individual:Problem solving individual,Counsellingindividual:Problemsolvingindividual,0.613477,0.613528,TRUE,has_direct(+indirect),Short-term psychodynamic psychotherapies individual:SSRIs,Short-termpsychodynamicpsychotherapiesindividual:SSRIs,1,5.099999999991223e-5,5.099999999991223e-5
Cognitive and cognitive behavioural therapies individual,TAU,Cognitive and cognitive behavioural therapies individual:TAU,Cognitiveandcognitivebehaviouraltherapiesindividual:TAU,-0.298912,-0.429961,TRUE,has_direct(+indirect),TAU:TCAs,TAU:TCAs,1,-0.13104899999999997,0.13104899999999997
Cognitive and cognitive behavioural therapies individual,TCAs,Cognitive and cognitive behavioural therapies individual:TCAs,Cognitiveandcognitivebehaviouraltherapiesindividual:TCAs,-0.216386,-0.218217,TRUE,has_direct(+indirect),TAU:TCAs,TAU:TCAs,1,-0.00183099999999999,0.00183099999999999
Cognitive and cognitive behavioural therapies individual,Waitlist,Cognitive and cognitive behavioural therapies individual:Waitlist,Cognitiveandcognitivebehaviouraltherapiesindividual:Waitlist,-1.827518,-1.82788,TRUE,has_direct(+indirect),TAU:TCAs,TAU:TCAs,1,-3.6199999999997345e-4,3.6199999999997345e-4
Acupuncture,SSRIs,Acupuncture:SSRIs,Acupuncture:SSRIs,-0.919457,-0.919687,TRUE,has_direct(+indirect),TAU:TCAs,TAU:TCAs,1,-2.300000000000635e-4,2.300000000000635e-4
Cognitive and cognitive behavioural therapies group,Waitlist,Cognitive and cognitive behavioural therapies group:Waitlist,Cognitiveandcognitivebehaviouraltherapiesgroup:Waitlist,-2.958528,-2.958716,TRUE,has_direct(+indirect),TAU:TCAs,TAU:TCAs,1,-1.88000000000077e-4,1.88000000000077e-4
Placebo,SNRIs,Placebo:SNRIs,Placebo:SNRIs,0.740949,0.741132,TRUE,has_direct(+indirect),TAU:TCAs,TAU:TCAs,1,1.8300000000004424e-4,1.8300000000004424e-4
Behavioural therapies individual,Cognitive and cognitive behavioural therapies individual,Behavioural therapies individual:Cognitive and cognitive behavioural therapies individual,Behaviouraltherapiesindividual:Cognitiveandcognitivebehaviouraltherapiesindividual,2.108881,2.109047,TRUE,has_direct(+indirect),TAU:TCAs,TAU:TCAs,1,1.660000000001105e-4,1.660000000001105e-4
Problem solving group,Waitlist,Problem solving group:Waitlist,Problemsolvinggroup:Waitlist,-3.669046,-3.669206,TRUE,has_direct(+indirect),TAU:TCAs,TAU:TCAs,1,-1.6000000000016e-4,1.6000000000016e-4
Acupuncture,Sham acupuncture,Acupuncture:Sham acupuncture,Acupuncture:Shamacupuncture,-0.531807,-0.531913,TRUE,has_direct(+indirect),TAU:TCAs,TAU:TCAs,1,-1.0599999999993948e-4,1.0599999999993948e-4
Cognitive and cognitive behavioural therapies individual,Self-help,Cognitive and cognitive behavioural therapies individual:Self-help,Cognitiveandcognitivebehaviouraltherapiesindividual:Self-help,-0.398416,-0.398504,TRUE,has_direct(+indirect),TAU:TCAs,TAU:TCAs,1,-8.80000000000325e-5,8.80000000000325e-5
SNRIs,Trazodone,SNRIs:Trazodone,SNRIs:Trazodone,-0.373764,-0.268792,TRUE,has_direct(+indirect),TCAs:Trazodone,TCAs:Trazodone,2,0.104972,0.104972
Cognitive and cognitive behavioural therapies individual,Waitlist,Cognitive and cognitive behavioural therapies individual:Waitlist,Cognitiveandcognitivebehaviouraltherapiesindividual:Waitlist,-1.827518,-1.828409,TRUE,has_direct(+indirect),TCAs:Trazodone,TCAs:Trazodone,2,-8.909999999999751e-4,8.909999999999751e-4
Acupuncture,SSRIs,Acupuncture:SSRIs,Acupuncture:SSRIs,-0.919457,-0.920023,TRUE,has_direct(+indirect),TCAs:Trazodone,TCAs:Trazodone,2,-5.6600000000006e-4,5.6600000000006e-4
Cognitive and cognitive behavioural therapies group,Waitlist,Cognitive and cognitive behavioural therapies group:Waitlist,Cognitiveandcognitivebehaviouraltherapiesgroup:Waitlist,-2.958528,-2.95899,TRUE,has_direct(+indirect),TCAs:Trazodone,TCAs:Trazodone,2,-4.620000000001845e-4,4.620000000001845e-4
Placebo,SNRIs,Placebo:SNRIs,Placebo:SNRIs,0.740949,0.7414,TRUE,has_direct(+indirect),TCAs:Trazodone,TCAs:Trazodone,2,4.509999999999792e-4,4.509999999999792e-4
Behavioural therapies individual,Cognitive and cognitive behavioural therapies individual,Behavioural therapies individual:Cognitive and cognitive behavioural therapies individual,Behaviouraltherapiesindividual:Cognitiveandcognitivebehaviouraltherapiesindividual,2.108881,2.109289,TRUE,has_direct(+indirect),TCAs:Trazodone,TCAs:Trazodone,2,4.08000000000186e-4,4.08000000000186e-4
Problem solving group,Waitlist,Problem solving group:Waitlist,Problemsolvinggroup:Waitlist,-3.669046,-3.669441,TRUE,has_direct(+indirect),TCAs:Trazodone,TCAs:Trazodone,2,-3.950000000001452e-4,3.950000000001452e-4
SNRIs,TCAs,SNRIs:TCAs,SNRIs:TCAs,0.075802,0.075522,TRUE,has_direct(+indirect),TCAs:Trazodone,TCAs:Trazodone,2,-2.799999999999886e-4,2.799999999999886e-4
Acupuncture,Sham acupuncture,Acupuncture:Sham acupuncture,Acupuncture:Shamacupuncture,-0.531807,-0.532068,TRUE,has_direct(+indirect),TCAs:Trazodone,TCAs:Trazodone,2,-2.609999999999557e-4,2.609999999999557e-4
Cognitive and cognitive behavioural therapies individual,Self-help,Cognitive and cognitive behavioural therapies individual:Self-help,Cognitiveandcognitivebehaviouraltherapiesindividual:Self-help,-0.398416,-0.398633,TRUE,has_direct(+indirect),TCAs:Trazodone,TCAs:Trazodone,2,-2.1700000000002273e-4,2.1700000000002273e-4
Cognitive and cognitive behavioural therapies individual,Waitlist,Cognitive and cognitive behavioural therapies individual:Waitlist,Cognitiveandcognitivebehaviouraltherapiesindividual:Waitlist,-1.827518,-1.82752,TRUE,has_direct(+indirect),TCAs:Yoga group,TCAs:Yogagroup,1,-2.0000000000575113e-6,2.0000000000575113e-6
Behavioural therapies individual,Cognitive and cognitive behavioural therapies individual,Behavioural therapies individual:Cognitive and cognitive behavioural therapies individual,Behaviouraltherapiesindividual:Cognitiveandcognitivebehaviouraltherapiesindividual,2.108881,2.108882,TRUE,has_direct(+indirect),TCAs:Yoga group,TCAs:Yogagroup,1,1.000000000139778e-6,1.000000000139778e-6
Acupuncture + AD,SSRIs,Acupuncture + AD:SSRIs,Acupuncture+AD:SSRIs,-1.227003,-1.227002,TRUE,has_direct(+indirect),TCAs:Yoga group,TCAs:Yogagroup,1,1.000000000139778e-6,1.000000000139778e-6
Cognitive and cognitive behavioural therapies group,Waitlist,Cognitive and cognitive behavioural therapies group:Waitlist,Cognitiveandcognitivebehaviouraltherapiesgroup:Waitlist,-2.958528,-2.958529,TRUE,has_direct(+indirect),TCAs:Yoga group,TCAs:Yogagroup,1,-1.000000000139778e-6,1.000000000139778e-6
Problem solving group,Waitlist,Problem solving group:Waitlist,Problemsolvinggroup:Waitlist,-3.669046,-3.669047,TRUE,has_direct(+indirect),TCAs:Yoga group,TCAs:Yogagroup,1,-1.000000000139778e-6,1.000000000139778e-6
Exercise individual,No treatment,Exercise individual:No treatment,Exerciseindividual:Notreatment,-0.632998,-0.632999,TRUE,has_direct(+indirect),TCAs:Yoga group,TCAs:Yogagroup,1,-1.0000000000287557e-6,1.0000000000287557e-6
Placebo,SNRIs,Placebo:SNRIs,Placebo:SNRIs,0.740949,0.74095,TRUE,has_direct(+indirect),TCAs:Yoga group,TCAs:Yogagroup,1,1.0000000000287557e-6,1.0000000000287557e-6
Acupuncture,SSRIs,Acupuncture:SSRIs,Acupuncture:SSRIs,-0.919457,-0.919458,TRUE,has_direct(+indirect),TCAs:Yoga group,TCAs:Yogagroup,1,-1.0000000000287557e-6,1.0000000000287557e-6
Mirtazapine,Placebo,Mirtazapine:Placebo,Mirtazapine:Placebo,-0.841042,-0.841041,TRUE,has_direct(+indirect),TCAs:Yoga group,TCAs:Yogagroup,1,9.999999999177334e-7,9.999999999177334e-7
Counselling individual,Problem solving individual,Counselling individual:Problem solving individual,Counsellingindividual:Problemsolvingindividual,0.613477,0.613478,TRUE,has_direct(+indirect),TCAs:Yoga group,TCAs:Yogagroup,1,9.999999999177334e-7,9.999999999177334e-7
Cognitive and cognitive behavioural therapies individual,Waitlist,Cognitive and cognitive behavioural therapies individual:Waitlist,Cognitiveandcognitivebehaviouraltherapiesindividual:Waitlist,-1.827518,-1.82752,TRUE,has_direct(+indirect),Waitlist:Yoga group,Waitlist:Yogagroup,1,-2.0000000000575113e-6,2.0000000000575113e-6
Behavioural therapies individual,Cognitive and cognitive behavioural therapies individual,Behavioural therapies individual:Cognitive and cognitive behavioural therapies individual,Behaviouraltherapiesindividual:Cognitiveandcognitivebehaviouraltherapiesindividual,2.108881,2.108882,TRUE,has_direct(+indirect),Waitlist:Yoga group,Waitlist:Yogagroup,1,1.000000000139778e-6,1.000000000139778e-6
Acupuncture + AD,SSRIs,Acupuncture + AD:SSRIs,Acupuncture+AD:SSRIs,-1.227003,-1.227002,TRUE,has_direct(+indirect),Waitlist:Yoga group,Waitlist:Yogagroup,1,1.000000000139778e-6,1.000000000139778e-6
Cognitive and cognitive behavioural therapies group,Waitlist,Cognitive and cognitive behavioural therapies group:Waitlist,Cognitiveandcognitivebehaviouraltherapiesgroup:Waitlist,-2.958528,-2.958529,TRUE,has_direct(+indirect),Waitlist:Yoga group,Waitlist:Yogagroup,1,-1.000000000139778e-6,1.000000000139778e-6
Problem solving group,Waitlist,Problem solving group:Waitlist,Problemsolvinggroup:Waitlist,-3.669046,-3.669047,TRUE,has_direct(+indirect),Waitlist:Yoga group,Waitlist:Yogagroup,1,-1.000000000139778e-6,1.000000000139778e-6
Exercise individual,No treatment,Exercise individual:No treatment,Exerciseindividual:Notreatment,-0.632998,-0.632999,TRUE,has_direct(+indirect),Waitlist:Yoga group,Waitlist:Yogagroup,1,-1.0000000000287557e-6,1.0000000000287557e-6
Placebo,SNRIs,Placebo:SNRIs,Placebo:SNRIs,0.740949,0.74095,TRUE,has_direct(+indirect),Waitlist:Yoga group,Waitlist:Yogagroup,1,1.0000000000287557e-6,1.0000000000287557e-6
Acupuncture,SSRIs,Acupuncture:SSRIs,Acupuncture:SSRIs,-0.919457,-0.919458,TRUE,has_direct(+indirect),Waitlist:Yoga group,Waitlist:Yogagroup,1,-1.0000000000287557e-6,1.0000000000287557e-6
Mirtazapine,Placebo,Mirtazapine:Placebo,Mirtazapine:Placebo,-0.841042,-0.841041,TRUE,has_direct(+indirect),Waitlist:Yoga group,Waitlist:Yogagroup,1,9.999999999177334e-7,9.999999999177334e-7
Counselling individual,Problem solving individual,Counselling individual:Problem solving individual,Counsellingindividual:Problemsolvingindividual,0.613477,0.613478,TRUE,has_direct(+indirect),Waitlist:Yoga group,Waitlist:Yogagroup,1,9.999999999177334e-7,9.999999999177334e-7
