treat;TE_base;lower_base;upper_base;TE_drop;lower_drop;upper_drop;removed_treatment;component_id;component_reference;delta_TE;abs_delta_TE;pct_shift_vs_base;estimable;ci_overlap
Acupuncture + AD;-1,7488;-2,2550;-1,2426;-1,7543;-2,2563;-1,2522;Acupuncture;1;Placebo;-0,0054;0,0054;0,0031;TRUE;TRUE
Any AD;-0,6661;-1,1825;-0,1496;-0,6076;-1,1216;-0,0937;Acupuncture;1;Placebo;0,0584;0,0584;0,0877;TRUE;TRUE
Any psychotherapy;0,1486;-0,9207;1,2178;0,2113;-0,8509;1,2735;Acupuncture;1;Placebo;0,0627;0,0627;0,4222;TRUE;TRUE
Attention placebo;0,5718;-0,4354;1,5789;0,7526;-0,2535;1,7586;Acupuncture;1;Placebo;0,1808;0,1808;0,3162;TRUE;TRUE
Behavioural therapies individual;0,3156;-0,4066;1,0379;0,3663;-0,3512;1,0838;Acupuncture;1;Placebo;0,0507;0,0507;0,1606;TRUE;TRUE
Behavioural therapies individual + AD;-0,7311;-1,8053;0,3431;-0,7149;-1,7823;0,3524;Acupuncture;1;Placebo;0,0162;0,0162;0,0221;TRUE;TRUE
Cognitive and cognitive behavioural therapies group;-0,9528;-1,5432;-0,3624;-0,8416;-1,4319;-0,2513;Acupuncture;1;Placebo;0,1112;0,1112;0,1167;TRUE;TRUE
Cognitive and cognitive behavioural therapies group + AD;-1,3304;-2,3521;-0,3087;-1,2718;-2,2863;-0,2573;Acupuncture;1;Placebo;0,0586;0,0586;0,0440;TRUE;TRUE
Cognitive and cognitive behavioural therapies individual;-0,8540;-1,1770;-0,5311;-0,7720;-1,0967;-0,4472;Acupuncture;1;Placebo;0,0821;0,0821;0,0961;TRUE;TRUE
Cognitive and cognitive behavioural therapies individual + AD;-1,3372;-1,8771;-0,7973;-1,2975;-1,8338;-0,7613;Acupuncture;1;Placebo;0,0396;0,0396;0,0297;TRUE;TRUE
Cognitive and cognitive behavioural therapies individual + placebo;-1,3101;-2,1924;-0,4278;-1,2677;-2,1437;-0,3916;Acupuncture;1;Placebo;0,0424;0,0424;0,0324;TRUE;TRUE
Counselling individual;-0,6775;-1,2871;-0,0679;-0,5608;-1,1699;0,0484;Acupuncture;1;Placebo;0,1167;0,1167;0,1723;TRUE;TRUE
Counselling individual + AD;-0,1937;-1,5170;1,1296;-0,1621;-1,4766;1,1524;Acupuncture;1;Placebo;0,0316;0,0316;0,1631;TRUE;TRUE
Counselling individual + placebo;0,1501;-1,6724;1,9726;0,1817;-1,6278;1,9912;Acupuncture;1;Placebo;0,0316;0,0316;0,2105;TRUE;TRUE
Exercise group;-0,8993;-1,6153;-0,1832;-0,8548;-1,5657;-0,1439;Acupuncture;1;Placebo;0,0445;0,0445;0,0495;TRUE;TRUE
Exercise group + AD;-3,4467;-4,6928;-2,2006;-3,4516;-4,6879;-2,2153;Acupuncture;1;Placebo;-0,0049;0,0049;0,0014;TRUE;TRUE
Exercise individual;-0,7556;-1,4550;-0,0562;-0,7186;-1,4132;-0,0241;Acupuncture;1;Placebo;0,0370;0,0370;0,0490;TRUE;TRUE
Exercise individual + AD;-1,4503;-2,3661;-0,5345;-1,4041;-2,3143;-0,4939;Acupuncture;1;Placebo;0,0462;0,0462;0,0319;TRUE;TRUE
Interpersonal psychotherapy (IPT) individual;-0,5561;-1,1991;0,0869;-0,5093;-1,1477;0,1291;Acupuncture;1;Placebo;0,0468;0,0468;0,0841;TRUE;TRUE
Interpersonal psychotherapy (IPT) individual + AD;-0,8108;-1,5611;-0,0605;-0,7718;-1,5168;-0,0269;Acupuncture;1;Placebo;0,0390;0,0390;0,0481;TRUE;TRUE
Interpersonal psychotherapy (IPT) individual + placebo;-0,5149;-1,3638;0,3340;-0,4811;-1,3236;0,3615;Acupuncture;1;Placebo;0,0338;0,0338;0,0657;TRUE;TRUE
Light therapy;-0,8700;-1,9121;0,1721;-0,8720;-1,9058;0,1618;Acupuncture;1;Placebo;-0,0020;0,0020;0,0023;TRUE;TRUE
Light therapy + AD;-1,2062;-2,0280;-0,3844;-1,2073;-2,0227;-0,3918;Acupuncture;1;Placebo;-0,0011;0,0011;0,0009;TRUE;TRUE
Mindfulness or meditation group;-4,2459;-6,0031;-2,4886;-4,1639;-5,9141;-2,4136;Acupuncture;1;Placebo;0,0820;0,0820;0,0193;TRUE;TRUE
Mirtazapine;-0,6954;-0,9513;-0,4395;-0,6951;-0,9488;-0,4415;Acupuncture;1;Placebo;0,0002;0,0002;0,0004;TRUE;TRUE
Music therapy group;-0,7770;-2,2462;0,6922;-0,6950;-2,1558;0,7658;Acupuncture;1;Placebo;0,0820;0,0820;0,1055;TRUE;TRUE
No treatment;-0,1148;-0,5823;0,3527;-0,0328;-0,4997;0,4341;Acupuncture;1;Placebo;0,0820;0,0820;0,7142;TRUE;TRUE
Peer support group;-1,3571;-2,6719;-0,0423;-1,2987;-2,6034;0,0059;Acupuncture;1;Placebo;0,0584;0,0584;0,0430;TRUE;TRUE
Peer support group + AD;-1,4781;-2,7913;-0,1649;-1,4197;-2,7227;-0,1166;Acupuncture;1;Placebo;0,0584;0,0584;0,0395;TRUE;TRUE
Placebo;0,0000;0,0000;0,0000;0,0000;0,0000;0,0000;Acupuncture;1;Placebo;0,0000;0,0000;NA;TRUE;TRUE
Problem solving group;-2,9953;-4,1991;-1,7915;-2,6706;-3,8863;-1,4550;Acupuncture;1;Placebo;0,3247;0,3247;0,1084;TRUE;TRUE
Problem solving individual;-0,9765;-1,6284;-0,3247;-0,8302;-1,4836;-0,1768;Acupuncture;1;Placebo;0,1464;0,1464;0,1499;TRUE;TRUE
Psychoeducation group;-1,3504;-2,6595;-0,0412;-1,2684;-2,5681;0,0313;Acupuncture;1;Placebo;0,0820;0,0820;0,0607;TRUE;TRUE
Psychoeducation group + AD;-0,4584;-1,6559;0,7392;-0,4098;-1,5984;0,7788;Acupuncture;1;Placebo;0,0486;0,0486;0,1060;TRUE;TRUE
Relaxation individual + AD;-0,7883;-2,0071;0,4306;-0,7797;-1,9913;0,4319;Acupuncture;1;Placebo;0,0086;0,0086;0,0109;TRUE;TRUE
Relaxation individual + placebo;-0,1558;-1,3582;1,0465;-0,1473;-1,3422;1,0477;Acupuncture;1;Placebo;0,0085;0,0085;0,0549;TRUE;TRUE
Self-help;-0,6497;-1,2124;-0,0870;-0,4332;-1,0091;0,1427;Acupuncture;1;Placebo;0,2165;0,2165;0,3332;TRUE;TRUE
Self-help with support;-0,6290;-1,1818;-0,0762;-0,4522;-1,0127;0,1083;Acupuncture;1;Placebo;0,1767;0,1767;0,2810;TRUE;TRUE
Sham acupuncture;-0,1507;-0,9170;0,6157;0,9969;-0,2981;2,2919;Acupuncture;1;Placebo;1,1476;1,1476;7,6172;TRUE;TRUE
Short-term psychodynamic psychotherapies individual;-0,7098;-1,3789;-0,0406;-0,6345;-1,3000;0,0310;Acupuncture;1;Placebo;0,0753;0,0753;0,1061;TRUE;TRUE
Short-term psychodynamic psychotherapies individual + AD;-0,5020;-1,6798;0,6758;-0,4567;-1,6264;0,7130;Acupuncture;1;Placebo;0,0453;0,0453;0,0903;TRUE;TRUE
SNRIs;-0,7113;-0,8632;-0,5595;-0,7105;-0,8610;-0,5600;Acupuncture;1;Placebo;0,0008;0,0008;0,0012;TRUE;TRUE
SSRIs;-0,5218;-0,6325;-0,4111;-0,5267;-0,6366;-0,4169;Acupuncture;1;Placebo;-0,0049;0,0049;0,0094;TRUE;TRUE
TAU;-0,3454;-0,8923;0,2016;-0,2806;-0,8248;0,2635;Acupuncture;1;Placebo;0,0647;0,0647;0,1874;TRUE;TRUE
TCAs;-0,6273;-0,7817;-0,4729;-0,6179;-0,7715;-0,4644;Acupuncture;1;Placebo;0,0094;0,0094;0,0150;TRUE;TRUE
Trazodone;-0,4002;-0,7486;-0,0517;-0,4013;-0,7467;-0,0558;Acupuncture;1;Placebo;-0,0011;0,0011;0,0027;TRUE;TRUE
Waitlist;0,6737;0,1761;1,1713;0,9969;0,4596;1,5342;Acupuncture;1;Placebo;0,3232;0,3232;0,4797;TRUE;TRUE
Yoga group;-0,8845;-1,8640;0,0951;-0,7175;-1,6962;0,2612;Acupuncture;1;Placebo;0,1670;0,1670;0,1888;TRUE;TRUE
Yoga group + AD;-1,8580;-3,3190;-0,3970;-1,7996;-3,2514;-0,3477;Acupuncture;1;Placebo;0,0584;0,0584;0,0314;TRUE;TRUE
Acupuncture;-0,9163;-1,4419;-0,3906;-0,9135;-1,4326;-0,3944;Acupuncture + AD;1;Placebo;0,0028;0,0028;0,0031;TRUE;TRUE
Any AD;-0,6661;-1,1825;-0,1496;-0,6699;-1,1798;-0,1599;Acupuncture + AD;1;Placebo;-0,0038;0,0038;0,0057;TRUE;TRUE
Any psychotherapy;0,1486;-0,9207;1,2178;0,1472;-0,9093;1,2037;Acupuncture + AD;1;Placebo;-0,0014;0,0014;0,0092;TRUE;TRUE
Attention placebo;0,5718;-0,4354;1,5789;0,5719;-0,4224;1,5662;Acupuncture + AD;1;Placebo;0,0001;0,0001;0,0002;TRUE;TRUE
Behavioural therapies individual;0,3156;-0,4066;1,0379;0,3130;-0,4002;1,0261;Acupuncture + AD;1;Placebo;-0,0027;0,0027;0,0085;TRUE;TRUE
Behavioural therapies individual + AD;-0,7311;-1,8053;0,3431;-0,7317;-1,7948;0,3313;Acupuncture + AD;1;Placebo;-0,0006;0,0006;0,0009;TRUE;TRUE
Cognitive and cognitive behavioural therapies group;-0,9528;-1,5432;-0,3624;-0,9506;-1,5339;-0,3674;Acupuncture + AD;1;Placebo;0,0022;0,0022;0,0023;TRUE;TRUE
Cognitive and cognitive behavioural therapies group + AD;-1,3304;-2,3521;-0,3087;-1,3339;-2,3427;-0,3252;Acupuncture + AD;1;Placebo;-0,0035;0,0035;0,0027;TRUE;TRUE
Cognitive and cognitive behavioural therapies individual;-0,8540;-1,1770;-0,5311;-0,8537;-1,1726;-0,5347;Acupuncture + AD;1;Placebo;0,0004;0,0004;0,0004;TRUE;TRUE
Cognitive and cognitive behavioural therapies individual + AD;-1,3372;-1,8771;-0,7973;-1,3327;-1,8659;-0,7995;Acupuncture + AD;1;Placebo;0,0045;0,0045;0,0033;TRUE;TRUE
Cognitive and cognitive behavioural therapies individual + placebo;-1,3101;-2,1924;-0,4278;-1,3067;-2,1782;-0,4352;Acupuncture + AD;1;Placebo;0,0034;0,0034;0,0026;TRUE;TRUE
Counselling individual;-0,6775;-1,2871;-0,0679;-0,6781;-1,2793;-0,0769;Acupuncture + AD;1;Placebo;-0,0006;0,0006;0,0009;TRUE;TRUE
Counselling individual + AD;-0,1937;-1,5170;1,1296;-0,1957;-1,5045;1,1130;Acupuncture + AD;1;Placebo;-0,0020;0,0020;0,0106;TRUE;TRUE
Counselling individual + placebo;0,1501;-1,6724;1,9726;0,1480;-1,6531;1,9492;Acupuncture + AD;1;Placebo;-0,0020;0,0020;0,0136;TRUE;TRUE
Exercise group;-0,8993;-1,6153;-0,1832;-0,8981;-1,6049;-0,1913;Acupuncture + AD;1;Placebo;0,0012;0,0012;0,0013;TRUE;TRUE
Exercise group + AD;-3,4467;-4,6928;-2,2006;-3,4465;-4,6767;-2,2163;Acupuncture + AD;1;Placebo;0,0002;0,0002;0,0001;TRUE;TRUE
Exercise individual;-0,7556;-1,4550;-0,0562;-0,7542;-1,4451;-0,0634;Acupuncture + AD;1;Placebo;0,0014;0,0014;0,0019;TRUE;TRUE
Exercise individual + AD;-1,4503;-2,3661;-0,5345;-1,4503;-2,3562;-0,5445;Acupuncture + AD;1;Placebo;-0,0001;0,0001;0,0000;TRUE;TRUE
Interpersonal psychotherapy (IPT) individual;-0,5561;-1,1991;0,0869;-0,5576;-1,1919;0,0767;Acupuncture + AD;1;Placebo;-0,0015;0,0015;0,0027;TRUE;TRUE
Interpersonal psychotherapy (IPT) individual + AD;-0,8108;-1,5611;-0,0605;-0,8124;-1,5533;-0,0716;Acupuncture + AD;1;Placebo;-0,0016;0,0016;0,0020;TRUE;TRUE
Interpersonal psychotherapy (IPT) individual + placebo;-0,5149;-1,3638;0,3340;-0,5172;-1,3553;0,3210;Acupuncture + AD;1;Placebo;-0,0023;0,0023;0,0045;TRUE;TRUE
Light therapy;-0,8700;-1,9121;0,1721;-0,8697;-1,8983;0,1589;Acupuncture + AD;1;Placebo;0,0003;0,0003;0,0004;TRUE;TRUE
Light therapy + AD;-1,2062;-2,0280;-0,3844;-1,2054;-2,0169;-0,3940;Acupuncture + AD;1;Placebo;0,0007;0,0007;0,0006;TRUE;TRUE
Mindfulness or meditation group;-4,2459;-6,0031;-2,4886;-4,2455;-5,9901;-2,5010;Acupuncture + AD;1;Placebo;0,0004;0,0004;0,0001;TRUE;TRUE
Mirtazapine;-0,6954;-0,9513;-0,4395;-0,6950;-0,9473;-0,4428;Acupuncture + AD;1;Placebo;0,0004;0,0004;0,0005;TRUE;TRUE
Music therapy group;-0,7770;-2,2462;0,6922;-0,7766;-2,2306;0,6773;Acupuncture + AD;1;Placebo;0,0004;0,0004;0,0005;TRUE;TRUE
No treatment;-0,1148;-0,5823;0,3527;-0,1144;-0,5760;0,3472;Acupuncture + AD;1;Placebo;0,0004;0,0004;0,0031;TRUE;TRUE
Peer support group;-1,3571;-2,6719;-0,0423;-1,3610;-2,6583;-0,0636;Acupuncture + AD;1;Placebo;-0,0038;0,0038;0,0028;TRUE;TRUE
Peer support group + AD;-1,4781;-2,7913;-0,1649;-1,4819;-2,7776;-0,1862;Acupuncture + AD;1;Placebo;-0,0038;0,0038;0,0026;TRUE;TRUE
Placebo;0,0000;0,0000;0,0000;0,0000;0,0000;0,0000;Acupuncture + AD;1;Placebo;0,0000;0,0000;NA;TRUE;TRUE
Problem solving group;-2,9953;-4,1991;-1,7915;-2,9962;-4,1891;-1,8032;Acupuncture + AD;1;Placebo;-0,0008;0,0008;0,0003;TRUE;TRUE
Problem solving individual;-0,9765;-1,6284;-0,3247;-0,9761;-1,6194;-0,3329;Acupuncture + AD;1;Placebo;0,0004;0,0004;0,0004;TRUE;TRUE
Psychoeducation group;-1,3504;-2,6595;-0,0412;-1,3500;-2,6420;-0,0580;Acupuncture + AD;1;Placebo;0,0004;0,0004;0,0003;TRUE;TRUE
Psychoeducation group + AD;-0,4584;-1,6559;0,7392;-0,4611;-1,6435;0,7212;Acupuncture + AD;1;Placebo;-0,0028;0,0028;0,0060;TRUE;TRUE
Relaxation individual + AD;-0,7883;-2,0071;0,4306;-0,7882;-1,9952;0,4188;Acupuncture + AD;1;Placebo;0,0000;0,0000;0,0000;TRUE;TRUE
Relaxation individual + placebo;-0,1558;-1,3582;1,0465;-0,1558;-1,3461;1,0345;Acupuncture + AD;1;Placebo;0,0001;0,0001;0,0004;TRUE;TRUE
Self-help;-0,6497;-1,2124;-0,0870;-0,6509;-1,2065;-0,0953;Acupuncture + AD;1;Placebo;-0,0012;0,0012;0,0018;TRUE;TRUE
Self-help with support;-0,6290;-1,1818;-0,0762;-0,6300;-1,1759;-0,0841;Acupuncture + AD;1;Placebo;-0,0010;0,0010;0,0016;TRUE;TRUE
Sham acupuncture;-0,1507;-0,9170;0,6157;-0,1496;-0,9065;0,6072;Acupuncture + AD;1;Placebo;0,0010;0,0010;0,0067;TRUE;TRUE
Short-term psychodynamic psychotherapies individual;-0,7098;-1,3789;-0,0406;-0,7106;-1,3709;-0,0504;Acupuncture + AD;1;Placebo;-0,0009;0,0009;0,0012;TRUE;TRUE
Short-term psychodynamic psychotherapies individual + AD;-0,5020;-1,6798;0,6758;-0,5050;-1,6690;0,6589;Acupuncture + AD;1;Placebo;-0,0030;0,0030;0,0060;TRUE;TRUE
SNRIs;-0,7113;-0,8632;-0,5595;-0,7096;-0,8593;-0,5599;Acupuncture + AD;1;Placebo;0,0017;0,0017;0,0024;TRUE;TRUE
SSRIs;-0,5218;-0,6325;-0,4111;-0,5216;-0,6308;-0,4124;Acupuncture + AD;1;Placebo;0,0002;0,0002;0,0004;TRUE;TRUE
TAU;-0,3454;-0,8923;0,2016;-0,3451;-0,8849;0,1947;Acupuncture + AD;1;Placebo;0,0003;0,0003;0,0009;TRUE;TRUE
TCAs;-0,6273;-0,7817;-0,4729;-0,6268;-0,7792;-0,4745;Acupuncture + AD;1;Placebo;0,0005;0,0005;0,0008;TRUE;TRUE
Trazodone;-0,4002;-0,7486;-0,0517;-0,3997;-0,7433;-0,0562;Acupuncture + AD;1;Placebo;0,0004;0,0004;0,0010;TRUE;TRUE
Waitlist;0,6737;0,1761;1,1713;0,6704;0,1788;1,1620;Acupuncture + AD;1;Placebo;-0,0033;0,0033;0,0049;TRUE;TRUE
Yoga group;-0,8845;-1,8640;0,0951;-0,8859;-1,8545;0,0827;Acupuncture + AD;1;Placebo;-0,0014;0,0014;0,0016;TRUE;TRUE
Yoga group + AD;-1,8580;-3,3190;-0,3970;-1,8618;-3,3071;-0,4165;Acupuncture + AD;1;Placebo;-0,0038;0,0038;0,0021;TRUE;TRUE
Acupuncture;-0,9163;-1,4419;-0,3906;-0,9302;-1,4527;-0,4078;Any AD;1;Placebo;-0,0139;0,0139;0,0152;TRUE;TRUE
Acupuncture + AD;-1,7488;-2,2550;-1,2426;-1,7481;-2,2509;-1,2453;Any AD;1;Placebo;0,0007;0,0007;0,0004;TRUE;TRUE
Any psychotherapy;0,1486;-0,9207;1,2178;0,0895;-0,9741;1,1531;Any AD;1;Placebo;-0,0591;0,0591;0,3977;TRUE;TRUE
Attention placebo;0,5718;-0,4354;1,5789;0,5073;-0,4942;1,5088;Any AD;1;Placebo;-0,0645;0,0645;0,1128;TRUE;TRUE
Behavioural therapies individual;0,3156;-0,4066;1,0379;0,2586;-0,4602;0,9775;Any AD;1;Placebo;-0,0570;0,0570;0,1806;TRUE;TRUE
Behavioural therapies individual + AD;-0,7311;-1,8053;0,3431;-0,6481;-1,8476;0,5515;Any AD;1;Placebo;0,0830;0,0830;0,1136;TRUE;TRUE
Cognitive and cognitive behavioural therapies group;-0,9528;-1,5432;-0,3624;-1,1367;-1,7467;-0,5266;Any AD;1;Placebo;-0,1839;0,1839;0,1930;TRUE;TRUE
Cognitive and cognitive behavioural therapies individual;-0,8540;-1,1770;-0,5311;-0,9431;-1,2707;-0,6156;Any AD;1;Placebo;-0,0891;0,0891;0,1044;TRUE;TRUE
Cognitive and cognitive behavioural therapies individual + AD;-1,3372;-1,8771;-0,7973;-1,0017;-1,5582;-0,4453;Any AD;1;Placebo;0,3355;0,3355;0,2509;TRUE;TRUE
Cognitive and cognitive behavioural therapies individual + placebo;-1,3101;-2,1924;-0,4278;-1,1151;-1,9970;-0,2332;Any AD;1;Placebo;0,1950;0,1950;0,1489;TRUE;TRUE
Counselling individual;-0,6775;-1,2871;-0,0679;-0,7480;-1,3553;-0,1407;Any AD;1;Placebo;-0,0705;0,0705;0,1041;TRUE;TRUE
Counselling individual + AD;-0,1937;-1,5170;1,1296;-0,0001;-1,8320;1,8319;Any AD;1;Placebo;0,1936;0,1936;0,9997;TRUE;TRUE
Counselling individual + placebo;0,1501;-1,6724;1,9726;0,3437;-1,8714;2,5588;Any AD;1;Placebo;0,1936;0,1936;1,2901;TRUE;TRUE
Exercise group;-0,8993;-1,6153;-0,1832;-0,9320;-1,6452;-0,2187;Any AD;1;Placebo;-0,0327;0,0327;0,0364;TRUE;TRUE
Exercise group + AD;-3,4467;-4,6928;-2,2006;-3,4456;-4,6836;-2,2075;Any AD;1;Placebo;0,0011;0,0011;0,0003;TRUE;TRUE
Exercise individual;-0,7556;-1,4550;-0,0562;-0,6890;-1,3906;0,0126;Any AD;1;Placebo;0,0666;0,0666;0,0882;TRUE;TRUE
Exercise individual + AD;-1,4503;-2,3661;-0,5345;-0,7906;-1,9224;0,3411;Any AD;1;Placebo;0,6596;0,6596;0,4548;TRUE;TRUE
Interpersonal psychotherapy (IPT) individual;-0,5561;-1,1991;0,0869;-0,6243;-1,3055;0,0568;Any AD;1;Placebo;-0,0682;0,0682;0,1227;TRUE;TRUE
Interpersonal psychotherapy (IPT) individual + AD;-0,8108;-1,5611;-0,0605;-0,8881;-1,8032;0,0270;Any AD;1;Placebo;-0,0773;0,0773;0,0953;TRUE;TRUE
Interpersonal psychotherapy (IPT) individual + placebo;-0,5149;-1,3638;0,3340;-0,4352;-1,3457;0,4752;Any AD;1;Placebo;0,0796;0,0796;0,1547;TRUE;TRUE
Light therapy;-0,8700;-1,9121;0,1721;-0,8696;-1,9048;0,1657;Any AD;1;Placebo;0,0004;0,0004;0,0005;TRUE;TRUE
Light therapy + AD;-1,2062;-2,0280;-0,3844;-1,2060;-2,0226;-0,3895;Any AD;1;Placebo;0,0002;0,0002;0,0001;TRUE;TRUE
Mindfulness or meditation group;-4,2459;-6,0031;-2,4886;-4,2706;-6,0222;-2,5190;Any AD;1;Placebo;-0,0247;0,0247;0,0058;TRUE;TRUE
Mirtazapine;-0,6954;-0,9513;-0,4395;-0,6949;-0,9489;-0,4408;Any AD;1;Placebo;0,0005;0,0005;0,0007;TRUE;TRUE
Music therapy group;-0,7770;-2,2462;0,6922;-0,8017;-2,2641;0,6607;Any AD;1;Placebo;-0,0247;0,0247;0,0318;TRUE;TRUE
No treatment;-0,1148;-0,5823;0,3527;-0,1395;-0,6070;0,3279;Any AD;1;Placebo;-0,0247;0,0247;0,2155;TRUE;TRUE
Placebo;0,0000;0,0000;0,0000;0,0000;0,0000;0,0000;Any AD;1;Placebo;0,0000;0,0000;NA;TRUE;TRUE
Problem solving group;-2,9953;-4,1991;-1,7915;-3,0689;-4,2680;-1,8697;Any AD;1;Placebo;-0,0735;0,0735;0,0246;TRUE;TRUE
Problem solving individual;-0,9765;-1,6284;-0,3247;-1,0290;-1,6775;-0,3806;Any AD;1;Placebo;-0,0525;0,0525;0,0537;TRUE;TRUE
Psychoeducation group;-1,3504;-2,6595;-0,0412;-1,3751;-2,6766;-0,0736;Any AD;1;Placebo;-0,0247;0,0247;0,0183;TRUE;TRUE
Psychoeducation group + AD;-0,4584;-1,6559;0,7392;-0,7626;-2,2877;0,7625;Any AD;1;Placebo;-0,3042;0,3042;0,6637;TRUE;TRUE
Relaxation individual + AD;-0,7883;-2,0071;0,4306;-0,7595;-1,9868;0,4677;Any AD;1;Placebo;0,0287;0,0287;0,0364;TRUE;TRUE
Relaxation individual + placebo;-0,1558;-1,3582;1,0465;-0,1275;-1,3379;1,0828;Any AD;1;Placebo;0,0283;0,0283;0,1815;TRUE;TRUE
Self-help;-0,6497;-1,2124;-0,0870;-0,7273;-1,2886;-0,1660;Any AD;1;Placebo;-0,0776;0,0776;0,1195;TRUE;TRUE
Self-help with support;-0,6290;-1,1818;-0,0762;-0,7074;-1,2590;-0,1558;Any AD;1;Placebo;-0,0784;0,0784;0,1247;TRUE;TRUE
Sham acupuncture;-0,1507;-0,9170;0,6157;-0,1757;-0,9374;0,5860;Any AD;1;Placebo;-0,0251;0,0251;0,1663;TRUE;TRUE
Short-term psychodynamic psychotherapies individual;-0,7098;-1,3789;-0,0406;-0,7716;-1,4376;-0,1056;Any AD;1;Placebo;-0,0618;0,0618;0,0871;TRUE;TRUE
Short-term psychodynamic psychotherapies individual + AD;-0,5020;-1,6798;0,6758;-0,2110;-2,4566;2,0347;Any AD;1;Placebo;0,2911;0,2911;0,5798;TRUE;TRUE
SNRIs;-0,7113;-0,8632;-0,5595;-0,7117;-0,8625;-0,5608;Any AD;1;Placebo;-0,0003;0,0003;0,0005;TRUE;TRUE
SSRIs;-0,5218;-0,6325;-0,4111;-0,5207;-0,6307;-0,4107;Any AD;1;Placebo;0,0011;0,0011;0,0022;TRUE;TRUE
TAU;-0,3454;-0,8923;0,2016;-0,4857;-1,0473;0,0758;Any AD;1;Placebo;-0,1404;0,1404;0,4064;TRUE;TRUE
TCAs;-0,6273;-0,7817;-0,4729;-0,6268;-0,7802;-0,4734;Any AD;1;Placebo;0,0005;0,0005;0,0008;TRUE;TRUE
Trazodone;-0,4002;-0,7486;-0,0517;-0,3996;-0,7455;-0,0536;Any AD;1;Placebo;0,0006;0,0006;0,0015;TRUE;TRUE
Waitlist;0,6737;0,1761;1,1713;0,5989;0,1022;1,0956;Any AD;1;Placebo;-0,0748;0,0748;0,1110;TRUE;TRUE
Yoga group;-0,8845;-1,8640;0,0951;-0,9218;-1,8960;0,0525;Any AD;1;Placebo;-0,0373;0,0373;0,0422;TRUE;TRUE
Peer support group;0,0000;0,0000;0,0000;0,0000;0,0000;0,0000;Any AD;2;Peer support group;0,0000;0,0000;NA;TRUE;TRUE
Peer support group + AD;-0,1209;-1,3271;1,0852;-0,1209;-0,5570;0,3152;Any AD;2;Peer support group;0,0000;0,0000;0,0000;TRUE;TRUE
Acupuncture;-0,9163;-1,4419;-0,3906;-0,9175;-1,4433;-0,3918;Any psychotherapy;1;Placebo;-0,0012;0,0012;0,0014;TRUE;TRUE
Acupuncture + AD;-1,7488;-2,2550;-1,2426;-1,7487;-2,2551;-1,2424;Any psychotherapy;1;Placebo;0,0001;0,0001;0,0001;TRUE;TRUE
Any AD;-0,6661;-1,1825;-0,1496;-0,6672;-1,1837;-0,1506;Any psychotherapy;1;Placebo;-0,0011;0,0011;0,0017;TRUE;TRUE
Attention placebo;0,5718;-0,4354;1,5789;0,5682;-0,4392;1,5755;Any psychotherapy;1;Placebo;-0,0036;0,0036;0,0063;TRUE;TRUE
Behavioural therapies individual;0,3156;-0,4066;1,0379;0,4547;-0,3124;1,2217;Any psychotherapy;1;Placebo;0,1390;0,1390;0,4405;TRUE;TRUE
Behavioural therapies individual + AD;-0,7311;-1,8053;0,3431;-0,7314;-1,8057;0,3430;Any psychotherapy;1;Placebo;-0,0003;0,0003;0,0004;TRUE;TRUE
Cognitive and cognitive behavioural therapies group;-0,9528;-1,5432;-0,3624;-0,9560;-1,5465;-0,3654;Any psychotherapy;1;Placebo;-0,0032;0,0032;0,0033;TRUE;TRUE
Cognitive and cognitive behavioural therapies group + AD;-1,3304;-2,3521;-0,3087;-1,3315;-2,3534;-0,3096;Any psychotherapy;1;Placebo;-0,0011;0,0011;0,0008;TRUE;TRUE
Cognitive and cognitive behavioural therapies individual;-0,8540;-1,1770;-0,5311;-0,8553;-1,1783;-0,5323;Any psychotherapy;1;Placebo;-0,0012;0,0012;0,0015;TRUE;TRUE
Cognitive and cognitive behavioural therapies individual + AD;-1,3372;-1,8771;-0,7973;-1,3379;-1,8778;-0,7979;Any psychotherapy;1;Placebo;-0,0007;0,0007;0,0005;TRUE;TRUE
Cognitive and cognitive behavioural therapies individual + placebo;-1,3101;-2,1924;-0,4278;-1,3108;-2,1932;-0,4283;Any psychotherapy;1;Placebo;-0,0007;0,0007;0,0005;TRUE;TRUE
Counselling individual;-0,6775;-1,2871;-0,0679;-0,6799;-1,2896;-0,0702;Any psychotherapy;1;Placebo;-0,0024;0,0024;0,0036;TRUE;TRUE
Counselling individual + AD;-0,1937;-1,5170;1,1296;-0,1943;-1,5178;1,1292;Any psychotherapy;1;Placebo;-0,0006;0,0006;0,0030;TRUE;TRUE
Counselling individual + placebo;0,1501;-1,6724;1,9726;0,1495;-1,6733;1,9723;Any psychotherapy;1;Placebo;-0,0006;0,0006;0,0039;TRUE;TRUE
Exercise group;-0,8993;-1,6153;-0,1832;-0,9005;-1,6167;-0,1844;Any psychotherapy;1;Placebo;-0,0013;0,0013;0,0014;TRUE;TRUE
Exercise group + AD;-3,4467;-4,6928;-2,2006;-3,4466;-4,6929;-2,2003;Any psychotherapy;1;Placebo;0,0001;0,0001;0,0000;TRUE;TRUE
Exercise individual;-0,7556;-1,4550;-0,0562;-0,7568;-1,4563;-0,0573;Any psychotherapy;1;Placebo;-0,0012;0,0012;0,0016;TRUE;TRUE
Exercise individual + AD;-1,4503;-2,3661;-0,5345;-1,4515;-2,3675;-0,5356;Any psychotherapy;1;Placebo;-0,0012;0,0012;0,0008;TRUE;TRUE
Interpersonal psychotherapy (IPT) individual;-0,5561;-1,1991;0,0869;-0,5569;-1,2000;0,0863;Any psychotherapy;1;Placebo;-0,0008;0,0008;0,0014;TRUE;TRUE
Interpersonal psychotherapy (IPT) individual + AD;-0,8108;-1,5611;-0,0605;-0,8115;-1,5620;-0,0611;Any psychotherapy;1;Placebo;-0,0007;0,0007;0,0009;TRUE;TRUE
Interpersonal psychotherapy (IPT) individual + placebo;-0,5149;-1,3638;0,3340;-0,5155;-1,3645;0,3336;Any psychotherapy;1;Placebo;-0,0006;0,0006;0,0011;TRUE;TRUE
Light therapy;-0,8700;-1,9121;0,1721;-0,8700;-1,9123;0,1723;Any psychotherapy;1;Placebo;0,0000;0,0000;0,0000;TRUE;TRUE
Light therapy + AD;-1,2062;-2,0280;-0,3844;-1,2062;-2,0281;-0,3842;Any psychotherapy;1;Placebo;0,0000;0,0000;0,0000;TRUE;TRUE
Mindfulness or meditation group;-4,2459;-6,0031;-2,4886;-4,2486;-6,0061;-2,4911;Any psychotherapy;1;Placebo;-0,0027;0,0027;0,0006;TRUE;TRUE
Mirtazapine;-0,6954;-0,9513;-0,4395;-0,6954;-0,9513;-0,4395;Any psychotherapy;1;Placebo;0,0000;0,0000;0,0000;TRUE;TRUE
Music therapy group;-0,7770;-2,2462;0,6922;-0,7797;-2,2492;0,6897;Any psychotherapy;1;Placebo;-0,0027;0,0027;0,0035;TRUE;TRUE
No treatment;-0,1148;-0,5823;0,3527;-0,1175;-0,5852;0,3501;Any psychotherapy;1;Placebo;-0,0027;0,0027;0,0238;TRUE;TRUE
Peer support group;-1,3571;-2,6719;-0,0423;-1,3582;-2,6733;-0,0432;Any psychotherapy;1;Placebo;-0,0011;0,0011;0,0008;TRUE;TRUE
Peer support group + AD;-1,4781;-2,7913;-0,1649;-1,4792;-2,7926;-0,1657;Any psychotherapy;1;Placebo;-0,0011;0,0011;0,0007;TRUE;TRUE
Placebo;0,0000;0,0000;0,0000;0,0000;0,0000;0,0000;Any psychotherapy;1;Placebo;0,0000;0,0000;NA;TRUE;TRUE
Problem solving group;-2,9953;-4,1991;-1,7915;-3,0009;-4,2049;-1,7969;Any psychotherapy;1;Placebo;-0,0056;0,0056;0,0019;TRUE;TRUE
Problem solving individual;-0,9765;-1,6284;-0,3247;-0,9793;-1,6313;-0,3273;Any psychotherapy;1;Placebo;-0,0028;0,0028;0,0028;TRUE;TRUE
Psychoeducation group;-1,3504;-2,6595;-0,0412;-1,3531;-2,6625;-0,0437;Any psychotherapy;1;Placebo;-0,0027;0,0027;0,0020;TRUE;TRUE
Psychoeducation group + AD;-0,4584;-1,6559;0,7392;-0,4593;-1,6571;0,7385;Any psychotherapy;1;Placebo;-0,0009;0,0009;0,0020;TRUE;TRUE
Relaxation individual + AD;-0,7883;-2,0071;0,4306;-0,7884;-2,0075;0,4307;Any psychotherapy;1;Placebo;-0,0001;0,0001;0,0002;TRUE;TRUE
Relaxation individual + placebo;-0,1558;-1,3582;1,0465;-0,1560;-1,3585;1,0465;Any psychotherapy;1;Placebo;-0,0001;0,0001;0,0009;TRUE;TRUE
Self-help;-0,6497;-1,2124;-0,0870;-0,6542;-1,2170;-0,0913;Any psychotherapy;1;Placebo;-0,0045;0,0045;0,0069;TRUE;TRUE
Self-help with support;-0,6290;-1,1818;-0,0762;-0,6436;-1,1972;-0,0900;Any psychotherapy;1;Placebo;-0,0146;0,0146;0,0233;TRUE;TRUE
Sham acupuncture;-0,1507;-0,9170;0,6157;-0,1526;-0,9192;0,6139;Any psychotherapy;1;Placebo;-0,0020;0,0020;0,0132;TRUE;TRUE
Short-term psychodynamic psychotherapies individual;-0,7098;-1,3789;-0,0406;-0,8242;-1,5263;-0,1220;Any psychotherapy;1;Placebo;-0,1144;0,1144;0,1612;TRUE;TRUE
Short-term psychodynamic psychotherapies individual + AD;-0,5020;-1,6798;0,6758;-0,5029;-1,6808;0,6751;Any psychotherapy;1;Placebo;-0,0008;0,0008;0,0017;TRUE;TRUE
SNRIs;-0,7113;-0,8632;-0,5595;-0,7113;-0,8632;-0,5595;Any psychotherapy;1;Placebo;0,0000;0,0000;0,0000;TRUE;TRUE
SSRIs;-0,5218;-0,6325;-0,4111;-0,5217;-0,6325;-0,4110;Any psychotherapy;1;Placebo;0,0001;0,0001;0,0002;TRUE;TRUE
TAU;-0,3454;-0,8923;0,2016;-0,3467;-0,8937;0,2003;Any psychotherapy;1;Placebo;-0,0013;0,0013;0,0039;TRUE;TRUE
TCAs;-0,6273;-0,7817;-0,4729;-0,6275;-0,7819;-0,4730;Any psychotherapy;1;Placebo;-0,0001;0,0001;0,0002;TRUE;TRUE
Trazodone;-0,4002;-0,7486;-0,0517;-0,4001;-0,7486;-0,0517;Any psychotherapy;1;Placebo;0,0000;0,0000;0,0000;TRUE;TRUE
Waitlist;0,6737;0,1761;1,1713;0,6681;0,1703;1,1660;Any psychotherapy;1;Placebo;-0,0056;0,0056;0,0083;TRUE;TRUE
Yoga group;-0,8845;-1,8640;0,0951;-0,8873;-1,8670;0,0924;Any psychotherapy;1;Placebo;-0,0029;0,0029;0,0032;TRUE;TRUE
Yoga group + AD;-1,8580;-3,3190;-0,3970;-1,8591;-3,3203;-0,3979;Any psychotherapy;1;Placebo;-0,0011;0,0011;0,0006;TRUE;TRUE
Acupuncture;-0,9163;-1,4419;-0,3906;-0,9229;-1,4476;-0,3982;Attention placebo;1;Placebo;-0,0066;0,0066;0,0072;TRUE;TRUE
Acupuncture + AD;-1,7488;-2,2550;-1,2426;-1,7497;-2,2549;-1,2445;Attention placebo;1;Placebo;-0,0009;0,0009;0,0005;TRUE;TRUE
Any AD;-0,6661;-1,1825;-0,1496;-0,6746;-1,1901;-0,1590;Attention placebo;1;Placebo;-0,0085;0,0085;0,0128;TRUE;TRUE
Any psychotherapy;0,1486;-0,9207;1,2178;0,1395;-0,9279;1,2068;Attention placebo;1;Placebo;-0,0091;0,0091;0,0614;TRUE;TRUE
Behavioural therapies individual;0,3156;-0,4066;1,0379;0,3077;-0,4133;1,0286;Attention placebo;1;Placebo;-0,0079;0,0079;0,0252;TRUE;TRUE
Behavioural therapies individual + AD;-0,7311;-1,8053;0,3431;-0,7330;-1,8054;0,3395;Attention placebo;1;Placebo;-0,0018;0,0018;0,0025;TRUE;TRUE
Cognitive and cognitive behavioural therapies group;-0,9528;-1,5432;-0,3624;-0,9714;-1,5612;-0,3817;Attention placebo;1;Placebo;-0,0186;0,0186;0,0196;TRUE;TRUE
Cognitive and cognitive behavioural therapies group + AD;-1,3304;-2,3521;-0,3087;-1,3389;-2,3586;-0,3191;Attention placebo;1;Placebo;-0,0085;0,0085;0,0064;TRUE;TRUE
Cognitive and cognitive behavioural therapies individual;-0,8540;-1,1770;-0,5311;-0,8649;-1,1875;-0,5424;Attention placebo;1;Placebo;-0,0109;0,0109;0,0128;TRUE;TRUE
Cognitive and cognitive behavioural therapies individual + AD;-1,3372;-1,8771;-0,7973;-1,3411;-1,8800;-0,8022;Attention placebo;1;Placebo;-0,0039;0,0039;0,0029;TRUE;TRUE
Cognitive and cognitive behavioural therapies individual + placebo;-1,3101;-2,1924;-0,4278;-1,3146;-2,1952;-0,4339;Attention placebo;1;Placebo;-0,0045;0,0045;0,0034;TRUE;TRUE
Counselling individual;-0,6775;-1,2871;-0,0679;-0,6429;-1,2525;-0,0334;Attention placebo;1;Placebo;0,0346;0,0346;0,0510;TRUE;TRUE
Counselling individual + AD;-0,1937;-1,5170;1,1296;-0,1980;-1,5191;1,1230;Attention placebo;1;Placebo;-0,0043;0,0043;0,0224;TRUE;TRUE
Counselling individual + placebo;0,1501;-1,6724;1,9726;0,1457;-1,6735;1,9650;Attention placebo;1;Placebo;-0,0043;0,0043;0,0289;TRUE;TRUE
Exercise group;-0,8993;-1,6153;-0,1832;-0,9037;-1,6183;-0,1890;Attention placebo;1;Placebo;-0,0044;0,0044;0,0049;TRUE;TRUE
Exercise group + AD;-3,4467;-4,6928;-2,2006;-3,4475;-4,6911;-2,2038;Attention placebo;1;Placebo;-0,0008;0,0008;0,0002;TRUE;TRUE
Exercise individual;-0,7556;-1,4550;-0,0562;-0,7604;-1,4585;-0,0623;Attention placebo;1;Placebo;-0,0047;0,0047;0,0063;TRUE;TRUE
Exercise individual + AD;-1,4503;-2,3661;-0,5345;-1,4567;-2,3710;-0,5424;Attention placebo;1;Placebo;-0,0064;0,0064;0,0044;TRUE;TRUE
Interpersonal psychotherapy (IPT) individual;-0,5561;-1,1991;0,0869;-0,5624;-1,2041;0,0793;Attention placebo;1;Placebo;-0,0064;0,0064;0,0114;TRUE;TRUE
Interpersonal psychotherapy (IPT) individual + AD;-0,8108;-1,5611;-0,0605;-0,8164;-1,5653;-0,0675;Attention placebo;1;Placebo;-0,0055;0,0055;0,0068;TRUE;TRUE
Interpersonal psychotherapy (IPT) individual + placebo;-0,5149;-1,3638;0,3340;-0,5194;-1,3667;0,3279;Attention placebo;1;Placebo;-0,0046;0,0046;0,0088;TRUE;TRUE
Light therapy;-0,8700;-1,9121;0,1721;-0,8704;-1,9104;0,1697;Attention placebo;1;Placebo;-0,0004;0,0004;0,0004;TRUE;TRUE
Light therapy + AD;-1,2062;-2,0280;-0,3844;-1,2065;-2,0268;-0,3863;Attention placebo;1;Placebo;-0,0004;0,0004;0,0003;TRUE;TRUE
Mindfulness or meditation group;-4,2459;-6,0031;-2,4886;-4,2564;-6,0118;-2,5010;Attention placebo;1;Placebo;-0,0105;0,0105;0,0025;TRUE;TRUE
Mirtazapine;-0,6954;-0,9513;-0,4395;-0,6958;-0,9511;-0,4404;Attention placebo;1;Placebo;-0,0004;0,0004;0,0005;TRUE;TRUE
Music therapy group;-0,7770;-2,2462;0,6922;-0,7875;-2,2544;0,6794;Attention placebo;1;Placebo;-0,0105;0,0105;0,0135;TRUE;TRUE
No treatment;-0,1148;-0,5823;0,3527;-0,1253;-0,5921;0,3415;Attention placebo;1;Placebo;-0,0105;0,0105;0,0916;TRUE;TRUE
Peer support group;-1,3571;-2,6719;-0,0423;-1,3657;-2,6778;-0,0535;Attention placebo;1;Placebo;-0,0085;0,0085;0,0063;TRUE;TRUE
Peer support group + AD;-1,4781;-2,7913;-0,1649;-1,4866;-2,7972;-0,1760;Attention placebo;1;Placebo;-0,0085;0,0085;0,0058;TRUE;TRUE
Placebo;0,0000;0,0000;0,0000;0,0000;0,0000;0,0000;Attention placebo;1;Placebo;0,0000;0,0000;NA;TRUE;TRUE
Problem solving group;-2,9953;-4,1991;-1,7915;-3,0250;-4,2276;-1,8224;Attention placebo;1;Placebo;-0,0297;0,0297;0,0099;TRUE;TRUE
Problem solving individual;-0,9765;-1,6284;-0,3247;-0,8095;-1,4870;-0,1319;Attention placebo;1;Placebo;0,1671;0,1671;0,1711;TRUE;TRUE
Psychoeducation group;-1,3504;-2,6595;-0,0412;-1,3609;-2,6675;-0,0543;Attention placebo;1;Placebo;-0,0105;0,0105;0,0078;TRUE;TRUE
Psychoeducation group + AD;-0,4584;-1,6559;0,7392;-0,4654;-1,6607;0,7299;Attention placebo;1;Placebo;-0,0070;0,0070;0,0153;TRUE;TRUE
Relaxation individual + AD;-0,7883;-2,0071;0,4306;-0,7889;-2,0060;0,4282;Attention placebo;1;Placebo;-0,0006;0,0006;0,0008;TRUE;TRUE
Relaxation individual + placebo;-0,1558;-1,3582;1,0465;-0,1564;-1,3569;1,0441;Attention placebo;1;Placebo;-0,0006;0,0006;0,0039;TRUE;TRUE
Self-help;-0,6497;-1,2124;-0,0870;-0,7575;-1,3323;-0,1828;Attention placebo;1;Placebo;-0,1078;0,1078;0,1659;TRUE;TRUE
Self-help with support;-0,6290;-1,1818;-0,0762;-0,6521;-1,2044;-0,0997;Attention placebo;1;Placebo;-0,0231;0,0231;0,0367;TRUE;TRUE
Sham acupuncture;-0,1507;-0,9170;0,6157;-0,1615;-0,9265;0,6035;Attention placebo;1;Placebo;-0,0108;0,0108;0,0719;TRUE;TRUE
Short-term psychodynamic psychotherapies individual;-0,7098;-1,3789;-0,0406;-0,7203;-1,3882;-0,0524;Attention placebo;1;Placebo;-0,0105;0,0105;0,0149;TRUE;TRUE
Short-term psychodynamic psychotherapies individual + AD;-0,5020;-1,6798;0,6758;-0,5085;-1,6842;0,6672;Attention placebo;1;Placebo;-0,0065;0,0065;0,0129;TRUE;TRUE
SNRIs;-0,7113;-0,8632;-0,5595;-0,7116;-0,8631;-0,5601;Attention placebo;1;Placebo;-0,0003;0,0003;0,0004;TRUE;TRUE
SSRIs;-0,5218;-0,6325;-0,4111;-0,5226;-0,6331;-0,4121;Attention placebo;1;Placebo;-0,0008;0,0008;0,0015;TRUE;TRUE
TAU;-0,3454;-0,8923;0,2016;-0,3486;-0,8944;0,1973;Attention placebo;1;Placebo;-0,0032;0,0032;0,0092;TRUE;TRUE
TCAs;-0,6273;-0,7817;-0,4729;-0,6274;-0,7814;-0,4733;Attention placebo;1;Placebo;0,0000;0,0000;0,0000;TRUE;TRUE
Trazodone;-0,4002;-0,7486;-0,0517;-0,4006;-0,7483;-0,0529;Attention placebo;1;Placebo;-0,0004;0,0004;0,0011;TRUE;TRUE
Waitlist;0,6737;0,1761;1,1713;0,6436;0,1458;1,1414;Attention placebo;1;Placebo;-0,0301;0,0301;0,0447;TRUE;TRUE
Yoga group;-0,8845;-1,8640;0,0951;-0,8996;-1,8776;0,0784;Attention placebo;1;Placebo;-0,0151;0,0151;0,0171;TRUE;TRUE
Yoga group + AD;-1,8580;-3,3190;-0,3970;-1,8665;-3,3251;-0,4079;Attention placebo;1;Placebo;-0,0085;0,0085;0,0046;TRUE;TRUE
Acupuncture;-0,9163;-1,4419;-0,3906;-0,9053;-1,4290;-0,3817;Behavioural therapies individual;1;Placebo;0,0109;0,0109;0,0119;TRUE;TRUE
Acupuncture + AD;-1,7488;-2,2550;-1,2426;-1,7523;-2,2563;-1,2482;Behavioural therapies individual;1;Placebo;-0,0035;0,0035;0,0020;TRUE;TRUE
Any AD;-0,6661;-1,1825;-0,1496;-0,6126;-1,1285;-0,0967;Behavioural therapies individual;1;Placebo;0,0534;0,0534;0,0802;TRUE;TRUE
Any psychotherapy;0,1486;-0,9207;1,2178;-0,3622;-1,8617;1,1373;Behavioural therapies individual;1;Placebo;-0,5108;0,5108;3,4377;TRUE;TRUE
Attention placebo;0,5718;-0,4354;1,5789;0,6208;-0,3830;1,6245;Behavioural therapies individual;1;Placebo;0,0490;0,0490;0,0857;TRUE;TRUE
Behavioural therapies individual + AD;-0,7311;-1,8053;0,3431;-0,7175;-1,7881;0,3532;Behavioural therapies individual;1;Placebo;0,0137;0,0137;0,0187;TRUE;TRUE
Cognitive and cognitive behavioural therapies group;-0,9528;-1,5432;-0,3624;-0,9064;-1,4956;-0,3173;Behavioural therapies individual;1;Placebo;0,0464;0,0464;0,0487;TRUE;TRUE
Cognitive and cognitive behavioural therapies group + AD;-1,3304;-2,3521;-0,3087;-1,2769;-2,2952;-0,2585;Behavioural therapies individual;1;Placebo;0,0535;0,0535;0,0402;TRUE;TRUE
Cognitive and cognitive behavioural therapies individual;-0,8540;-1,1770;-0,5311;-0,7642;-1,0922;-0,4362;Behavioural therapies individual;1;Placebo;0,0898;0,0898;0,1051;TRUE;TRUE
Cognitive and cognitive behavioural therapies individual + AD;-1,3372;-1,8771;-0,7973;-1,2986;-1,8370;-0,7602;Behavioural therapies individual;1;Placebo;0,0386;0,0386;0,0289;TRUE;TRUE
Cognitive and cognitive behavioural therapies individual + placebo;-1,3101;-2,1924;-0,4278;-1,2677;-2,1471;-0,3883;Behavioural therapies individual;1;Placebo;0,0424;0,0424;0,0324;TRUE;TRUE
Counselling individual;-0,6775;-1,2871;-0,0679;-0,6202;-1,2286;-0,0118;Behavioural therapies individual;1;Placebo;0,0573;0,0573;0,0845;TRUE;TRUE
Counselling individual + AD;-0,1937;-1,5170;1,1296;-0,1655;-1,4843;1,1533;Behavioural therapies individual;1;Placebo;0,0282;0,0282;0,1457;TRUE;TRUE
Counselling individual + placebo;0,1501;-1,6724;1,9726;0,1783;-1,6375;1,9941;Behavioural therapies individual;1;Placebo;0,0282;0,0282;0,1880;TRUE;TRUE
Exercise group;-0,8993;-1,6153;-0,1832;-0,8699;-1,5833;-0,1565;Behavioural therapies individual;1;Placebo;0,0294;0,0294;0,0327;TRUE;TRUE
Exercise group + AD;-3,4467;-4,6928;-2,2006;-3,4499;-4,6909;-2,2089;Behavioural therapies individual;1;Placebo;-0,0032;0,0032;0,0009;TRUE;TRUE
Exercise individual;-0,7556;-1,4550;-0,0562;-0,7326;-1,4295;-0,0357;Behavioural therapies individual;1;Placebo;0,0230;0,0230;0,0305;TRUE;TRUE
Exercise individual + AD;-1,4503;-2,3661;-0,5345;-1,4158;-2,3288;-0,5028;Behavioural therapies individual;1;Placebo;0,0345;0,0345;0,0238;TRUE;TRUE
Interpersonal psychotherapy (IPT) individual;-0,5561;-1,1991;0,0869;-0,5095;-1,1507;0,1316;Behavioural therapies individual;1;Placebo;0,0465;0,0465;0,0837;TRUE;TRUE
Interpersonal psychotherapy (IPT) individual + AD;-0,8108;-1,5611;-0,0605;-0,7746;-1,5224;-0,0268;Behavioural therapies individual;1;Placebo;0,0362;0,0362;0,0447;TRUE;TRUE
Interpersonal psychotherapy (IPT) individual + placebo;-0,5149;-1,3638;0,3340;-0,4839;-1,3296;0,3619;Behavioural therapies individual;1;Placebo;0,0310;0,0310;0,0602;TRUE;TRUE
Light therapy;-0,8700;-1,9121;0,1721;-0,8713;-1,9091;0,1665;Behavioural therapies individual;1;Placebo;-0,0013;0,0013;0,0015;TRUE;TRUE
Light therapy + AD;-1,2062;-2,0280;-0,3844;-1,2068;-2,0253;-0,3883;Behavioural therapies individual;1;Placebo;-0,0006;0,0006;0,0005;TRUE;TRUE
Mindfulness or meditation group;-4,2459;-6,0031;-2,4886;-4,1976;-5,9512;-2,4440;Behavioural therapies individual;1;Placebo;0,0483;0,0483;0,0114;TRUE;TRUE
Mirtazapine;-0,6954;-0,9513;-0,4395;-0,6953;-0,9500;-0,4406;Behavioural therapies individual;1;Placebo;0,0001;0,0001;0,0001;TRUE;TRUE
Music therapy group;-0,7770;-2,2462;0,6922;-0,7287;-2,1935;0,7361;Behavioural therapies individual;1;Placebo;0,0483;0,0483;0,0621;TRUE;TRUE
No treatment;-0,1148;-0,5823;0,3527;-0,0665;-0,5336;0,4005;Behavioural therapies individual;1;Placebo;0,0483;0,0483;0,4206;TRUE;TRUE
Peer support group;-1,3571;-2,6719;-0,0423;-1,3037;-2,6135;0,0061;Behavioural therapies individual;1;Placebo;0,0534;0,0534;0,0394;TRUE;TRUE
Peer support group + AD;-1,4781;-2,7913;-0,1649;-1,4246;-2,7329;-0,1164;Behavioural therapies individual;1;Placebo;0,0534;0,0534;0,0362;TRUE;TRUE
Placebo;0,0000;0,0000;0,0000;0,0000;0,0000;0,0000;Behavioural therapies individual;1;Placebo;0,0000;0,0000;NA;TRUE;TRUE
Problem solving group;-2,9953;-4,1991;-1,7915;-2,9444;-4,1455;-1,7434;Behavioural therapies individual;1;Placebo;0,0509;0,0509;0,0170;TRUE;TRUE
Problem solving individual;-0,9765;-1,6284;-0,3247;-0,9352;-1,5850;-0,2853;Behavioural therapies individual;1;Placebo;0,0414;0,0414;0,0424;TRUE;TRUE
Psychoeducation group;-1,3504;-2,6595;-0,0412;-1,3021;-2,6062;0,0021;Behavioural therapies individual;1;Placebo;0,0483;0,0483;0,0358;TRUE;TRUE
Psychoeducation group + AD;-0,4584;-1,6559;0,7392;-0,4137;-1,6068;0,7795;Behavioural therapies individual;1;Placebo;0,0447;0,0447;0,0975;TRUE;TRUE
Relaxation individual + AD;-0,7883;-2,0071;0,4306;-0,7818;-1,9969;0,4333;Behavioural therapies individual;1;Placebo;0,0065;0,0065;0,0082;TRUE;TRUE
Relaxation individual + placebo;-0,1558;-1,3582;1,0465;-0,1494;-1,3479;1,0491;Behavioural therapies individual;1;Placebo;0,0064;0,0064;0,0413;TRUE;TRUE
Self-help;-0,6497;-1,2124;-0,0870;-0,5930;-1,1552;-0,0308;Behavioural therapies individual;1;Placebo;0,0567;0,0567;0,0873;TRUE;TRUE
Self-help with support;-0,6290;-1,1818;-0,0762;-0,5774;-1,1307;-0,0241;Behavioural therapies individual;1;Placebo;0,0516;0,0516;0,0820;TRUE;TRUE
Sham acupuncture;-0,1507;-0,9170;0,6157;-0,1330;-0,8965;0,6304;Behavioural therapies individual;1;Placebo;0,0176;0,0176;0,1171;TRUE;TRUE
Short-term psychodynamic psychotherapies individual;-0,7098;-1,3789;-0,0406;-0,7644;-1,4647;-0,0642;Behavioural therapies individual;1;Placebo;-0,0547;0,0547;0,0770;TRUE;TRUE
Short-term psychodynamic psychotherapies individual + AD;-0,5020;-1,6798;0,6758;-0,4609;-1,6346;0,7129;Behavioural therapies individual;1;Placebo;0,0411;0,0411;0,0819;TRUE;TRUE
SNRIs;-0,7113;-0,8632;-0,5595;-0,7105;-0,8616;-0,5593;Behavioural therapies individual;1;Placebo;0,0009;0,0009;0,0012;TRUE;TRUE
SSRIs;-0,5218;-0,6325;-0,4111;-0,5250;-0,6353;-0,4147;Behavioural therapies individual;1;Placebo;-0,0032;0,0032;0,0061;TRUE;TRUE
TAU;-0,3454;-0,8923;0,2016;-0,2957;-0,8416;0,2501;Behavioural therapies individual;1;Placebo;0,0496;0,0496;0,1438;TRUE;TRUE
TCAs;-0,6273;-0,7817;-0,4729;-0,6217;-0,7755;-0,4680;Behavioural therapies individual;1;Placebo;0,0056;0,0056;0,0089;TRUE;TRUE
Trazodone;-0,4002;-0,7486;-0,0517;-0,4009;-0,7477;-0,0540;Behavioural therapies individual;1;Placebo;-0,0007;0,0007;0,0018;TRUE;TRUE
Waitlist;0,6737;0,1761;1,1713;0,7238;0,2264;1,2213;Behavioural therapies individual;1;Placebo;0,0501;0,0501;0,0744;TRUE;TRUE
Yoga group;-0,8845;-1,8640;0,0951;-0,8565;-1,8328;0,1198;Behavioural therapies individual;1;Placebo;0,0280;0,0280;0,0316;TRUE;TRUE
Yoga group + AD;-1,8580;-3,3190;-0,3970;-1,8046;-3,2610;-0,3481;Behavioural therapies individual;1;Placebo;0,0534;0,0534;0,0288;TRUE;TRUE
Acupuncture;-0,9163;-1,4419;-0,3906;-0,9171;-1,4429;-0,3913;Behavioural therapies individual + AD;1;Placebo;-0,0008;0,0008;0,0009;TRUE;TRUE
Acupuncture + AD;-1,7488;-2,2550;-1,2426;-1,7491;-2,2555;-1,2427;Behavioural therapies individual + AD;1;Placebo;-0,0003;0,0003;0,0002;TRUE;TRUE
Any AD;-0,6661;-1,1825;-0,1496;-0,6814;-1,2081;-0,1548;Behavioural therapies individual + AD;1;Placebo;-0,0154;0,0154;0,0231;TRUE;TRUE
Any psychotherapy;0,1486;-0,9207;1,2178;0,1462;-0,9235;1,2158;Behavioural therapies individual + AD;1;Placebo;-0,0024;0,0024;0,0163;TRUE;TRUE
Attention placebo;0,5718;-0,4354;1,5789;0,5692;-0,4384;1,5768;Behavioural therapies individual + AD;1;Placebo;-0,0026;0,0026;0,0045;TRUE;TRUE
Behavioural therapies individual;0,3156;-0,4066;1,0379;0,3133;-0,4093;1,0360;Behavioural therapies individual + AD;1;Placebo;-0,0023;0,0023;0,0073;TRUE;TRUE
Cognitive and cognitive behavioural therapies group;-0,9528;-1,5432;-0,3624;-0,9572;-1,5485;-0,3660;Behavioural therapies individual + AD;1;Placebo;-0,0044;0,0044;0,0047;TRUE;TRUE
Cognitive and cognitive behavioural therapies group + AD;-1,3304;-2,3521;-0,3087;-1,3458;-2,3729;-0,3187;Behavioural therapies individual + AD;1;Placebo;-0,0154;0,0154;0,0116;TRUE;TRUE
Cognitive and cognitive behavioural therapies individual;-0,8540;-1,1770;-0,5311;-0,8576;-1,1815;-0,5337;Behavioural therapies individual + AD;1;Placebo;-0,0036;0,0036;0,0042;TRUE;TRUE
Cognitive and cognitive behavioural therapies individual + AD;-1,3372;-1,8771;-0,7973;-1,3402;-1,8805;-0,7998;Behavioural therapies individual + AD;1;Placebo;-0,0030;0,0030;0,0022;TRUE;TRUE
Cognitive and cognitive behavioural therapies individual + placebo;-1,3101;-2,1924;-0,4278;-1,3127;-2,1954;-0,4300;Behavioural therapies individual + AD;1;Placebo;-0,0026;0,0026;0,0020;TRUE;TRUE
Counselling individual;-0,6775;-1,2871;-0,0679;-0,6805;-1,2905;-0,0704;Behavioural therapies individual + AD;1;Placebo;-0,0030;0,0030;0,0044;TRUE;TRUE
Counselling individual + AD;-0,1937;-1,5170;1,1296;-0,3992;-2,2990;1,5006;Behavioural therapies individual + AD;1;Placebo;-0,2055;0,2055;1,0612;TRUE;TRUE
Counselling individual + placebo;0,1501;-1,6724;1,9726;-0,0555;-2,3315;2,2206;Behavioural therapies individual + AD;1;Placebo;-0,2055;0,2055;1,3695;TRUE;TRUE
Exercise group;-0,8993;-1,6153;-0,1832;-0,9015;-1,6179;-0,1851;Behavioural therapies individual + AD;1;Placebo;-0,0023;0,0023;0,0025;TRUE;TRUE
Exercise group + AD;-3,4467;-4,6928;-2,2006;-3,4470;-4,6934;-2,2005;Behavioural therapies individual + AD;1;Placebo;-0,0003;0,0003;0,0001;TRUE;TRUE
Exercise individual;-0,7556;-1,4550;-0,0562;-0,7578;-1,4575;-0,0581;Behavioural therapies individual + AD;1;Placebo;-0,0021;0,0021;0,0028;TRUE;TRUE
Exercise individual + AD;-1,4503;-2,3661;-0,5345;-1,4572;-2,3743;-0,5400;Behavioural therapies individual + AD;1;Placebo;-0,0069;0,0069;0,0047;TRUE;TRUE
Interpersonal psychotherapy (IPT) individual;-0,5561;-1,1991;0,0869;-0,5629;-1,2077;0,0819;Behavioural therapies individual + AD;1;Placebo;-0,0068;0,0068;0,0123;TRUE;TRUE
Interpersonal psychotherapy (IPT) individual + AD;-0,8108;-1,5611;-0,0605;-0,8199;-1,5728;-0,0670;Behavioural therapies individual + AD;1;Placebo;-0,0091;0,0091;0,0112;TRUE;TRUE
Interpersonal psychotherapy (IPT) individual + placebo;-0,5149;-1,3638;0,3340;-0,5216;-1,3719;0,3287;Behavioural therapies individual + AD;1;Placebo;-0,0067;0,0067;0,0131;TRUE;TRUE
Light therapy;-0,8700;-1,9121;0,1721;-0,8702;-1,9126;0,1722;Behavioural therapies individual + AD;1;Placebo;-0,0002;0,0002;0,0002;TRUE;TRUE
Light therapy + AD;-1,2062;-2,0280;-0,3844;-1,2064;-2,0284;-0,3844;Behavioural therapies individual + AD;1;Placebo;-0,0002;0,0002;0,0002;TRUE;TRUE
Mindfulness or meditation group;-4,2459;-6,0031;-2,4886;-4,2487;-6,0064;-2,4911;Behavioural therapies individual + AD;1;Placebo;-0,0029;0,0029;0,0007;TRUE;TRUE
Mirtazapine;-0,6954;-0,9513;-0,4395;-0,6956;-0,9515;-0,4396;Behavioural therapies individual + AD;1;Placebo;-0,0002;0,0002;0,0003;TRUE;TRUE
Music therapy group;-0,7770;-2,2462;0,6922;-0,7798;-2,2495;0,6898;Behavioural therapies individual + AD;1;Placebo;-0,0029;0,0029;0,0037;TRUE;TRUE
No treatment;-0,1148;-0,5823;0,3527;-0,1176;-0,5857;0,3504;Behavioural therapies individual + AD;1;Placebo;-0,0029;0,0029;0,0248;TRUE;TRUE
Peer support group;-1,3571;-2,6719;-0,0423;-1,3725;-2,6917;-0,0534;Behavioural therapies individual + AD;1;Placebo;-0,0154;0,0154;0,0113;TRUE;TRUE
Peer support group + AD;-1,4781;-2,7913;-0,1649;-1,4935;-2,8110;-0,1759;Behavioural therapies individual + AD;1;Placebo;-0,0154;0,0154;0,0104;TRUE;TRUE
Placebo;0,0000;0,0000;0,0000;0,0000;0,0000;0,0000;Behavioural therapies individual + AD;1;Placebo;0,0000;0,0000;NA;TRUE;TRUE
Problem solving group;-2,9953;-4,1991;-1,7915;-2,9981;-4,2022;-1,7939;Behavioural therapies individual + AD;1;Placebo;-0,0027;0,0027;0,0009;TRUE;TRUE
Problem solving individual;-0,9765;-1,6284;-0,3247;-0,9787;-1,6309;-0,3265;Behavioural therapies individual + AD;1;Placebo;-0,0021;0,0021;0,0022;TRUE;TRUE
Psychoeducation group;-1,3504;-2,6595;-0,0412;-1,3532;-2,6628;-0,0436;Behavioural therapies individual + AD;1;Placebo;-0,0029;0,0029;0,0021;TRUE;TRUE
Psychoeducation group + AD;-0,4584;-1,6559;0,7392;-0,4706;-1,6712;0,7301;Behavioural therapies individual + AD;1;Placebo;-0,0122;0,0122;0,0266;TRUE;TRUE
Relaxation individual + AD;-0,7883;-2,0071;0,4306;-0,7599;-1,9935;0,4736;Behavioural therapies individual + AD;1;Placebo;0,0283;0,0283;0,0360;TRUE;TRUE
Relaxation individual + placebo;-0,1558;-1,3582;1,0465;-0,1279;-1,3447;1,0888;Behavioural therapies individual + AD;1;Placebo;0,0279;0,0279;0,1791;TRUE;TRUE
Self-help;-0,6497;-1,2124;-0,0870;-0,6527;-1,2159;-0,0895;Behavioural therapies individual + AD;1;Placebo;-0,0030;0,0030;0,0046;TRUE;TRUE
Self-help with support;-0,6290;-1,1818;-0,0762;-0,6321;-1,1854;-0,0787;Behavioural therapies individual + AD;1;Placebo;-0,0031;0,0031;0,0049;TRUE;TRUE
Sham acupuncture;-0,1507;-0,9170;0,6157;-0,1518;-0,9184;0,6148;Behavioural therapies individual + AD;1;Placebo;-0,0012;0,0012;0,0077;TRUE;TRUE
Short-term psychodynamic psychotherapies individual;-0,7098;-1,3789;-0,0406;-0,7123;-1,3819;-0,0428;Behavioural therapies individual + AD;1;Placebo;-0,0025;0,0025;0,0036;TRUE;TRUE
Short-term psychodynamic psychotherapies individual + AD;-0,5020;-1,6798;0,6758;-0,6101;-1,9893;0,7690;Behavioural therapies individual + AD;1;Placebo;-0,1081;0,1081;0,2154;TRUE;TRUE
SNRIs;-0,7113;-0,8632;-0,5595;-0,7116;-0,8635;-0,5597;Behavioural therapies individual + AD;1;Placebo;-0,0003;0,0003;0,0004;TRUE;TRUE
SSRIs;-0,5218;-0,6325;-0,4111;-0,5221;-0,6329;-0,4113;Behavioural therapies individual + AD;1;Placebo;-0,0003;0,0003;0,0005;TRUE;TRUE
TAU;-0,3454;-0,8923;0,2016;-0,3495;-0,8973;0,1982;Behavioural therapies individual + AD;1;Placebo;-0,0041;0,0041;0,0120;TRUE;TRUE
TCAs;-0,6273;-0,7817;-0,4729;-0,6274;-0,7819;-0,4730;Behavioural therapies individual + AD;1;Placebo;-0,0001;0,0001;0,0001;TRUE;TRUE
Trazodone;-0,4002;-0,7486;-0,0517;-0,4004;-0,7489;-0,0518;Behavioural therapies individual + AD;1;Placebo;-0,0002;0,0002;0,0005;TRUE;TRUE
Waitlist;0,6737;0,1761;1,1713;0,6710;0,1730;1,1691;Behavioural therapies individual + AD;1;Placebo;-0,0027;0,0027;0,0040;TRUE;TRUE
Yoga group;-0,8845;-1,8640;0,0951;-0,8858;-1,8657;0,0940;Behavioural therapies individual + AD;1;Placebo;-0,0014;0,0014;0,0016;TRUE;TRUE
Yoga group + AD;-1,8580;-3,3190;-0,3970;-1,8734;-3,3383;-0,4085;Behavioural therapies individual + AD;1;Placebo;-0,0154;0,0154;0,0083;TRUE;TRUE
Acupuncture;-0,9163;-1,4419;-0,3906;-0,9416;-1,4675;-0,4158;Cognitive and cognitive behavioural therapies group;1;Placebo;-0,0254;0,0254;0,0277;TRUE;TRUE
Acupuncture + AD;-1,7488;-2,2550;-1,2426;-1,7482;-2,2539;-1,2424;Cognitive and cognitive behavioural therapies group;1;Placebo;0,0007;0,0007;0,0004;TRUE;TRUE
Any AD;-0,6661;-1,1825;-0,1496;-0,5891;-1,1186;-0,0597;Cognitive and cognitive behavioural therapies group;1;Placebo;0,0769;0,0769;0,1155;TRUE;TRUE
Any psychotherapy;0,1486;-0,9207;1,2178;0,1189;-0,9502;1,1881;Cognitive and cognitive behavioural therapies group;1;Placebo;-0,0297;0,0297;0,1996;TRUE;TRUE
Attention placebo;0,5718;-0,4354;1,5789;0,4820;-0,5291;1,4930;Cognitive and cognitive behavioural therapies group;1;Placebo;-0,0898;0,0898;0,1571;TRUE;TRUE
Behavioural therapies individual;0,3156;-0,4066;1,0379;0,2940;-0,4284;1,0165;Cognitive and cognitive behavioural therapies group;1;Placebo;-0,0216;0,0216;0,0684;TRUE;TRUE
Behavioural therapies individual + AD;-0,7311;-1,8053;0,3431;-0,7150;-1,7888;0,3588;Cognitive and cognitive behavioural therapies group;1;Placebo;0,0161;0,0161;0,0221;TRUE;TRUE
Cognitive and cognitive behavioural therapies group + AD;-1,3304;-2,3521;-0,3087;-1,2534;-2,2812;-0,2257;Cognitive and cognitive behavioural therapies group;1;Placebo;0,0769;0,0769;0,0578;TRUE;TRUE
Cognitive and cognitive behavioural therapies individual;-0,8540;-1,1770;-0,5311;-0,8847;-1,2115;-0,5579;Cognitive and cognitive behavioural therapies group;1;Placebo;-0,0307;0,0307;0,0359;TRUE;TRUE
Cognitive and cognitive behavioural therapies individual + AD;-1,3372;-1,8771;-0,7973;-1,3325;-1,8728;-0,7921;Cognitive and cognitive behavioural therapies group;1;Placebo;0,0047;0,0047;0,0035;TRUE;TRUE
Cognitive and cognitive behavioural therapies individual + placebo;-1,3101;-2,1924;-0,4278;-1,3131;-2,1952;-0,4310;Cognitive and cognitive behavioural therapies group;1;Placebo;-0,0030;0,0030;0,0023;TRUE;TRUE
Counselling individual;-0,6775;-1,2871;-0,0679;-0,7198;-1,3319;-0,1076;Cognitive and cognitive behavioural therapies group;1;Placebo;-0,0423;0,0423;0,0624;TRUE;TRUE
Counselling individual + AD;-0,1937;-1,5170;1,1296;-0,1552;-1,4789;1,1685;Cognitive and cognitive behavioural therapies group;1;Placebo;0,0385;0,0385;0,1987;TRUE;TRUE
Counselling individual + placebo;0,1501;-1,6724;1,9726;0,1886;-1,6336;2,0107;Cognitive and cognitive behavioural therapies group;1;Placebo;0,0385;0,0385;0,2564;TRUE;TRUE
Exercise group;-0,8993;-1,6153;-0,1832;-0,8950;-1,6123;-0,1777;Cognitive and cognitive behavioural therapies group;1;Placebo;0,0042;0,0042;0,0047;TRUE;TRUE
Exercise group + AD;-3,4467;-4,6928;-2,2006;-3,4460;-4,6910;-2,2009;Cognitive and cognitive behavioural therapies group;1;Placebo;0,0007;0,0007;0,0002;TRUE;TRUE
Exercise individual;-0,7556;-1,4550;-0,0562;-0,7726;-1,4731;-0,0722;Cognitive and cognitive behavioural therapies group;1;Placebo;-0,0170;0,0170;0,0225;TRUE;TRUE
Exercise individual + AD;-1,4503;-2,3661;-0,5345;-1,4379;-2,3547;-0,5210;Cognitive and cognitive behavioural therapies group;1;Placebo;0,0124;0,0124;0,0085;TRUE;TRUE
Interpersonal psychotherapy (IPT) individual;-0,5561;-1,1991;0,0869;-0,5361;-1,1807;0,1084;Cognitive and cognitive behavioural therapies group;1;Placebo;0,0199;0,0199;0,0359;TRUE;TRUE
Interpersonal psychotherapy (IPT) individual + AD;-0,8108;-1,5611;-0,0605;-0,7686;-1,5215;-0,0157;Cognitive and cognitive behavioural therapies group;1;Placebo;0,0422;0,0422;0,0521;TRUE;TRUE
Interpersonal psychotherapy (IPT) individual + placebo;-0,5149;-1,3638;0,3340;-0,4854;-1,3353;0,3644;Cognitive and cognitive behavioural therapies group;1;Placebo;0,0294;0,0294;0,0571;TRUE;TRUE
Light therapy;-0,8700;-1,9121;0,1721;-0,8696;-1,9109;0,1716;Cognitive and cognitive behavioural therapies group;1;Placebo;0,0004;0,0004;0,0004;TRUE;TRUE
Light therapy + AD;-1,2062;-2,0280;-0,3844;-1,2058;-2,0269;-0,3846;Cognitive and cognitive behavioural therapies group;1;Placebo;0,0004;0,0004;0,0003;TRUE;TRUE
Mindfulness or meditation group;-4,2459;-6,0031;-2,4886;-4,3081;-6,0685;-2,5477;Cognitive and cognitive behavioural therapies group;1;Placebo;-0,0622;0,0622;0,0147;TRUE;TRUE
Mirtazapine;-0,6954;-0,9513;-0,4395;-0,6953;-0,9510;-0,4397;Cognitive and cognitive behavioural therapies group;1;Placebo;0,0001;0,0001;0,0001;TRUE;TRUE
Music therapy group;-0,7770;-2,2462;0,6922;-0,8392;-2,3122;0,6337;Cognitive and cognitive behavioural therapies group;1;Placebo;-0,0622;0,0622;0,0801;TRUE;TRUE
No treatment;-0,1148;-0,5823;0,3527;-0,1770;-0,6588;0,3048;Cognitive and cognitive behavioural therapies group;1;Placebo;-0,0622;0,0622;0,5420;TRUE;TRUE
Peer support group;-1,3571;-2,6719;-0,0423;-1,2802;-2,5992;0,0388;Cognitive and cognitive behavioural therapies group;1;Placebo;0,0769;0,0769;0,0567;TRUE;TRUE
Peer support group + AD;-1,4781;-2,7913;-0,1649;-1,4011;-2,7186;-0,0837;Cognitive and cognitive behavioural therapies group;1;Placebo;0,0769;0,0769;0,0520;TRUE;TRUE
Placebo;0,0000;0,0000;0,0000;0,0000;0,0000;0,0000;Cognitive and cognitive behavioural therapies group;1;Placebo;0,0000;0,0000;NA;TRUE;TRUE
Problem solving group;-2,9953;-4,1991;-1,7915;-3,1131;-4,3224;-1,9038;Cognitive and cognitive behavioural therapies group;1;Placebo;-0,1178;0,1178;0,0393;TRUE;TRUE
Problem solving individual;-0,9765;-1,6284;-0,3247;-1,0337;-1,6881;-0,3793;Cognitive and cognitive behavioural therapies group;1;Placebo;-0,0571;0,0571;0,0585;TRUE;TRUE
Psychoeducation group;-1,3504;-2,6595;-0,0412;-1,4126;-2,7259;-0,0992;Cognitive and cognitive behavioural therapies group;1;Placebo;-0,0622;0,0622;0,0461;TRUE;TRUE
Psychoeducation group + AD;-0,4584;-1,6559;0,7392;-0,3990;-1,5992;0,8012;Cognitive and cognitive behavioural therapies group;1;Placebo;0,0594;0,0594;0,1296;TRUE;TRUE
Relaxation individual + AD;-0,7883;-2,0071;0,4306;-0,7831;-2,0013;0,4351;Cognitive and cognitive behavioural therapies group;1;Placebo;0,0052;0,0052;0,0065;TRUE;TRUE
Relaxation individual + placebo;-0,1558;-1,3582;1,0465;-0,1508;-1,3524;1,0508;Cognitive and cognitive behavioural therapies group;1;Placebo;0,0051;0,0051;0,0326;TRUE;TRUE
Self-help;-0,6497;-1,2124;-0,0870;-0,7740;-1,3520;-0,1960;Cognitive and cognitive behavioural therapies group;1;Placebo;-0,1243;0,1243;0,1913;TRUE;TRUE
Self-help with support;-0,6290;-1,1818;-0,0762;-0,7451;-1,3116;-0,1787;Cognitive and cognitive behavioural therapies group;1;Placebo;-0,1161;0,1161;0,1846;TRUE;TRUE
Sham acupuncture;-0,1507;-0,9170;0,6157;-0,1924;-0,9594;0,5746;Cognitive and cognitive behavioural therapies group;1;Placebo;-0,0418;0,0418;0,2772;TRUE;TRUE
Short-term psychodynamic psychotherapies individual;-0,7098;-1,3789;-0,0406;-0,7483;-1,4185;-0,0781;Cognitive and cognitive behavioural therapies group;1;Placebo;-0,0385;0,0385;0,0543;TRUE;TRUE
Short-term psychodynamic psychotherapies individual + AD;-0,5020;-1,6798;0,6758;-0,4438;-1,6242;0,7365;Cognitive and cognitive behavioural therapies group;1;Placebo;0,0582;0,0582;0,1159;TRUE;TRUE
SNRIs;-0,7113;-0,8632;-0,5595;-0,7109;-0,8626;-0,5592;Cognitive and cognitive behavioural therapies group;1;Placebo;0,0005;0,0005;0,0006;TRUE;TRUE
SSRIs;-0,5218;-0,6325;-0,4111;-0,5211;-0,6318;-0,4104;Cognitive and cognitive behavioural therapies group;1;Placebo;0,0007;0,0007;0,0014;TRUE;TRUE
TAU;-0,3454;-0,8923;0,2016;-0,2571;-0,8192;0,3049;Cognitive and cognitive behavioural therapies group;1;Placebo;0,0882;0,0882;0,2555;TRUE;TRUE
TCAs;-0,6273;-0,7817;-0,4729;-0,6285;-0,7829;-0,4742;Cognitive and cognitive behavioural therapies group;1;Placebo;-0,0012;0,0012;0,0019;TRUE;TRUE
Trazodone;-0,4002;-0,7486;-0,0517;-0,3999;-0,7480;-0,0518;Cognitive and cognitive behavioural therapies group;1;Placebo;0,0003;0,0003;0,0007;TRUE;TRUE
Waitlist;0,6737;0,1761;1,1713;0,5558;0,0437;1,0679;Cognitive and cognitive behavioural therapies group;1;Placebo;-0,1179;0,1179;0,1751;TRUE;TRUE
Yoga group;-0,8845;-1,8640;0,0951;-0,9443;-1,9251;0,0366;Cognitive and cognitive behavioural therapies group;1;Placebo;-0,0598;0,0598;0,0676;TRUE;TRUE
Yoga group + AD;-1,8580;-3,3190;-0,3970;-1,7811;-3,2458;-0,3163;Cognitive and cognitive behavioural therapies group;1;Placebo;0,0769;0,0769;0,0414;TRUE;TRUE
Acupuncture;-0,9163;-1,4419;-0,3906;-0,9164;-1,4423;-0,3905;Cognitive and cognitive behavioural therapies group + AD;1;Placebo;-0,0001;0,0001;0,0001;TRUE;TRUE
Acupuncture + AD;-1,7488;-2,2550;-1,2426;-1,7488;-2,2553;-1,2423;Cognitive and cognitive behavioural therapies group + AD;1;Placebo;0,0000;0,0000;0,0000;TRUE;TRUE
Any AD;-0,6661;-1,1825;-0,1496;-0,6659;-1,1826;-0,1492;Cognitive and cognitive behavioural therapies group + AD;1;Placebo;0,0002;0,0002;0,0002;TRUE;TRUE
Any psychotherapy;0,1486;-0,9207;1,2178;0,1486;-0,9212;1,2184;Cognitive and cognitive behavioural therapies group + AD;1;Placebo;0,0001;0,0001;0,0004;TRUE;TRUE
Attention placebo;0,5718;-0,4354;1,5789;0,5718;-0,4359;1,5794;Cognitive and cognitive behavioural therapies group + AD;1;Placebo;0,0000;0,0000;0,0000;TRUE;TRUE
Behavioural therapies individual;0,3156;-0,4066;1,0379;0,3157;-0,4069;1,0384;Cognitive and cognitive behavioural therapies group + AD;1;Placebo;0,0001;0,0001;0,0003;TRUE;TRUE
Behavioural therapies individual + AD;-0,7311;-1,8053;0,3431;-0,7311;-1,8057;0,3436;Cognitive and cognitive behavioural therapies group + AD;1;Placebo;0,0000;0,0000;0,0000;TRUE;TRUE
Cognitive and cognitive behavioural therapies group;-0,9528;-1,5432;-0,3624;-0,9529;-1,5436;-0,3622;Cognitive and cognitive behavioural therapies group + AD;1;Placebo;-0,0001;0,0001;0,0001;TRUE;TRUE
Cognitive and cognitive behavioural therapies individual;-0,8540;-1,1770;-0,5311;-0,8540;-1,1772;-0,5309;Cognitive and cognitive behavioural therapies group + AD;1;Placebo;0,0000;0,0000;0,0000;TRUE;TRUE
Cognitive and cognitive behavioural therapies individual + AD;-1,3372;-1,8771;-0,7973;-1,3374;-1,8775;-0,7972;Cognitive and cognitive behavioural therapies group + AD;1;Placebo;-0,0002;0,0002;0,0001;TRUE;TRUE
Cognitive and cognitive behavioural therapies individual + placebo;-1,3101;-2,1924;-0,4278;-1,3102;-2,1930;-0,4275;Cognitive and cognitive behavioural therapies group + AD;1;Placebo;-0,0001;0,0001;0,0001;TRUE;TRUE
Counselling individual;-0,6775;-1,2871;-0,0679;-0,6775;-1,2874;-0,0676;Cognitive and cognitive behavioural therapies group + AD;1;Placebo;0,0000;0,0000;0,0000;TRUE;TRUE
Counselling individual + AD;-0,1937;-1,5170;1,1296;-0,1936;-1,5175;1,1303;Cognitive and cognitive behavioural therapies group + AD;1;Placebo;0,0001;0,0001;0,0004;TRUE;TRUE
Counselling individual + placebo;0,1501;-1,6724;1,9726;0,1502;-1,6732;1,9735;Cognitive and cognitive behavioural therapies group + AD;1;Placebo;0,0001;0,0001;0,0006;TRUE;TRUE
Exercise group;-0,8993;-1,6153;-0,1832;-0,8993;-1,6157;-0,1829;Cognitive and cognitive behavioural therapies group + AD;1;Placebo;0,0000;0,0000;0,0001;TRUE;TRUE
Exercise group + AD;-3,4467;-4,6928;-2,2006;-3,4467;-4,6934;-2,2000;Cognitive and cognitive behavioural therapies group + AD;1;Placebo;0,0000;0,0000;0,0000;TRUE;TRUE
Exercise individual;-0,7556;-1,4550;-0,0562;-0,7557;-1,4554;-0,0559;Cognitive and cognitive behavioural therapies group + AD;1;Placebo;-0,0001;0,0001;0,0001;TRUE;TRUE
Exercise individual + AD;-1,4503;-2,3661;-0,5345;-1,4503;-2,3665;-0,5341;Cognitive and cognitive behavioural therapies group + AD;1;Placebo;0,0000;0,0000;0,0000;TRUE;TRUE
Interpersonal psychotherapy (IPT) individual;-0,5561;-1,1991;0,0869;-0,5560;-1,1994;0,0873;Cognitive and cognitive behavioural therapies group + AD;1;Placebo;0,0001;0,0001;0,0001;TRUE;TRUE
Interpersonal psychotherapy (IPT) individual + AD;-0,8108;-1,5611;-0,0605;-0,8108;-1,5615;-0,0600;Cognitive and cognitive behavioural therapies group + AD;1;Placebo;0,0001;0,0001;0,0001;TRUE;TRUE
Interpersonal psychotherapy (IPT) individual + placebo;-0,5149;-1,3638;0,3340;-0,5148;-1,3641;0,3346;Cognitive and cognitive behavioural therapies group + AD;1;Placebo;0,0001;0,0001;0,0002;TRUE;TRUE
Light therapy;-0,8700;-1,9121;0,1721;-0,8700;-1,9127;0,1726;Cognitive and cognitive behavioural therapies group + AD;1;Placebo;0,0000;0,0000;0,0000;TRUE;TRUE
Light therapy + AD;-1,2062;-2,0280;-0,3844;-1,2062;-2,0285;-0,3840;Cognitive and cognitive behavioural therapies group + AD;1;Placebo;0,0000;0,0000;0,0000;TRUE;TRUE
Mindfulness or meditation group;-4,2459;-6,0031;-2,4886;-4,2459;-6,0037;-2,4881;Cognitive and cognitive behavioural therapies group + AD;1;Placebo;0,0000;0,0000;0,0000;TRUE;TRUE
Mirtazapine;-0,6954;-0,9513;-0,4395;-0,6954;-0,9514;-0,4394;Cognitive and cognitive behavioural therapies group + AD;1;Placebo;0,0000;0,0000;0,0000;TRUE;TRUE
Music therapy group;-0,7770;-2,2462;0,6922;-0,7770;-2,2468;0,6928;Cognitive and cognitive behavioural therapies group + AD;1;Placebo;0,0000;0,0000;0,0000;TRUE;TRUE
No treatment;-0,1148;-0,5823;0,3527;-0,1148;-0,5826;0,3530;Cognitive and cognitive behavioural therapies group + AD;1;Placebo;0,0000;0,0000;0,0001;TRUE;TRUE
Peer support group;-1,3571;-2,6719;-0,0423;-1,3570;-2,6725;-0,0414;Cognitive and cognitive behavioural therapies group + AD;1;Placebo;0,0002;0,0002;0,0001;TRUE;TRUE
Peer support group + AD;-1,4781;-2,7913;-0,1649;-1,4779;-2,7918;-0,1640;Cognitive and cognitive behavioural therapies group + AD;1;Placebo;0,0002;0,0002;0,0001;TRUE;TRUE
Placebo;0,0000;0,0000;0,0000;0,0000;0,0000;0,0000;Cognitive and cognitive behavioural therapies group + AD;1;Placebo;0,0000;0,0000;NA;TRUE;TRUE
Problem solving group;-2,9953;-4,1991;-1,7915;-2,9953;-4,1995;-1,7911;Cognitive and cognitive behavioural therapies group + AD;1;Placebo;0,0000;0,0000;0,0000;TRUE;TRUE
Problem solving individual;-0,9765;-1,6284;-0,3247;-0,9766;-1,6287;-0,3244;Cognitive and cognitive behavioural therapies group + AD;1;Placebo;0,0000;0,0000;0,0000;TRUE;TRUE
Psychoeducation group;-1,3504;-2,6595;-0,0412;-1,3504;-2,6602;-0,0405;Cognitive and cognitive behavioural therapies group + AD;1;Placebo;0,0000;0,0000;0,0000;TRUE;TRUE
Psychoeducation group + AD;-0,4584;-1,6559;0,7392;-0,4583;-1,6565;0,7399;Cognitive and cognitive behavioural therapies group + AD;1;Placebo;0,0001;0,0001;0,0002;TRUE;TRUE
Relaxation individual + AD;-0,7883;-2,0071;0,4306;-0,7883;-2,0076;0,4311;Cognitive and cognitive behavioural therapies group + AD;1;Placebo;0,0000;0,0000;0,0000;TRUE;TRUE
Relaxation individual + placebo;-0,1558;-1,3582;1,0465;-0,1558;-1,3587;1,0470;Cognitive and cognitive behavioural therapies group + AD;1;Placebo;0,0000;0,0000;0,0000;TRUE;TRUE
Self-help;-0,6497;-1,2124;-0,0870;-0,6497;-1,2126;-0,0867;Cognitive and cognitive behavioural therapies group + AD;1;Placebo;0,0000;0,0000;0,0001;TRUE;TRUE
Self-help with support;-0,6290;-1,1818;-0,0762;-0,6289;-1,1820;-0,0758;Cognitive and cognitive behavioural therapies group + AD;1;Placebo;0,0000;0,0000;0,0001;TRUE;TRUE
Sham acupuncture;-0,1507;-0,9170;0,6157;-0,1507;-0,9175;0,6161;Cognitive and cognitive behavioural therapies group + AD;1;Placebo;0,0000;0,0000;0,0003;TRUE;TRUE
Short-term psychodynamic psychotherapies individual;-0,7098;-1,3789;-0,0406;-0,7097;-1,3793;-0,0402;Cognitive and cognitive behavioural therapies group + AD;1;Placebo;0,0000;0,0000;0,0000;TRUE;TRUE
Short-term psychodynamic psychotherapies individual + AD;-0,5020;-1,6798;0,6758;-0,5019;-1,6802;0,6765;Cognitive and cognitive behavioural therapies group + AD;1;Placebo;0,0001;0,0001;0,0002;TRUE;TRUE
SNRIs;-0,7113;-0,8632;-0,5595;-0,7114;-0,8633;-0,5594;Cognitive and cognitive behavioural therapies group + AD;1;Placebo;-0,0001;0,0001;0,0001;TRUE;TRUE
SSRIs;-0,5218;-0,6325;-0,4111;-0,5218;-0,6326;-0,4110;Cognitive and cognitive behavioural therapies group + AD;1;Placebo;0,0000;0,0000;0,0000;TRUE;TRUE
TAU;-0,3454;-0,8923;0,2016;-0,3454;-0,8926;0,2018;Cognitive and cognitive behavioural therapies group + AD;1;Placebo;0,0000;0,0000;0,0000;TRUE;TRUE
TCAs;-0,6273;-0,7817;-0,4729;-0,6274;-0,7819;-0,4729;Cognitive and cognitive behavioural therapies group + AD;1;Placebo;0,0000;0,0000;0,0000;TRUE;TRUE
Trazodone;-0,4002;-0,7486;-0,0517;-0,4002;-0,7488;-0,0516;Cognitive and cognitive behavioural therapies group + AD;1;Placebo;0,0000;0,0000;0,0000;TRUE;TRUE
Waitlist;0,6737;0,1761;1,1713;0,6739;0,1760;1,1717;Cognitive and cognitive behavioural therapies group + AD;1;Placebo;0,0001;0,0001;0,0002;TRUE;TRUE
Yoga group;-0,8845;-1,8640;0,0951;-0,8844;-1,8644;0,0956;Cognitive and cognitive behavioural therapies group + AD;1;Placebo;0,0001;0,0001;0,0001;TRUE;TRUE
Yoga group + AD;-1,8580;-3,3190;-0,3970;-1,8578;-3,3195;-0,3962;Cognitive and cognitive behavioural therapies group + AD;1;Placebo;0,0002;0,0002;0,0001;TRUE;TRUE
Acupuncture;-0,9163;-1,4419;-0,3906;-0,9190;-1,4528;-0,3853;Cognitive and cognitive behavioural therapies individual;1;Placebo;-0,0027;0,0027;0,0030;TRUE;TRUE
Acupuncture + AD;-1,7488;-2,2550;-1,2426;-1,7562;-2,2662;-1,2462;Cognitive and cognitive behavioural therapies individual;1;Placebo;-0,0074;0,0074;0,0042;TRUE;TRUE
Any AD;-0,6661;-1,1825;-0,1496;-0,2566;-0,8905;0,3772;Cognitive and cognitive behavioural therapies individual;1;Placebo;0,4094;0,4094;0,6147;TRUE;TRUE
Any psychotherapy;0,1486;-0,9207;1,2178;-0,4888;-1,6906;0,7131;Cognitive and cognitive behavioural therapies individual;1;Placebo;-0,6373;0,6373;4,2895;TRUE;TRUE
Attention placebo;0,5718;-0,4354;1,5789;0,5557;-0,4939;1,6054;Cognitive and cognitive behavioural therapies individual;1;Placebo;-0,0160;0,0160;0,0280;TRUE;TRUE
Behavioural therapies individual;0,3156;-0,4066;1,0379;-0,7968;-1,8421;0,2486;Cognitive and cognitive behavioural therapies individual;1;Placebo;-1,1124;1,1124;3,5243;TRUE;TRUE
Behavioural therapies individual + AD;-0,7311;-1,8053;0,3431;-0,6427;-1,7259;0,4404;Cognitive and cognitive behavioural therapies individual;1;Placebo;0,0884;0,0884;0,1209;TRUE;TRUE
Cognitive and cognitive behavioural therapies group;-0,9528;-1,5432;-0,3624;-1,0383;-1,6780;-0,3987;Cognitive and cognitive behavioural therapies individual;1;Placebo;-0,0855;0,0855;0,0898;TRUE;TRUE
Cognitive and cognitive behavioural therapies group + AD;-1,3304;-2,3521;-0,3087;-0,9211;-2,0119;0,1696;Cognitive and cognitive behavioural therapies individual;1;Placebo;0,4093;0,4093;0,3076;TRUE;TRUE
Cognitive and cognitive behavioural therapies individual + AD;-1,3372;-1,8771;-0,7973;-1,2946;-1,8741;-0,7150;Cognitive and cognitive behavioural therapies individual;1;Placebo;0,0426;0,0426;0,0319;TRUE;TRUE
Cognitive and cognitive behavioural therapies individual + placebo;-1,3101;-2,1924;-0,4278;-1,2558;-2,1970;-0,3146;Cognitive and cognitive behavioural therapies individual;1;Placebo;0,0543;0,0543;0,0414;TRUE;TRUE
Counselling individual;-0,6775;-1,2871;-0,0679;-0,6628;-1,3633;0,0378;Cognitive and cognitive behavioural therapies individual;1;Placebo;0,0147;0,0147;0,0217;TRUE;TRUE
Counselling individual + AD;-0,1937;-1,5170;1,1296;0,0127;-1,3309;1,3564;Cognitive and cognitive behavioural therapies individual;1;Placebo;0,2064;0,2064;1,0658;TRUE;TRUE
Counselling individual + placebo;0,1501;-1,6724;1,9726;0,3565;-1,4867;2,1997;Cognitive and cognitive behavioural therapies individual;1;Placebo;0,2064;0,2064;1,3753;TRUE;TRUE
Exercise group;-0,8993;-1,6153;-0,1832;-0,8960;-1,6281;-0,1639;Cognitive and cognitive behavioural therapies individual;1;Placebo;0,0032;0,0032;0,0036;TRUE;TRUE
Exercise group + AD;-3,4467;-4,6928;-2,2006;-3,4546;-4,7093;-2,1998;Cognitive and cognitive behavioural therapies individual;1;Placebo;-0,0079;0,0079;0,0023;TRUE;TRUE
Exercise individual;-0,7556;-1,4550;-0,0562;-0,7579;-1,4724;-0,0435;Cognitive and cognitive behavioural therapies individual;1;Placebo;-0,0023;0,0023;0,0031;TRUE;TRUE
Exercise individual + AD;-1,4503;-2,3661;-0,5345;-1,3110;-2,2467;-0,3754;Cognitive and cognitive behavioural therapies individual;1;Placebo;0,1392;0,1392;0,0960;TRUE;TRUE
Interpersonal psychotherapy (IPT) individual;-0,5561;-1,1991;0,0869;-0,2221;-0,9406;0,4964;Cognitive and cognitive behavioural therapies individual;1;Placebo;0,3340;0,3340;0,6006;TRUE;TRUE
Interpersonal psychotherapy (IPT) individual + AD;-0,8108;-1,5611;-0,0605;-0,5417;-1,3314;0,2481;Cognitive and cognitive behavioural therapies individual;1;Placebo;0,2692;0,2692;0,3320;TRUE;TRUE
Interpersonal psychotherapy (IPT) individual + placebo;-0,5149;-1,3638;0,3340;-0,2964;-1,1711;0,5782;Cognitive and cognitive behavioural therapies individual;1;Placebo;0,2184;0,2184;0,4243;TRUE;TRUE
Light therapy;-0,8700;-1,9121;0,1721;-0,8729;-1,9224;0,1766;Cognitive and cognitive behavioural therapies individual;1;Placebo;-0,0029;0,0029;0,0033;TRUE;TRUE
Light therapy + AD;-1,2062;-2,0280;-0,3844;-1,2070;-2,0345;-0,3795;Cognitive and cognitive behavioural therapies individual;1;Placebo;-0,0008;0,0008;0,0007;TRUE;TRUE
Mindfulness or meditation group;-4,2459;-6,0031;-2,4886;-4,2993;-6,0880;-2,5106;Cognitive and cognitive behavioural therapies individual;1;Placebo;-0,0535;0,0535;0,0126;TRUE;TRUE
Mirtazapine;-0,6954;-0,9513;-0,4395;-0,6980;-0,9559;-0,4402;Cognitive and cognitive behavioural therapies individual;1;Placebo;-0,0027;0,0027;0,0038;TRUE;TRUE
Music therapy group;-0,7770;-2,2462;0,6922;-0,8304;-2,3371;0,6762;Cognitive and cognitive behavioural therapies individual;1;Placebo;-0,0535;0,0535;0,0688;TRUE;TRUE
No treatment;-0,1148;-0,5823;0,3527;-0,1682;-0,7237;0,3872;Cognitive and cognitive behavioural therapies individual;1;Placebo;-0,0535;0,0535;0,4657;TRUE;TRUE
Peer support group;-1,3571;-2,6719;-0,0423;-0,9477;-2,3208;0,4253;Cognitive and cognitive behavioural therapies individual;1;Placebo;0,4094;0,4094;0,3017;TRUE;TRUE
Peer support group + AD;-1,4781;-2,7913;-0,1649;-1,0687;-2,4402;0,3029;Cognitive and cognitive behavioural therapies individual;1;Placebo;0,4094;0,4094;0,2770;TRUE;TRUE
Placebo;0,0000;0,0000;0,0000;0,0000;0,0000;0,0000;Cognitive and cognitive behavioural therapies individual;1;Placebo;0,0000;0,0000;NA;TRUE;TRUE
Problem solving group;-2,9953;-4,1991;-1,7915;-2,9789;-4,2295;-1,7284;Cognitive and cognitive behavioural therapies individual;1;Placebo;0,0164;0,0164;0,0055;TRUE;TRUE
Problem solving individual;-0,9765;-1,6284;-0,3247;-0,9712;-1,6632;-0,2792;Cognitive and cognitive behavioural therapies individual;1;Placebo;0,0054;0,0054;0,0055;TRUE;TRUE
Psychoeducation group;-1,3504;-2,6595;-0,0412;-1,4038;-2,7549;-0,0528;Cognitive and cognitive behavioural therapies individual;1;Placebo;-0,0535;0,0535;0,0396;TRUE;TRUE
Psychoeducation group + AD;-0,4584;-1,6559;0,7392;-0,1198;-1,3612;1,1216;Cognitive and cognitive behavioural therapies individual;1;Placebo;0,3386;0,3386;0,7387;TRUE;TRUE
Relaxation individual + AD;-0,7883;-2,0071;0,4306;-0,7579;-1,9836;0,4678;Cognitive and cognitive behavioural therapies individual;1;Placebo;0,0304;0,0304;0,0386;TRUE;TRUE
Relaxation individual + placebo;-0,1558;-1,3582;1,0465;-0,1259;-1,3351;1,0833;Cognitive and cognitive behavioural therapies individual;1;Placebo;0,0299;0,0299;0,1920;TRUE;TRUE
Self-help;-0,6497;-1,2124;-0,0870;-0,6877;-1,3450;-0,0305;Cognitive and cognitive behavioural therapies individual;1;Placebo;-0,0380;0,0380;0,0585;TRUE;TRUE
Self-help with support;-0,6290;-1,1818;-0,0762;-0,5483;-1,2399;0,1434;Cognitive and cognitive behavioural therapies individual;1;Placebo;0,0807;0,0807;0,1283;TRUE;TRUE
Sham acupuncture;-0,1507;-0,9170;0,6157;-0,1494;-0,9292;0,6304;Cognitive and cognitive behavioural therapies individual;1;Placebo;0,0013;0,0013;0,0084;TRUE;TRUE
Short-term psychodynamic psychotherapies individual;-0,7098;-1,3789;-0,0406;-0,8295;-1,6999;0,0410;Cognitive and cognitive behavioural therapies individual;1;Placebo;-0,1197;0,1197;0,1686;TRUE;TRUE
Short-term psychodynamic psychotherapies individual + AD;-0,5020;-1,6798;0,6758;-0,1916;-1,4083;1,0251;Cognitive and cognitive behavioural therapies individual;1;Placebo;0,3104;0,3104;0,6184;TRUE;TRUE
SNRIs;-0,7113;-0,8632;-0,5595;-0,7079;-0,8614;-0,5543;Cognitive and cognitive behavioural therapies individual;1;Placebo;0,0034;0,0034;0,0048;TRUE;TRUE
SSRIs;-0,5218;-0,6325;-0,4111;-0,5297;-0,6415;-0,4179;Cognitive and cognitive behavioural therapies individual;1;Placebo;-0,0079;0,0079;0,0151;TRUE;TRUE
TAU;-0,3454;-0,8923;0,2016;-0,2718;-0,8657;0,3222;Cognitive and cognitive behavioural therapies individual;1;Placebo;0,0736;0,0736;0,2131;TRUE;TRUE
TCAs;-0,6273;-0,7817;-0,4729;-0,6270;-0,7836;-0,4703;Cognitive and cognitive behavioural therapies individual;1;Placebo;0,0004;0,0004;0,0006;TRUE;TRUE
Trazodone;-0,4002;-0,7486;-0,0517;-0,4036;-0,7547;-0,0525;Cognitive and cognitive behavioural therapies individual;1;Placebo;-0,0034;0,0034;0,0086;TRUE;TRUE
Waitlist;0,6737;0,1761;1,1713;0,6914;0,0987;1,2842;Cognitive and cognitive behavioural therapies individual;1;Placebo;0,0177;0,0177;0,0263;TRUE;TRUE
Yoga group;-0,8845;-1,8640;0,0951;-0,8754;-1,8733;0,1226;Cognitive and cognitive behavioural therapies individual;1;Placebo;0,0091;0,0091;0,0103;TRUE;TRUE
Yoga group + AD;-1,8580;-3,3190;-0,3970;-1,4486;-2,9622;0,0650;Cognitive and cognitive behavioural therapies individual;1;Placebo;0,4094;0,4094;0,2204;TRUE;TRUE
Acupuncture;-0,9163;-1,4419;-0,3906;-0,9210;-1,4450;-0,3970;Cognitive and cognitive behavioural therapies individual + AD;1;Placebo;-0,0047;0,0047;0,0051;TRUE;TRUE
Acupuncture + AD;-1,7488;-2,2550;-1,2426;-1,7463;-2,2508;-1,2418;Cognitive and cognitive behavioural therapies individual + AD;1;Placebo;0,0025;0,0025;0,0014;TRUE;TRUE
Any AD;-0,6661;-1,1825;-0,1496;-1,0007;-1,5325;-0,4689;Cognitive and cognitive behavioural therapies individual + AD;1;Placebo;-0,3346;0,3346;0,5024;TRUE;TRUE
Any psychotherapy;0,1486;-0,9207;1,2178;0,1238;-0,9425;1,1901;Cognitive and cognitive behavioural therapies individual + AD;1;Placebo;-0,0247;0,0247;0,1665;TRUE;TRUE
Attention placebo;0,5718;-0,4354;1,5789;0,5429;-0,4614;1,5471;Cognitive and cognitive behavioural therapies individual + AD;1;Placebo;-0,0289;0,0289;0,0506;TRUE;TRUE
Behavioural therapies individual;0,3156;-0,4066;1,0379;0,2920;-0,4283;1,0124;Cognitive and cognitive behavioural therapies individual + AD;1;Placebo;-0,0236;0,0236;0,0748;TRUE;TRUE
Behavioural therapies individual + AD;-0,7311;-1,8053;0,3431;-0,8035;-1,8753;0,2682;Cognitive and cognitive behavioural therapies individual + AD;1;Placebo;-0,0724;0,0724;0,0990;TRUE;TRUE
Cognitive and cognitive behavioural therapies group;-0,9528;-1,5432;-0,3624;-1,0207;-1,6104;-0,4309;Cognitive and cognitive behavioural therapies individual + AD;1;Placebo;-0,0679;0,0679;0,0712;TRUE;TRUE
Cognitive and cognitive behavioural therapies group + AD;-1,3304;-2,3521;-0,3087;-1,6650;-2,6921;-0,6379;Cognitive and cognitive behavioural therapies individual + AD;1;Placebo;-0,3346;0,3346;0,2515;TRUE;TRUE
Cognitive and cognitive behavioural therapies individual;-0,8540;-1,1770;-0,5311;-0,8919;-1,2161;-0,5677;Cognitive and cognitive behavioural therapies individual + AD;1;Placebo;-0,0379;0,0379;0,0444;TRUE;TRUE
Cognitive and cognitive behavioural therapies individual + placebo;-1,3101;-2,1924;-0,4278;-1,3899;-2,5423;-0,2376;Cognitive and cognitive behavioural therapies individual + AD;1;Placebo;-0,0798;0,0798;0,0609;TRUE;TRUE
Counselling individual;-0,6775;-1,2871;-0,0679;-0,7090;-1,3173;-0,1007;Cognitive and cognitive behavioural therapies individual + AD;1;Placebo;-0,0315;0,0315;0,0465;TRUE;TRUE
Counselling individual + AD;-0,1937;-1,5170;1,1296;-0,3626;-1,6839;0,9587;Cognitive and cognitive behavioural therapies individual + AD;1;Placebo;-0,1690;0,1690;0,8723;TRUE;TRUE
Counselling individual + placebo;0,1501;-1,6724;1,9726;-0,0189;-1,8372;1,7995;Cognitive and cognitive behavioural therapies individual + AD;1;Placebo;-0,1690;0,1690;1,1257;TRUE;TRUE
Exercise group;-0,8993;-1,6153;-0,1832;-0,9204;-1,6346;-0,2061;Cognitive and cognitive behavioural therapies individual + AD;1;Placebo;-0,0211;0,0211;0,0235;TRUE;TRUE
Exercise group + AD;-3,4467;-4,6928;-2,2006;-3,4440;-4,6860;-2,2019;Cognitive and cognitive behavioural therapies individual + AD;1;Placebo;0,0027;0,0027;0,0008;TRUE;TRUE
Exercise individual;-0,7556;-1,4550;-0,0562;-0,7849;-1,4823;-0,0874;Cognitive and cognitive behavioural therapies individual + AD;1;Placebo;-0,0292;0,0292;0,0387;TRUE;TRUE
Exercise individual + AD;-1,4503;-2,3661;-0,5345;-1,5877;-2,5027;-0,6727;Cognitive and cognitive behavioural therapies individual + AD;1;Placebo;-0,1374;0,1374;0,0947;TRUE;TRUE
Interpersonal psychotherapy (IPT) individual;-0,5561;-1,1991;0,0869;-0,6927;-1,3360;-0,0495;Cognitive and cognitive behavioural therapies individual + AD;1;Placebo;-0,1367;0,1367;0,2458;TRUE;TRUE
Interpersonal psychotherapy (IPT) individual + AD;-0,8108;-1,5611;-0,0605;-1,0041;-1,7560;-0,2522;Cognitive and cognitive behavioural therapies individual + AD;1;Placebo;-0,1933;0,1933;0,2384;TRUE;TRUE
Interpersonal psychotherapy (IPT) individual + placebo;-0,5149;-1,3638;0,3340;-0,6583;-1,5064;0,1898;Cognitive and cognitive behavioural therapies individual + AD;1;Placebo;-0,1434;0,1434;0,2786;TRUE;TRUE
Light therapy;-0,8700;-1,9121;0,1721;-0,8690;-1,9076;0,1697;Cognitive and cognitive behavioural therapies individual + AD;1;Placebo;0,0011;0,0011;0,0012;TRUE;TRUE
Light therapy + AD;-1,2062;-2,0280;-0,3844;-1,2058;-2,0250;-0,3866;Cognitive and cognitive behavioural therapies individual + AD;1;Placebo;0,0004;0,0004;0,0004;TRUE;TRUE
Mindfulness or meditation group;-4,2459;-6,0031;-2,4886;-4,2803;-6,0345;-2,5261;Cognitive and cognitive behavioural therapies individual + AD;1;Placebo;-0,0344;0,0344;0,0081;TRUE;TRUE
Mirtazapine;-0,6954;-0,9513;-0,4395;-0,6945;-0,9495;-0,4396;Cognitive and cognitive behavioural therapies individual + AD;1;Placebo;0,0009;0,0009;0,0012;TRUE;TRUE
Music therapy group;-0,7770;-2,2462;0,6922;-0,8114;-2,2770;0,6541;Cognitive and cognitive behavioural therapies individual + AD;1;Placebo;-0,0344;0,0344;0,0443;TRUE;TRUE
No treatment;-0,1148;-0,5823;0,3527;-0,1492;-0,6159;0,3175;Cognitive and cognitive behavioural therapies individual + AD;1;Placebo;-0,0344;0,0344;0,2998;TRUE;TRUE
Peer support group;-1,3571;-2,6719;-0,0423;-1,6918;-3,0089;-0,3746;Cognitive and cognitive behavioural therapies individual + AD;1;Placebo;-0,3346;0,3346;0,2466;TRUE;TRUE
Peer support group + AD;-1,4781;-2,7913;-0,1649;-1,8127;-3,1283;-0,4972;Cognitive and cognitive behavioural therapies individual + AD;1;Placebo;-0,3346;0,3346;0,2264;TRUE;TRUE
Placebo;0,0000;0,0000;0,0000;0,0000;0,0000;0,0000;Cognitive and cognitive behavioural therapies individual + AD;1;Placebo;0,0000;0,0000;NA;TRUE;TRUE
Problem solving group;-2,9953;-4,1991;-1,7915;-3,0274;-4,2287;-1,8260;Cognitive and cognitive behavioural therapies individual + AD;1;Placebo;-0,0320;0,0320;0,0107;TRUE;TRUE
Problem solving individual;-0,9765;-1,6284;-0,3247;-0,9999;-1,6499;-0,3499;Cognitive and cognitive behavioural therapies individual + AD;1;Placebo;-0,0234;0,0234;0,0239;TRUE;TRUE
Psychoeducation group;-1,3504;-2,6595;-0,0412;-1,3848;-2,6898;-0,0797;Cognitive and cognitive behavioural therapies individual + AD;1;Placebo;-0,0344;0,0344;0,0255;TRUE;TRUE
Psychoeducation group + AD;-0,4584;-1,6559;0,7392;-0,7216;-1,9200;0,4767;Cognitive and cognitive behavioural therapies individual + AD;1;Placebo;-0,2633;0,2633;0,5743;TRUE;TRUE
Relaxation individual + AD;-0,7883;-2,0071;0,4306;-0,8133;-2,0292;0,4027;Cognitive and cognitive behavioural therapies individual + AD;1;Placebo;-0,0250;0,0250;0,0317;TRUE;TRUE
Relaxation individual + placebo;-0,1558;-1,3582;1,0465;-0,1805;-1,3798;1,0189;Cognitive and cognitive behavioural therapies individual + AD;1;Placebo;-0,0246;0,0246;0,1580;TRUE;TRUE
Self-help;-0,6497;-1,2124;-0,0870;-0,6847;-1,2464;-0,1231;Cognitive and cognitive behavioural therapies individual + AD;1;Placebo;-0,0350;0,0350;0,0539;TRUE;TRUE
Self-help with support;-0,6290;-1,1818;-0,0762;-0,6650;-1,2169;-0,1132;Cognitive and cognitive behavioural therapies individual + AD;1;Placebo;-0,0361;0,0361;0,0573;TRUE;TRUE
Sham acupuncture;-0,1507;-0,9170;0,6157;-0,1605;-0,9245;0,6035;Cognitive and cognitive behavioural therapies individual + AD;1;Placebo;-0,0098;0,0098;0,0653;TRUE;TRUE
Short-term psychodynamic psychotherapies individual;-0,7098;-1,3789;-0,0406;-0,7360;-1,4033;-0,0686;Cognitive and cognitive behavioural therapies individual + AD;1;Placebo;-0,0262;0,0262;0,0369;TRUE;TRUE
Short-term psychodynamic psychotherapies individual + AD;-0,5020;-1,6798;0,6758;-0,7559;-1,9345;0,4227;Cognitive and cognitive behavioural therapies individual + AD;1;Placebo;-0,2539;0,2539;0,5057;TRUE;TRUE
SNRIs;-0,7113;-0,8632;-0,5595;-0,7122;-0,8635;-0,5609;Cognitive and cognitive behavioural therapies individual + AD;1;Placebo;-0,0008;0,0008;0,0012;TRUE;TRUE
SSRIs;-0,5218;-0,6325;-0,4111;-0,5191;-0,6295;-0,4087;Cognitive and cognitive behavioural therapies individual + AD;1;Placebo;0,0027;0,0027;0,0052;TRUE;TRUE
TAU;-0,3454;-0,8923;0,2016;-0,3754;-0,9265;0,1758;Cognitive and cognitive behavioural therapies individual + AD;1;Placebo;-0,0300;0,0300;0,0868;TRUE;TRUE
TCAs;-0,6273;-0,7817;-0,4729;-0,6279;-0,7820;-0,4738;Cognitive and cognitive behavioural therapies individual + AD;1;Placebo;-0,0005;0,0005;0,0009;TRUE;TRUE
Trazodone;-0,4002;-0,7486;-0,0517;-0,3990;-0,7462;-0,0518;Cognitive and cognitive behavioural therapies individual + AD;1;Placebo;0,0012;0,0012;0,0030;TRUE;TRUE
Waitlist;0,6737;0,1761;1,1713;0,6411;0,1443;1,1378;Cognitive and cognitive behavioural therapies individual + AD;1;Placebo;-0,0327;0,0327;0,0485;TRUE;TRUE
Yoga group;-0,8845;-1,8640;0,0951;-0,9011;-1,8780;0,0758;Cognitive and cognitive behavioural therapies individual + AD;1;Placebo;-0,0167;0,0167;0,0189;TRUE;TRUE
Yoga group + AD;-1,8580;-3,3190;-0,3970;-2,1926;-3,6557;-0,7296;Cognitive and cognitive behavioural therapies individual + AD;1;Placebo;-0,3346;0,3346;0,1801;TRUE;TRUE
Acupuncture;-0,9163;-1,4419;-0,3906;-0,9165;-1,4422;-0,3907;Cognitive and cognitive behavioural therapies individual + placebo;1;Placebo;-0,0002;0,0002;0,0002;TRUE;TRUE
Acupuncture + AD;-1,7488;-2,2550;-1,2426;-1,7487;-2,2550;-1,2423;Cognitive and cognitive behavioural therapies individual + placebo;1;Placebo;0,0002;0,0002;0,0001;TRUE;TRUE
Any AD;-0,6661;-1,1825;-0,1496;-0,6642;-1,1808;-0,1476;Cognitive and cognitive behavioural therapies individual + placebo;1;Placebo;0,0019;0,0019;0,0028;TRUE;TRUE
Any psychotherapy;0,1486;-0,9207;1,2178;0,1479;-0,9216;1,2174;Cognitive and cognitive behavioural therapies individual + placebo;1;Placebo;-0,0007;0,0007;0,0048;TRUE;TRUE
Attention placebo;0,5718;-0,4354;1,5789;0,5713;-0,4361;1,5786;Cognitive and cognitive behavioural therapies individual + placebo;1;Placebo;-0,0005;0,0005;0,0009;TRUE;TRUE
Behavioural therapies individual;0,3156;-0,4066;1,0379;0,3150;-0,4075;1,0374;Cognitive and cognitive behavioural therapies individual + placebo;1;Placebo;-0,0007;0,0007;0,0021;TRUE;TRUE
Behavioural therapies individual + AD;-0,7311;-1,8053;0,3431;-0,7309;-1,8053;0,3435;Cognitive and cognitive behavioural therapies individual + placebo;1;Placebo;0,0002;0,0002;0,0003;TRUE;TRUE
Cognitive and cognitive behavioural therapies group;-0,9528;-1,5432;-0,3624;-0,9526;-1,5432;-0,3621;Cognitive and cognitive behavioural therapies individual + placebo;1;Placebo;0,0002;0,0002;0,0002;TRUE;TRUE
Cognitive and cognitive behavioural therapies group + AD;-1,3304;-2,3521;-0,3087;-1,3285;-2,3505;-0,3066;Cognitive and cognitive behavioural therapies individual + placebo;1;Placebo;0,0019;0,0019;0,0014;TRUE;TRUE
Cognitive and cognitive behavioural therapies individual;-0,8540;-1,1770;-0,5311;-0,8553;-1,1783;-0,5322;Cognitive and cognitive behavioural therapies individual + placebo;1;Placebo;-0,0013;0,0013;0,0015;TRUE;TRUE
Cognitive and cognitive behavioural therapies individual + AD;-1,3372;-1,8771;-0,7973;-1,3065;-1,8574;-0,7556;Cognitive and cognitive behavioural therapies individual + placebo;1;Placebo;0,0307;0,0307;0,0229;TRUE;TRUE
Counselling individual;-0,6775;-1,2871;-0,0679;-0,6778;-1,2875;-0,0681;Cognitive and cognitive behavioural therapies individual + placebo;1;Placebo;-0,0003;0,0003;0,0004;TRUE;TRUE
Counselling individual + AD;-0,1937;-1,5170;1,1296;-0,1929;-1,5164;1,1307;Cognitive and cognitive behavioural therapies individual + placebo;1;Placebo;0,0008;0,0008;0,0042;TRUE;TRUE
Counselling individual + placebo;0,1501;-1,6724;1,9726;0,1509;-1,6720;1,9738;Cognitive and cognitive behavioural therapies individual + placebo;1;Placebo;0,0008;0,0008;0,0054;TRUE;TRUE
Exercise group;-0,8993;-1,6153;-0,1832;-0,8987;-1,6149;-0,1826;Cognitive and cognitive behavioural therapies individual + placebo;1;Placebo;0,0005;0,0005;0,0006;TRUE;TRUE
Exercise group + AD;-3,4467;-4,6928;-2,2006;-3,4465;-4,6929;-2,2002;Cognitive and cognitive behavioural therapies individual + placebo;1;Placebo;0,0001;0,0001;0,0000;TRUE;TRUE
Exercise individual;-0,7556;-1,4550;-0,0562;-0,7556;-1,4551;-0,0560;Cognitive and cognitive behavioural therapies individual + placebo;1;Placebo;0,0001;0,0001;0,0001;TRUE;TRUE
Exercise individual + AD;-1,4503;-2,3661;-0,5345;-1,4496;-2,3656;-0,5337;Cognitive and cognitive behavioural therapies individual + placebo;1;Placebo;0,0006;0,0006;0,0004;TRUE;TRUE
Interpersonal psychotherapy (IPT) individual;-0,5561;-1,1991;0,0869;-0,5558;-1,1990;0,0873;Cognitive and cognitive behavioural therapies individual + placebo;1;Placebo;0,0003;0,0003;0,0005;TRUE;TRUE
Interpersonal psychotherapy (IPT) individual + AD;-0,8108;-1,5611;-0,0605;-0,8099;-1,5604;-0,0594;Cognitive and cognitive behavioural therapies individual + placebo;1;Placebo;0,0009;0,0009;0,0012;TRUE;TRUE
Interpersonal psychotherapy (IPT) individual + placebo;-0,5149;-1,3638;0,3340;-0,5144;-1,3635;0,3347;Cognitive and cognitive behavioural therapies individual + placebo;1;Placebo;0,0005;0,0005;0,0010;TRUE;TRUE
Light therapy;-0,8700;-1,9121;0,1721;-0,8699;-1,9123;0,1724;Cognitive and cognitive behavioural therapies individual + placebo;1;Placebo;0,0001;0,0001;0,0001;TRUE;TRUE
Light therapy + AD;-1,2062;-2,0280;-0,3844;-1,2062;-2,0282;-0,3842;Cognitive and cognitive behavioural therapies individual + placebo;1;Placebo;0,0000;0,0000;0,0000;TRUE;TRUE
Mindfulness or meditation group;-4,2459;-6,0031;-2,4886;-4,2462;-6,0037;-2,4887;Cognitive and cognitive behavioural therapies individual + placebo;1;Placebo;-0,0004;0,0004;0,0001;TRUE;TRUE
Mirtazapine;-0,6954;-0,9513;-0,4395;-0,6955;-0,9514;-0,4395;Cognitive and cognitive behavioural therapies individual + placebo;1;Placebo;-0,0001;0,0001;0,0001;TRUE;TRUE
Music therapy group;-0,7770;-2,2462;0,6922;-0,7774;-2,2468;0,6921;Cognitive and cognitive behavioural therapies individual + placebo;1;Placebo;-0,0004;0,0004;0,0005;TRUE;TRUE
No treatment;-0,1148;-0,5823;0,3527;-0,1152;-0,5828;0,3525;Cognitive and cognitive behavioural therapies individual + placebo;1;Placebo;-0,0004;0,0004;0,0031;TRUE;TRUE
Peer support group;-1,3571;-2,6719;-0,0423;-1,3553;-2,6704;-0,0401;Cognitive and cognitive behavioural therapies individual + placebo;1;Placebo;0,0019;0,0019;0,0014;TRUE;TRUE
Peer support group + AD;-1,4781;-2,7913;-0,1649;-1,4762;-2,7897;-0,1627;Cognitive and cognitive behavioural therapies individual + placebo;1;Placebo;0,0019;0,0019;0,0013;TRUE;TRUE
Placebo;0,0000;0,0000;0,0000;0,0000;0,0000;0,0000;Cognitive and cognitive behavioural therapies individual + placebo;1;Placebo;0,0000;0,0000;NA;TRUE;TRUE
Problem solving group;-2,9953;-4,1991;-1,7915;-2,9959;-4,1999;-1,7919;Cognitive and cognitive behavioural therapies individual + placebo;1;Placebo;-0,0006;0,0006;0,0002;TRUE;TRUE
Problem solving individual;-0,9765;-1,6284;-0,3247;-0,9769;-1,6289;-0,3250;Cognitive and cognitive behavioural therapies individual + placebo;1;Placebo;-0,0004;0,0004;0,0004;TRUE;TRUE
Psychoeducation group;-1,3504;-2,6595;-0,0412;-1,3507;-2,6602;-0,0413;Cognitive and cognitive behavioural therapies individual + placebo;1;Placebo;-0,0004;0,0004;0,0003;TRUE;TRUE
Psychoeducation group + AD;-0,4584;-1,6559;0,7392;-0,4570;-1,6548;0,7409;Cognitive and cognitive behavioural therapies individual + placebo;1;Placebo;0,0014;0,0014;0,0030;TRUE;TRUE
Relaxation individual + AD;-0,7883;-2,0071;0,4306;-0,7884;-2,0075;0,4307;Cognitive and cognitive behavioural therapies individual + placebo;1;Placebo;-0,0001;0,0001;0,0001;TRUE;TRUE
Relaxation individual + placebo;-0,1558;-1,3582;1,0465;-0,1559;-1,3585;1,0466;Cognitive and cognitive behavioural therapies individual + placebo;1;Placebo;-0,0001;0,0001;0,0006;TRUE;TRUE
Self-help;-0,6497;-1,2124;-0,0870;-0,6503;-1,2131;-0,0875;Cognitive and cognitive behavioural therapies individual + placebo;1;Placebo;-0,0006;0,0006;0,0009;TRUE;TRUE
Self-help with support;-0,6290;-1,1818;-0,0762;-0,6297;-1,1826;-0,0768;Cognitive and cognitive behavioural therapies individual + placebo;1;Placebo;-0,0007;0,0007;0,0011;TRUE;TRUE
Sham acupuncture;-0,1507;-0,9170;0,6157;-0,1509;-0,9174;0,6157;Cognitive and cognitive behavioural therapies individual + placebo;1;Placebo;-0,0002;0,0002;0,0015;TRUE;TRUE
Short-term psychodynamic psychotherapies individual;-0,7098;-1,3789;-0,0406;-0,7105;-1,3798;-0,0412;Cognitive and cognitive behavioural therapies individual + placebo;1;Placebo;-0,0007;0,0007;0,0010;TRUE;TRUE
Short-term psychodynamic psychotherapies individual + AD;-0,5020;-1,6798;0,6758;-0,5007;-1,6787;0,6774;Cognitive and cognitive behavioural therapies individual + placebo;1;Placebo;0,0014;0,0014;0,0027;TRUE;TRUE
SNRIs;-0,7113;-0,8632;-0,5595;-0,7113;-0,8632;-0,5594;Cognitive and cognitive behavioural therapies individual + placebo;1;Placebo;0,0000;0,0000;0,0000;TRUE;TRUE
SSRIs;-0,5218;-0,6325;-0,4111;-0,5217;-0,6324;-0,4109;Cognitive and cognitive behavioural therapies individual + placebo;1;Placebo;0,0001;0,0001;0,0003;TRUE;TRUE
TAU;-0,3454;-0,8923;0,2016;-0,3431;-0,8903;0,2040;Cognitive and cognitive behavioural therapies individual + placebo;1;Placebo;0,0022;0,0022;0,0064;TRUE;TRUE
TCAs;-0,6273;-0,7817;-0,4729;-0,6279;-0,7823;-0,4734;Cognitive and cognitive behavioural therapies individual + placebo;1;Placebo;-0,0005;0,0005;0,0008;TRUE;TRUE
Trazodone;-0,4002;-0,7486;-0,0517;-0,4002;-0,7487;-0,0517;Cognitive and cognitive behavioural therapies individual + placebo;1;Placebo;0,0000;0,0000;0,0000;TRUE;TRUE
Waitlist;0,6737;0,1761;1,1713;0,6732;0,1755;1,1709;Cognitive and cognitive behavioural therapies individual + placebo;1;Placebo;-0,0005;0,0005;0,0008;TRUE;TRUE
Yoga group;-0,8845;-1,8640;0,0951;-0,8850;-1,8647;0,0948;Cognitive and cognitive behavioural therapies individual + placebo;1;Placebo;-0,0005;0,0005;0,0006;TRUE;TRUE
Yoga group + AD;-1,8580;-3,3190;-0,3970;-1,8561;-3,3174;-0,3949;Cognitive and cognitive behavioural therapies individual + placebo;1;Placebo;0,0019;0,0019;0,0010;TRUE;TRUE
Acupuncture;-0,9163;-1,4419;-0,3906;-0,9077;-1,4335;-0,3818;Counselling individual;1;Placebo;0,0086;0,0086;0,0094;TRUE;TRUE
Acupuncture + AD;-1,7488;-2,2550;-1,2426;-1,7501;-2,2564;-1,2437;Counselling individual;1;Placebo;-0,0012;0,0012;0,0007;TRUE;TRUE
Any AD;-0,6661;-1,1825;-0,1496;-0,6735;-1,1907;-0,1563;Counselling individual;1;Placebo;-0,0074;0,0074;0,0112;TRUE;TRUE
Any psychotherapy;0,1486;-0,9207;1,2178;0,1475;-0,9221;1,2172;Counselling individual;1;Placebo;-0,0010;0,0010;0,0070;TRUE;TRUE
Attention placebo;0,5718;-0,4354;1,5789;0,7175;-0,3132;1,7482;Counselling individual;1;Placebo;0,1458;0,1458;0,2549;TRUE;TRUE
Behavioural therapies individual;0,3156;-0,4066;1,0379;0,3142;-0,4085;1,0369;Counselling individual;1;Placebo;-0,0014;0,0014;0,0045;TRUE;TRUE
Behavioural therapies individual + AD;-0,7311;-1,8053;0,3431;-0,7323;-1,8066;0,3420;Counselling individual;1;Placebo;-0,0012;0,0012;0,0016;TRUE;TRUE
Cognitive and cognitive behavioural therapies group;-0,9528;-1,5432;-0,3624;-0,9614;-1,5521;-0,3706;Counselling individual;1;Placebo;-0,0086;0,0086;0,0090;TRUE;TRUE
Cognitive and cognitive behavioural therapies group + AD;-1,3304;-2,3521;-0,3087;-1,3378;-2,3600;-0,3156;Counselling individual;1;Placebo;-0,0074;0,0074;0,0056;TRUE;TRUE
Cognitive and cognitive behavioural therapies individual;-0,8540;-1,1770;-0,5311;-0,8558;-1,1807;-0,5310;Counselling individual;1;Placebo;-0,0018;0,0018;0,0021;TRUE;TRUE
Cognitive and cognitive behavioural therapies individual + AD;-1,3372;-1,8771;-0,7973;-1,3403;-1,8806;-0,7999;Counselling individual;1;Placebo;-0,0031;0,0031;0,0023;TRUE;TRUE
Cognitive and cognitive behavioural therapies individual + placebo;-1,3101;-2,1924;-0,4278;-1,3122;-2,1948;-0,4296;Counselling individual;1;Placebo;-0,0021;0,0021;0,0016;TRUE;TRUE
Counselling individual + AD;-0,1937;-1,5170;1,1296;-0,1972;-1,5207;1,1263;Counselling individual;1;Placebo;-0,0035;0,0035;0,0180;TRUE;TRUE
Counselling individual + placebo;0,1501;-1,6724;1,9726;0,1466;-1,6762;1,9694;Counselling individual;1;Placebo;-0,0035;0,0035;0,0232;TRUE;TRUE
Exercise group;-0,8993;-1,6153;-0,1832;-0,9415;-1,6592;-0,2239;Counselling individual;1;Placebo;-0,0423;0,0423;0,0470;TRUE;TRUE
Exercise group + AD;-3,4467;-4,6928;-2,2006;-3,4479;-4,6942;-2,2017;Counselling individual;1;Placebo;-0,0013;0,0013;0,0004;TRUE;TRUE
Exercise individual;-0,7556;-1,4550;-0,0562;-0,8010;-1,5023;-0,0996;Counselling individual;1;Placebo;-0,0453;0,0453;0,0600;TRUE;TRUE
Exercise individual + AD;-1,4503;-2,3661;-0,5345;-1,4858;-2,4026;-0,5691;Counselling individual;1;Placebo;-0,0356;0,0356;0,0245;TRUE;TRUE
Interpersonal psychotherapy (IPT) individual;-0,5561;-1,1991;0,0869;-0,5592;-1,2026;0,0842;Counselling individual;1;Placebo;-0,0031;0,0031;0,0056;TRUE;TRUE
Interpersonal psychotherapy (IPT) individual + AD;-0,8108;-1,5611;-0,0605;-0,8152;-1,5658;-0,0646;Counselling individual;1;Placebo;-0,0044;0,0044;0,0054;TRUE;TRUE
Interpersonal psychotherapy (IPT) individual + placebo;-0,5149;-1,3638;0,3340;-0,5177;-1,3668;0,3315;Counselling individual;1;Placebo;-0,0028;0,0028;0,0055;TRUE;TRUE
Light therapy;-0,8700;-1,9121;0,1721;-0,8706;-1,9129;0,1716;Counselling individual;1;Placebo;-0,0006;0,0006;0,0007;TRUE;TRUE
Light therapy + AD;-1,2062;-2,0280;-0,3844;-1,2068;-2,0287;-0,3849;Counselling individual;1;Placebo;-0,0006;0,0006;0,0005;TRUE;TRUE
Mindfulness or meditation group;-4,2459;-6,0031;-2,4886;-4,3562;-6,1184;-2,5940;Counselling individual;1;Placebo;-0,1104;0,1104;0,0260;TRUE;TRUE
Mirtazapine;-0,6954;-0,9513;-0,4395;-0,6957;-0,9516;-0,4398;Counselling individual;1;Placebo;-0,0003;0,0003;0,0005;TRUE;TRUE
Music therapy group;-0,7770;-2,2462;0,6922;-0,8874;-2,3624;0,5877;Counselling individual;1;Placebo;-0,1104;0,1104;0,1420;TRUE;TRUE
No treatment;-0,1148;-0,5823;0,3527;-0,2252;-0,7104;0,2601;Counselling individual;1;Placebo;-0,1104;0,1104;0,9615;TRUE;TRUE
Peer support group;-1,3571;-2,6719;-0,0423;-1,3646;-2,6799;-0,0493;Counselling individual;1;Placebo;-0,0074;0,0074;0,0055;TRUE;TRUE
Peer support group + AD;-1,4781;-2,7913;-0,1649;-1,4855;-2,7992;-0,1718;Counselling individual;1;Placebo;-0,0074;0,0074;0,0050;TRUE;TRUE
Placebo;0,0000;0,0000;0,0000;0,0000;0,0000;0,0000;Counselling individual;1;Placebo;0,0000;0,0000;NA;TRUE;TRUE
Problem solving group;-2,9953;-4,1991;-1,7915;-2,9530;-4,1582;-1,7478;Counselling individual;1;Placebo;0,0423;0,0423;0,0141;TRUE;TRUE
Problem solving individual;-0,9765;-1,6284;-0,3247;-0,7460;-1,5136;0,0217;Counselling individual;1;Placebo;0,2306;0,2306;0,2361;TRUE;TRUE
Psychoeducation group;-1,3504;-2,6595;-0,0412;-1,4607;-2,7765;-0,1450;Counselling individual;1;Placebo;-0,1104;0,1104;0,0817;TRUE;TRUE
Psychoeducation group + AD;-0,4584;-1,6559;0,7392;-0,4643;-1,6622;0,7337;Counselling individual;1;Placebo;-0,0059;0,0059;0,0129;TRUE;TRUE
Relaxation individual + AD;-0,7883;-2,0071;0,4306;-0,7883;-2,0073;0,4307;Counselling individual;1;Placebo;0,0000;0,0000;0,0001;TRUE;TRUE
Relaxation individual + placebo;-0,1558;-1,3582;1,0465;-0,1559;-1,3584;1,0466;Counselling individual;1;Placebo;0,0000;0,0000;0,0002;TRUE;TRUE
Self-help;-0,6497;-1,2124;-0,0870;-0,5932;-1,1648;-0,0217;Counselling individual;1;Placebo;0,0565;0,0565;0,0869;TRUE;TRUE
Self-help with support;-0,6290;-1,1818;-0,0762;-0,6255;-1,1789;-0,0722;Counselling individual;1;Placebo;0,0034;0,0034;0,0055;TRUE;TRUE
Sham acupuncture;-0,1507;-0,9170;0,6157;-0,1361;-0,9028;0,6307;Counselling individual;1;Placebo;0,0146;0,0146;0,0969;TRUE;TRUE
Short-term psychodynamic psychotherapies individual;-0,7098;-1,3789;-0,0406;-0,7104;-1,3799;-0,0408;Counselling individual;1;Placebo;-0,0006;0,0006;0,0009;TRUE;TRUE
Short-term psychodynamic psychotherapies individual + AD;-0,5020;-1,6798;0,6758;-0,5075;-1,6856;0,6706;Counselling individual;1;Placebo;-0,0055;0,0055;0,0110;TRUE;TRUE
SNRIs;-0,7113;-0,8632;-0,5595;-0,7119;-0,8638;-0,5600;Counselling individual;1;Placebo;-0,0006;0,0006;0,0008;TRUE;TRUE
SSRIs;-0,5218;-0,6325;-0,4111;-0,5231;-0,6338;-0,4123;Counselling individual;1;Placebo;-0,0013;0,0013;0,0024;TRUE;TRUE
TAU;-0,3454;-0,8923;0,2016;-0,3660;-0,9245;0,1924;Counselling individual;1;Placebo;-0,0207;0,0207;0,0598;TRUE;TRUE
TCAs;-0,6273;-0,7817;-0,4729;-0,6262;-0,7807;-0,4718;Counselling individual;1;Placebo;0,0011;0,0011;0,0018;TRUE;TRUE
Trazodone;-0,4002;-0,7486;-0,0517;-0,4007;-0,7492;-0,0523;Counselling individual;1;Placebo;-0,0006;0,0006;0,0014;TRUE;TRUE
Waitlist;0,6737;0,1761;1,1713;0,7161;0,2153;1,2168;Counselling individual;1;Placebo;0,0423;0,0423;0,0628;TRUE;TRUE
Yoga group;-0,8845;-1,8640;0,0951;-0,8626;-1,8427;0,1174;Counselling individual;1;Placebo;0,0218;0,0218;0,0247;TRUE;TRUE
Yoga group + AD;-1,8580;-3,3190;-0,3970;-1,8654;-3,3268;-0,4040;Counselling individual;1;Placebo;-0,0074;0,0074;0,0040;TRUE;TRUE
Acupuncture;-0,9163;-1,4419;-0,3906;-0,9171;-1,4429;-0,3913;Counselling individual + AD;1;Placebo;-0,0008;0,0008;0,0009;TRUE;TRUE
Acupuncture + AD;-1,7488;-2,2550;-1,2426;-1,7491;-2,2555;-1,2427;Counselling individual + AD;1;Placebo;-0,0003;0,0003;0,0002;TRUE;TRUE
Any AD;-0,6661;-1,1825;-0,1496;-0,6814;-1,2081;-0,1548;Counselling individual + AD;1;Placebo;-0,0154;0,0154;0,0231;TRUE;TRUE
Any psychotherapy;0,1486;-0,9207;1,2178;0,1462;-0,9235;1,2158;Counselling individual + AD;1;Placebo;-0,0024;0,0024;0,0163;TRUE;TRUE
Attention placebo;0,5718;-0,4354;1,5789;0,5692;-0,4384;1,5768;Counselling individual + AD;1;Placebo;-0,0026;0,0026;0,0045;TRUE;TRUE
Behavioural therapies individual;0,3156;-0,4066;1,0379;0,3133;-0,4093;1,0360;Counselling individual + AD;1;Placebo;-0,0023;0,0023;0,0073;TRUE;TRUE
Behavioural therapies individual + AD;-0,7311;-1,8053;0,3431;-0,6485;-1,8545;0,5576;Counselling individual + AD;1;Placebo;0,0826;0,0826;0,1130;TRUE;TRUE
Cognitive and cognitive behavioural therapies group;-0,9528;-1,5432;-0,3624;-0,9572;-1,5485;-0,3660;Counselling individual + AD;1;Placebo;-0,0044;0,0044;0,0047;TRUE;TRUE
Cognitive and cognitive behavioural therapies group + AD;-1,3304;-2,3521;-0,3087;-1,3458;-2,3729;-0,3187;Counselling individual + AD;1;Placebo;-0,0154;0,0154;0,0116;TRUE;TRUE
Cognitive and cognitive behavioural therapies individual;-0,8540;-1,1770;-0,5311;-0,8576;-1,1815;-0,5337;Counselling individual + AD;1;Placebo;-0,0036;0,0036;0,0042;TRUE;TRUE
Cognitive and cognitive behavioural therapies individual + AD;-1,3372;-1,8771;-0,7973;-1,3402;-1,8805;-0,7998;Counselling individual + AD;1;Placebo;-0,0030;0,0030;0,0022;TRUE;TRUE
Cognitive and cognitive behavioural therapies individual + placebo;-1,3101;-2,1924;-0,4278;-1,3127;-2,1954;-0,4300;Counselling individual + AD;1;Placebo;-0,0026;0,0026;0,0020;TRUE;TRUE
Counselling individual;-0,6775;-1,2871;-0,0679;-0,6805;-1,2905;-0,0704;Counselling individual + AD;1;Placebo;-0,0030;0,0030;0,0044;TRUE;TRUE
Exercise group;-0,8993;-1,6153;-0,1832;-0,9015;-1,6179;-0,1851;Counselling individual + AD;1;Placebo;-0,0023;0,0023;0,0025;TRUE;TRUE
Exercise group + AD;-3,4467;-4,6928;-2,2006;-3,4470;-4,6934;-2,2005;Counselling individual + AD;1;Placebo;-0,0003;0,0003;0,0001;TRUE;TRUE
Exercise individual;-0,7556;-1,4550;-0,0562;-0,7578;-1,4575;-0,0581;Counselling individual + AD;1;Placebo;-0,0021;0,0021;0,0028;TRUE;TRUE
Exercise individual + AD;-1,4503;-2,3661;-0,5345;-1,4572;-2,3743;-0,5400;Counselling individual + AD;1;Placebo;-0,0069;0,0069;0,0047;TRUE;TRUE
Interpersonal psychotherapy (IPT) individual;-0,5561;-1,1991;0,0869;-0,5629;-1,2077;0,0819;Counselling individual + AD;1;Placebo;-0,0068;0,0068;0,0123;TRUE;TRUE
Interpersonal psychotherapy (IPT) individual + AD;-0,8108;-1,5611;-0,0605;-0,8199;-1,5728;-0,0670;Counselling individual + AD;1;Placebo;-0,0091;0,0091;0,0112;TRUE;TRUE
Interpersonal psychotherapy (IPT) individual + placebo;-0,5149;-1,3638;0,3340;-0,5216;-1,3719;0,3287;Counselling individual + AD;1;Placebo;-0,0067;0,0067;0,0131;TRUE;TRUE
Light therapy;-0,8700;-1,9121;0,1721;-0,8702;-1,9126;0,1722;Counselling individual + AD;1;Placebo;-0,0002;0,0002;0,0002;TRUE;TRUE
Light therapy + AD;-1,2062;-2,0280;-0,3844;-1,2064;-2,0284;-0,3844;Counselling individual + AD;1;Placebo;-0,0002;0,0002;0,0002;TRUE;TRUE
Mindfulness or meditation group;-4,2459;-6,0031;-2,4886;-4,2487;-6,0064;-2,4911;Counselling individual + AD;1;Placebo;-0,0029;0,0029;0,0007;TRUE;TRUE
Mirtazapine;-0,6954;-0,9513;-0,4395;-0,6956;-0,9515;-0,4396;Counselling individual + AD;1;Placebo;-0,0002;0,0002;0,0003;TRUE;TRUE
Music therapy group;-0,7770;-2,2462;0,6922;-0,7798;-2,2495;0,6898;Counselling individual + AD;1;Placebo;-0,0029;0,0029;0,0037;TRUE;TRUE
No treatment;-0,1148;-0,5823;0,3527;-0,1176;-0,5857;0,3504;Counselling individual + AD;1;Placebo;-0,0029;0,0029;0,0248;TRUE;TRUE
Peer support group;-1,3571;-2,6719;-0,0423;-1,3725;-2,6917;-0,0534;Counselling individual + AD;1;Placebo;-0,0154;0,0154;0,0113;TRUE;TRUE
Peer support group + AD;-1,4781;-2,7913;-0,1649;-1,4935;-2,8110;-0,1759;Counselling individual + AD;1;Placebo;-0,0154;0,0154;0,0104;TRUE;TRUE
Placebo;0,0000;0,0000;0,0000;0,0000;0,0000;0,0000;Counselling individual + AD;1;Placebo;0,0000;0,0000;NA;TRUE;TRUE
Problem solving group;-2,9953;-4,1991;-1,7915;-2,9981;-4,2022;-1,7939;Counselling individual + AD;1;Placebo;-0,0027;0,0027;0,0009;TRUE;TRUE
Problem solving individual;-0,9765;-1,6284;-0,3247;-0,9787;-1,6309;-0,3265;Counselling individual + AD;1;Placebo;-0,0021;0,0021;0,0022;TRUE;TRUE
Psychoeducation group;-1,3504;-2,6595;-0,0412;-1,3532;-2,6628;-0,0436;Counselling individual + AD;1;Placebo;-0,0029;0,0029;0,0021;TRUE;TRUE
Psychoeducation group + AD;-0,4584;-1,6559;0,7392;-0,4706;-1,6712;0,7301;Counselling individual + AD;1;Placebo;-0,0122;0,0122;0,0266;TRUE;TRUE
Relaxation individual + AD;-0,7883;-2,0071;0,4306;-0,7599;-1,9935;0,4736;Counselling individual + AD;1;Placebo;0,0283;0,0283;0,0360;TRUE;TRUE
Relaxation individual + placebo;-0,1558;-1,3582;1,0465;-0,1279;-1,3447;1,0888;Counselling individual + AD;1;Placebo;0,0279;0,0279;0,1791;TRUE;TRUE
Self-help;-0,6497;-1,2124;-0,0870;-0,6527;-1,2159;-0,0895;Counselling individual + AD;1;Placebo;-0,0030;0,0030;0,0046;TRUE;TRUE
Self-help with support;-0,6290;-1,1818;-0,0762;-0,6321;-1,1854;-0,0787;Counselling individual + AD;1;Placebo;-0,0031;0,0031;0,0049;TRUE;TRUE
Sham acupuncture;-0,1507;-0,9170;0,6157;-0,1518;-0,9184;0,6148;Counselling individual + AD;1;Placebo;-0,0012;0,0012;0,0077;TRUE;TRUE
Short-term psychodynamic psychotherapies individual;-0,7098;-1,3789;-0,0406;-0,7123;-1,3819;-0,0428;Counselling individual + AD;1;Placebo;-0,0025;0,0025;0,0036;TRUE;TRUE
Short-term psychodynamic psychotherapies individual + AD;-0,5020;-1,6798;0,6758;-0,6101;-1,9893;0,7690;Counselling individual + AD;1;Placebo;-0,1081;0,1081;0,2154;TRUE;TRUE
SNRIs;-0,7113;-0,8632;-0,5595;-0,7116;-0,8635;-0,5597;Counselling individual + AD;1;Placebo;-0,0003;0,0003;0,0004;TRUE;TRUE
SSRIs;-0,5218;-0,6325;-0,4111;-0,5221;-0,6329;-0,4113;Counselling individual + AD;1;Placebo;-0,0003;0,0003;0,0005;TRUE;TRUE
TAU;-0,3454;-0,8923;0,2016;-0,3495;-0,8973;0,1982;Counselling individual + AD;1;Placebo;-0,0041;0,0041;0,0120;TRUE;TRUE
TCAs;-0,6273;-0,7817;-0,4729;-0,6274;-0,7819;-0,4730;Counselling individual + AD;1;Placebo;-0,0001;0,0001;0,0001;TRUE;TRUE
Trazodone;-0,4002;-0,7486;-0,0517;-0,4004;-0,7489;-0,0518;Counselling individual + AD;1;Placebo;-0,0002;0,0002;0,0005;TRUE;TRUE
Waitlist;0,6737;0,1761;1,1713;0,6710;0,1730;1,1691;Counselling individual + AD;1;Placebo;-0,0027;0,0027;0,0040;TRUE;TRUE
Yoga group;-0,8845;-1,8640;0,0951;-0,8858;-1,8657;0,0940;Counselling individual + AD;1;Placebo;-0,0014;0,0014;0,0016;TRUE;TRUE
Yoga group + AD;-1,8580;-3,3190;-0,3970;-1,8734;-3,3383;-0,4085;Counselling individual + AD;1;Placebo;-0,0154;0,0154;0,0083;TRUE;TRUE
Acupuncture;-0,9163;-1,4419;-0,3906;-0,9163;-1,4419;-0,3906;Counselling individual + placebo;1;Placebo;0,0000;0,0000;0,0000;TRUE;TRUE
Acupuncture + AD;-1,7488;-2,2550;-1,2426;-1,7488;-2,2550;-1,2426;Counselling individual + placebo;1;Placebo;0,0000;0,0000;0,0000;TRUE;TRUE
Any AD;-0,6661;-1,1825;-0,1496;-0,6661;-1,1825;-0,1496;Counselling individual + placebo;1;Placebo;0,0000;0,0000;0,0000;TRUE;TRUE
Any psychotherapy;0,1486;-0,9207;1,2178;0,1486;-0,9207;1,2178;Counselling individual + placebo;1;Placebo;0,0000;0,0000;0,0000;TRUE;TRUE
Attention placebo;0,5718;-0,4354;1,5789;0,5718;-0,4354;1,5789;Counselling individual + placebo;1;Placebo;0,0000;0,0000;0,0000;TRUE;TRUE
Behavioural therapies individual;0,3156;-0,4066;1,0379;0,3156;-0,4066;1,0379;Counselling individual + placebo;1;Placebo;0,0000;0,0000;0,0000;TRUE;TRUE
Behavioural therapies individual + AD;-0,7311;-1,8053;0,3431;-0,7311;-1,8053;0,3431;Counselling individual + placebo;1;Placebo;0,0000;0,0000;0,0000;TRUE;TRUE
Cognitive and cognitive behavioural therapies group;-0,9528;-1,5432;-0,3624;-0,9528;-1,5432;-0,3624;Counselling individual + placebo;1;Placebo;0,0000;0,0000;0,0000;TRUE;TRUE
Cognitive and cognitive behavioural therapies group + AD;-1,3304;-2,3521;-0,3087;-1,3304;-2,3521;-0,3087;Counselling individual + placebo;1;Placebo;0,0000;0,0000;0,0000;TRUE;TRUE
Cognitive and cognitive behavioural therapies individual;-0,8540;-1,1770;-0,5311;-0,8540;-1,1770;-0,5311;Counselling individual + placebo;1;Placebo;0,0000;0,0000;0,0000;TRUE;TRUE
Cognitive and cognitive behavioural therapies individual + AD;-1,3372;-1,8771;-0,7973;-1,3372;-1,8771;-0,7973;Counselling individual + placebo;1;Placebo;0,0000;0,0000;0,0000;TRUE;TRUE
Cognitive and cognitive behavioural therapies individual + placebo;-1,3101;-2,1924;-0,4278;-1,3101;-2,1924;-0,4278;Counselling individual + placebo;1;Placebo;0,0000;0,0000;0,0000;TRUE;TRUE
Counselling individual;-0,6775;-1,2871;-0,0679;-0,6775;-1,2871;-0,0679;Counselling individual + placebo;1;Placebo;0,0000;0,0000;0,0000;TRUE;TRUE
Counselling individual + AD;-0,1937;-1,5170;1,1296;-0,1937;-1,5170;1,1296;Counselling individual + placebo;1;Placebo;0,0000;0,0000;0,0000;TRUE;TRUE
Exercise group;-0,8993;-1,6153;-0,1832;-0,8993;-1,6153;-0,1832;Counselling individual + placebo;1;Placebo;0,0000;0,0000;0,0000;TRUE;TRUE
Exercise group + AD;-3,4467;-4,6928;-2,2006;-3,4467;-4,6928;-2,2006;Counselling individual + placebo;1;Placebo;0,0000;0,0000;0,0000;TRUE;TRUE
Exercise individual;-0,7556;-1,4550;-0,0562;-0,7556;-1,4550;-0,0562;Counselling individual + placebo;1;Placebo;0,0000;0,0000;0,0000;TRUE;TRUE
Exercise individual + AD;-1,4503;-2,3661;-0,5345;-1,4503;-2,3661;-0,5345;Counselling individual + placebo;1;Placebo;0,0000;0,0000;0,0000;TRUE;TRUE
Interpersonal psychotherapy (IPT) individual;-0,5561;-1,1991;0,0869;-0,5561;-1,1991;0,0869;Counselling individual + placebo;1;Placebo;0,0000;0,0000;0,0000;TRUE;TRUE
Interpersonal psychotherapy (IPT) individual + AD;-0,8108;-1,5611;-0,0605;-0,8108;-1,5611;-0,0605;Counselling individual + placebo;1;Placebo;0,0000;0,0000;0,0000;TRUE;TRUE
Interpersonal psychotherapy (IPT) individual + placebo;-0,5149;-1,3638;0,3340;-0,5149;-1,3638;0,3340;Counselling individual + placebo;1;Placebo;0,0000;0,0000;0,0000;TRUE;TRUE
Light therapy;-0,8700;-1,9121;0,1721;-0,8700;-1,9121;0,1721;Counselling individual + placebo;1;Placebo;0,0000;0,0000;0,0000;TRUE;TRUE
Light therapy + AD;-1,2062;-2,0280;-0,3844;-1,2062;-2,0280;-0,3844;Counselling individual + placebo;1;Placebo;0,0000;0,0000;0,0000;TRUE;TRUE
Mindfulness or meditation group;-4,2459;-6,0031;-2,4886;-4,2459;-6,0031;-2,4886;Counselling individual + placebo;1;Placebo;0,0000;0,0000;0,0000;TRUE;TRUE
Mirtazapine;-0,6954;-0,9513;-0,4395;-0,6954;-0,9513;-0,4395;Counselling individual + placebo;1;Placebo;0,0000;0,0000;0,0000;TRUE;TRUE
Music therapy group;-0,7770;-2,2462;0,6922;-0,7770;-2,2462;0,6922;Counselling individual + placebo;1;Placebo;0,0000;0,0000;0,0000;TRUE;TRUE
No treatment;-0,1148;-0,5823;0,3527;-0,1148;-0,5823;0,3527;Counselling individual + placebo;1;Placebo;0,0000;0,0000;0,0000;TRUE;TRUE
Peer support group;-1,3571;-2,6719;-0,0423;-1,3571;-2,6719;-0,0423;Counselling individual + placebo;1;Placebo;0,0000;0,0000;0,0000;TRUE;TRUE
Peer support group + AD;-1,4781;-2,7913;-0,1649;-1,4781;-2,7913;-0,1649;Counselling individual + placebo;1;Placebo;0,0000;0,0000;0,0000;TRUE;TRUE
Placebo;0,0000;0,0000;0,0000;0,0000;0,0000;0,0000;Counselling individual + placebo;1;Placebo;0,0000;0,0000;NA;TRUE;TRUE
Problem solving group;-2,9953;-4,1991;-1,7915;-2,9953;-4,1991;-1,7915;Counselling individual + placebo;1;Placebo;0,0000;0,0000;0,0000;TRUE;TRUE
Problem solving individual;-0,9765;-1,6284;-0,3247;-0,9765;-1,6284;-0,3247;Counselling individual + placebo;1;Placebo;0,0000;0,0000;0,0000;TRUE;TRUE
Psychoeducation group;-1,3504;-2,6595;-0,0412;-1,3504;-2,6595;-0,0412;Counselling individual + placebo;1;Placebo;0,0000;0,0000;0,0000;TRUE;TRUE
Psychoeducation group + AD;-0,4584;-1,6559;0,7392;-0,4584;-1,6559;0,7392;Counselling individual + placebo;1;Placebo;0,0000;0,0000;0,0000;TRUE;TRUE
Relaxation individual + AD;-0,7883;-2,0071;0,4306;-0,7883;-2,0071;0,4306;Counselling individual + placebo;1;Placebo;0,0000;0,0000;0,0000;TRUE;TRUE
Relaxation individual + placebo;-0,1558;-1,3582;1,0465;-0,1558;-1,3582;1,0465;Counselling individual + placebo;1;Placebo;0,0000;0,0000;0,0000;TRUE;TRUE
Self-help;-0,6497;-1,2124;-0,0870;-0,6497;-1,2124;-0,0870;Counselling individual + placebo;1;Placebo;0,0000;0,0000;0,0000;TRUE;TRUE
Self-help with support;-0,6290;-1,1818;-0,0762;-0,6290;-1,1818;-0,0762;Counselling individual + placebo;1;Placebo;0,0000;0,0000;0,0000;TRUE;TRUE
Sham acupuncture;-0,1507;-0,9170;0,6157;-0,1507;-0,9170;0,6157;Counselling individual + placebo;1;Placebo;0,0000;0,0000;0,0000;TRUE;TRUE
Short-term psychodynamic psychotherapies individual;-0,7098;-1,3789;-0,0406;-0,7098;-1,3789;-0,0406;Counselling individual + placebo;1;Placebo;0,0000;0,0000;0,0000;TRUE;TRUE
Short-term psychodynamic psychotherapies individual + AD;-0,5020;-1,6798;0,6758;-0,5020;-1,6798;0,6758;Counselling individual + placebo;1;Placebo;0,0000;0,0000;0,0000;TRUE;TRUE
SNRIs;-0,7113;-0,8632;-0,5595;-0,7113;-0,8632;-0,5595;Counselling individual + placebo;1;Placebo;0,0000;0,0000;0,0000;TRUE;TRUE
SSRIs;-0,5218;-0,6325;-0,4111;-0,5218;-0,6325;-0,4111;Counselling individual + placebo;1;Placebo;0,0000;0,0000;0,0000;TRUE;TRUE
TAU;-0,3454;-0,8923;0,2016;-0,3454;-0,8923;0,2016;Counselling individual + placebo;1;Placebo;0,0000;0,0000;0,0000;TRUE;TRUE
TCAs;-0,6273;-0,7817;-0,4729;-0,6273;-0,7817;-0,4729;Counselling individual + placebo;1;Placebo;0,0000;0,0000;0,0000;TRUE;TRUE
Trazodone;-0,4002;-0,7486;-0,0517;-0,4002;-0,7486;-0,0517;Counselling individual + placebo;1;Placebo;0,0000;0,0000;0,0000;TRUE;TRUE
Waitlist;0,6737;0,1761;1,1713;0,6737;0,1761;1,1713;Counselling individual + placebo;1;Placebo;0,0000;0,0000;0,0000;TRUE;TRUE
Yoga group;-0,8845;-1,8640;0,0951;-0,8845;-1,8640;0,0951;Counselling individual + placebo;1;Placebo;0,0000;0,0000;0,0000;TRUE;TRUE
Yoga group + AD;-1,8580;-3,3190;-0,3970;-1,8580;-3,3190;-0,3970;Counselling individual + placebo;1;Placebo;0,0000;0,0000;0,0000;TRUE;TRUE
Acupuncture;-0,9163;-1,4419;-0,3906;-0,9203;-1,4455;-0,3950;Exercise group;1;Placebo;-0,0040;0,0040;0,0044;TRUE;TRUE
Acupuncture + AD;-1,7488;-2,2550;-1,2426;-1,7496;-2,2553;-1,2438;Exercise group;1;Placebo;-0,0007;0,0007;0,0004;TRUE;TRUE
Any AD;-0,6661;-1,1825;-0,1496;-0,6996;-1,2171;-0,1820;Exercise group;1;Placebo;-0,0335;0,0335;0,0503;TRUE;TRUE
Any psychotherapy;0,1486;-0,9207;1,2178;0,1351;-0,9335;1,2038;Exercise group;1;Placebo;-0,0135;0,0135;0,0906;TRUE;TRUE
Attention placebo;0,5718;-0,4354;1,5789;0,5563;-0,4508;1,5633;Exercise group;1;Placebo;-0,0155;0,0155;0,0271;TRUE;TRUE
Behavioural therapies individual;0,3156;-0,4066;1,0379;0,3021;-0,4199;1,0241;Exercise group;1;Placebo;-0,0135;0,0135;0,0429;TRUE;TRUE
Behavioural therapies individual + AD;-0,7311;-1,8053;0,3431;-0,7399;-1,8133;0,3335;Exercise group;1;Placebo;-0,0088;0,0088;0,0120;TRUE;TRUE
Cognitive and cognitive behavioural therapies group;-0,9528;-1,5432;-0,3624;-0,9859;-1,5780;-0,3939;Exercise group;1;Placebo;-0,0331;0,0331;0,0348;TRUE;TRUE
Cognitive and cognitive behavioural therapies group + AD;-1,3304;-2,3521;-0,3087;-1,3639;-2,3854;-0,3423;Exercise group;1;Placebo;-0,0335;0,0335;0,0252;TRUE;TRUE
Cognitive and cognitive behavioural therapies individual;-0,8540;-1,1770;-0,5311;-0,8751;-1,2000;-0,5502;Exercise group;1;Placebo;-0,0211;0,0211;0,0247;TRUE;TRUE
Cognitive and cognitive behavioural therapies individual + AD;-1,3372;-1,8771;-0,7973;-1,3640;-1,9042;-0,8237;Exercise group;1;Placebo;-0,0268;0,0268;0,0200;TRUE;TRUE
Cognitive and cognitive behavioural therapies individual + placebo;-1,3101;-2,1924;-0,4278;-1,3317;-2,2136;-0,4498;Exercise group;1;Placebo;-0,0216;0,0216;0,0165;TRUE;TRUE
Counselling individual;-0,6775;-1,2871;-0,0679;-0,7069;-1,3186;-0,0952;Exercise group;1;Placebo;-0,0294;0,0294;0,0434;TRUE;TRUE
Counselling individual + AD;-0,1937;-1,5170;1,1296;-0,2116;-1,5339;1,1108;Exercise group;1;Placebo;-0,0179;0,0179;0,0923;TRUE;TRUE
Counselling individual + placebo;0,1501;-1,6724;1,9726;0,1322;-1,6888;1,9532;Exercise group;1;Placebo;-0,0179;0,0179;0,1191;TRUE;TRUE
Exercise group + AD;-3,4467;-4,6928;-2,2006;-3,4474;-4,6923;-2,2025;Exercise group;1;Placebo;-0,0007;0,0007;0,0002;TRUE;TRUE
Exercise individual;-0,7556;-1,4550;-0,0562;-0,6854;-1,3892;0,0183;Exercise group;1;Placebo;0,0702;0,0702;0,0929;TRUE;TRUE
Exercise individual + AD;-1,4503;-2,3661;-0,5345;-1,4408;-2,3562;-0,5254;Exercise group;1;Placebo;0,0095;0,0095;0,0066;TRUE;TRUE
Interpersonal psychotherapy (IPT) individual;-0,5561;-1,1991;0,0869;-0,5754;-1,2183;0,0675;Exercise group;1;Placebo;-0,0194;0,0194;0,0348;TRUE;TRUE
Interpersonal psychotherapy (IPT) individual + AD;-0,8108;-1,5611;-0,0605;-0,8317;-1,5818;-0,0817;Exercise group;1;Placebo;-0,0209;0,0209;0,0258;TRUE;TRUE
Interpersonal psychotherapy (IPT) individual + placebo;-0,5149;-1,3638;0,3340;-0,5322;-1,3806;0,3161;Exercise group;1;Placebo;-0,0174;0,0174;0,0338;TRUE;TRUE
Light therapy;-0,8700;-1,9121;0,1721;-0,8704;-1,9115;0,1706;Exercise group;1;Placebo;-0,0004;0,0004;0,0005;TRUE;TRUE
Light therapy + AD;-1,2062;-2,0280;-0,3844;-1,2068;-2,0279;-0,3858;Exercise group;1;Placebo;-0,0006;0,0006;0,0005;TRUE;TRUE
Mindfulness or meditation group;-4,2459;-6,0031;-2,4886;-4,2103;-5,9709;-2,4497;Exercise group;1;Placebo;0,0356;0,0356;0,0084;TRUE;TRUE
Mirtazapine;-0,6954;-0,9513;-0,4395;-0,6968;-0,9524;-0,4412;Exercise group;1;Placebo;-0,0014;0,0014;0,0020;TRUE;TRUE
Music therapy group;-0,7770;-2,2462;0,6922;-0,7414;-2,2146;0,7317;Exercise group;1;Placebo;0,0356;0,0356;0,0458;TRUE;TRUE
No treatment;-0,1148;-0,5823;0,3527;-0,0792;-0,5621;0,4037;Exercise group;1;Placebo;0,0356;0,0356;0,3098;TRUE;TRUE
Peer support group;-1,3571;-2,6719;-0,0423;-1,3906;-2,7048;-0,0765;Exercise group;1;Placebo;-0,0335;0,0335;0,0247;TRUE;TRUE
Peer support group + AD;-1,4781;-2,7913;-0,1649;-1,5116;-2,8241;-0,1990;Exercise group;1;Placebo;-0,0335;0,0335;0,0227;TRUE;TRUE
Placebo;0,0000;0,0000;0,0000;0,0000;0,0000;0,0000;Exercise group;1;Placebo;0,0000;0,0000;NA;TRUE;TRUE
Problem solving group;-2,9953;-4,1991;-1,7915;-3,0097;-4,2133;-1,8061;Exercise group;1;Placebo;-0,0144;0,0144;0,0048;TRUE;TRUE
Problem solving individual;-0,9765;-1,6284;-0,3247;-0,9934;-1,6457;-0,3412;Exercise group;1;Placebo;-0,0169;0,0169;0,0173;TRUE;TRUE
Psychoeducation group;-1,3504;-2,6595;-0,0412;-1,3148;-2,6284;-0,0012;Exercise group;1;Placebo;0,0356;0,0356;0,0263;TRUE;TRUE
Psychoeducation group + AD;-0,4584;-1,6559;0,7392;-0,4855;-1,6824;0,7114;Exercise group;1;Placebo;-0,0271;0,0271;0,0592;TRUE;TRUE
Relaxation individual + AD;-0,7883;-2,0071;0,4306;-0,7926;-2,0106;0,4255;Exercise group;1;Placebo;-0,0043;0,0043;0,0054;TRUE;TRUE
Relaxation individual + placebo;-0,1558;-1,3582;1,0465;-0,1601;-1,3615;1,0414;Exercise group;1;Placebo;-0,0042;0,0042;0,0273;TRUE;TRUE
Self-help;-0,6497;-1,2124;-0,0870;-0,6638;-1,2278;-0,0999;Exercise group;1;Placebo;-0,0141;0,0141;0,0218;TRUE;TRUE
Self-help with support;-0,6290;-1,1818;-0,0762;-0,6404;-1,1945;-0,0862;Exercise group;1;Placebo;-0,0114;0,0114;0,0181;TRUE;TRUE
Sham acupuncture;-0,1507;-0,9170;0,6157;-0,1566;-0,9224;0,6092;Exercise group;1;Placebo;-0,0059;0,0059;0,0393;TRUE;TRUE
Short-term psychodynamic psychotherapies individual;-0,7098;-1,3789;-0,0406;-0,7232;-1,3923;-0,0541;Exercise group;1;Placebo;-0,0135;0,0135;0,0190;TRUE;TRUE
Short-term psychodynamic psychotherapies individual + AD;-0,5020;-1,6798;0,6758;-0,5279;-1,7051;0,6493;Exercise group;1;Placebo;-0,0259;0,0259;0,0516;TRUE;TRUE
SNRIs;-0,7113;-0,8632;-0,5595;-0,7124;-0,8641;-0,5607;Exercise group;1;Placebo;-0,0010;0,0010;0,0015;TRUE;TRUE
SSRIs;-0,5218;-0,6325;-0,4111;-0,5225;-0,6331;-0,4119;Exercise group;1;Placebo;-0,0007;0,0007;0,0013;TRUE;TRUE
TAU;-0,3454;-0,8923;0,2016;-0,5398;-1,1188;0,0392;Exercise group;1;Placebo;-0,1944;0,1944;0,5629;TRUE;TRUE
TCAs;-0,6273;-0,7817;-0,4729;-0,6314;-0,7857;-0,4770;Exercise group;1;Placebo;-0,0040;0,0040;0,0065;TRUE;TRUE
Trazodone;-0,4002;-0,7486;-0,0517;-0,4012;-0,7493;-0,0532;Exercise group;1;Placebo;-0,0011;0,0011;0,0027;TRUE;TRUE
Waitlist;0,6737;0,1761;1,1713;0,6592;0,1606;1,1578;Exercise group;1;Placebo;-0,0145;0,0145;0,0216;TRUE;TRUE
Yoga group;-0,8845;-1,8640;0,0951;-0,8938;-1,8727;0,0852;Exercise group;1;Placebo;-0,0093;0,0093;0,0105;TRUE;TRUE
Yoga group + AD;-1,8580;-3,3190;-0,3970;-1,8915;-3,3519;-0,4311;Exercise group;1;Placebo;-0,0335;0,0335;0,0180;TRUE;TRUE
Acupuncture;-0,9163;-1,4419;-0,3906;-0,9163;-1,4419;-0,3906;Exercise group + AD;1;Placebo;0,0000;0,0000;0,0000;TRUE;TRUE
Acupuncture + AD;-1,7488;-2,2550;-1,2426;-1,7488;-2,2550;-1,2426;Exercise group + AD;1;Placebo;0,0000;0,0000;0,0000;TRUE;TRUE
Any AD;-0,6661;-1,1825;-0,1496;-0,6661;-1,1825;-0,1496;Exercise group + AD;1;Placebo;0,0000;0,0000;0,0000;TRUE;TRUE
Any psychotherapy;0,1486;-0,9207;1,2178;0,1486;-0,9207;1,2178;Exercise group + AD;1;Placebo;0,0000;0,0000;0,0000;TRUE;TRUE
Attention placebo;0,5718;-0,4354;1,5789;0,5718;-0,4354;1,5789;Exercise group + AD;1;Placebo;0,0000;0,0000;0,0000;TRUE;TRUE
Behavioural therapies individual;0,3156;-0,4066;1,0379;0,3156;-0,4066;1,0379;Exercise group + AD;1;Placebo;0,0000;0,0000;0,0000;TRUE;TRUE
Behavioural therapies individual + AD;-0,7311;-1,8053;0,3431;-0,7311;-1,8053;0,3431;Exercise group + AD;1;Placebo;0,0000;0,0000;0,0000;TRUE;TRUE
Cognitive and cognitive behavioural therapies group;-0,9528;-1,5432;-0,3624;-0,9528;-1,5432;-0,3624;Exercise group + AD;1;Placebo;0,0000;0,0000;0,0000;TRUE;TRUE
Cognitive and cognitive behavioural therapies group + AD;-1,3304;-2,3521;-0,3087;-1,3304;-2,3521;-0,3087;Exercise group + AD;1;Placebo;0,0000;0,0000;0,0000;TRUE;TRUE
Cognitive and cognitive behavioural therapies individual;-0,8540;-1,1770;-0,5311;-0,8540;-1,1770;-0,5311;Exercise group + AD;1;Placebo;0,0000;0,0000;0,0000;TRUE;TRUE
Cognitive and cognitive behavioural therapies individual + AD;-1,3372;-1,8771;-0,7973;-1,3372;-1,8771;-0,7973;Exercise group + AD;1;Placebo;0,0000;0,0000;0,0000;TRUE;TRUE
Cognitive and cognitive behavioural therapies individual + placebo;-1,3101;-2,1924;-0,4278;-1,3101;-2,1924;-0,4278;Exercise group + AD;1;Placebo;0,0000;0,0000;0,0000;TRUE;TRUE
Counselling individual;-0,6775;-1,2871;-0,0679;-0,6775;-1,2871;-0,0679;Exercise group + AD;1;Placebo;0,0000;0,0000;0,0000;TRUE;TRUE
Counselling individual + AD;-0,1937;-1,5170;1,1296;-0,1937;-1,5170;1,1296;Exercise group + AD;1;Placebo;0,0000;0,0000;0,0000;TRUE;TRUE
Counselling individual + placebo;0,1501;-1,6724;1,9726;0,1501;-1,6724;1,9726;Exercise group + AD;1;Placebo;0,0000;0,0000;0,0000;TRUE;TRUE
Exercise group;-0,8993;-1,6153;-0,1832;-0,8993;-1,6153;-0,1832;Exercise group + AD;1;Placebo;0,0000;0,0000;0,0000;TRUE;TRUE
Exercise individual;-0,7556;-1,4550;-0,0562;-0,7556;-1,4550;-0,0562;Exercise group + AD;1;Placebo;0,0000;0,0000;0,0000;TRUE;TRUE
Exercise individual + AD;-1,4503;-2,3661;-0,5345;-1,4503;-2,3661;-0,5345;Exercise group + AD;1;Placebo;0,0000;0,0000;0,0000;TRUE;TRUE
Interpersonal psychotherapy (IPT) individual;-0,5561;-1,1991;0,0869;-0,5561;-1,1991;0,0869;Exercise group + AD;1;Placebo;0,0000;0,0000;0,0000;TRUE;TRUE
Interpersonal psychotherapy (IPT) individual + AD;-0,8108;-1,5611;-0,0605;-0,8108;-1,5611;-0,0605;Exercise group + AD;1;Placebo;0,0000;0,0000;0,0000;TRUE;TRUE
Interpersonal psychotherapy (IPT) individual + placebo;-0,5149;-1,3638;0,3340;-0,5149;-1,3638;0,3340;Exercise group + AD;1;Placebo;0,0000;0,0000;0,0000;TRUE;TRUE
Light therapy;-0,8700;-1,9121;0,1721;-0,8700;-1,9121;0,1721;Exercise group + AD;1;Placebo;0,0000;0,0000;0,0000;TRUE;TRUE
Light therapy + AD;-1,2062;-2,0280;-0,3844;-1,2062;-2,0280;-0,3844;Exercise group + AD;1;Placebo;0,0000;0,0000;0,0000;TRUE;TRUE
Mindfulness or meditation group;-4,2459;-6,0031;-2,4886;-4,2459;-6,0031;-2,4886;Exercise group + AD;1;Placebo;0,0000;0,0000;0,0000;TRUE;TRUE
Mirtazapine;-0,6954;-0,9513;-0,4395;-0,6954;-0,9513;-0,4395;Exercise group + AD;1;Placebo;0,0000;0,0000;0,0000;TRUE;TRUE
Music therapy group;-0,7770;-2,2462;0,6922;-0,7770;-2,2462;0,6922;Exercise group + AD;1;Placebo;0,0000;0,0000;0,0000;TRUE;TRUE
No treatment;-0,1148;-0,5823;0,3527;-0,1148;-0,5823;0,3527;Exercise group + AD;1;Placebo;0,0000;0,0000;0,0000;TRUE;TRUE
Peer support group;-1,3571;-2,6719;-0,0423;-1,3571;-2,6719;-0,0423;Exercise group + AD;1;Placebo;0,0000;0,0000;0,0000;TRUE;TRUE
Peer support group + AD;-1,4781;-2,7913;-0,1649;-1,4781;-2,7913;-0,1649;Exercise group + AD;1;Placebo;0,0000;0,0000;0,0000;TRUE;TRUE
Placebo;0,0000;0,0000;0,0000;0,0000;0,0000;0,0000;Exercise group + AD;1;Placebo;0,0000;0,0000;NA;TRUE;TRUE
Problem solving group;-2,9953;-4,1991;-1,7915;-2,9953;-4,1991;-1,7915;Exercise group + AD;1;Placebo;0,0000;0,0000;0,0000;TRUE;TRUE
Problem solving individual;-0,9765;-1,6284;-0,3247;-0,9765;-1,6284;-0,3247;Exercise group + AD;1;Placebo;0,0000;0,0000;0,0000;TRUE;TRUE
Psychoeducation group;-1,3504;-2,6595;-0,0412;-1,3504;-2,6595;-0,0412;Exercise group + AD;1;Placebo;0,0000;0,0000;0,0000;TRUE;TRUE
Psychoeducation group + AD;-0,4584;-1,6559;0,7392;-0,4584;-1,6559;0,7392;Exercise group + AD;1;Placebo;0,0000;0,0000;0,0000;TRUE;TRUE
Relaxation individual + AD;-0,7883;-2,0071;0,4306;-0,7883;-2,0071;0,4306;Exercise group + AD;1;Placebo;0,0000;0,0000;0,0000;TRUE;TRUE
Relaxation individual + placebo;-0,1558;-1,3582;1,0465;-0,1558;-1,3582;1,0465;Exercise group + AD;1;Placebo;0,0000;0,0000;0,0000;TRUE;TRUE
Self-help;-0,6497;-1,2124;-0,0870;-0,6497;-1,2124;-0,0870;Exercise group + AD;1;Placebo;0,0000;0,0000;0,0000;TRUE;TRUE
Self-help with support;-0,6290;-1,1818;-0,0762;-0,6290;-1,1818;-0,0762;Exercise group + AD;1;Placebo;0,0000;0,0000;0,0000;TRUE;TRUE
Sham acupuncture;-0,1507;-0,9170;0,6157;-0,1507;-0,9170;0,6157;Exercise group + AD;1;Placebo;0,0000;0,0000;0,0000;TRUE;TRUE
Short-term psychodynamic psychotherapies individual;-0,7098;-1,3789;-0,0406;-0,7098;-1,3789;-0,0406;Exercise group + AD;1;Placebo;0,0000;0,0000;0,0000;TRUE;TRUE
Short-term psychodynamic psychotherapies individual + AD;-0,5020;-1,6798;0,6758;-0,5020;-1,6798;0,6758;Exercise group + AD;1;Placebo;0,0000;0,0000;0,0000;TRUE;TRUE
SNRIs;-0,7113;-0,8632;-0,5595;-0,7113;-0,8632;-0,5595;Exercise group + AD;1;Placebo;0,0000;0,0000;0,0000;TRUE;TRUE
SSRIs;-0,5218;-0,6325;-0,4111;-0,5218;-0,6325;-0,4111;Exercise group + AD;1;Placebo;0,0000;0,0000;0,0000;TRUE;TRUE
TAU;-0,3454;-0,8923;0,2016;-0,3454;-0,8923;0,2016;Exercise group + AD;1;Placebo;0,0000;0,0000;0,0000;TRUE;TRUE
TCAs;-0,6273;-0,7817;-0,4729;-0,6273;-0,7817;-0,4729;Exercise group + AD;1;Placebo;0,0000;0,0000;0,0000;TRUE;TRUE
Trazodone;-0,4002;-0,7486;-0,0517;-0,4002;-0,7486;-0,0517;Exercise group + AD;1;Placebo;0,0000;0,0000;0,0000;TRUE;TRUE
Waitlist;0,6737;0,1761;1,1713;0,6737;0,1761;1,1713;Exercise group + AD;1;Placebo;0,0000;0,0000;0,0000;TRUE;TRUE
Yoga group;-0,8845;-1,8640;0,0951;-0,8845;-1,8640;0,0951;Exercise group + AD;1;Placebo;0,0000;0,0000;0,0000;TRUE;TRUE
Yoga group + AD;-1,8580;-3,3190;-0,3970;-1,8580;-3,3190;-0,3970;Exercise group + AD;1;Placebo;0,0000;0,0000;0,0000;TRUE;TRUE
Acupuncture;-0,9163;-1,4419;-0,3906;-0,9201;-1,4461;-0,3941;Exercise individual;1;Placebo;-0,0039;0,0039;0,0042;TRUE;TRUE
Acupuncture + AD;-1,7488;-2,2550;-1,2426;-1,7492;-2,2558;-1,2427;Exercise individual;1;Placebo;-0,0004;0,0004;0,0002;TRUE;TRUE
Any AD;-0,6661;-1,1825;-0,1496;-0,6732;-1,1910;-0,1554;Exercise individual;1;Placebo;-0,0071;0,0071;0,0107;TRUE;TRUE
Any psychotherapy;0,1486;-0,9207;1,2178;0,1393;-0,9308;1,2093;Exercise individual;1;Placebo;-0,0093;0,0093;0,0628;TRUE;TRUE
Attention placebo;0,5718;-0,4354;1,5789;0,5559;-0,4523;1,5642;Exercise individual;1;Placebo;-0,0158;0,0158;0,0277;TRUE;TRUE
Behavioural therapies individual;0,3156;-0,4066;1,0379;0,3073;-0,4156;1,0303;Exercise individual;1;Placebo;-0,0083;0,0083;0,0263;TRUE;TRUE
Behavioural therapies individual + AD;-0,7311;-1,8053;0,3431;-0,7332;-1,8079;0,3415;Exercise individual;1;Placebo;-0,0021;0,0021;0,0028;TRUE;TRUE
Cognitive and cognitive behavioural therapies group;-0,9528;-1,5432;-0,3624;-0,9684;-1,5600;-0,3767;Exercise individual;1;Placebo;-0,0155;0,0155;0,0163;TRUE;TRUE
Cognitive and cognitive behavioural therapies group + AD;-1,3304;-2,3521;-0,3087;-1,3375;-2,3603;-0,3147;Exercise individual;1;Placebo;-0,0071;0,0071;0,0053;TRUE;TRUE
Cognitive and cognitive behavioural therapies individual;-0,8540;-1,1770;-0,5311;-0,8669;-1,1912;-0,5425;Exercise individual;1;Placebo;-0,0128;0,0128;0,0150;TRUE;TRUE
Cognitive and cognitive behavioural therapies individual + AD;-1,3372;-1,8771;-0,7973;-1,3430;-1,8834;-0,8027;Exercise individual;1;Placebo;-0,0059;0,0059;0,0044;TRUE;TRUE
Cognitive and cognitive behavioural therapies individual + placebo;-1,3101;-2,1924;-0,4278;-1,3165;-2,1994;-0,4336;Exercise individual;1;Placebo;-0,0064;0,0064;0,0049;TRUE;TRUE
Counselling individual;-0,6775;-1,2871;-0,0679;-0,6982;-1,3096;-0,0867;Exercise individual;1;Placebo;-0,0207;0,0207;0,0305;TRUE;TRUE
Counselling individual + AD;-0,1937;-1,5170;1,1296;-0,1976;-1,5216;1,1264;Exercise individual;1;Placebo;-0,0039;0,0039;0,0202;TRUE;TRUE
Counselling individual + placebo;0,1501;-1,6724;1,9726;0,1462;-1,6773;1,9697;Exercise individual;1;Placebo;-0,0039;0,0039;0,0260;TRUE;TRUE
Exercise group;-0,8993;-1,6153;-0,1832;-0,8848;-1,6068;-0,1629;Exercise individual;1;Placebo;0,0144;0,0144;0,0160;TRUE;TRUE
Exercise group + AD;-3,4467;-4,6928;-2,2006;-3,4471;-4,6939;-2,2004;Exercise individual;1;Placebo;-0,0004;0,0004;0,0001;TRUE;TRUE
Exercise individual + AD;-1,4503;-2,3661;-0,5345;-1,4401;-2,3798;-0,5004;Exercise individual;1;Placebo;0,0102;0,0102;0,0070;TRUE;TRUE
Interpersonal psychotherapy (IPT) individual;-0,5561;-1,1991;0,0869;-0,5627;-1,2063;0,0810;Exercise individual;1;Placebo;-0,0066;0,0066;0,0118;TRUE;TRUE
Interpersonal psychotherapy (IPT) individual + AD;-0,8108;-1,5611;-0,0605;-0,8159;-1,5669;-0,0648;Exercise individual;1;Placebo;-0,0050;0,0050;0,0062;TRUE;TRUE
Interpersonal psychotherapy (IPT) individual + placebo;-0,5149;-1,3638;0,3340;-0,5193;-1,3689;0,3302;Exercise individual;1;Placebo;-0,0045;0,0045;0,0087;TRUE;TRUE
Light therapy;-0,8700;-1,9121;0,1721;-0,8703;-1,9130;0,1724;Exercise individual;1;Placebo;-0,0003;0,0003;0,0003;TRUE;TRUE
Light therapy + AD;-1,2062;-2,0280;-0,3844;-1,2066;-2,0288;-0,3843;Exercise individual;1;Placebo;-0,0004;0,0004;0,0003;TRUE;TRUE
Mindfulness or meditation group;-4,2459;-6,0031;-2,4886;-4,2992;-6,0604;-2,5380;Exercise individual;1;Placebo;-0,0533;0,0533;0,0126;TRUE;TRUE
Mirtazapine;-0,6954;-0,9513;-0,4395;-0,6960;-0,9520;-0,4399;Exercise individual;1;Placebo;-0,0006;0,0006;0,0008;TRUE;TRUE
Music therapy group;-0,7770;-2,2462;0,6922;-0,8303;-2,3042;0,6436;Exercise individual;1;Placebo;-0,0533;0,0533;0,0687;TRUE;TRUE
No treatment;-0,1148;-0,5823;0,3527;-0,1681;-0,6485;0,3123;Exercise individual;1;Placebo;-0,0533;0,0533;0,4647;TRUE;TRUE
Peer support group;-1,3571;-2,6719;-0,0423;-1,3642;-2,6802;-0,0482;Exercise individual;1;Placebo;-0,0071;0,0071;0,0052;TRUE;TRUE
Peer support group + AD;-1,4781;-2,7913;-0,1649;-1,4852;-2,7996;-0,1708;Exercise individual;1;Placebo;-0,0071;0,0071;0,0048;TRUE;TRUE
Placebo;0,0000;0,0000;0,0000;0,0000;0,0000;0,0000;Exercise individual;1;Placebo;0,0000;0,0000;NA;TRUE;TRUE
Problem solving group;-2,9953;-4,1991;-1,7915;-3,0101;-4,2148;-1,8054;Exercise individual;1;Placebo;-0,0148;0,0148;0,0049;TRUE;TRUE
Problem solving individual;-0,9765;-1,6284;-0,3247;-0,9902;-1,6431;-0,3374;Exercise individual;1;Placebo;-0,0137;0,0137;0,0140;TRUE;TRUE
Psychoeducation group;-1,3504;-2,6595;-0,0412;-1,4037;-2,7181;-0,0893;Exercise individual;1;Placebo;-0,0533;0,0533;0,0395;TRUE;TRUE
Psychoeducation group + AD;-0,4584;-1,6559;0,7392;-0,4644;-1,6630;0,7341;Exercise individual;1;Placebo;-0,0061;0,0061;0,0132;TRUE;TRUE
Relaxation individual + AD;-0,7883;-2,0071;0,4306;-0,7894;-2,0088;0,4300;Exercise individual;1;Placebo;-0,0012;0,0012;0,0015;TRUE;TRUE
Relaxation individual + placebo;-0,1558;-1,3582;1,0465;-0,1570;-1,3599;1,0459;Exercise individual;1;Placebo;-0,0012;0,0012;0,0074;TRUE;TRUE
Self-help;-0,6497;-1,2124;-0,0870;-0,6678;-1,2321;-0,1035;Exercise individual;1;Placebo;-0,0181;0,0181;0,0278;TRUE;TRUE
Self-help with support;-0,6290;-1,1818;-0,0762;-0,6476;-1,2022;-0,0931;Exercise individual;1;Placebo;-0,0187;0,0187;0,0297;TRUE;TRUE
Sham acupuncture;-0,1507;-0,9170;0,6157;-0,1564;-0,9233;0,6105;Exercise individual;1;Placebo;-0,0057;0,0057;0,0381;TRUE;TRUE
Short-term psychodynamic psychotherapies individual;-0,7098;-1,3789;-0,0406;-0,7202;-1,3901;-0,0502;Exercise individual;1;Placebo;-0,0104;0,0104;0,0147;TRUE;TRUE
Short-term psychodynamic psychotherapies individual + AD;-0,5020;-1,6798;0,6758;-0,5075;-1,6862;0,6711;Exercise individual;1;Placebo;-0,0055;0,0055;0,0110;TRUE;TRUE
SNRIs;-0,7113;-0,8632;-0,5595;-0,7119;-0,8639;-0,5600;Exercise individual;1;Placebo;-0,0006;0,0006;0,0008;TRUE;TRUE
SSRIs;-0,5218;-0,6325;-0,4111;-0,5223;-0,6331;-0,4114;Exercise individual;1;Placebo;-0,0004;0,0004;0,0009;TRUE;TRUE
TAU;-0,3454;-0,8923;0,2016;-0,3524;-0,8998;0,1950;Exercise individual;1;Placebo;-0,0070;0,0070;0,0203;TRUE;TRUE
TCAs;-0,6273;-0,7817;-0,4729;-0,6287;-0,7833;-0,4742;Exercise individual;1;Placebo;-0,0014;0,0014;0,0022;TRUE;TRUE
Trazodone;-0,4002;-0,7486;-0,0517;-0,4007;-0,7493;-0,0520;Exercise individual;1;Placebo;-0,0005;0,0005;0,0013;TRUE;TRUE
Waitlist;0,6737;0,1761;1,1713;0,6590;0,1602;1,1579;Exercise individual;1;Placebo;-0,0147;0,0147;0,0218;TRUE;TRUE
Yoga group;-0,8845;-1,8640;0,0951;-0,8925;-1,8727;0,0877;Exercise individual;1;Placebo;-0,0081;0,0081;0,0091;TRUE;TRUE
Yoga group + AD;-1,8580;-3,3190;-0,3970;-1,8651;-3,3271;-0,4031;Exercise individual;1;Placebo;-0,0071;0,0071;0,0038;TRUE;TRUE
Acupuncture;-0,9163;-1,4419;-0,3906;-0,9176;-1,4425;-0,3928;Exercise individual + AD;1;Placebo;-0,0014;0,0014;0,0015;TRUE;TRUE
Acupuncture + AD;-1,7488;-2,2550;-1,2426;-1,7479;-2,2533;-1,2424;Exercise individual + AD;1;Placebo;0,0010;0,0010;0,0005;TRUE;TRUE
Any AD;-0,6661;-1,1825;-0,1496;-0,8064;-1,3400;-0,2728;Exercise individual + AD;1;Placebo;-0,1404;0,1404;0,2108;TRUE;TRUE
Any psychotherapy;0,1486;-0,9207;1,2178;0,1371;-0,9307;1,2049;Exercise individual + AD;1;Placebo;-0,0115;0,0115;0,0774;TRUE;TRUE
Attention placebo;0,5718;-0,4354;1,5789;0,5657;-0,4399;1,5714;Exercise individual + AD;1;Placebo;-0,0060;0,0060;0,0105;TRUE;TRUE
Behavioural therapies individual;0,3156;-0,4066;1,0379;0,3039;-0,4174;1,0252;Exercise individual + AD;1;Placebo;-0,0117;0,0117;0,0372;TRUE;TRUE
Behavioural therapies individual + AD;-0,7311;-1,8053;0,3431;-0,7623;-1,8355;0,3110;Exercise individual + AD;1;Placebo;-0,0312;0,0312;0,0426;TRUE;TRUE
Cognitive and cognitive behavioural therapies group;-0,9528;-1,5432;-0,3624;-0,9752;-1,5652;-0,3852;Exercise individual + AD;1;Placebo;-0,0224;0,0224;0,0235;TRUE;TRUE
Cognitive and cognitive behavioural therapies group + AD;-1,3304;-2,3521;-0,3087;-1,4707;-2,5001;-0,4414;Exercise individual + AD;1;Placebo;-0,1403;0,1403;0,1055;TRUE;TRUE
Cognitive and cognitive behavioural therapies individual;-0,8540;-1,1770;-0,5311;-0,8732;-1,1962;-0,5502;Exercise individual + AD;1;Placebo;-0,0191;0,0191;0,0224;TRUE;TRUE
Cognitive and cognitive behavioural therapies individual + AD;-1,3372;-1,8771;-0,7973;-1,3569;-1,8963;-0,8174;Exercise individual + AD;1;Placebo;-0,0197;0,0197;0,0147;TRUE;TRUE
Cognitive and cognitive behavioural therapies individual + placebo;-1,3101;-2,1924;-0,4278;-1,3265;-2,2077;-0,4453;Exercise individual + AD;1;Placebo;-0,0164;0,0164;0,0125;TRUE;TRUE
Counselling individual;-0,6775;-1,2871;-0,0679;-0,6814;-1,2900;-0,0729;Exercise individual + AD;1;Placebo;-0,0040;0,0040;0,0058;TRUE;TRUE
Counselling individual + AD;-0,1937;-1,5170;1,1296;-0,2650;-1,5884;1,0583;Exercise individual + AD;1;Placebo;-0,0714;0,0714;0,3684;TRUE;TRUE
Counselling individual + placebo;0,1501;-1,6724;1,9726;0,0787;-1,7426;1,9000;Exercise individual + AD;1;Placebo;-0,0714;0,0714;0,4755;TRUE;TRUE
Exercise group;-0,8993;-1,6153;-0,1832;-0,8816;-1,5967;-0,1665;Exercise individual + AD;1;Placebo;0,0177;0,0177;0,0196;TRUE;TRUE
Exercise group + AD;-3,4467;-4,6928;-2,2006;-3,4456;-4,6898;-2,2014;Exercise individual + AD;1;Placebo;0,0011;0,0011;0,0003;TRUE;TRUE
Exercise individual;-0,7556;-1,4550;-0,0562;-0,6605;-1,3651;0,0440;Exercise individual + AD;1;Placebo;0,0951;0,0951;0,1258;TRUE;TRUE
Interpersonal psychotherapy (IPT) individual;-0,5561;-1,1991;0,0869;-0,6147;-1,2592;0,0298;Exercise individual + AD;1;Placebo;-0,0586;0,0586;0,1054;TRUE;TRUE
Interpersonal psychotherapy (IPT) individual + AD;-0,8108;-1,5611;-0,0605;-0,8923;-1,6458;-0,1389;Exercise individual + AD;1;Placebo;-0,0815;0,0815;0,1005;TRUE;TRUE
Interpersonal psychotherapy (IPT) individual + placebo;-0,5149;-1,3638;0,3340;-0,5761;-1,4259;0,2736;Exercise individual + AD;1;Placebo;-0,0613;0,0613;0,1190;TRUE;TRUE
Light therapy;-0,8700;-1,9121;0,1721;-0,8696;-1,9101;0,1709;Exercise individual + AD;1;Placebo;0,0004;0,0004;0,0004;TRUE;TRUE
Light therapy + AD;-1,2062;-2,0280;-0,3844;-1,2062;-2,0267;-0,3856;Exercise individual + AD;1;Placebo;0,0000;0,0000;0,0000;TRUE;TRUE
Mindfulness or meditation group;-4,2459;-6,0031;-2,4886;-4,2133;-5,9693;-2,4573;Exercise individual + AD;1;Placebo;0,0326;0,0326;0,0077;TRUE;TRUE
Mirtazapine;-0,6954;-0,9513;-0,4395;-0,6956;-0,9510;-0,4402;Exercise individual + AD;1;Placebo;-0,0002;0,0002;0,0003;TRUE;TRUE
Music therapy group;-0,7770;-2,2462;0,6922;-0,7444;-2,2121;0,7233;Exercise individual + AD;1;Placebo;0,0326;0,0326;0,0419;TRUE;TRUE
No treatment;-0,1148;-0,5823;0,3527;-0,0822;-0,5501;0,3857;Exercise individual + AD;1;Placebo;0,0326;0,0326;0,2838;TRUE;TRUE
Peer support group;-1,3571;-2,6719;-0,0423;-1,4975;-2,8174;-0,1776;Exercise individual + AD;1;Placebo;-0,1404;0,1404;0,1034;TRUE;TRUE
Peer support group + AD;-1,4781;-2,7913;-0,1649;-1,6184;-2,9367;-0,3002;Exercise individual + AD;1;Placebo;-0,1404;0,1404;0,0950;TRUE;TRUE
Placebo;0,0000;0,0000;0,0000;0,0000;0,0000;0,0000;Exercise individual + AD;1;Placebo;0,0000;0,0000;NA;TRUE;TRUE
Problem solving group;-2,9953;-4,1991;-1,7915;-3,0043;-4,2069;-1,8018;Exercise individual + AD;1;Placebo;-0,0090;0,0090;0,0030;TRUE;TRUE
Problem solving individual;-0,9765;-1,6284;-0,3247;-0,9812;-1,6320;-0,3304;Exercise individual + AD;1;Placebo;-0,0047;0,0047;0,0048;TRUE;TRUE
Psychoeducation group;-1,3504;-2,6595;-0,0412;-1,3178;-2,6253;-0,0103;Exercise individual + AD;1;Placebo;0,0326;0,0326;0,0241;TRUE;TRUE
Psychoeducation group + AD;-0,4584;-1,6559;0,7392;-0,5690;-1,7697;0,6316;Exercise individual + AD;1;Placebo;-0,1106;0,1106;0,2414;TRUE;TRUE
Relaxation individual + AD;-0,7883;-2,0071;0,4306;-0,7997;-2,0172;0,4178;Exercise individual + AD;1;Placebo;-0,0114;0,0114;0,0145;TRUE;TRUE
Relaxation individual + placebo;-0,1558;-1,3582;1,0465;-0,1671;-1,3681;1,0339;Exercise individual + AD;1;Placebo;-0,0113;0,0113;0,0723;TRUE;TRUE
Self-help;-0,6497;-1,2124;-0,0870;-0,6573;-1,2192;-0,0954;Exercise individual + AD;1;Placebo;-0,0076;0,0076;0,0117;TRUE;TRUE
Self-help with support;-0,6290;-1,1818;-0,0762;-0,6370;-1,1891;-0,0850;Exercise individual + AD;1;Placebo;-0,0081;0,0081;0,0128;TRUE;TRUE
Sham acupuncture;-0,1507;-0,9170;0,6157;-0,1535;-0,9187;0,6117;Exercise individual + AD;1;Placebo;-0,0028;0,0028;0,0189;TRUE;TRUE
Short-term psychodynamic psychotherapies individual;-0,7098;-1,3789;-0,0406;-0,7211;-1,3893;-0,0529;Exercise individual + AD;1;Placebo;-0,0113;0,0113;0,0160;TRUE;TRUE
Short-term psychodynamic psychotherapies individual + AD;-0,5020;-1,6798;0,6758;-0,6087;-1,7895;0,5720;Exercise individual + AD;1;Placebo;-0,1067;0,1067;0,2126;TRUE;TRUE
SNRIs;-0,7113;-0,8632;-0,5595;-0,7119;-0,8635;-0,5603;Exercise individual + AD;1;Placebo;-0,0006;0,0006;0,0009;TRUE;TRUE
SSRIs;-0,5218;-0,6325;-0,4111;-0,5208;-0,6313;-0,4102;Exercise individual + AD;1;Placebo;0,0011;0,0011;0,0020;TRUE;TRUE
TAU;-0,3454;-0,8923;0,2016;-0,3688;-0,9154;0,1777;Exercise individual + AD;1;Placebo;-0,0235;0,0235;0,0680;TRUE;TRUE
TCAs;-0,6273;-0,7817;-0,4729;-0,6297;-0,7838;-0,4755;Exercise individual + AD;1;Placebo;-0,0023;0,0023;0,0037;TRUE;TRUE
Trazodone;-0,4002;-0,7486;-0,0517;-0,4000;-0,7479;-0,0522;Exercise individual + AD;1;Placebo;0,0001;0,0001;0,0003;TRUE;TRUE
Waitlist;0,6737;0,1761;1,1713;0,6644;0,1674;1,1614;Exercise individual + AD;1;Placebo;-0,0093;0,0093;0,0138;TRUE;TRUE
Yoga group;-0,8845;-1,8640;0,0951;-0,8903;-1,8685;0,0880;Exercise individual + AD;1;Placebo;-0,0058;0,0058;0,0066;TRUE;TRUE
Yoga group + AD;-1,8580;-3,3190;-0,3970;-1,9984;-3,4639;-0,5328;Exercise individual + AD;1;Placebo;-0,1404;0,1404;0,0756;TRUE;TRUE
Acupuncture;-0,9163;-1,4419;-0,3906;-0,9145;-1,4410;-0,3881;Interpersonal psychotherapy (IPT) individual;1;Placebo;0,0018;0,0018;0,0019;TRUE;TRUE
Acupuncture + AD;-1,7488;-2,2550;-1,2426;-1,7481;-2,2552;-1,2411;Interpersonal psychotherapy (IPT) individual;1;Placebo;0,0007;0,0007;0,0004;TRUE;TRUE
Any AD;-0,6661;-1,1825;-0,1496;-0,6436;-1,1770;-0,1101;Interpersonal psychotherapy (IPT) individual;1;Placebo;0,0225;0,0225;0,0338;TRUE;TRUE
Any psychotherapy;0,1486;-0,9207;1,2178;0,1563;-0,9146;1,2273;Interpersonal psychotherapy (IPT) individual;1;Placebo;0,0078;0,0078;0,0523;TRUE;TRUE
Attention placebo;0,5718;-0,4354;1,5789;0,5789;-0,4300;1,5878;Interpersonal psychotherapy (IPT) individual;1;Placebo;0,0071;0,0071;0,0125;TRUE;TRUE
Behavioural therapies individual;0,3156;-0,4066;1,0379;0,3233;-0,4004;1,0470;Interpersonal psychotherapy (IPT) individual;1;Placebo;0,0077;0,0077;0,0243;TRUE;TRUE
Behavioural therapies individual + AD;-0,7311;-1,8053;0,3431;-0,7263;-1,8021;0,3496;Interpersonal psychotherapy (IPT) individual;1;Placebo;0,0049;0,0049;0,0066;TRUE;TRUE
Cognitive and cognitive behavioural therapies group;-0,9528;-1,5432;-0,3624;-0,9440;-1,5362;-0,3517;Interpersonal psychotherapy (IPT) individual;1;Placebo;0,0088;0,0088;0,0093;TRUE;TRUE
Cognitive and cognitive behavioural therapies group + AD;-1,3304;-2,3521;-0,3087;-1,3079;-2,3395;-0,2764;Interpersonal psychotherapy (IPT) individual;1;Placebo;0,0225;0,0225;0,0169;TRUE;TRUE
Cognitive and cognitive behavioural therapies individual;-0,8540;-1,1770;-0,5311;-0,8426;-1,1678;-0,5174;Interpersonal psychotherapy (IPT) individual;1;Placebo;0,0114;0,0114;0,0133;TRUE;TRUE
Cognitive and cognitive behavioural therapies individual + AD;-1,3372;-1,8771;-0,7973;-1,3313;-1,8725;-0,7902;Interpersonal psychotherapy (IPT) individual;1;Placebo;0,0059;0,0059;0,0044;TRUE;TRUE
Cognitive and cognitive behavioural therapies individual + placebo;-1,3101;-2,1924;-0,4278;-1,3043;-2,1881;-0,4205;Interpersonal psychotherapy (IPT) individual;1;Placebo;0,0058;0,0058;0,0044;TRUE;TRUE
Counselling individual;-0,6775;-1,2871;-0,0679;-0,6692;-1,2803;-0,0581;Interpersonal psychotherapy (IPT) individual;1;Placebo;0,0083;0,0083;0,0123;TRUE;TRUE
Counselling individual + AD;-0,1937;-1,5170;1,1296;-0,1823;-1,5089;1,1443;Interpersonal psychotherapy (IPT) individual;1;Placebo;0,0114;0,0114;0,0587;TRUE;TRUE
Counselling individual + placebo;0,1501;-1,6724;1,9726;0,1615;-1,6647;1,9876;Interpersonal psychotherapy (IPT) individual;1;Placebo;0,0114;0,0114;0,0757;TRUE;TRUE
Exercise group;-0,8993;-1,6153;-0,1832;-0,8942;-1,6115;-0,1769;Interpersonal psychotherapy (IPT) individual;1;Placebo;0,0050;0,0050;0,0056;TRUE;TRUE
Exercise group + AD;-3,4467;-4,6928;-2,2006;-3,4461;-4,6940;-2,1982;Interpersonal psychotherapy (IPT) individual;1;Placebo;0,0006;0,0006;0,0002;TRUE;TRUE
Exercise individual;-0,7556;-1,4550;-0,0562;-0,7512;-1,4518;-0,0506;Interpersonal psychotherapy (IPT) individual;1;Placebo;0,0044;0,0044;0,0058;TRUE;TRUE
Exercise individual + AD;-1,4503;-2,3661;-0,5345;-1,4394;-2,3581;-0,5207;Interpersonal psychotherapy (IPT) individual;1;Placebo;0,0109;0,0109;0,0075;TRUE;TRUE
Interpersonal psychotherapy (IPT) individual + AD;-0,8108;-1,5611;-0,0605;-0,8164;-1,6023;-0,0304;Interpersonal psychotherapy (IPT) individual;1;Placebo;-0,0055;0,0055;0,0068;TRUE;TRUE
Interpersonal psychotherapy (IPT) individual + placebo;-0,5149;-1,3638;0,3340;-0,5298;-1,4217;0,3622;Interpersonal psychotherapy (IPT) individual;1;Placebo;-0,0149;0,0149;0,0290;TRUE;TRUE
Light therapy;-0,8700;-1,9121;0,1721;-0,8697;-1,9134;0,1739;Interpersonal psychotherapy (IPT) individual;1;Placebo;0,0003;0,0003;0,0003;TRUE;TRUE
Light therapy + AD;-1,2062;-2,0280;-0,3844;-1,2060;-2,0290;-0,3829;Interpersonal psychotherapy (IPT) individual;1;Placebo;0,0002;0,0002;0,0002;TRUE;TRUE
Mindfulness or meditation group;-4,2459;-6,0031;-2,4886;-4,2384;-5,9973;-2,4795;Interpersonal psychotherapy (IPT) individual;1;Placebo;0,0075;0,0075;0,0018;TRUE;TRUE
Mirtazapine;-0,6954;-0,9513;-0,4395;-0,6951;-0,9514;-0,4388;Interpersonal psychotherapy (IPT) individual;1;Placebo;0,0003;0,0003;0,0004;TRUE;TRUE
Music therapy group;-0,7770;-2,2462;0,6922;-0,7695;-2,2407;0,7016;Interpersonal psychotherapy (IPT) individual;1;Placebo;0,0075;0,0075;0,0096;TRUE;TRUE
No treatment;-0,1148;-0,5823;0,3527;-0,1073;-0,5762;0,3615;Interpersonal psychotherapy (IPT) individual;1;Placebo;0,0075;0,0075;0,0651;TRUE;TRUE
Peer support group;-1,3571;-2,6719;-0,0423;-1,3346;-2,6579;-0,0113;Interpersonal psychotherapy (IPT) individual;1;Placebo;0,0225;0,0225;0,0166;TRUE;TRUE
Peer support group + AD;-1,4781;-2,7913;-0,1649;-1,4556;-2,7773;-0,1339;Interpersonal psychotherapy (IPT) individual;1;Placebo;0,0225;0,0225;0,0152;TRUE;TRUE
Placebo;0,0000;0,0000;0,0000;0,0000;0,0000;0,0000;Interpersonal psychotherapy (IPT) individual;1;Placebo;0,0000;0,0000;NA;TRUE;TRUE
Problem solving group;-2,9953;-4,1991;-1,7915;-2,9875;-4,1927;-1,7822;Interpersonal psychotherapy (IPT) individual;1;Placebo;0,0079;0,0079;0,0026;TRUE;TRUE
Problem solving individual;-0,9765;-1,6284;-0,3247;-0,9706;-1,6237;-0,3176;Interpersonal psychotherapy (IPT) individual;1;Placebo;0,0059;0,0059;0,0060;TRUE;TRUE
Psychoeducation group;-1,3504;-2,6595;-0,0412;-1,3429;-2,6542;-0,0316;Interpersonal psychotherapy (IPT) individual;1;Placebo;0,0075;0,0075;0,0055;TRUE;TRUE
Psychoeducation group + AD;-0,4584;-1,6559;0,7392;-0,4500;-1,6619;0,7618;Interpersonal psychotherapy (IPT) individual;1;Placebo;0,0083;0,0083;0,0182;TRUE;TRUE
Relaxation individual + AD;-0,7883;-2,0071;0,4306;-0,7866;-2,0069;0,4337;Interpersonal psychotherapy (IPT) individual;1;Placebo;0,0017;0,0017;0,0021;TRUE;TRUE
Relaxation individual + placebo;-0,1558;-1,3582;1,0465;-0,1542;-1,3580;1,0496;Interpersonal psychotherapy (IPT) individual;1;Placebo;0,0016;0,0016;0,0104;TRUE;TRUE
Self-help;-0,6497;-1,2124;-0,0870;-0,6411;-1,2053;-0,0770;Interpersonal psychotherapy (IPT) individual;1;Placebo;0,0086;0,0086;0,0132;TRUE;TRUE
Self-help with support;-0,6290;-1,1818;-0,0762;-0,6199;-1,1742;-0,0656;Interpersonal psychotherapy (IPT) individual;1;Placebo;0,0091;0,0091;0,0145;TRUE;TRUE
Sham acupuncture;-0,1507;-0,9170;0,6157;-0,1477;-0,9152;0,6199;Interpersonal psychotherapy (IPT) individual;1;Placebo;0,0030;0,0030;0,0198;TRUE;TRUE
Short-term psychodynamic psychotherapies individual;-0,7098;-1,3789;-0,0406;-0,7018;-1,3724;-0,0312;Interpersonal psychotherapy (IPT) individual;1;Placebo;0,0080;0,0080;0,0112;TRUE;TRUE
Short-term psychodynamic psychotherapies individual + AD;-0,5020;-1,6798;0,6758;-0,4849;-1,6685;0,6986;Interpersonal psychotherapy (IPT) individual;1;Placebo;0,0171;0,0171;0,0340;TRUE;TRUE
SNRIs;-0,7113;-0,8632;-0,5595;-0,7112;-0,8633;-0,5590;Interpersonal psychotherapy (IPT) individual;1;Placebo;0,0001;0,0001;0,0002;TRUE;TRUE
SSRIs;-0,5218;-0,6325;-0,4111;-0,5212;-0,6322;-0,4103;Interpersonal psychotherapy (IPT) individual;1;Placebo;0,0006;0,0006;0,0011;TRUE;TRUE
TAU;-0,3454;-0,8923;0,2016;-0,3365;-0,8853;0,2122;Interpersonal psychotherapy (IPT) individual;1;Placebo;0,0088;0,0088;0,0256;TRUE;TRUE
TCAs;-0,6273;-0,7817;-0,4729;-0,6273;-0,7820;-0,4727;Interpersonal psychotherapy (IPT) individual;1;Placebo;0,0000;0,0000;0,0000;TRUE;TRUE
Trazodone;-0,4002;-0,7486;-0,0517;-0,3998;-0,7488;-0,0509;Interpersonal psychotherapy (IPT) individual;1;Placebo;0,0003;0,0003;0,0008;TRUE;TRUE
Waitlist;0,6737;0,1761;1,1713;0,6819;0,1830;1,1807;Interpersonal psychotherapy (IPT) individual;1;Placebo;0,0081;0,0081;0,0121;TRUE;TRUE
Yoga group;-0,8845;-1,8640;0,0951;-0,8804;-1,8613;0,1005;Interpersonal psychotherapy (IPT) individual;1;Placebo;0,0041;0,0041;0,0046;TRUE;TRUE
Yoga group + AD;-1,8580;-3,3190;-0,3970;-1,8355;-3,3041;-0,3669;Interpersonal psychotherapy (IPT) individual;1;Placebo;0,0225;0,0225;0,0121;TRUE;TRUE
Acupuncture;-0,9163;-1,4419;-0,3906;-0,9140;-1,4401;-0,3878;Interpersonal psychotherapy (IPT) individual + AD;1;Placebo;0,0023;0,0023;0,0025;TRUE;TRUE
Acupuncture + AD;-1,7488;-2,2550;-1,2426;-1,7484;-2,2551;-1,2417;Interpersonal psychotherapy (IPT) individual + AD;1;Placebo;0,0004;0,0004;0,0002;TRUE;TRUE
Any AD;-0,6661;-1,1825;-0,1496;-0,6057;-1,1442;-0,0673;Interpersonal psychotherapy (IPT) individual + AD;1;Placebo;0,0603;0,0603;0,0906;TRUE;TRUE
Any psychotherapy;0,1486;-0,9207;1,2178;0,1568;-0,9136;1,2272;Interpersonal psychotherapy (IPT) individual + AD;1;Placebo;0,0082;0,0082;0,0553;TRUE;TRUE
Attention placebo;0,5718;-0,4354;1,5789;0,5807;-0,4277;1,5891;Interpersonal psychotherapy (IPT) individual + AD;1;Placebo;0,0089;0,0089;0,0156;TRUE;TRUE
Behavioural therapies individual;0,3156;-0,4066;1,0379;0,3236;-0,3997;1,0469;Interpersonal psychotherapy (IPT) individual + AD;1;Placebo;0,0080;0,0080;0,0252;TRUE;TRUE
Behavioural therapies individual + AD;-0,7311;-1,8053;0,3431;-0,7178;-1,7933;0,3577;Interpersonal psychotherapy (IPT) individual + AD;1;Placebo;0,0133;0,0133;0,0183;TRUE;TRUE
Cognitive and cognitive behavioural therapies group;-0,9528;-1,5432;-0,3624;-0,9369;-1,5293;-0,3444;Interpersonal psychotherapy (IPT) individual + AD;1;Placebo;0,0159;0,0159;0,0167;TRUE;TRUE
Cognitive and cognitive behavioural therapies group + AD;-1,3304;-2,3521;-0,3087;-1,2701;-2,3037;-0,2364;Interpersonal psychotherapy (IPT) individual + AD;1;Placebo;0,0603;0,0603;0,0453;TRUE;TRUE
Cognitive and cognitive behavioural therapies individual;-0,8540;-1,1770;-0,5311;-0,8419;-1,1672;-0,5166;Interpersonal psychotherapy (IPT) individual + AD;1;Placebo;0,0121;0,0121;0,0142;TRUE;TRUE
Cognitive and cognitive behavioural therapies individual + AD;-1,3372;-1,8771;-0,7973;-1,3269;-1,8681;-0,7858;Interpersonal psychotherapy (IPT) individual + AD;1;Placebo;0,0102;0,0102;0,0077;TRUE;TRUE
Cognitive and cognitive behavioural therapies individual + placebo;-1,3101;-2,1924;-0,4278;-1,3012;-2,1847;-0,4178;Interpersonal psychotherapy (IPT) individual + AD;1;Placebo;0,0089;0,0089;0,0068;TRUE;TRUE
Counselling individual;-0,6775;-1,2871;-0,0679;-0,6671;-1,2780;-0,0562;Interpersonal psychotherapy (IPT) individual + AD;1;Placebo;0,0104;0,0104;0,0154;TRUE;TRUE
Counselling individual + AD;-0,1937;-1,5170;1,1296;-0,1630;-1,4896;1,1635;Interpersonal psychotherapy (IPT) individual + AD;1;Placebo;0,0306;0,0306;0,1582;TRUE;TRUE
Counselling individual + placebo;0,1501;-1,6724;1,9726;0,1807;-1,6449;2,0063;Interpersonal psychotherapy (IPT) individual + AD;1;Placebo;0,0306;0,0306;0,2041;TRUE;TRUE
Exercise group;-0,8993;-1,6153;-0,1832;-0,8914;-1,6084;-0,1744;Interpersonal psychotherapy (IPT) individual + AD;1;Placebo;0,0078;0,0078;0,0087;TRUE;TRUE
Exercise group + AD;-3,4467;-4,6928;-2,2006;-3,4463;-4,6935;-2,1991;Interpersonal psychotherapy (IPT) individual + AD;1;Placebo;0,0004;0,0004;0,0001;TRUE;TRUE
Exercise individual;-0,7556;-1,4550;-0,0562;-0,7482;-1,4485;-0,0480;Interpersonal psychotherapy (IPT) individual + AD;1;Placebo;0,0074;0,0074;0,0098;TRUE;TRUE
Exercise individual + AD;-1,4503;-2,3661;-0,5345;-1,4241;-2,3430;-0,5052;Interpersonal psychotherapy (IPT) individual + AD;1;Placebo;0,0261;0,0261;0,0180;TRUE;TRUE
Interpersonal psychotherapy (IPT) individual;-0,5561;-1,1991;0,0869;-0,5539;-1,2131;0,1053;Interpersonal psychotherapy (IPT) individual + AD;1;Placebo;0,0022;0,0022;0,0039;TRUE;TRUE
Interpersonal psychotherapy (IPT) individual + placebo;-0,5149;-1,3638;0,3340;-0,5293;-1,4060;0,3475;Interpersonal psychotherapy (IPT) individual + AD;1;Placebo;-0,0144;0,0144;0,0280;TRUE;TRUE
Light therapy;-0,8700;-1,9121;0,1721;-0,8702;-1,9133;0,1728;Interpersonal psychotherapy (IPT) individual + AD;1;Placebo;-0,0002;0,0002;0,0003;TRUE;TRUE
Light therapy + AD;-1,2062;-2,0280;-0,3844;-1,2072;-2,0298;-0,3847;Interpersonal psychotherapy (IPT) individual + AD;1;Placebo;-0,0011;0,0011;0,0009;TRUE;TRUE
Mindfulness or meditation group;-4,2459;-6,0031;-2,4886;-4,2360;-5,9944;-2,4776;Interpersonal psychotherapy (IPT) individual + AD;1;Placebo;0,0099;0,0099;0,0023;TRUE;TRUE
Mirtazapine;-0,6954;-0,9513;-0,4395;-0,6954;-0,9515;-0,4393;Interpersonal psychotherapy (IPT) individual + AD;1;Placebo;0,0000;0,0000;0,0000;TRUE;TRUE
Music therapy group;-0,7770;-2,2462;0,6922;-0,7671;-2,2377;0,7034;Interpersonal psychotherapy (IPT) individual + AD;1;Placebo;0,0099;0,0099;0,0127;TRUE;TRUE
No treatment;-0,1148;-0,5823;0,3527;-0,1049;-0,5737;0,3639;Interpersonal psychotherapy (IPT) individual + AD;1;Placebo;0,0099;0,0099;0,0859;TRUE;TRUE
Peer support group;-1,3571;-2,6719;-0,0423;-1,2968;-2,6214;0,0278;Interpersonal psychotherapy (IPT) individual + AD;1;Placebo;0,0603;0,0603;0,0444;TRUE;TRUE
Peer support group + AD;-1,4781;-2,7913;-0,1649;-1,4177;-2,7408;-0,0947;Interpersonal psychotherapy (IPT) individual + AD;1;Placebo;0,0603;0,0603;0,0408;TRUE;TRUE
Placebo;0,0000;0,0000;0,0000;0,0000;0,0000;0,0000;Interpersonal psychotherapy (IPT) individual + AD;1;Placebo;0,0000;0,0000;NA;TRUE;TRUE
Problem solving group;-2,9953;-4,1991;-1,7915;-2,9857;-4,1906;-1,7809;Interpersonal psychotherapy (IPT) individual + AD;1;Placebo;0,0096;0,0096;0,0032;TRUE;TRUE
Problem solving individual;-0,9765;-1,6284;-0,3247;-0,9690;-1,6219;-0,3162;Interpersonal psychotherapy (IPT) individual + AD;1;Placebo;0,0075;0,0075;0,0077;TRUE;TRUE
Psychoeducation group;-1,3504;-2,6595;-0,0412;-1,3405;-2,6511;-0,0299;Interpersonal psychotherapy (IPT) individual + AD;1;Placebo;0,0099;0,0099;0,0073;TRUE;TRUE
Psychoeducation group + AD;-0,4584;-1,6559;0,7392;-0,1664;-1,5141;1,1813;Interpersonal psychotherapy (IPT) individual + AD;1;Placebo;0,2920;0,2920;0,6370;TRUE;TRUE
Relaxation individual + AD;-0,7883;-2,0071;0,4306;-0,7834;-2,0032;0,4364;Interpersonal psychotherapy (IPT) individual + AD;1;Placebo;0,0049;0,0049;0,0062;TRUE;TRUE
Relaxation individual + placebo;-0,1558;-1,3582;1,0465;-0,1510;-1,3543;1,0522;Interpersonal psychotherapy (IPT) individual + AD;1;Placebo;0,0048;0,0048;0,0307;TRUE;TRUE
Self-help;-0,6497;-1,2124;-0,0870;-0,6392;-1,2032;-0,0753;Interpersonal psychotherapy (IPT) individual + AD;1;Placebo;0,0105;0,0105;0,0161;TRUE;TRUE
Self-help with support;-0,6290;-1,1818;-0,0762;-0,6182;-1,1724;-0,0640;Interpersonal psychotherapy (IPT) individual + AD;1;Placebo;0,0108;0,0108;0,0171;TRUE;TRUE
Sham acupuncture;-0,1507;-0,9170;0,6157;-0,1470;-0,9141;0,6201;Interpersonal psychotherapy (IPT) individual + AD;1;Placebo;0,0037;0,0037;0,0243;TRUE;TRUE
Short-term psychodynamic psychotherapies individual;-0,7098;-1,3789;-0,0406;-0,7012;-1,3715;-0,0309;Interpersonal psychotherapy (IPT) individual + AD;1;Placebo;0,0086;0,0086;0,0121;TRUE;TRUE
Short-term psychodynamic psychotherapies individual + AD;-0,5020;-1,6798;0,6758;-0,4562;-1,6405;0,7282;Interpersonal psychotherapy (IPT) individual + AD;1;Placebo;0,0459;0,0459;0,0913;TRUE;TRUE
SNRIs;-0,7113;-0,8632;-0,5595;-0,7141;-0,8665;-0,5617;Interpersonal psychotherapy (IPT) individual + AD;1;Placebo;-0,0027;0,0027;0,0039;TRUE;TRUE
SSRIs;-0,5218;-0,6325;-0,4111;-0,5214;-0,6323;-0,4106;Interpersonal psychotherapy (IPT) individual + AD;1;Placebo;0,0004;0,0004;0,0007;TRUE;TRUE
TAU;-0,3454;-0,8923;0,2016;-0,3302;-0,8791;0,2188;Interpersonal psychotherapy (IPT) individual + AD;1;Placebo;0,0152;0,0152;0,0440;TRUE;TRUE
TCAs;-0,6273;-0,7817;-0,4729;-0,6265;-0,7811;-0,4718;Interpersonal psychotherapy (IPT) individual + AD;1;Placebo;0,0009;0,0009;0,0014;TRUE;TRUE
Trazodone;-0,4002;-0,7486;-0,0517;-0,4003;-0,7490;-0,0515;Interpersonal psychotherapy (IPT) individual + AD;1;Placebo;-0,0001;0,0001;0,0003;TRUE;TRUE
Waitlist;0,6737;0,1761;1,1713;0,6835;0,1847;1,1823;Interpersonal psychotherapy (IPT) individual + AD;1;Placebo;0,0098;0,0098;0,0145;TRUE;TRUE
Yoga group;-0,8845;-1,8640;0,0951;-0,8791;-1,8595;0,1013;Interpersonal psychotherapy (IPT) individual + AD;1;Placebo;0,0054;0,0054;0,0061;TRUE;TRUE
Yoga group + AD;-1,8580;-3,3190;-0,3970;-1,7977;-3,2675;-0,3278;Interpersonal psychotherapy (IPT) individual + AD;1;Placebo;0,0603;0,0603;0,0325;TRUE;TRUE
Acupuncture;-0,9163;-1,4419;-0,3906;-0,9180;-1,4434;-0,3926;Interpersonal psychotherapy (IPT) individual + placebo;1;Placebo;-0,0017;0,0017;0,0018;TRUE;TRUE
Acupuncture + AD;-1,7488;-2,2550;-1,2426;-1,7489;-2,2549;-1,2430;Interpersonal psychotherapy (IPT) individual + placebo;1;Placebo;-0,0001;0,0001;0,0001;TRUE;TRUE
Any AD;-0,6661;-1,1825;-0,1496;-0,7260;-1,2533;-0,1986;Interpersonal psychotherapy (IPT) individual + placebo;1;Placebo;-0,0599;0,0599;0,0900;TRUE;TRUE
Any psychotherapy;0,1486;-0,9207;1,2178;0,1384;-0,9305;1,2074;Interpersonal psychotherapy (IPT) individual + placebo;1;Placebo;-0,0101;0,0101;0,0683;TRUE;TRUE
Attention placebo;0,5718;-0,4354;1,5789;0,5619;-0,4449;1,5687;Interpersonal psychotherapy (IPT) individual + placebo;1;Placebo;-0,0099;0,0099;0,0173;TRUE;TRUE
Behavioural therapies individual;0,3156;-0,4066;1,0379;0,3058;-0,4163;1,0280;Interpersonal psychotherapy (IPT) individual + placebo;1;Placebo;-0,0098;0,0098;0,0310;TRUE;TRUE
Behavioural therapies individual + AD;-0,7311;-1,8053;0,3431;-0,7425;-1,8164;0,3314;Interpersonal psychotherapy (IPT) individual + placebo;1;Placebo;-0,0114;0,0114;0,0156;TRUE;TRUE
Cognitive and cognitive behavioural therapies group;-0,9528;-1,5432;-0,3624;-0,9698;-1,5608;-0,3789;Interpersonal psychotherapy (IPT) individual + placebo;1;Placebo;-0,0170;0,0170;0,0179;TRUE;TRUE
Cognitive and cognitive behavioural therapies group + AD;-1,3304;-2,3521;-0,3087;-1,3903;-2,4172;-0,3634;Interpersonal psychotherapy (IPT) individual + placebo;1;Placebo;-0,0599;0,0599;0,0450;TRUE;TRUE
Cognitive and cognitive behavioural therapies individual;-0,8540;-1,1770;-0,5311;-0,8694;-1,1934;-0,5455;Interpersonal psychotherapy (IPT) individual + placebo;1;Placebo;-0,0154;0,0154;0,0180;TRUE;TRUE
Cognitive and cognitive behavioural therapies individual + AD;-1,3372;-1,8771;-0,7973;-1,3473;-1,8873;-0,8074;Interpersonal psychotherapy (IPT) individual + placebo;1;Placebo;-0,0102;0,0102;0,0076;TRUE;TRUE
Cognitive and cognitive behavioural therapies individual + placebo;-1,3101;-2,1924;-0,4278;-1,3187;-2,2007;-0,4366;Interpersonal psychotherapy (IPT) individual + placebo;1;Placebo;-0,0086;0,0086;0,0065;TRUE;TRUE
Counselling individual;-0,6775;-1,2871;-0,0679;-0,6894;-1,2990;-0,0798;Interpersonal psychotherapy (IPT) individual + placebo;1;Placebo;-0,0119;0,0119;0,0176;TRUE;TRUE
Counselling individual + AD;-0,1937;-1,5170;1,1296;-0,2229;-1,5467;1,1008;Interpersonal psychotherapy (IPT) individual + placebo;1;Placebo;-0,0293;0,0293;0,1510;TRUE;TRUE
Counselling individual + placebo;0,1501;-1,6724;1,9726;0,1208;-1,7016;1,9433;Interpersonal psychotherapy (IPT) individual + placebo;1;Placebo;-0,0293;0,0293;0,1949;TRUE;TRUE
Exercise group;-0,8993;-1,6153;-0,1832;-0,9077;-1,6235;-0,1919;Interpersonal psychotherapy (IPT) individual + placebo;1;Placebo;-0,0085;0,0085;0,0094;TRUE;TRUE
Exercise group + AD;-3,4467;-4,6928;-2,2006;-3,4468;-4,6922;-2,2013;Interpersonal psychotherapy (IPT) individual + placebo;1;Placebo;-0,0001;0,0001;0,0000;TRUE;TRUE
Exercise individual;-0,7556;-1,4550;-0,0562;-0,7636;-1,4628;-0,0643;Interpersonal psychotherapy (IPT) individual + placebo;1;Placebo;-0,0079;0,0079;0,0105;TRUE;TRUE
Exercise individual + AD;-1,4503;-2,3661;-0,5345;-1,4767;-2,3933;-0,5600;Interpersonal psychotherapy (IPT) individual + placebo;1;Placebo;-0,0264;0,0264;0,0182;TRUE;TRUE
Interpersonal psychotherapy (IPT) individual;-0,5561;-1,1991;0,0869;-0,6314;-1,2883;0,0255;Interpersonal psychotherapy (IPT) individual + placebo;1;Placebo;-0,0753;0,0753;0,1355;TRUE;TRUE
Interpersonal psychotherapy (IPT) individual + AD;-0,8108;-1,5611;-0,0605;-0,9086;-1,6790;-0,1381;Interpersonal psychotherapy (IPT) individual + placebo;1;Placebo;-0,0978;0,0978;0,1206;TRUE;TRUE
Light therapy;-0,8700;-1,9121;0,1721;-0,8701;-1,9117;0,1714;Interpersonal psychotherapy (IPT) individual + placebo;1;Placebo;-0,0001;0,0001;0,0002;TRUE;TRUE
Light therapy + AD;-1,2062;-2,0280;-0,3844;-1,2065;-2,0279;-0,3851;Interpersonal psychotherapy (IPT) individual + placebo;1;Placebo;-0,0003;0,0003;0,0003;TRUE;TRUE
Mindfulness or meditation group;-4,2459;-6,0031;-2,4886;-4,2572;-6,0141;-2,5003;Interpersonal psychotherapy (IPT) individual + placebo;1;Placebo;-0,0113;0,0113;0,0027;TRUE;TRUE
Mirtazapine;-0,6954;-0,9513;-0,4395;-0,6946;-0,9503;-0,4389;Interpersonal psychotherapy (IPT) individual + placebo;1;Placebo;0,0008;0,0008;0,0012;TRUE;TRUE
Music therapy group;-0,7770;-2,2462;0,6922;-0,7883;-2,2571;0,6804;Interpersonal psychotherapy (IPT) individual + placebo;1;Placebo;-0,0113;0,0113;0,0146;TRUE;TRUE
No treatment;-0,1148;-0,5823;0,3527;-0,1261;-0,5939;0,3416;Interpersonal psychotherapy (IPT) individual + placebo;1;Placebo;-0,0113;0,0113;0,0989;TRUE;TRUE
Peer support group;-1,3571;-2,6719;-0,0423;-1,4170;-2,7356;-0,0985;Interpersonal psychotherapy (IPT) individual + placebo;1;Placebo;-0,0599;0,0599;0,0441;TRUE;TRUE
Peer support group + AD;-1,4781;-2,7913;-0,1649;-1,5380;-2,8549;-0,2210;Interpersonal psychotherapy (IPT) individual + placebo;1;Placebo;-0,0599;0,0599;0,0405;TRUE;TRUE
Placebo;0,0000;0,0000;0,0000;0,0000;0,0000;0,0000;Interpersonal psychotherapy (IPT) individual + placebo;1;Placebo;0,0000;0,0000;NA;TRUE;TRUE
Problem solving group;-2,9953;-4,1991;-1,7915;-3,0062;-4,2097;-1,8027;Interpersonal psychotherapy (IPT) individual + placebo;1;Placebo;-0,0109;0,0109;0,0036;TRUE;TRUE
Problem solving individual;-0,9765;-1,6284;-0,3247;-0,9844;-1,6361;-0,3328;Interpersonal psychotherapy (IPT) individual + placebo;1;Placebo;-0,0079;0,0079;0,0081;TRUE;TRUE
Psychoeducation group;-1,3504;-2,6595;-0,0412;-1,3617;-2,6703;-0,0531;Interpersonal psychotherapy (IPT) individual + placebo;1;Placebo;-0,0113;0,0113;0,0084;TRUE;TRUE
Psychoeducation group + AD;-0,4584;-1,6559;0,7392;-0,5374;-1,7429;0,6680;Interpersonal psychotherapy (IPT) individual + placebo;1;Placebo;-0,0790;0,0790;0,1724;TRUE;TRUE
Relaxation individual + AD;-0,7883;-2,0071;0,4306;-0,7909;-2,0093;0,4275;Interpersonal psychotherapy (IPT) individual + placebo;1;Placebo;-0,0026;0,0026;0,0033;TRUE;TRUE
Relaxation individual + placebo;-0,1558;-1,3582;1,0465;-0,1584;-1,3603;1,0435;Interpersonal psychotherapy (IPT) individual + placebo;1;Placebo;-0,0026;0,0026;0,0165;TRUE;TRUE
Self-help;-0,6497;-1,2124;-0,0870;-0,6618;-1,2246;-0,0989;Interpersonal psychotherapy (IPT) individual + placebo;1;Placebo;-0,0121;0,0121;0,0185;TRUE;TRUE
Self-help with support;-0,6290;-1,1818;-0,0762;-0,6417;-1,1947;-0,0887;Interpersonal psychotherapy (IPT) individual + placebo;1;Placebo;-0,0128;0,0128;0,0203;TRUE;TRUE
Sham acupuncture;-0,1507;-0,9170;0,6157;-0,1540;-0,9200;0,6120;Interpersonal psychotherapy (IPT) individual + placebo;1;Placebo;-0,0033;0,0033;0,0222;TRUE;TRUE
Short-term psychodynamic psychotherapies individual;-0,7098;-1,3789;-0,0406;-0,7203;-1,3894;-0,0513;Interpersonal psychotherapy (IPT) individual + placebo;1;Placebo;-0,0106;0,0106;0,0149;TRUE;TRUE
Short-term psychodynamic psychotherapies individual + AD;-0,5020;-1,6798;0,6758;-0,5470;-1,7270;0,6330;Interpersonal psychotherapy (IPT) individual + placebo;1;Placebo;-0,0450;0,0450;0,0896;TRUE;TRUE
SNRIs;-0,7113;-0,8632;-0,5595;-0,7121;-0,8639;-0,5603;Interpersonal psychotherapy (IPT) individual + placebo;1;Placebo;-0,0008;0,0008;0,0011;TRUE;TRUE
SSRIs;-0,5218;-0,6325;-0,4111;-0,5219;-0,6326;-0,4112;Interpersonal psychotherapy (IPT) individual + placebo;1;Placebo;-0,0001;0,0001;0,0001;TRUE;TRUE
TAU;-0,3454;-0,8923;0,2016;-0,3613;-0,9087;0,1861;Interpersonal psychotherapy (IPT) individual + placebo;1;Placebo;-0,0159;0,0159;0,0460;TRUE;TRUE
TCAs;-0,6273;-0,7817;-0,4729;-0,6233;-0,7778;-0,4688;Interpersonal psychotherapy (IPT) individual + placebo;1;Placebo;0,0040;0,0040;0,0064;TRUE;TRUE
Trazodone;-0,4002;-0,7486;-0,0517;-0,3998;-0,7480;-0,0515;Interpersonal psychotherapy (IPT) individual + placebo;1;Placebo;0,0004;0,0004;0,0010;TRUE;TRUE
Waitlist;0,6737;0,1761;1,1713;0,6627;0,1650;1,1605;Interpersonal psychotherapy (IPT) individual + placebo;1;Placebo;-0,0110;0,0110;0,0163;TRUE;TRUE
Yoga group;-0,8845;-1,8640;0,0951;-0,8880;-1,8671;0,0912;Interpersonal psychotherapy (IPT) individual + placebo;1;Placebo;-0,0035;0,0035;0,0040;TRUE;TRUE
Yoga group + AD;-1,8580;-3,3190;-0,3970;-1,9179;-3,3823;-0,4536;Interpersonal psychotherapy (IPT) individual + placebo;1;Placebo;-0,0599;0,0599;0,0322;TRUE;TRUE
Acupuncture;-0,9163;-1,4419;-0,3906;-0,9163;-1,4419;-0,3906;Light therapy;1;Placebo;0,0000;0,0000;0,0000;TRUE;TRUE
Acupuncture + AD;-1,7488;-2,2550;-1,2426;-1,7488;-2,2550;-1,2426;Light therapy;1;Placebo;0,0000;0,0000;0,0000;TRUE;TRUE
Any AD;-0,6661;-1,1825;-0,1496;-0,6661;-1,1825;-0,1496;Light therapy;1;Placebo;0,0000;0,0000;0,0000;TRUE;TRUE
Any psychotherapy;0,1486;-0,9207;1,2178;0,1486;-0,9207;1,2178;Light therapy;1;Placebo;0,0000;0,0000;0,0000;TRUE;TRUE
Attention placebo;0,5718;-0,4354;1,5789;0,5718;-0,4354;1,5789;Light therapy;1;Placebo;0,0000;0,0000;0,0000;TRUE;TRUE
Behavioural therapies individual;0,3156;-0,4066;1,0379;0,3156;-0,4066;1,0379;Light therapy;1;Placebo;0,0000;0,0000;0,0000;TRUE;TRUE
Behavioural therapies individual + AD;-0,7311;-1,8053;0,3431;-0,7311;-1,8053;0,3431;Light therapy;1;Placebo;0,0000;0,0000;0,0000;TRUE;TRUE
Cognitive and cognitive behavioural therapies group;-0,9528;-1,5432;-0,3624;-0,9528;-1,5432;-0,3624;Light therapy;1;Placebo;0,0000;0,0000;0,0000;TRUE;TRUE
Cognitive and cognitive behavioural therapies group + AD;-1,3304;-2,3521;-0,3087;-1,3304;-2,3521;-0,3087;Light therapy;1;Placebo;0,0000;0,0000;0,0000;TRUE;TRUE
Cognitive and cognitive behavioural therapies individual;-0,8540;-1,1770;-0,5311;-0,8540;-1,1770;-0,5311;Light therapy;1;Placebo;0,0000;0,0000;0,0000;TRUE;TRUE
Cognitive and cognitive behavioural therapies individual + AD;-1,3372;-1,8771;-0,7973;-1,3372;-1,8771;-0,7973;Light therapy;1;Placebo;0,0000;0,0000;0,0000;TRUE;TRUE
Cognitive and cognitive behavioural therapies individual + placebo;-1,3101;-2,1924;-0,4278;-1,3101;-2,1924;-0,4278;Light therapy;1;Placebo;0,0000;0,0000;0,0000;TRUE;TRUE
Counselling individual;-0,6775;-1,2871;-0,0679;-0,6775;-1,2871;-0,0679;Light therapy;1;Placebo;0,0000;0,0000;0,0000;TRUE;TRUE
Counselling individual + AD;-0,1937;-1,5170;1,1296;-0,1937;-1,5170;1,1296;Light therapy;1;Placebo;0,0000;0,0000;0,0000;TRUE;TRUE
Counselling individual + placebo;0,1501;-1,6724;1,9726;0,1501;-1,6724;1,9726;Light therapy;1;Placebo;0,0000;0,0000;0,0000;TRUE;TRUE
Exercise group;-0,8993;-1,6153;-0,1832;-0,8993;-1,6153;-0,1832;Light therapy;1;Placebo;0,0000;0,0000;0,0000;TRUE;TRUE
Exercise group + AD;-3,4467;-4,6928;-2,2006;-3,4467;-4,6928;-2,2006;Light therapy;1;Placebo;0,0000;0,0000;0,0000;TRUE;TRUE
Exercise individual;-0,7556;-1,4550;-0,0562;-0,7556;-1,4550;-0,0562;Light therapy;1;Placebo;0,0000;0,0000;0,0000;TRUE;TRUE
Exercise individual + AD;-1,4503;-2,3661;-0,5345;-1,4503;-2,3661;-0,5345;Light therapy;1;Placebo;0,0000;0,0000;0,0000;TRUE;TRUE
Interpersonal psychotherapy (IPT) individual;-0,5561;-1,1991;0,0869;-0,5561;-1,1991;0,0869;Light therapy;1;Placebo;0,0000;0,0000;0,0000;TRUE;TRUE
Interpersonal psychotherapy (IPT) individual + AD;-0,8108;-1,5611;-0,0605;-0,8108;-1,5611;-0,0605;Light therapy;1;Placebo;0,0000;0,0000;0,0000;TRUE;TRUE
Interpersonal psychotherapy (IPT) individual + placebo;-0,5149;-1,3638;0,3340;-0,5149;-1,3638;0,3340;Light therapy;1;Placebo;0,0000;0,0000;0,0000;TRUE;TRUE
Light therapy + AD;-1,2062;-2,0280;-0,3844;-1,2062;-2,0280;-0,3844;Light therapy;1;Placebo;0,0000;0,0000;0,0000;TRUE;TRUE
Mindfulness or meditation group;-4,2459;-6,0031;-2,4886;-4,2459;-6,0031;-2,4886;Light therapy;1;Placebo;0,0000;0,0000;0,0000;TRUE;TRUE
Mirtazapine;-0,6954;-0,9513;-0,4395;-0,6954;-0,9513;-0,4395;Light therapy;1;Placebo;0,0000;0,0000;0,0000;TRUE;TRUE
Music therapy group;-0,7770;-2,2462;0,6922;-0,7770;-2,2462;0,6922;Light therapy;1;Placebo;0,0000;0,0000;0,0000;TRUE;TRUE
No treatment;-0,1148;-0,5823;0,3527;-0,1148;-0,5823;0,3527;Light therapy;1;Placebo;0,0000;0,0000;0,0000;TRUE;TRUE
Peer support group;-1,3571;-2,6719;-0,0423;-1,3571;-2,6719;-0,0423;Light therapy;1;Placebo;0,0000;0,0000;0,0000;TRUE;TRUE
Peer support group + AD;-1,4781;-2,7913;-0,1649;-1,4781;-2,7913;-0,1649;Light therapy;1;Placebo;0,0000;0,0000;0,0000;TRUE;TRUE
Placebo;0,0000;0,0000;0,0000;0,0000;0,0000;0,0000;Light therapy;1;Placebo;0,0000;0,0000;NA;TRUE;TRUE
Problem solving group;-2,9953;-4,1991;-1,7915;-2,9953;-4,1991;-1,7915;Light therapy;1;Placebo;0,0000;0,0000;0,0000;TRUE;TRUE
Problem solving individual;-0,9765;-1,6284;-0,3247;-0,9765;-1,6284;-0,3247;Light therapy;1;Placebo;0,0000;0,0000;0,0000;TRUE;TRUE
Psychoeducation group;-1,3504;-2,6595;-0,0412;-1,3504;-2,6595;-0,0412;Light therapy;1;Placebo;0,0000;0,0000;0,0000;TRUE;TRUE
Psychoeducation group + AD;-0,4584;-1,6559;0,7392;-0,4584;-1,6559;0,7392;Light therapy;1;Placebo;0,0000;0,0000;0,0000;TRUE;TRUE
Relaxation individual + AD;-0,7883;-2,0071;0,4306;-0,7883;-2,0071;0,4306;Light therapy;1;Placebo;0,0000;0,0000;0,0000;TRUE;TRUE
Relaxation individual + placebo;-0,1558;-1,3582;1,0465;-0,1558;-1,3582;1,0465;Light therapy;1;Placebo;0,0000;0,0000;0,0000;TRUE;TRUE
Self-help;-0,6497;-1,2124;-0,0870;-0,6497;-1,2124;-0,0870;Light therapy;1;Placebo;0,0000;0,0000;0,0000;TRUE;TRUE
Self-help with support;-0,6290;-1,1818;-0,0762;-0,6290;-1,1818;-0,0762;Light therapy;1;Placebo;0,0000;0,0000;0,0000;TRUE;TRUE
Sham acupuncture;-0,1507;-0,9170;0,6157;-0,1507;-0,9170;0,6157;Light therapy;1;Placebo;0,0000;0,0000;0,0000;TRUE;TRUE
Short-term psychodynamic psychotherapies individual;-0,7098;-1,3789;-0,0406;-0,7098;-1,3789;-0,0406;Light therapy;1;Placebo;0,0000;0,0000;0,0000;TRUE;TRUE
Short-term psychodynamic psychotherapies individual + AD;-0,5020;-1,6798;0,6758;-0,5020;-1,6798;0,6758;Light therapy;1;Placebo;0,0000;0,0000;0,0000;TRUE;TRUE
SNRIs;-0,7113;-0,8632;-0,5595;-0,7113;-0,8632;-0,5595;Light therapy;1;Placebo;0,0000;0,0000;0,0000;TRUE;TRUE
SSRIs;-0,5218;-0,6325;-0,4111;-0,5218;-0,6325;-0,4111;Light therapy;1;Placebo;0,0000;0,0000;0,0000;TRUE;TRUE
TAU;-0,3454;-0,8923;0,2016;-0,3454;-0,8923;0,2016;Light therapy;1;Placebo;0,0000;0,0000;0,0000;TRUE;TRUE
TCAs;-0,6273;-0,7817;-0,4729;-0,6273;-0,7817;-0,4729;Light therapy;1;Placebo;0,0000;0,0000;0,0000;TRUE;TRUE
Trazodone;-0,4002;-0,7486;-0,0517;-0,4002;-0,7486;-0,0517;Light therapy;1;Placebo;0,0000;0,0000;0,0000;TRUE;TRUE
Waitlist;0,6737;0,1761;1,1713;0,6737;0,1761;1,1713;Light therapy;1;Placebo;0,0000;0,0000;0,0000;TRUE;TRUE
Yoga group;-0,8845;-1,8640;0,0951;-0,8845;-1,8640;0,0951;Light therapy;1;Placebo;0,0000;0,0000;0,0000;TRUE;TRUE
Yoga group + AD;-1,8580;-3,3190;-0,3970;-1,8580;-3,3190;-0,3970;Light therapy;1;Placebo;0,0000;0,0000;0,0000;TRUE;TRUE
Acupuncture;-0,9163;-1,4419;-0,3906;-0,9163;-1,4422;-0,3904;Light therapy + AD;1;Placebo;0,0000;0,0000;0,0000;TRUE;TRUE
Acupuncture + AD;-1,7488;-2,2550;-1,2426;-1,7488;-2,2553;-1,2423;Light therapy + AD;1;Placebo;0,0001;0,0001;0,0000;TRUE;TRUE
Any AD;-0,6661;-1,1825;-0,1496;-0,6657;-1,1824;-0,1490;Light therapy + AD;1;Placebo;0,0004;0,0004;0,0005;TRUE;TRUE
Any psychotherapy;0,1486;-0,9207;1,2178;0,1487;-0,9210;1,2185;Light therapy + AD;1;Placebo;0,0002;0,0002;0,0011;TRUE;TRUE
Attention placebo;0,5718;-0,4354;1,5789;0,5719;-0,4358;1,5795;Light therapy + AD;1;Placebo;0,0001;0,0001;0,0002;TRUE;TRUE
Behavioural therapies individual;0,3156;-0,4066;1,0379;0,3159;-0,4068;1,0385;Light therapy + AD;1;Placebo;0,0002;0,0002;0,0007;TRUE;TRUE
Behavioural therapies individual + AD;-0,7311;-1,8053;0,3431;-0,7310;-1,8056;0,3436;Light therapy + AD;1;Placebo;0,0001;0,0001;0,0002;TRUE;TRUE
Cognitive and cognitive behavioural therapies group;-0,9528;-1,5432;-0,3624;-0,9528;-1,5434;-0,3621;Light therapy + AD;1;Placebo;0,0000;0,0000;0,0000;TRUE;TRUE
Cognitive and cognitive behavioural therapies group + AD;-1,3304;-2,3521;-0,3087;-1,3300;-2,3522;-0,3078;Light therapy + AD;1;Placebo;0,0004;0,0004;0,0003;TRUE;TRUE
Cognitive and cognitive behavioural therapies individual;-0,8540;-1,1770;-0,5311;-0,8539;-1,1770;-0,5308;Light therapy + AD;1;Placebo;0,0001;0,0001;0,0002;TRUE;TRUE
Cognitive and cognitive behavioural therapies individual + AD;-1,3372;-1,8771;-0,7973;-1,3372;-1,8774;-0,7971;Light therapy + AD;1;Placebo;0,0000;0,0000;0,0000;TRUE;TRUE
Cognitive and cognitive behavioural therapies individual + placebo;-1,3101;-2,1924;-0,4278;-1,3101;-2,1928;-0,4274;Light therapy + AD;1;Placebo;0,0000;0,0000;0,0000;TRUE;TRUE
Counselling individual;-0,6775;-1,2871;-0,0679;-0,6773;-1,2872;-0,0674;Light therapy + AD;1;Placebo;0,0002;0,0002;0,0002;TRUE;TRUE
Counselling individual + AD;-0,1937;-1,5170;1,1296;-0,1935;-1,5173;1,1304;Light therapy + AD;1;Placebo;0,0002;0,0002;0,0011;TRUE;TRUE
Counselling individual + placebo;0,1501;-1,6724;1,9726;0,1503;-1,6730;1,9736;Light therapy + AD;1;Placebo;0,0002;0,0002;0,0015;TRUE;TRUE
Exercise group;-0,8993;-1,6153;-0,1832;-0,8992;-1,6156;-0,1828;Light therapy + AD;1;Placebo;0,0000;0,0000;0,0000;TRUE;TRUE
Exercise group + AD;-3,4467;-4,6928;-2,2006;-3,4467;-4,6934;-2,2000;Light therapy + AD;1;Placebo;0,0000;0,0000;0,0000;TRUE;TRUE
Exercise individual;-0,7556;-1,4550;-0,0562;-0,7556;-1,4553;-0,0559;Light therapy + AD;1;Placebo;0,0000;0,0000;0,0000;TRUE;TRUE
Exercise individual + AD;-1,4503;-2,3661;-0,5345;-1,4502;-2,3663;-0,5340;Light therapy + AD;1;Placebo;0,0001;0,0001;0,0001;TRUE;TRUE
Interpersonal psychotherapy (IPT) individual;-0,5561;-1,1991;0,0869;-0,5558;-1,1991;0,0875;Light therapy + AD;1;Placebo;0,0003;0,0003;0,0005;TRUE;TRUE
Interpersonal psychotherapy (IPT) individual + AD;-0,8108;-1,5611;-0,0605;-0,8103;-1,5610;-0,0596;Light therapy + AD;1;Placebo;0,0005;0,0005;0,0007;TRUE;TRUE
Interpersonal psychotherapy (IPT) individual + placebo;-0,5149;-1,3638;0,3340;-0,5145;-1,3638;0,3348;Light therapy + AD;1;Placebo;0,0003;0,0003;0,0006;TRUE;TRUE
Light therapy;-0,8700;-1,9121;0,1721;-0,8950;-1,9637;0,1736;Light therapy + AD;1;Placebo;-0,0250;0,0250;0,0288;TRUE;TRUE
Mindfulness or meditation group;-4,2459;-6,0031;-2,4886;-4,2458;-6,0035;-2,4880;Light therapy + AD;1;Placebo;0,0001;0,0001;0,0000;TRUE;TRUE
Mirtazapine;-0,6954;-0,9513;-0,4395;-0,6952;-0,9512;-0,4392;Light therapy + AD;1;Placebo;0,0002;0,0002;0,0003;TRUE;TRUE
Music therapy group;-0,7770;-2,2462;0,6922;-0,7769;-2,2467;0,6929;Light therapy + AD;1;Placebo;0,0001;0,0001;0,0001;TRUE;TRUE
No treatment;-0,1148;-0,5823;0,3527;-0,1147;-0,5825;0,3531;Light therapy + AD;1;Placebo;0,0001;0,0001;0,0009;TRUE;TRUE
Peer support group;-1,3571;-2,6719;-0,0423;-1,3568;-2,6723;-0,0413;Light therapy + AD;1;Placebo;0,0004;0,0004;0,0003;TRUE;TRUE
Peer support group + AD;-1,4781;-2,7913;-0,1649;-1,4777;-2,7916;-0,1638;Light therapy + AD;1;Placebo;0,0004;0,0004;0,0002;TRUE;TRUE
Placebo;0,0000;0,0000;0,0000;0,0000;0,0000;0,0000;Light therapy + AD;1;Placebo;0,0000;0,0000;NA;TRUE;TRUE
Problem solving group;-2,9953;-4,1991;-1,7915;-2,9952;-4,1994;-1,7910;Light therapy + AD;1;Placebo;0,0002;0,0002;0,0001;TRUE;TRUE
Problem solving individual;-0,9765;-1,6284;-0,3247;-0,9764;-1,6286;-0,3243;Light therapy + AD;1;Placebo;0,0001;0,0001;0,0001;TRUE;TRUE
Psychoeducation group;-1,3504;-2,6595;-0,0412;-1,3503;-2,6601;-0,0405;Light therapy + AD;1;Placebo;0,0001;0,0001;0,0001;TRUE;TRUE
Psychoeducation group + AD;-0,4584;-1,6559;0,7392;-0,4579;-1,6561;0,7402;Light therapy + AD;1;Placebo;0,0005;0,0005;0,0010;TRUE;TRUE
Relaxation individual + AD;-0,7883;-2,0071;0,4306;-0,7882;-2,0075;0,4312;Light therapy + AD;1;Placebo;0,0001;0,0001;0,0001;TRUE;TRUE
Relaxation individual + placebo;-0,1558;-1,3582;1,0465;-0,1558;-1,3586;1,0471;Light therapy + AD;1;Placebo;0,0001;0,0001;0,0005;TRUE;TRUE
Self-help;-0,6497;-1,2124;-0,0870;-0,6495;-1,2125;-0,0866;Light therapy + AD;1;Placebo;0,0002;0,0002;0,0003;TRUE;TRUE
Self-help with support;-0,6290;-1,1818;-0,0762;-0,6288;-1,1819;-0,0757;Light therapy + AD;1;Placebo;0,0002;0,0002;0,0003;TRUE;TRUE
Sham acupuncture;-0,1507;-0,9170;0,6157;-0,1506;-0,9173;0,6161;Light therapy + AD;1;Placebo;0,0000;0,0000;0,0003;TRUE;TRUE
Short-term psychodynamic psychotherapies individual;-0,7098;-1,3789;-0,0406;-0,7096;-1,3791;-0,0401;Light therapy + AD;1;Placebo;0,0002;0,0002;0,0002;TRUE;TRUE
Short-term psychodynamic psychotherapies individual + AD;-0,5020;-1,6798;0,6758;-0,5017;-1,6800;0,6766;Light therapy + AD;1;Placebo;0,0003;0,0003;0,0006;TRUE;TRUE
SNRIs;-0,7113;-0,8632;-0,5595;-0,7101;-0,8625;-0,5577;Light therapy + AD;1;Placebo;0,0012;0,0012;0,0017;TRUE;TRUE
SSRIs;-0,5218;-0,6325;-0,4111;-0,5218;-0,6326;-0,4110;Light therapy + AD;1;Placebo;0,0000;0,0000;0,0000;TRUE;TRUE
TAU;-0,3454;-0,8923;0,2016;-0,3452;-0,8924;0,2020;Light therapy + AD;1;Placebo;0,0001;0,0001;0,0004;TRUE;TRUE
TCAs;-0,6273;-0,7817;-0,4729;-0,6272;-0,7817;-0,4727;Light therapy + AD;1;Placebo;0,0001;0,0001;0,0002;TRUE;TRUE
Trazodone;-0,4002;-0,7486;-0,0517;-0,3999;-0,7486;-0,0513;Light therapy + AD;1;Placebo;0,0002;0,0002;0,0005;TRUE;TRUE
Waitlist;0,6737;0,1761;1,1713;0,6740;0,1761;1,1718;Light therapy + AD;1;Placebo;0,0003;0,0003;0,0004;TRUE;TRUE
Yoga group;-0,8845;-1,8640;0,0951;-0,8843;-1,8642;0,0957;Light therapy + AD;1;Placebo;0,0002;0,0002;0,0002;TRUE;TRUE
Yoga group + AD;-1,8580;-3,3190;-0,3970;-1,8576;-3,3192;-0,3960;Light therapy + AD;1;Placebo;0,0004;0,0004;0,0002;TRUE;TRUE
Acupuncture;-0,9163;-1,4419;-0,3906;-0,9163;-1,4419;-0,3906;Mindfulness or meditation group;1;Placebo;0,0000;0,0000;0,0000;TRUE;TRUE
Acupuncture + AD;-1,7488;-2,2550;-1,2426;-1,7488;-2,2550;-1,2426;Mindfulness or meditation group;1;Placebo;0,0000;0,0000;0,0000;TRUE;TRUE
Any AD;-0,6661;-1,1825;-0,1496;-0,6661;-1,1825;-0,1496;Mindfulness or meditation group;1;Placebo;0,0000;0,0000;0,0000;TRUE;TRUE
Any psychotherapy;0,1486;-0,9207;1,2178;0,1486;-0,9207;1,2178;Mindfulness or meditation group;1;Placebo;0,0000;0,0000;0,0000;TRUE;TRUE
Attention placebo;0,5718;-0,4354;1,5789;0,5718;-0,4354;1,5789;Mindfulness or meditation group;1;Placebo;0,0000;0,0000;0,0000;TRUE;TRUE
Behavioural therapies individual;0,3156;-0,4066;1,0379;0,3156;-0,4066;1,0379;Mindfulness or meditation group;1;Placebo;0,0000;0,0000;0,0000;TRUE;TRUE
Behavioural therapies individual + AD;-0,7311;-1,8053;0,3431;-0,7311;-1,8053;0,3431;Mindfulness or meditation group;1;Placebo;0,0000;0,0000;0,0000;TRUE;TRUE
Cognitive and cognitive behavioural therapies group;-0,9528;-1,5432;-0,3624;-0,9528;-1,5432;-0,3624;Mindfulness or meditation group;1;Placebo;0,0000;0,0000;0,0000;TRUE;TRUE
Cognitive and cognitive behavioural therapies group + AD;-1,3304;-2,3521;-0,3087;-1,3304;-2,3521;-0,3087;Mindfulness or meditation group;1;Placebo;0,0000;0,0000;0,0000;TRUE;TRUE
Cognitive and cognitive behavioural therapies individual;-0,8540;-1,1770;-0,5311;-0,8540;-1,1770;-0,5311;Mindfulness or meditation group;1;Placebo;0,0000;0,0000;0,0000;TRUE;TRUE
Cognitive and cognitive behavioural therapies individual + AD;-1,3372;-1,8771;-0,7973;-1,3372;-1,8771;-0,7973;Mindfulness or meditation group;1;Placebo;0,0000;0,0000;0,0000;TRUE;TRUE
Cognitive and cognitive behavioural therapies individual + placebo;-1,3101;-2,1924;-0,4278;-1,3101;-2,1924;-0,4278;Mindfulness or meditation group;1;Placebo;0,0000;0,0000;0,0000;TRUE;TRUE
Counselling individual;-0,6775;-1,2871;-0,0679;-0,6775;-1,2871;-0,0679;Mindfulness or meditation group;1;Placebo;0,0000;0,0000;0,0000;TRUE;TRUE
Counselling individual + AD;-0,1937;-1,5170;1,1296;-0,1937;-1,5170;1,1296;Mindfulness or meditation group;1;Placebo;0,0000;0,0000;0,0000;TRUE;TRUE
Counselling individual + placebo;0,1501;-1,6724;1,9726;0,1501;-1,6724;1,9726;Mindfulness or meditation group;1;Placebo;0,0000;0,0000;0,0000;TRUE;TRUE
Exercise group;-0,8993;-1,6153;-0,1832;-0,8993;-1,6153;-0,1832;Mindfulness or meditation group;1;Placebo;0,0000;0,0000;0,0000;TRUE;TRUE
Exercise group + AD;-3,4467;-4,6928;-2,2006;-3,4467;-4,6928;-2,2006;Mindfulness or meditation group;1;Placebo;0,0000;0,0000;0,0000;TRUE;TRUE
Exercise individual;-0,7556;-1,4550;-0,0562;-0,7556;-1,4550;-0,0562;Mindfulness or meditation group;1;Placebo;0,0000;0,0000;0,0000;TRUE;TRUE
Exercise individual + AD;-1,4503;-2,3661;-0,5345;-1,4503;-2,3661;-0,5345;Mindfulness or meditation group;1;Placebo;0,0000;0,0000;0,0000;TRUE;TRUE
Interpersonal psychotherapy (IPT) individual;-0,5561;-1,1991;0,0869;-0,5561;-1,1991;0,0869;Mindfulness or meditation group;1;Placebo;0,0000;0,0000;0,0000;TRUE;TRUE
Interpersonal psychotherapy (IPT) individual + AD;-0,8108;-1,5611;-0,0605;-0,8108;-1,5611;-0,0605;Mindfulness or meditation group;1;Placebo;0,0000;0,0000;0,0000;TRUE;TRUE
Interpersonal psychotherapy (IPT) individual + placebo;-0,5149;-1,3638;0,3340;-0,5149;-1,3638;0,3340;Mindfulness or meditation group;1;Placebo;0,0000;0,0000;0,0000;TRUE;TRUE
Light therapy;-0,8700;-1,9121;0,1721;-0,8700;-1,9121;0,1721;Mindfulness or meditation group;1;Placebo;0,0000;0,0000;0,0000;TRUE;TRUE
Light therapy + AD;-1,2062;-2,0280;-0,3844;-1,2062;-2,0280;-0,3844;Mindfulness or meditation group;1;Placebo;0,0000;0,0000;0,0000;TRUE;TRUE
Mirtazapine;-0,6954;-0,9513;-0,4395;-0,6954;-0,9513;-0,4395;Mindfulness or meditation group;1;Placebo;0,0000;0,0000;0,0000;TRUE;TRUE
Music therapy group;-0,7770;-2,2462;0,6922;-0,7770;-2,2462;0,6922;Mindfulness or meditation group;1;Placebo;0,0000;0,0000;0,0000;TRUE;TRUE
No treatment;-0,1148;-0,5823;0,3527;-0,1148;-0,5823;0,3527;Mindfulness or meditation group;1;Placebo;0,0000;0,0000;0,0000;TRUE;TRUE
Peer support group;-1,3571;-2,6719;-0,0423;-1,3571;-2,6719;-0,0423;Mindfulness or meditation group;1;Placebo;0,0000;0,0000;0,0000;TRUE;TRUE
Peer support group + AD;-1,4781;-2,7913;-0,1649;-1,4781;-2,7913;-0,1649;Mindfulness or meditation group;1;Placebo;0,0000;0,0000;0,0000;TRUE;TRUE
Placebo;0,0000;0,0000;0,0000;0,0000;0,0000;0,0000;Mindfulness or meditation group;1;Placebo;0,0000;0,0000;NA;TRUE;TRUE
Problem solving group;-2,9953;-4,1991;-1,7915;-2,9953;-4,1991;-1,7915;Mindfulness or meditation group;1;Placebo;0,0000;0,0000;0,0000;TRUE;TRUE
Problem solving individual;-0,9765;-1,6284;-0,3247;-0,9765;-1,6284;-0,3247;Mindfulness or meditation group;1;Placebo;0,0000;0,0000;0,0000;TRUE;TRUE
Psychoeducation group;-1,3504;-2,6595;-0,0412;-1,3504;-2,6595;-0,0412;Mindfulness or meditation group;1;Placebo;0,0000;0,0000;0,0000;TRUE;TRUE
Psychoeducation group + AD;-0,4584;-1,6559;0,7392;-0,4584;-1,6559;0,7392;Mindfulness or meditation group;1;Placebo;0,0000;0,0000;0,0000;TRUE;TRUE
Relaxation individual + AD;-0,7883;-2,0071;0,4306;-0,7883;-2,0071;0,4306;Mindfulness or meditation group;1;Placebo;0,0000;0,0000;0,0000;TRUE;TRUE
Relaxation individual + placebo;-0,1558;-1,3582;1,0465;-0,1558;-1,3582;1,0465;Mindfulness or meditation group;1;Placebo;0,0000;0,0000;0,0000;TRUE;TRUE
Self-help;-0,6497;-1,2124;-0,0870;-0,6497;-1,2124;-0,0870;Mindfulness or meditation group;1;Placebo;0,0000;0,0000;0,0000;TRUE;TRUE
Self-help with support;-0,6290;-1,1818;-0,0762;-0,6290;-1,1818;-0,0762;Mindfulness or meditation group;1;Placebo;0,0000;0,0000;0,0000;TRUE;TRUE
Sham acupuncture;-0,1507;-0,9170;0,6157;-0,1507;-0,9170;0,6157;Mindfulness or meditation group;1;Placebo;0,0000;0,0000;0,0000;TRUE;TRUE
Short-term psychodynamic psychotherapies individual;-0,7098;-1,3789;-0,0406;-0,7098;-1,3789;-0,0406;Mindfulness or meditation group;1;Placebo;0,0000;0,0000;0,0000;TRUE;TRUE
Short-term psychodynamic psychotherapies individual + AD;-0,5020;-1,6798;0,6758;-0,5020;-1,6798;0,6758;Mindfulness or meditation group;1;Placebo;0,0000;0,0000;0,0000;TRUE;TRUE
SNRIs;-0,7113;-0,8632;-0,5595;-0,7113;-0,8632;-0,5595;Mindfulness or meditation group;1;Placebo;0,0000;0,0000;0,0000;TRUE;TRUE
SSRIs;-0,5218;-0,6325;-0,4111;-0,5218;-0,6325;-0,4111;Mindfulness or meditation group;1;Placebo;0,0000;0,0000;0,0000;TRUE;TRUE
TAU;-0,3454;-0,8923;0,2016;-0,3454;-0,8923;0,2016;Mindfulness or meditation group;1;Placebo;0,0000;0,0000;0,0000;TRUE;TRUE
TCAs;-0,6273;-0,7817;-0,4729;-0,6273;-0,7817;-0,4729;Mindfulness or meditation group;1;Placebo;0,0000;0,0000;0,0000;TRUE;TRUE
Trazodone;-0,4002;-0,7486;-0,0517;-0,4002;-0,7486;-0,0517;Mindfulness or meditation group;1;Placebo;0,0000;0,0000;0,0000;TRUE;TRUE
Waitlist;0,6737;0,1761;1,1713;0,6737;0,1761;1,1713;Mindfulness or meditation group;1;Placebo;0,0000;0,0000;0,0000;TRUE;TRUE
Yoga group;-0,8845;-1,8640;0,0951;-0,8845;-1,8640;0,0951;Mindfulness or meditation group;1;Placebo;0,0000;0,0000;0,0000;TRUE;TRUE
Yoga group + AD;-1,8580;-3,3190;-0,3970;-1,8580;-3,3190;-0,3970;Mindfulness or meditation group;1;Placebo;0,0000;0,0000;0,0000;TRUE;TRUE
Acupuncture;-0,9163;-1,4419;-0,3906;-0,9101;-1,4429;-0,3774;Mirtazapine;1;Placebo;0,0062;0,0062;0,0067;TRUE;TRUE
Acupuncture + AD;-1,7488;-2,2550;-1,2426;-1,7415;-2,2552;-1,2278;Mirtazapine;1;Placebo;0,0073;0,0073;0,0042;TRUE;TRUE
Any AD;-0,6661;-1,1825;-0,1496;-0,6532;-1,1767;-0,1297;Mirtazapine;1;Placebo;0,0128;0,0128;0,0193;TRUE;TRUE
Any psychotherapy;0,1486;-0,9207;1,2178;0,1587;-0,9241;1,2414;Mirtazapine;1;Placebo;0,0101;0,0101;0,0678;TRUE;TRUE
Attention placebo;0,5718;-0,4354;1,5789;0,5810;-0,4397;1,6017;Mirtazapine;1;Placebo;0,0092;0,0092;0,0161;TRUE;TRUE
Behavioural therapies individual;0,3156;-0,4066;1,0379;0,3270;-0,4050;1,0589;Mirtazapine;1;Placebo;0,0113;0,0113;0,0359;TRUE;TRUE
Behavioural therapies individual + AD;-0,7311;-1,8053;0,3431;-0,7220;-1,8080;0,3640;Mirtazapine;1;Placebo;0,0091;0,0091;0,0125;TRUE;TRUE
Cognitive and cognitive behavioural therapies group;-0,9528;-1,5432;-0,3624;-0,9462;-1,5443;-0,3481;Mirtazapine;1;Placebo;0,0066;0,0066;0,0069;TRUE;TRUE
Cognitive and cognitive behavioural therapies group + AD;-1,3304;-2,3521;-0,3087;-1,3178;-2,3532;-0,2825;Mirtazapine;1;Placebo;0,0126;0,0126;0,0094;TRUE;TRUE
Cognitive and cognitive behavioural therapies individual;-0,8540;-1,1770;-0,5311;-0,8447;-1,1723;-0,5171;Mirtazapine;1;Placebo;0,0093;0,0093;0,0109;TRUE;TRUE
Cognitive and cognitive behavioural therapies individual + AD;-1,3372;-1,8771;-0,7973;-1,3312;-1,8783;-0,7840;Mirtazapine;1;Placebo;0,0060;0,0060;0,0045;TRUE;TRUE
Cognitive and cognitive behavioural therapies individual + placebo;-1,3101;-2,1924;-0,4278;-1,3019;-2,1957;-0,4082;Mirtazapine;1;Placebo;0,0082;0,0082;0,0062;TRUE;TRUE
Counselling individual;-0,6775;-1,2871;-0,0679;-0,6676;-1,2862;-0,0491;Mirtazapine;1;Placebo;0,0099;0,0099;0,0146;TRUE;TRUE
Counselling individual + AD;-0,1937;-1,5170;1,1296;-0,1829;-1,5215;1,1556;Mirtazapine;1;Placebo;0,0107;0,0107;0,0554;TRUE;TRUE
Counselling individual + placebo;0,1501;-1,6724;1,9726;0,1608;-1,6840;2,0057;Mirtazapine;1;Placebo;0,0107;0,0107;0,0715;TRUE;TRUE
Exercise group;-0,8993;-1,6153;-0,1832;-0,8936;-1,6194;-0,1678;Mirtazapine;1;Placebo;0,0057;0,0057;0,0063;TRUE;TRUE
Exercise group + AD;-3,4467;-4,6928;-2,2006;-3,4402;-4,7030;-2,1773;Mirtazapine;1;Placebo;0,0065;0,0065;0,0019;TRUE;TRUE
Exercise individual;-0,7556;-1,4550;-0,0562;-0,7507;-1,4591;-0,0422;Mirtazapine;1;Placebo;0,0050;0,0050;0,0066;TRUE;TRUE
Exercise individual + AD;-1,4503;-2,3661;-0,5345;-1,4424;-2,3687;-0,5161;Mirtazapine;1;Placebo;0,0079;0,0079;0,0055;TRUE;TRUE
Interpersonal psychotherapy (IPT) individual;-0,5561;-1,1991;0,0869;-0,5455;-1,1977;0,1068;Mirtazapine;1;Placebo;0,0106;0,0106;0,0190;TRUE;TRUE
Interpersonal psychotherapy (IPT) individual + AD;-0,8108;-1,5611;-0,0605;-0,8027;-1,5631;-0,0423;Mirtazapine;1;Placebo;0,0081;0,0081;0,0100;TRUE;TRUE
Interpersonal psychotherapy (IPT) individual + placebo;-0,5149;-1,3638;0,3340;-0,5012;-1,3615;0,3592;Mirtazapine;1;Placebo;0,0137;0,0137;0,0266;TRUE;TRUE
Light therapy;-0,8700;-1,9121;0,1721;-0,8678;-1,9241;0,1885;Mirtazapine;1;Placebo;0,0022;0,0022;0,0025;TRUE;TRUE
Light therapy + AD;-1,2062;-2,0280;-0,3844;-1,2062;-2,0389;-0,3734;Mirtazapine;1;Placebo;0,0000;0,0000;0,0000;TRUE;TRUE
Mindfulness or meditation group;-4,2459;-6,0031;-2,4886;-4,2378;-6,0086;-2,4671;Mirtazapine;1;Placebo;0,0080;0,0080;0,0019;TRUE;TRUE
Music therapy group;-0,7770;-2,2462;0,6922;-0,7690;-2,2542;0,7163;Mirtazapine;1;Placebo;0,0080;0,0080;0,0103;TRUE;TRUE
No treatment;-0,1148;-0,5823;0,3527;-0,1068;-0,5808;0,3672;Mirtazapine;1;Placebo;0,0080;0,0080;0,0699;TRUE;TRUE
Peer support group;-1,3571;-2,6719;-0,0423;-1,3443;-2,6775;-0,0111;Mirtazapine;1;Placebo;0,0128;0,0128;0,0095;TRUE;TRUE
Peer support group + AD;-1,4781;-2,7913;-0,1649;-1,4652;-2,7968;-0,1336;Mirtazapine;1;Placebo;0,0128;0,0128;0,0087;TRUE;TRUE
Placebo;0,0000;0,0000;0,0000;0,0000;0,0000;0,0000;Mirtazapine;1;Placebo;0,0000;0,0000;NA;TRUE;TRUE
Problem solving group;-2,9953;-4,1991;-1,7915;-2,9849;-4,2001;-1,7696;Mirtazapine;1;Placebo;0,0105;0,0105;0,0035;TRUE;TRUE
Problem solving individual;-0,9765;-1,6284;-0,3247;-0,9677;-1,6287;-0,3067;Mirtazapine;1;Placebo;0,0088;0,0088;0,0090;TRUE;TRUE
Psychoeducation group;-1,3504;-2,6595;-0,0412;-1,3423;-2,6695;-0,0152;Mirtazapine;1;Placebo;0,0080;0,0080;0,0059;TRUE;TRUE
Psychoeducation group + AD;-0,4584;-1,6559;0,7392;-0,4479;-1,6615;0,7658;Mirtazapine;1;Placebo;0,0105;0,0105;0,0230;TRUE;TRUE
Relaxation individual + AD;-0,7883;-2,0071;0,4306;-0,7799;-2,0113;0,4516;Mirtazapine;1;Placebo;0,0084;0,0084;0,0106;TRUE;TRUE
Relaxation individual + placebo;-0,1558;-1,3582;1,0465;-0,1475;-1,3626;1,0676;Mirtazapine;1;Placebo;0,0083;0,0083;0,0534;TRUE;TRUE
Self-help;-0,6497;-1,2124;-0,0870;-0,6391;-1,2094;-0,0688;Mirtazapine;1;Placebo;0,0106;0,0106;0,0164;TRUE;TRUE
Self-help with support;-0,6290;-1,1818;-0,0762;-0,6186;-1,1788;-0,0583;Mirtazapine;1;Placebo;0,0104;0,0104;0,0165;TRUE;TRUE
Sham acupuncture;-0,1507;-0,9170;0,6157;-0,1425;-0,9191;0,6340;Mirtazapine;1;Placebo;0,0081;0,0081;0,0539;TRUE;TRUE
Short-term psychodynamic psychotherapies individual;-0,7098;-1,3789;-0,0406;-0,7001;-1,3788;-0,0214;Mirtazapine;1;Placebo;0,0097;0,0097;0,0136;TRUE;TRUE
Short-term psychodynamic psychotherapies individual + AD;-0,5020;-1,6798;0,6758;-0,4901;-1,6825;0,7022;Mirtazapine;1;Placebo;0,0119;0,0119;0,0237;TRUE;TRUE
SNRIs;-0,7113;-0,8632;-0,5595;-0,7158;-0,8724;-0,5593;Mirtazapine;1;Placebo;-0,0045;0,0045;0,0063;TRUE;TRUE
SSRIs;-0,5218;-0,6325;-0,4111;-0,5153;-0,6292;-0,4014;Mirtazapine;1;Placebo;0,0065;0,0065;0,0125;TRUE;TRUE
TAU;-0,3454;-0,8923;0,2016;-0,3360;-0,8906;0,2186;Mirtazapine;1;Placebo;0,0094;0,0094;0,0271;TRUE;TRUE
TCAs;-0,6273;-0,7817;-0,4729;-0,6106;-0,7703;-0,4509;Mirtazapine;1;Placebo;0,0167;0,0167;0,0267;TRUE;TRUE
Trazodone;-0,4002;-0,7486;-0,0517;-0,3677;-0,7362;0,0007;Mirtazapine;1;Placebo;0,0324;0,0324;0,0810;TRUE;TRUE
Waitlist;0,6737;0,1761;1,1713;0,6867;0,1825;1,1909;Mirtazapine;1;Placebo;0,0130;0,0130;0,0193;TRUE;TRUE
Yoga group;-0,8845;-1,8640;0,0951;-0,8696;-1,8609;0,1217;Mirtazapine;1;Placebo;0,0149;0,0149;0,0168;TRUE;TRUE
Yoga group + AD;-1,8580;-3,3190;-0,3970;-1,8451;-3,3227;-0,3676;Mirtazapine;1;Placebo;0,0128;0,0128;0,0069;TRUE;TRUE
Acupuncture;-0,9163;-1,4419;-0,3906;-0,9163;-1,4419;-0,3906;Music therapy group;1;Placebo;0,0000;0,0000;0,0000;TRUE;TRUE
Acupuncture + AD;-1,7488;-2,2550;-1,2426;-1,7488;-2,2550;-1,2426;Music therapy group;1;Placebo;0,0000;0,0000;0,0000;TRUE;TRUE
Any AD;-0,6661;-1,1825;-0,1496;-0,6661;-1,1825;-0,1496;Music therapy group;1;Placebo;0,0000;0,0000;0,0000;TRUE;TRUE
Any psychotherapy;0,1486;-0,9207;1,2178;0,1486;-0,9207;1,2178;Music therapy group;1;Placebo;0,0000;0,0000;0,0000;TRUE;TRUE
Attention placebo;0,5718;-0,4354;1,5789;0,5718;-0,4354;1,5789;Music therapy group;1;Placebo;0,0000;0,0000;0,0000;TRUE;TRUE
Behavioural therapies individual;0,3156;-0,4066;1,0379;0,3156;-0,4066;1,0379;Music therapy group;1;Placebo;0,0000;0,0000;0,0000;TRUE;TRUE
Behavioural therapies individual + AD;-0,7311;-1,8053;0,3431;-0,7311;-1,8053;0,3431;Music therapy group;1;Placebo;0,0000;0,0000;0,0000;TRUE;TRUE
Cognitive and cognitive behavioural therapies group;-0,9528;-1,5432;-0,3624;-0,9528;-1,5432;-0,3624;Music therapy group;1;Placebo;0,0000;0,0000;0,0000;TRUE;TRUE
Cognitive and cognitive behavioural therapies group + AD;-1,3304;-2,3521;-0,3087;-1,3304;-2,3521;-0,3087;Music therapy group;1;Placebo;0,0000;0,0000;0,0000;TRUE;TRUE
Cognitive and cognitive behavioural therapies individual;-0,8540;-1,1770;-0,5311;-0,8540;-1,1770;-0,5311;Music therapy group;1;Placebo;0,0000;0,0000;0,0000;TRUE;TRUE
Cognitive and cognitive behavioural therapies individual + AD;-1,3372;-1,8771;-0,7973;-1,3372;-1,8771;-0,7973;Music therapy group;1;Placebo;0,0000;0,0000;0,0000;TRUE;TRUE
Cognitive and cognitive behavioural therapies individual + placebo;-1,3101;-2,1924;-0,4278;-1,3101;-2,1924;-0,4278;Music therapy group;1;Placebo;0,0000;0,0000;0,0000;TRUE;TRUE
Counselling individual;-0,6775;-1,2871;-0,0679;-0,6775;-1,2871;-0,0679;Music therapy group;1;Placebo;0,0000;0,0000;0,0000;TRUE;TRUE
Counselling individual + AD;-0,1937;-1,5170;1,1296;-0,1937;-1,5170;1,1296;Music therapy group;1;Placebo;0,0000;0,0000;0,0000;TRUE;TRUE
Counselling individual + placebo;0,1501;-1,6724;1,9726;0,1501;-1,6724;1,9726;Music therapy group;1;Placebo;0,0000;0,0000;0,0000;TRUE;TRUE
Exercise group;-0,8993;-1,6153;-0,1832;-0,8993;-1,6153;-0,1832;Music therapy group;1;Placebo;0,0000;0,0000;0,0000;TRUE;TRUE
Exercise group + AD;-3,4467;-4,6928;-2,2006;-3,4467;-4,6928;-2,2006;Music therapy group;1;Placebo;0,0000;0,0000;0,0000;TRUE;TRUE
Exercise individual;-0,7556;-1,4550;-0,0562;-0,7556;-1,4550;-0,0562;Music therapy group;1;Placebo;0,0000;0,0000;0,0000;TRUE;TRUE
Exercise individual + AD;-1,4503;-2,3661;-0,5345;-1,4503;-2,3661;-0,5345;Music therapy group;1;Placebo;0,0000;0,0000;0,0000;TRUE;TRUE
Interpersonal psychotherapy (IPT) individual;-0,5561;-1,1991;0,0869;-0,5561;-1,1991;0,0869;Music therapy group;1;Placebo;0,0000;0,0000;0,0000;TRUE;TRUE
Interpersonal psychotherapy (IPT) individual + AD;-0,8108;-1,5611;-0,0605;-0,8108;-1,5611;-0,0605;Music therapy group;1;Placebo;0,0000;0,0000;0,0000;TRUE;TRUE
Interpersonal psychotherapy (IPT) individual + placebo;-0,5149;-1,3638;0,3340;-0,5149;-1,3638;0,3340;Music therapy group;1;Placebo;0,0000;0,0000;0,0000;TRUE;TRUE
Light therapy;-0,8700;-1,9121;0,1721;-0,8700;-1,9121;0,1721;Music therapy group;1;Placebo;0,0000;0,0000;0,0000;TRUE;TRUE
Light therapy + AD;-1,2062;-2,0280;-0,3844;-1,2062;-2,0280;-0,3844;Music therapy group;1;Placebo;0,0000;0,0000;0,0000;TRUE;TRUE
Mindfulness or meditation group;-4,2459;-6,0031;-2,4886;-4,2459;-6,0031;-2,4886;Music therapy group;1;Placebo;0,0000;0,0000;0,0000;TRUE;TRUE
Mirtazapine;-0,6954;-0,9513;-0,4395;-0,6954;-0,9513;-0,4395;Music therapy group;1;Placebo;0,0000;0,0000;0,0000;TRUE;TRUE
No treatment;-0,1148;-0,5823;0,3527;-0,1148;-0,5823;0,3527;Music therapy group;1;Placebo;0,0000;0,0000;0,0000;TRUE;TRUE
Peer support group;-1,3571;-2,6719;-0,0423;-1,3571;-2,6719;-0,0423;Music therapy group;1;Placebo;0,0000;0,0000;0,0000;TRUE;TRUE
Peer support group + AD;-1,4781;-2,7913;-0,1649;-1,4781;-2,7913;-0,1649;Music therapy group;1;Placebo;0,0000;0,0000;0,0000;TRUE;TRUE
Placebo;0,0000;0,0000;0,0000;0,0000;0,0000;0,0000;Music therapy group;1;Placebo;0,0000;0,0000;NA;TRUE;TRUE
Problem solving group;-2,9953;-4,1991;-1,7915;-2,9953;-4,1991;-1,7915;Music therapy group;1;Placebo;0,0000;0,0000;0,0000;TRUE;TRUE
Problem solving individual;-0,9765;-1,6284;-0,3247;-0,9765;-1,6284;-0,3247;Music therapy group;1;Placebo;0,0000;0,0000;0,0000;TRUE;TRUE
Psychoeducation group;-1,3504;-2,6595;-0,0412;-1,3504;-2,6595;-0,0412;Music therapy group;1;Placebo;0,0000;0,0000;0,0000;TRUE;TRUE
Psychoeducation group + AD;-0,4584;-1,6559;0,7392;-0,4584;-1,6559;0,7392;Music therapy group;1;Placebo;0,0000;0,0000;0,0000;TRUE;TRUE
Relaxation individual + AD;-0,7883;-2,0071;0,4306;-0,7883;-2,0071;0,4306;Music therapy group;1;Placebo;0,0000;0,0000;0,0000;TRUE;TRUE
Relaxation individual + placebo;-0,1558;-1,3582;1,0465;-0,1558;-1,3582;1,0465;Music therapy group;1;Placebo;0,0000;0,0000;0,0000;TRUE;TRUE
Self-help;-0,6497;-1,2124;-0,0870;-0,6497;-1,2124;-0,0870;Music therapy group;1;Placebo;0,0000;0,0000;0,0000;TRUE;TRUE
Self-help with support;-0,6290;-1,1818;-0,0762;-0,6290;-1,1818;-0,0762;Music therapy group;1;Placebo;0,0000;0,0000;0,0000;TRUE;TRUE
Sham acupuncture;-0,1507;-0,9170;0,6157;-0,1507;-0,9170;0,6157;Music therapy group;1;Placebo;0,0000;0,0000;0,0000;TRUE;TRUE
Short-term psychodynamic psychotherapies individual;-0,7098;-1,3789;-0,0406;-0,7098;-1,3789;-0,0406;Music therapy group;1;Placebo;0,0000;0,0000;0,0000;TRUE;TRUE
Short-term psychodynamic psychotherapies individual + AD;-0,5020;-1,6798;0,6758;-0,5020;-1,6798;0,6758;Music therapy group;1;Placebo;0,0000;0,0000;0,0000;TRUE;TRUE
SNRIs;-0,7113;-0,8632;-0,5595;-0,7113;-0,8632;-0,5595;Music therapy group;1;Placebo;0,0000;0,0000;0,0000;TRUE;TRUE
SSRIs;-0,5218;-0,6325;-0,4111;-0,5218;-0,6325;-0,4111;Music therapy group;1;Placebo;0,0000;0,0000;0,0000;TRUE;TRUE
TAU;-0,3454;-0,8923;0,2016;-0,3454;-0,8923;0,2016;Music therapy group;1;Placebo;0,0000;0,0000;0,0000;TRUE;TRUE
TCAs;-0,6273;-0,7817;-0,4729;-0,6273;-0,7817;-0,4729;Music therapy group;1;Placebo;0,0000;0,0000;0,0000;TRUE;TRUE
Trazodone;-0,4002;-0,7486;-0,0517;-0,4002;-0,7486;-0,0517;Music therapy group;1;Placebo;0,0000;0,0000;0,0000;TRUE;TRUE
Waitlist;0,6737;0,1761;1,1713;0,6737;0,1761;1,1713;Music therapy group;1;Placebo;0,0000;0,0000;0,0000;TRUE;TRUE
Yoga group;-0,8845;-1,8640;0,0951;-0,8845;-1,8640;0,0951;Music therapy group;1;Placebo;0,0000;0,0000;0,0000;TRUE;TRUE
Yoga group + AD;-1,8580;-3,3190;-0,3970;-1,8580;-3,3190;-0,3970;Music therapy group;1;Placebo;0,0000;0,0000;0,0000;TRUE;TRUE
Acupuncture;-0,9163;-1,4419;-0,3906;-0,9048;-1,4316;-0,3779;No treatment;1;Placebo;0,0115;0,0115;0,0126;TRUE;TRUE
Acupuncture + AD;-1,7488;-2,2550;-1,2426;-1,7505;-2,2574;-1,2436;No treatment;1;Placebo;-0,0017;0,0017;0,0010;TRUE;TRUE
Any AD;-0,6661;-1,1825;-0,1496;-0,6470;-1,1666;-0,1275;No treatment;1;Placebo;0,0190;0,0190;0,0286;TRUE;TRUE
Any psychotherapy;0,1486;-0,9207;1,2178;0,1741;-0,8984;1,2466;No treatment;1;Placebo;0,0255;0,0255;0,1720;TRUE;TRUE
Attention placebo;0,5718;-0,4354;1,5789;0,6749;-0,3427;1,6926;No treatment;1;Placebo;0,1032;0,1032;0,1804;TRUE;TRUE
Behavioural therapies individual;0,3156;-0,4066;1,0379;0,3410;-0,3845;1,0664;No treatment;1;Placebo;0,0253;0,0253;0,0802;TRUE;TRUE
Behavioural therapies individual + AD;-0,7311;-1,8053;0,3431;-0,7257;-1,8009;0,3496;No treatment;1;Placebo;0,0055;0,0055;0,0075;TRUE;TRUE
Cognitive and cognitive behavioural therapies group;-0,9528;-1,5432;-0,3624;-0,8660;-1,4965;-0,2355;No treatment;1;Placebo;0,0868;0,0868;0,0911;TRUE;TRUE
Cognitive and cognitive behavioural therapies group + AD;-1,3304;-2,3521;-0,3087;-1,3114;-2,3355;-0,2872;No treatment;1;Placebo;0,0190;0,0190;0,0143;TRUE;TRUE
Cognitive and cognitive behavioural therapies individual;-0,8540;-1,1770;-0,5311;-0,8126;-1,1488;-0,4764;No treatment;1;Placebo;0,0414;0,0414;0,0485;TRUE;TRUE
Cognitive and cognitive behavioural therapies individual + AD;-1,3372;-1,8771;-0,7973;-1,3196;-1,8613;-0,7779;No treatment;1;Placebo;0,0176;0,0176;0,0132;TRUE;TRUE
Cognitive and cognitive behavioural therapies individual + placebo;-1,3101;-2,1924;-0,4278;-1,2906;-2,1749;-0,4063;No treatment;1;Placebo;0,0195;0,0195;0,0149;TRUE;TRUE
Counselling individual;-0,6775;-1,2871;-0,0679;-0,4091;-1,0883;0,2700;No treatment;1;Placebo;0,2684;0,2684;0,3961;TRUE;TRUE
Counselling individual + AD;-0,1937;-1,5170;1,1296;-0,1832;-1,5081;1,1417;No treatment;1;Placebo;0,0105;0,0105;0,0541;TRUE;TRUE
Counselling individual + placebo;0,1501;-1,6724;1,9726;0,1606;-1,6641;1,9852;No treatment;1;Placebo;0,0105;0,0105;0,0698;TRUE;TRUE
Exercise group;-0,8993;-1,6153;-0,1832;-1,0339;-1,8594;-0,2084;No treatment;1;Placebo;-0,1346;0,1346;0,1497;TRUE;TRUE
Exercise group + AD;-3,4467;-4,6928;-2,2006;-3,4485;-4,6960;-2,2009;No treatment;1;Placebo;-0,0018;0,0018;0,0005;TRUE;TRUE
Exercise individual;-0,7556;-1,4550;-0,0562;-0,7346;-1,5271;0,0579;No treatment;1;Placebo;0,0210;0,0210;0,0278;TRUE;TRUE
Exercise individual + AD;-1,4503;-2,3661;-0,5345;-1,5775;-2,5338;-0,6213;No treatment;1;Placebo;-0,1272;0,1272;0,0877;TRUE;TRUE
Interpersonal psychotherapy (IPT) individual;-0,5561;-1,1991;0,0869;-0,5365;-1,1818;0,1088;No treatment;1;Placebo;0,0196;0,0196;0,0352;TRUE;TRUE
Interpersonal psychotherapy (IPT) individual + AD;-0,8108;-1,5611;-0,0605;-0,7974;-1,5493;-0,0454;No treatment;1;Placebo;0,0135;0,0135;0,0166;TRUE;TRUE
Interpersonal psychotherapy (IPT) individual + placebo;-0,5149;-1,3638;0,3340;-0,5023;-1,3527;0,3481;No treatment;1;Placebo;0,0126;0,0126;0,0244;TRUE;TRUE
Light therapy;-0,8700;-1,9121;0,1721;-0,8708;-1,9141;0,1726;No treatment;1;Placebo;-0,0008;0,0008;0,0009;TRUE;TRUE
Light therapy + AD;-1,2062;-2,0280;-0,3844;-1,2067;-2,0295;-0,3840;No treatment;1;Placebo;-0,0005;0,0005;0,0004;TRUE;TRUE
Mirtazapine;-0,6954;-0,9513;-0,4395;-0,6953;-0,9515;-0,4391;No treatment;1;Placebo;0,0001;0,0001;0,0001;TRUE;TRUE
Peer support group;-1,3571;-2,6719;-0,0423;-1,3381;-2,6555;-0,0207;No treatment;1;Placebo;0,0190;0,0190;0,0140;TRUE;TRUE
Peer support group + AD;-1,4781;-2,7913;-0,1649;-1,4590;-2,7748;-0,1432;No treatment;1;Placebo;0,0190;0,0190;0,0129;TRUE;TRUE
Placebo;0,0000;0,0000;0,0000;0,0000;0,0000;0,0000;No treatment;1;Placebo;0,0000;0,0000;NA;TRUE;TRUE
Problem solving group;-2,9953;-4,1991;-1,7915;-2,9391;-4,1496;-1,7287;No treatment;1;Placebo;0,0562;0,0562;0,0188;TRUE;TRUE
Problem solving individual;-0,9765;-1,6284;-0,3247;-0,8493;-1,5174;-0,1811;No treatment;1;Placebo;0,1273;0,1273;0,1303;TRUE;TRUE
Psychoeducation group + AD;-0,4584;-1,6559;0,7392;-0,4421;-1,6419;0,7576;No treatment;1;Placebo;0,0162;0,0162;0,0354;TRUE;TRUE
Relaxation individual + AD;-0,7883;-2,0071;0,4306;-0,7853;-2,0053;0,4347;No treatment;1;Placebo;0,0030;0,0030;0,0038;TRUE;TRUE
Relaxation individual + placebo;-0,1558;-1,3582;1,0465;-0,1529;-1,3563;1,0506;No treatment;1;Placebo;0,0030;0,0030;0,0190;TRUE;TRUE
Self-help;-0,6497;-1,2124;-0,0870;-0,5718;-1,1568;0,0131;No treatment;1;Placebo;0,0779;0,0779;0,1199;TRUE;TRUE
Self-help with support;-0,6290;-1,1818;-0,0762;-0,6046;-1,1988;-0,0105;No treatment;1;Placebo;0,0243;0,0243;0,0387;TRUE;TRUE
Sham acupuncture;-0,1507;-0,9170;0,6157;-0,1311;-0,8995;0,6372;No treatment;1;Placebo;0,0195;0,0195;0,1295;TRUE;TRUE
Short-term psychodynamic psychotherapies individual;-0,7098;-1,3789;-0,0406;-0,6839;-1,3584;-0,0094;No treatment;1;Placebo;0,0259;0,0259;0,0365;TRUE;TRUE
Short-term psychodynamic psychotherapies individual + AD;-0,5020;-1,6798;0,6758;-0,4871;-1,6668;0,6926;No treatment;1;Placebo;0,0149;0,0149;0,0296;TRUE;TRUE
SNRIs;-0,7113;-0,8632;-0,5595;-0,7114;-0,8634;-0,5593;No treatment;1;Placebo;-0,0001;0,0001;0,0001;TRUE;TRUE
SSRIs;-0,5218;-0,6325;-0,4111;-0,5236;-0,6345;-0,4126;No treatment;1;Placebo;-0,0018;0,0018;0,0034;TRUE;TRUE
TAU;-0,3454;-0,8923;0,2016;-0,3089;-0,8616;0,2438;No treatment;1;Placebo;0,0364;0,0364;0,1055;TRUE;TRUE
TCAs;-0,6273;-0,7817;-0,4729;-0,6238;-0,7786;-0,4691;No treatment;1;Placebo;0,0035;0,0035;0,0056;TRUE;TRUE
Trazodone;-0,4002;-0,7486;-0,0517;-0,4006;-0,7494;-0,0517;No treatment;1;Placebo;-0,0004;0,0004;0,0010;TRUE;TRUE
Waitlist;0,6737;0,1761;1,1713;0,7301;0,2185;1,2418;No treatment;1;Placebo;0,0564;0,0564;0,0837;TRUE;TRUE
Yoga group;-0,8845;-1,8640;0,0951;-0,8544;-1,8368;0,1281;No treatment;1;Placebo;0,0301;0,0301;0,0340;TRUE;TRUE
Yoga group + AD;-1,8580;-3,3190;-0,3970;-1,8389;-3,3023;-0,3756;No treatment;1;Placebo;0,0190;0,0190;0,0103;TRUE;TRUE
Acupuncture;-0,9163;-1,4419;-0,3906;-0,9163;-1,4419;-0,3906;Peer support group;1;Placebo;0,0000;0,0000;0,0000;TRUE;TRUE
Acupuncture + AD;-1,7488;-2,2550;-1,2426;-1,7488;-2,2550;-1,2426;Peer support group;1;Placebo;0,0000;0,0000;0,0000;TRUE;TRUE
Any AD;-0,6661;-1,1825;-0,1496;-0,6661;-1,1825;-0,1496;Peer support group;1;Placebo;0,0000;0,0000;0,0000;TRUE;TRUE
Any psychotherapy;0,1486;-0,9207;1,2178;0,1486;-0,9207;1,2178;Peer support group;1;Placebo;0,0000;0,0000;0,0000;TRUE;TRUE
Attention placebo;0,5718;-0,4354;1,5789;0,5718;-0,4354;1,5789;Peer support group;1;Placebo;0,0000;0,0000;0,0000;TRUE;TRUE
Behavioural therapies individual;0,3156;-0,4066;1,0379;0,3156;-0,4066;1,0379;Peer support group;1;Placebo;0,0000;0,0000;0,0000;TRUE;TRUE
Behavioural therapies individual + AD;-0,7311;-1,8053;0,3431;-0,7311;-1,8053;0,3431;Peer support group;1;Placebo;0,0000;0,0000;0,0000;TRUE;TRUE
Cognitive and cognitive behavioural therapies group;-0,9528;-1,5432;-0,3624;-0,9528;-1,5432;-0,3624;Peer support group;1;Placebo;0,0000;0,0000;0,0000;TRUE;TRUE
Cognitive and cognitive behavioural therapies group + AD;-1,3304;-2,3521;-0,3087;-1,3304;-2,3521;-0,3087;Peer support group;1;Placebo;0,0000;0,0000;0,0000;TRUE;TRUE
Cognitive and cognitive behavioural therapies individual;-0,8540;-1,1770;-0,5311;-0,8540;-1,1770;-0,5311;Peer support group;1;Placebo;0,0000;0,0000;0,0000;TRUE;TRUE
Cognitive and cognitive behavioural therapies individual + AD;-1,3372;-1,8771;-0,7973;-1,3372;-1,8771;-0,7973;Peer support group;1;Placebo;0,0000;0,0000;0,0000;TRUE;TRUE
Cognitive and cognitive behavioural therapies individual + placebo;-1,3101;-2,1924;-0,4278;-1,3101;-2,1924;-0,4278;Peer support group;1;Placebo;0,0000;0,0000;0,0000;TRUE;TRUE
Counselling individual;-0,6775;-1,2871;-0,0679;-0,6775;-1,2871;-0,0679;Peer support group;1;Placebo;0,0000;0,0000;0,0000;TRUE;TRUE
Counselling individual + AD;-0,1937;-1,5170;1,1296;-0,1937;-1,5170;1,1296;Peer support group;1;Placebo;0,0000;0,0000;0,0000;TRUE;TRUE
Counselling individual + placebo;0,1501;-1,6724;1,9726;0,1501;-1,6724;1,9726;Peer support group;1;Placebo;0,0000;0,0000;0,0000;TRUE;TRUE
Exercise group;-0,8993;-1,6153;-0,1832;-0,8993;-1,6153;-0,1832;Peer support group;1;Placebo;0,0000;0,0000;0,0000;TRUE;TRUE
Exercise group + AD;-3,4467;-4,6928;-2,2006;-3,4467;-4,6928;-2,2006;Peer support group;1;Placebo;0,0000;0,0000;0,0000;TRUE;TRUE
Exercise individual;-0,7556;-1,4550;-0,0562;-0,7556;-1,4550;-0,0562;Peer support group;1;Placebo;0,0000;0,0000;0,0000;TRUE;TRUE
Exercise individual + AD;-1,4503;-2,3661;-0,5345;-1,4503;-2,3661;-0,5345;Peer support group;1;Placebo;0,0000;0,0000;0,0000;TRUE;TRUE
Interpersonal psychotherapy (IPT) individual;-0,5561;-1,1991;0,0869;-0,5561;-1,1991;0,0869;Peer support group;1;Placebo;0,0000;0,0000;0,0000;TRUE;TRUE
Interpersonal psychotherapy (IPT) individual + AD;-0,8108;-1,5611;-0,0605;-0,8108;-1,5611;-0,0605;Peer support group;1;Placebo;0,0000;0,0000;0,0000;TRUE;TRUE
Interpersonal psychotherapy (IPT) individual + placebo;-0,5149;-1,3638;0,3340;-0,5149;-1,3638;0,3340;Peer support group;1;Placebo;0,0000;0,0000;0,0000;TRUE;TRUE
Light therapy;-0,8700;-1,9121;0,1721;-0,8700;-1,9121;0,1721;Peer support group;1;Placebo;0,0000;0,0000;0,0000;TRUE;TRUE
Light therapy + AD;-1,2062;-2,0280;-0,3844;-1,2062;-2,0280;-0,3844;Peer support group;1;Placebo;0,0000;0,0000;0,0000;TRUE;TRUE
Mindfulness or meditation group;-4,2459;-6,0031;-2,4886;-4,2459;-6,0031;-2,4886;Peer support group;1;Placebo;0,0000;0,0000;0,0000;TRUE;TRUE
Mirtazapine;-0,6954;-0,9513;-0,4395;-0,6954;-0,9513;-0,4395;Peer support group;1;Placebo;0,0000;0,0000;0,0000;TRUE;TRUE
Music therapy group;-0,7770;-2,2462;0,6922;-0,7770;-2,2462;0,6922;Peer support group;1;Placebo;0,0000;0,0000;0,0000;TRUE;TRUE
No treatment;-0,1148;-0,5823;0,3527;-0,1148;-0,5823;0,3527;Peer support group;1;Placebo;0,0000;0,0000;0,0000;TRUE;TRUE
Peer support group + AD;-1,4781;-2,7913;-0,1649;-1,4781;-2,7913;-0,1649;Peer support group;1;Placebo;0,0000;0,0000;0,0000;TRUE;TRUE
Placebo;0,0000;0,0000;0,0000;0,0000;0,0000;0,0000;Peer support group;1;Placebo;0,0000;0,0000;NA;TRUE;TRUE
Problem solving group;-2,9953;-4,1991;-1,7915;-2,9953;-4,1991;-1,7915;Peer support group;1;Placebo;0,0000;0,0000;0,0000;TRUE;TRUE
Problem solving individual;-0,9765;-1,6284;-0,3247;-0,9765;-1,6284;-0,3247;Peer support group;1;Placebo;0,0000;0,0000;0,0000;TRUE;TRUE
Psychoeducation group;-1,3504;-2,6595;-0,0412;-1,3504;-2,6595;-0,0412;Peer support group;1;Placebo;0,0000;0,0000;0,0000;TRUE;TRUE
Psychoeducation group + AD;-0,4584;-1,6559;0,7392;-0,4584;-1,6559;0,7392;Peer support group;1;Placebo;0,0000;0,0000;0,0000;TRUE;TRUE
Relaxation individual + AD;-0,7883;-2,0071;0,4306;-0,7883;-2,0071;0,4306;Peer support group;1;Placebo;0,0000;0,0000;0,0000;TRUE;TRUE
Relaxation individual + placebo;-0,1558;-1,3582;1,0465;-0,1558;-1,3582;1,0465;Peer support group;1;Placebo;0,0000;0,0000;0,0000;TRUE;TRUE
Self-help;-0,6497;-1,2124;-0,0870;-0,6497;-1,2124;-0,0870;Peer support group;1;Placebo;0,0000;0,0000;0,0000;TRUE;TRUE
Self-help with support;-0,6290;-1,1818;-0,0762;-0,6290;-1,1818;-0,0762;Peer support group;1;Placebo;0,0000;0,0000;0,0000;TRUE;TRUE
Sham acupuncture;-0,1507;-0,9170;0,6157;-0,1507;-0,9170;0,6157;Peer support group;1;Placebo;0,0000;0,0000;0,0000;TRUE;TRUE
Short-term psychodynamic psychotherapies individual;-0,7098;-1,3789;-0,0406;-0,7098;-1,3789;-0,0406;Peer support group;1;Placebo;0,0000;0,0000;0,0000;TRUE;TRUE
Short-term psychodynamic psychotherapies individual + AD;-0,5020;-1,6798;0,6758;-0,5020;-1,6798;0,6758;Peer support group;1;Placebo;0,0000;0,0000;0,0000;TRUE;TRUE
SNRIs;-0,7113;-0,8632;-0,5595;-0,7113;-0,8632;-0,5595;Peer support group;1;Placebo;0,0000;0,0000;0,0000;TRUE;TRUE
SSRIs;-0,5218;-0,6325;-0,4111;-0,5218;-0,6325;-0,4111;Peer support group;1;Placebo;0,0000;0,0000;0,0000;TRUE;TRUE
TAU;-0,3454;-0,8923;0,2016;-0,3454;-0,8923;0,2016;Peer support group;1;Placebo;0,0000;0,0000;0,0000;TRUE;TRUE
TCAs;-0,6273;-0,7817;-0,4729;-0,6273;-0,7817;-0,4729;Peer support group;1;Placebo;0,0000;0,0000;0,0000;TRUE;TRUE
Trazodone;-0,4002;-0,7486;-0,0517;-0,4002;-0,7486;-0,0517;Peer support group;1;Placebo;0,0000;0,0000;0,0000;TRUE;TRUE
Waitlist;0,6737;0,1761;1,1713;0,6737;0,1761;1,1713;Peer support group;1;Placebo;0,0000;0,0000;0,0000;TRUE;TRUE
Yoga group;-0,8845;-1,8640;0,0951;-0,8845;-1,8640;0,0951;Peer support group;1;Placebo;0,0000;0,0000;0,0000;TRUE;TRUE
Yoga group + AD;-1,8580;-3,3190;-0,3970;-1,8580;-3,3190;-0,3970;Peer support group;1;Placebo;0,0000;0,0000;0,0000;TRUE;TRUE
Acupuncture;-0,9163;-1,4419;-0,3906;-0,9163;-1,4419;-0,3906;Peer support group + AD;1;Placebo;0,0000;0,0000;0,0000;TRUE;TRUE
Acupuncture + AD;-1,7488;-2,2550;-1,2426;-1,7488;-2,2550;-1,2426;Peer support group + AD;1;Placebo;0,0000;0,0000;0,0000;TRUE;TRUE
Any AD;-0,6661;-1,1825;-0,1496;-0,6661;-1,1825;-0,1496;Peer support group + AD;1;Placebo;0,0000;0,0000;0,0000;TRUE;TRUE
Any psychotherapy;0,1486;-0,9207;1,2178;0,1486;-0,9207;1,2178;Peer support group + AD;1;Placebo;0,0000;0,0000;0,0000;TRUE;TRUE
Attention placebo;0,5718;-0,4354;1,5789;0,5718;-0,4354;1,5789;Peer support group + AD;1;Placebo;0,0000;0,0000;0,0000;TRUE;TRUE
Behavioural therapies individual;0,3156;-0,4066;1,0379;0,3156;-0,4066;1,0379;Peer support group + AD;1;Placebo;0,0000;0,0000;0,0000;TRUE;TRUE
Behavioural therapies individual + AD;-0,7311;-1,8053;0,3431;-0,7311;-1,8053;0,3431;Peer support group + AD;1;Placebo;0,0000;0,0000;0,0000;TRUE;TRUE
Cognitive and cognitive behavioural therapies group;-0,9528;-1,5432;-0,3624;-0,9528;-1,5432;-0,3624;Peer support group + AD;1;Placebo;0,0000;0,0000;0,0000;TRUE;TRUE
Cognitive and cognitive behavioural therapies group + AD;-1,3304;-2,3521;-0,3087;-1,3304;-2,3521;-0,3087;Peer support group + AD;1;Placebo;0,0000;0,0000;0,0000;TRUE;TRUE
Cognitive and cognitive behavioural therapies individual;-0,8540;-1,1770;-0,5311;-0,8540;-1,1770;-0,5311;Peer support group + AD;1;Placebo;0,0000;0,0000;0,0000;TRUE;TRUE
Cognitive and cognitive behavioural therapies individual + AD;-1,3372;-1,8771;-0,7973;-1,3372;-1,8771;-0,7973;Peer support group + AD;1;Placebo;0,0000;0,0000;0,0000;TRUE;TRUE
Cognitive and cognitive behavioural therapies individual + placebo;-1,3101;-2,1924;-0,4278;-1,3101;-2,1924;-0,4278;Peer support group + AD;1;Placebo;0,0000;0,0000;0,0000;TRUE;TRUE
Counselling individual;-0,6775;-1,2871;-0,0679;-0,6775;-1,2871;-0,0679;Peer support group + AD;1;Placebo;0,0000;0,0000;0,0000;TRUE;TRUE
Counselling individual + AD;-0,1937;-1,5170;1,1296;-0,1937;-1,5170;1,1296;Peer support group + AD;1;Placebo;0,0000;0,0000;0,0000;TRUE;TRUE
Counselling individual + placebo;0,1501;-1,6724;1,9726;0,1501;-1,6724;1,9726;Peer support group + AD;1;Placebo;0,0000;0,0000;0,0000;TRUE;TRUE
Exercise group;-0,8993;-1,6153;-0,1832;-0,8993;-1,6153;-0,1832;Peer support group + AD;1;Placebo;0,0000;0,0000;0,0000;TRUE;TRUE
Exercise group + AD;-3,4467;-4,6928;-2,2006;-3,4467;-4,6928;-2,2006;Peer support group + AD;1;Placebo;0,0000;0,0000;0,0000;TRUE;TRUE
Exercise individual;-0,7556;-1,4550;-0,0562;-0,7556;-1,4550;-0,0562;Peer support group + AD;1;Placebo;0,0000;0,0000;0,0000;TRUE;TRUE
Exercise individual + AD;-1,4503;-2,3661;-0,5345;-1,4503;-2,3661;-0,5345;Peer support group + AD;1;Placebo;0,0000;0,0000;0,0000;TRUE;TRUE
Interpersonal psychotherapy (IPT) individual;-0,5561;-1,1991;0,0869;-0,5561;-1,1991;0,0869;Peer support group + AD;1;Placebo;0,0000;0,0000;0,0000;TRUE;TRUE
Interpersonal psychotherapy (IPT) individual + AD;-0,8108;-1,5611;-0,0605;-0,8108;-1,5611;-0,0605;Peer support group + AD;1;Placebo;0,0000;0,0000;0,0000;TRUE;TRUE
Interpersonal psychotherapy (IPT) individual + placebo;-0,5149;-1,3638;0,3340;-0,5149;-1,3638;0,3340;Peer support group + AD;1;Placebo;0,0000;0,0000;0,0000;TRUE;TRUE
Light therapy;-0,8700;-1,9121;0,1721;-0,8700;-1,9121;0,1721;Peer support group + AD;1;Placebo;0,0000;0,0000;0,0000;TRUE;TRUE
Light therapy + AD;-1,2062;-2,0280;-0,3844;-1,2062;-2,0280;-0,3844;Peer support group + AD;1;Placebo;0,0000;0,0000;0,0000;TRUE;TRUE
Mindfulness or meditation group;-4,2459;-6,0031;-2,4886;-4,2459;-6,0031;-2,4886;Peer support group + AD;1;Placebo;0,0000;0,0000;0,0000;TRUE;TRUE
Mirtazapine;-0,6954;-0,9513;-0,4395;-0,6954;-0,9513;-0,4395;Peer support group + AD;1;Placebo;0,0000;0,0000;0,0000;TRUE;TRUE
Music therapy group;-0,7770;-2,2462;0,6922;-0,7770;-2,2462;0,6922;Peer support group + AD;1;Placebo;0,0000;0,0000;0,0000;TRUE;TRUE
No treatment;-0,1148;-0,5823;0,3527;-0,1148;-0,5823;0,3527;Peer support group + AD;1;Placebo;0,0000;0,0000;0,0000;TRUE;TRUE
Peer support group;-1,3571;-2,6719;-0,0423;-1,3571;-2,6719;-0,0423;Peer support group + AD;1;Placebo;0,0000;0,0000;0,0000;TRUE;TRUE
Placebo;0,0000;0,0000;0,0000;0,0000;0,0000;0,0000;Peer support group + AD;1;Placebo;0,0000;0,0000;NA;TRUE;TRUE
Problem solving group;-2,9953;-4,1991;-1,7915;-2,9953;-4,1991;-1,7915;Peer support group + AD;1;Placebo;0,0000;0,0000;0,0000;TRUE;TRUE
Problem solving individual;-0,9765;-1,6284;-0,3247;-0,9765;-1,6284;-0,3247;Peer support group + AD;1;Placebo;0,0000;0,0000;0,0000;TRUE;TRUE
Psychoeducation group;-1,3504;-2,6595;-0,0412;-1,3504;-2,6595;-0,0412;Peer support group + AD;1;Placebo;0,0000;0,0000;0,0000;TRUE;TRUE
Psychoeducation group + AD;-0,4584;-1,6559;0,7392;-0,4584;-1,6559;0,7392;Peer support group + AD;1;Placebo;0,0000;0,0000;0,0000;TRUE;TRUE
Relaxation individual + AD;-0,7883;-2,0071;0,4306;-0,7883;-2,0071;0,4306;Peer support group + AD;1;Placebo;0,0000;0,0000;0,0000;TRUE;TRUE
Relaxation individual + placebo;-0,1558;-1,3582;1,0465;-0,1558;-1,3582;1,0465;Peer support group + AD;1;Placebo;0,0000;0,0000;0,0000;TRUE;TRUE
Self-help;-0,6497;-1,2124;-0,0870;-0,6497;-1,2124;-0,0870;Peer support group + AD;1;Placebo;0,0000;0,0000;0,0000;TRUE;TRUE
Self-help with support;-0,6290;-1,1818;-0,0762;-0,6290;-1,1818;-0,0762;Peer support group + AD;1;Placebo;0,0000;0,0000;0,0000;TRUE;TRUE
Sham acupuncture;-0,1507;-0,9170;0,6157;-0,1507;-0,9170;0,6157;Peer support group + AD;1;Placebo;0,0000;0,0000;0,0000;TRUE;TRUE
Short-term psychodynamic psychotherapies individual;-0,7098;-1,3789;-0,0406;-0,7098;-1,3789;-0,0406;Peer support group + AD;1;Placebo;0,0000;0,0000;0,0000;TRUE;TRUE
Short-term psychodynamic psychotherapies individual + AD;-0,5020;-1,6798;0,6758;-0,5020;-1,6798;0,6758;Peer support group + AD;1;Placebo;0,0000;0,0000;0,0000;TRUE;TRUE
SNRIs;-0,7113;-0,8632;-0,5595;-0,7113;-0,8632;-0,5595;Peer support group + AD;1;Placebo;0,0000;0,0000;0,0000;TRUE;TRUE
SSRIs;-0,5218;-0,6325;-0,4111;-0,5218;-0,6325;-0,4111;Peer support group + AD;1;Placebo;0,0000;0,0000;0,0000;TRUE;TRUE
TAU;-0,3454;-0,8923;0,2016;-0,3454;-0,8923;0,2016;Peer support group + AD;1;Placebo;0,0000;0,0000;0,0000;TRUE;TRUE
TCAs;-0,6273;-0,7817;-0,4729;-0,6273;-0,7817;-0,4729;Peer support group + AD;1;Placebo;0,0000;0,0000;0,0000;TRUE;TRUE
Trazodone;-0,4002;-0,7486;-0,0517;-0,4002;-0,7486;-0,0517;Peer support group + AD;1;Placebo;0,0000;0,0000;0,0000;TRUE;TRUE
Waitlist;0,6737;0,1761;1,1713;0,6737;0,1761;1,1713;Peer support group + AD;1;Placebo;0,0000;0,0000;0,0000;TRUE;TRUE
Yoga group;-0,8845;-1,8640;0,0951;-0,8845;-1,8640;0,0951;Peer support group + AD;1;Placebo;0,0000;0,0000;0,0000;TRUE;TRUE
Yoga group + AD;-1,8580;-3,3190;-0,3970;-1,8580;-3,3190;-0,3970;Peer support group + AD;1;Placebo;0,0000;0,0000;0,0000;TRUE;TRUE
Acupuncture;-0,5709;-1,3029;0,1611;-0,5181;-1,2326;0,1963;Placebo;1;TAU;0,0528;0,0528;0,0924;TRUE;TRUE
Acupuncture + AD;-1,4034;-2,1368;-0,6701;-1,3448;-2,0617;-0,6280;Placebo;1;TAU;0,0586;0,0586;0,0418;TRUE;TRUE
Any AD;-0,3207;-0,9639;0,3225;-0,3333;-0,9601;0,2936;Placebo;1;TAU;-0,0126;0,0126;0,0392;TRUE;TRUE
Any psychotherapy;0,4940;-0,6695;1,6574;0,5189;-0,6154;1,6533;Placebo;1;TAU;0,0250;0,0250;0,0506;TRUE;TRUE
Attention placebo;0,9171;-0,1762;2,0105;0,9347;-0,1344;2,0038;Placebo;1;TAU;0,0175;0,0175;0,0191;TRUE;TRUE
Behavioural therapies individual;0,6610;-0,1968;1,5188;0,6850;-0,1507;1,5208;Placebo;1;TAU;0,0240;0,0240;0,0364;TRUE;TRUE
Behavioural therapies individual + AD;-0,3857;-1,5733;0,8018;-0,5827;-1,8624;0,6970;Placebo;1;TAU;-0,1969;0,1969;0,5105;TRUE;TRUE
Cognitive and cognitive behavioural therapies group;-0,6074;-1,2977;0,0829;-0,5869;-1,2590;0,0852;Placebo;1;TAU;0,0205;0,0205;0,0338;TRUE;TRUE
Cognitive and cognitive behavioural therapies group + AD;-0,9850;-2,0763;0,1062;-0,9970;-2,0596;0,0656;Placebo;1;TAU;-0,0120;0,0120;0,0122;TRUE;TRUE
Cognitive and cognitive behavioural therapies individual;-0,5087;-1,0367;0,0194;-0,4960;-1,0106;0,0186;Placebo;1;TAU;0,0126;0,0126;0,0248;TRUE;TRUE
Cognitive and cognitive behavioural therapies individual + AD;-0,9918;-1,6823;-0,3013;-0,9542;-1,6275;-0,2810;Placebo;1;TAU;0,0376;0,0376;0,0379;TRUE;TRUE
Cognitive and cognitive behavioural therapies individual + placebo;-0,9647;-1,9535;0,0240;-0,9315;-1,8953;0,0324;Placebo;1;TAU;0,0332;0,0332;0,0345;TRUE;TRUE
Counselling individual;-0,3321;-1,0345;0,3702;-0,3235;-1,0084;0,3613;Placebo;1;TAU;0,0086;0,0086;0,0259;TRUE;TRUE
Counselling individual + AD;0,1517;-1,2509;1,5543;0,0224;-1,3906;1,4353;Placebo;1;TAU;-0,1293;0,1293;0,8526;TRUE;TRUE
Counselling individual + placebo;0,4955;-1,3854;2,3763;0,3661;-1,5008;2,2331;Placebo;1;TAU;-0,1293;0,1293;0,2610;TRUE;TRUE
Exercise group;-0,5539;-1,3320;0,2243;-0,6664;-1,4441;0,1113;Placebo;1;TAU;-0,1125;0,1125;0,2031;TRUE;TRUE
Exercise group + AD;-3,1013;-4,4557;-1,7470;-3,0409;-4,3610;-1,7208;Placebo;1;TAU;0,0604;0,0604;0,0195;TRUE;TRUE
Exercise individual;-0,4103;-1,2488;0,4283;-0,5140;-1,3483;0,3202;Placebo;1;TAU;-0,1038;0,1038;0,2530;TRUE;TRUE
Exercise individual + AD;-1,1049;-2,1221;-0,0877;-1,1177;-2,1111;-0,1242;Placebo;1;TAU;-0,0128;0,0128;0,0116;TRUE;TRUE
Interpersonal psychotherapy (IPT) individual;-0,2107;-0,9948;0,5734;-0,2329;-1,0061;0,5403;Placebo;1;TAU;-0,0222;0,0222;0,1052;TRUE;TRUE
Interpersonal psychotherapy (IPT) individual + AD;-0,4655;-1,3388;0,4079;-0,4767;-1,3279;0,3745;Placebo;1;TAU;-0,0112;0,0112;0,0241;TRUE;TRUE
Interpersonal psychotherapy (IPT) individual + placebo;-0,1695;-1,1366;0,7976;-0,1694;-1,1118;0,7730;Placebo;1;TAU;0,0001;0,0001;0,0005;TRUE;TRUE
Light therapy;-0,5246;-1,6975;0,6482;-0,5645;-1,8044;0,6755;Placebo;1;TAU;-0,0398;0,0398;0,0759;TRUE;TRUE
Light therapy + AD;-0,8608;-1,8426;0,1209;-0,8912;-1,9030;0,1207;Placebo;1;TAU;-0,0304;0,0304;0,0353;TRUE;TRUE
Mindfulness or meditation group;-3,9005;-5,7083;-2,0927;-3,9054;-5,6846;-2,1261;Placebo;1;TAU;-0,0049;0,0049;0,0012;TRUE;TRUE
Mirtazapine;-0,3500;-0,9412;0,2412;-0,2517;-0,8411;0,3377;Placebo;1;TAU;0,0983;0,0983;0,2808;TRUE;TRUE
Music therapy group;-0,4316;-1,9609;1,0976;-0,4365;-1,9319;1,0589;Placebo;1;TAU;-0,0049;0,0049;0,0113;TRUE;TRUE
No treatment;0,2306;-0,4009;0,8620;0,2257;-0,3889;0,8403;Placebo;1;TAU;-0,0049;0,0049;0,0211;TRUE;TRUE
Peer support group;-1,0118;-2,3813;0,3578;-1,0243;-2,3561;0,3074;Placebo;1;TAU;-0,0126;0,0126;0,0124;TRUE;TRUE
Peer support group + AD;-1,1327;-2,5007;0,2353;-1,1453;-2,4754;0,1849;Placebo;1;TAU;-0,0126;0,0126;0,0111;TRUE;TRUE
Problem solving group;-2,6500;-3,9292;-1,3708;-2,6329;-3,8872;-1,3786;Placebo;1;TAU;0,0171;0,0171;0,0064;TRUE;TRUE
Problem solving individual;-0,6312;-1,4132;0,1509;-0,6105;-1,3909;0,1699;Placebo;1;TAU;0,0207;0,0207;0,0327;TRUE;TRUE
Psychoeducation group;-1,0050;-2,3812;0,3712;-1,0099;-2,3484;0,3287;Placebo;1;TAU;-0,0049;0,0049;0,0048;TRUE;TRUE
Psychoeducation group + AD;-0,1130;-1,3810;1,1550;-0,1250;-1,3596;1,1095;Placebo;1;TAU;-0,0120;0,0120;0,1064;TRUE;TRUE
Relaxation individual + AD;-0,4429;-1,7702;0,8844;-0,6729;-2,1179;0,7721;Placebo;1;TAU;-0,2300;0,2300;0,5194;TRUE;TRUE
Relaxation individual + placebo;0,1895;-1,1227;1,5018;-0,0414;-1,4736;1,3908;Placebo;1;TAU;-0,2309;0,2309;1,2183;TRUE;TRUE
Self-help;-0,3043;-1,0055;0,3968;-0,2922;-0,9754;0,3910;Placebo;1;TAU;0,0121;0,0121;0,0399;TRUE;TRUE
Self-help with support;-0,2836;-0,9806;0,4134;-0,2717;-0,9504;0,4070;Placebo;1;TAU;0,0119;0,0119;0,0419;TRUE;TRUE
Sham acupuncture;0,1947;-0,7186;1,1080;0,2386;-0,6516;1,1289;Placebo;1;TAU;0,0439;0,0439;0,2256;TRUE;TRUE
Short-term psychodynamic psychotherapies individual;-0,3644;-1,1730;0,4442;-0,3403;-1,1270;0,4463;Placebo;1;TAU;0,0241;0,0241;0,0661;TRUE;TRUE
Short-term psychodynamic psychotherapies individual + AD;-0,1566;-1,4088;1,0955;-0,2262;-1,4602;1,0079;Placebo;1;TAU;-0,0696;0,0696;0,4440;TRUE;TRUE
SNRIs;-0,3660;-0,9219;0,1900;-0,3772;-0,9294;0,1750;Placebo;1;TAU;-0,0113;0,0113;0,0307;TRUE;TRUE
SSRIs;-0,1764;-0,7184;0,3656;-0,1160;-0,6485;0,4164;Placebo;1;TAU;0,0604;0,0604;0,3424;TRUE;TRUE
TAU;0,0000;0,0000;0,0000;0,0000;0,0000;0,0000;Placebo;1;TAU;0,0000;0,0000;NA;TRUE;TRUE
TCAs;-0,2820;-0,8268;0,2629;-0,2475;-0,7822;0,2873;Placebo;1;TAU;0,0345;0,0345;0,1224;TRUE;TRUE
Trazodone;-0,0548;-0,6918;0,5823;-0,0185;-0,6601;0,6230;Placebo;1;TAU;0,0362;0,0362;0,6615;TRUE;TRUE
Waitlist;1,0191;0,3597;1,6785;1,0309;0,3878;1,6741;Placebo;1;TAU;0,0118;0,0118;0,0116;TRUE;TRUE
Yoga group;-0,5391;-1,6297;0,5515;-0,5160;-1,5811;0,5491;Placebo;1;TAU;0,0231;0,0231;0,0428;TRUE;TRUE
Yoga group + AD;-1,5126;-3,0231;-0,0022;-1,5252;-3,0014;-0,0490;Placebo;1;TAU;-0,0126;0,0126;0,0083;TRUE;TRUE
Acupuncture;-0,9163;-1,4419;-0,3906;-0,9162;-1,4416;-0,3908;Problem solving group;1;Placebo;0,0001;0,0001;0,0001;TRUE;TRUE
Acupuncture + AD;-1,7488;-2,2550;-1,2426;-1,7488;-2,2548;-1,2428;Problem solving group;1;Placebo;0,0000;0,0000;0,0000;TRUE;TRUE
Any AD;-0,6661;-1,1825;-0,1496;-0,6662;-1,1824;-0,1499;Problem solving group;1;Placebo;-0,0001;0,0001;0,0002;TRUE;TRUE
Any psychotherapy;0,1486;-0,9207;1,2178;0,1485;-0,9203;1,2174;Problem solving group;1;Placebo;0,0000;0,0000;0,0003;TRUE;TRUE
Attention placebo;0,5718;-0,4354;1,5789;0,5718;-0,4350;1,5785;Problem solving group;1;Placebo;0,0000;0,0000;0,0000;TRUE;TRUE
Behavioural therapies individual;0,3156;-0,4066;1,0379;0,3156;-0,4064;1,0376;Problem solving group;1;Placebo;-0,0001;0,0001;0,0003;TRUE;TRUE
Behavioural therapies individual + AD;-0,7311;-1,8053;0,3431;-0,7311;-1,8050;0,3427;Problem solving group;1;Placebo;0,0000;0,0000;0,0000;TRUE;TRUE
Cognitive and cognitive behavioural therapies group;-0,9528;-1,5432;-0,3624;-0,9527;-1,5429;-0,3626;Problem solving group;1;Placebo;0,0001;0,0001;0,0001;TRUE;TRUE
Cognitive and cognitive behavioural therapies group + AD;-1,3304;-2,3521;-0,3087;-1,3305;-2,3518;-0,3092;Problem solving group;1;Placebo;-0,0001;0,0001;0,0001;TRUE;TRUE
Cognitive and cognitive behavioural therapies individual;-0,8540;-1,1770;-0,5311;-0,8540;-1,1768;-0,5312;Problem solving group;1;Placebo;0,0000;0,0000;0,0000;TRUE;TRUE
Cognitive and cognitive behavioural therapies individual + AD;-1,3372;-1,8771;-0,7973;-1,3370;-1,8767;-0,7974;Problem solving group;1;Placebo;0,0001;0,0001;0,0001;TRUE;TRUE
Cognitive and cognitive behavioural therapies individual + placebo;-1,3101;-2,1924;-0,4278;-1,3100;-2,1920;-0,4280;Problem solving group;1;Placebo;0,0001;0,0001;0,0001;TRUE;TRUE
Counselling individual;-0,6775;-1,2871;-0,0679;-0,6775;-1,2868;-0,0682;Problem solving group;1;Placebo;0,0000;0,0000;0,0000;TRUE;TRUE
Counselling individual + AD;-0,1937;-1,5170;1,1296;-0,1937;-1,5166;1,1291;Problem solving group;1;Placebo;-0,0001;0,0001;0,0003;TRUE;TRUE
Counselling individual + placebo;0,1501;-1,6724;1,9726;0,1500;-1,6718;1,9718;Problem solving group;1;Placebo;-0,0001;0,0001;0,0004;TRUE;TRUE
Exercise group;-0,8993;-1,6153;-0,1832;-0,8992;-1,6149;-0,1835;Problem solving group;1;Placebo;0,0000;0,0000;0,0000;TRUE;TRUE
Exercise group + AD;-3,4467;-4,6928;-2,2006;-3,4467;-4,6923;-2,2011;Problem solving group;1;Placebo;0,0000;0,0000;0,0000;TRUE;TRUE
Exercise individual;-0,7556;-1,4550;-0,0562;-0,7556;-1,4547;-0,0565;Problem solving group;1;Placebo;0,0000;0,0000;0,0001;TRUE;TRUE
Exercise individual + AD;-1,4503;-2,3661;-0,5345;-1,4503;-2,3658;-0,5348;Problem solving group;1;Placebo;0,0000;0,0000;0,0000;TRUE;TRUE
Interpersonal psychotherapy (IPT) individual;-0,5561;-1,1991;0,0869;-0,5561;-1,1988;0,0866;Problem solving group;1;Placebo;0,0000;0,0000;0,0001;TRUE;TRUE
Interpersonal psychotherapy (IPT) individual + AD;-0,8108;-1,5611;-0,0605;-0,8109;-1,5609;-0,0609;Problem solving group;1;Placebo;-0,0001;0,0001;0,0001;TRUE;TRUE
Interpersonal psychotherapy (IPT) individual + placebo;-0,5149;-1,3638;0,3340;-0,5149;-1,3635;0,3336;Problem solving group;1;Placebo;-0,0001;0,0001;0,0001;TRUE;TRUE
Light therapy;-0,8700;-1,9121;0,1721;-0,8700;-1,9117;0,1717;Problem solving group;1;Placebo;0,0000;0,0000;0,0000;TRUE;TRUE
Light therapy + AD;-1,2062;-2,0280;-0,3844;-1,2062;-2,0277;-0,3847;Problem solving group;1;Placebo;0,0000;0,0000;0,0000;TRUE;TRUE
Mindfulness or meditation group;-4,2459;-6,0031;-2,4886;-4,2459;-6,0027;-2,4890;Problem solving group;1;Placebo;0,0000;0,0000;0,0000;TRUE;TRUE
Mirtazapine;-0,6954;-0,9513;-0,4395;-0,6954;-0,9511;-0,4396;Problem solving group;1;Placebo;0,0000;0,0000;0,0000;TRUE;TRUE
Music therapy group;-0,7770;-2,2462;0,6922;-0,7770;-2,2457;0,6917;Problem solving group;1;Placebo;0,0000;0,0000;0,0000;TRUE;TRUE
No treatment;-0,1148;-0,5823;0,3527;-0,1148;-0,5821;0,3526;Problem solving group;1;Placebo;0,0000;0,0000;0,0001;TRUE;TRUE
Peer support group;-1,3571;-2,6719;-0,0423;-1,3573;-2,6715;-0,0430;Problem solving group;1;Placebo;-0,0001;0,0001;0,0001;TRUE;TRUE
Peer support group + AD;-1,4781;-2,7913;-0,1649;-1,4782;-2,7908;-0,1655;Problem solving group;1;Placebo;-0,0001;0,0001;0,0001;TRUE;TRUE
Placebo;0,0000;0,0000;0,0000;0,0000;0,0000;0,0000;Problem solving group;1;Placebo;0,0000;0,0000;NA;TRUE;TRUE
Problem solving individual;-0,9765;-1,6284;-0,3247;-0,9765;-1,6281;-0,3250;Problem solving group;1;Placebo;0,0000;0,0000;0,0000;TRUE;TRUE
Psychoeducation group;-1,3504;-2,6595;-0,0412;-1,3503;-2,6589;-0,0418;Problem solving group;1;Placebo;0,0000;0,0000;0,0000;TRUE;TRUE
Psychoeducation group + AD;-0,4584;-1,6559;0,7392;-0,4585;-1,6555;0,7386;Problem solving group;1;Placebo;-0,0001;0,0001;0,0002;TRUE;TRUE
Relaxation individual + AD;-0,7883;-2,0071;0,4306;-0,7883;-2,0068;0,4302;Problem solving group;1;Placebo;0,0000;0,0000;0,0000;TRUE;TRUE
Relaxation individual + placebo;-0,1558;-1,3582;1,0465;-0,1558;-1,3578;1,0461;Problem solving group;1;Placebo;0,0000;0,0000;0,0000;TRUE;TRUE
Self-help;-0,6497;-1,2124;-0,0870;-0,6497;-1,2122;-0,0873;Problem solving group;1;Placebo;0,0000;0,0000;0,0001;TRUE;TRUE
Self-help with support;-0,6290;-1,1818;-0,0762;-0,6290;-1,1816;-0,0764;Problem solving group;1;Placebo;0,0000;0,0000;0,0001;TRUE;TRUE
Sham acupuncture;-0,1507;-0,9170;0,6157;-0,1506;-0,9167;0,6154;Problem solving group;1;Placebo;0,0000;0,0000;0,0002;TRUE;TRUE
Short-term psychodynamic psychotherapies individual;-0,7098;-1,3789;-0,0406;-0,7098;-1,3787;-0,0409;Problem solving group;1;Placebo;0,0000;0,0000;0,0000;TRUE;TRUE
Short-term psychodynamic psychotherapies individual + AD;-0,5020;-1,6798;0,6758;-0,5021;-1,6794;0,6752;Problem solving group;1;Placebo;-0,0001;0,0001;0,0002;TRUE;TRUE
SNRIs;-0,7113;-0,8632;-0,5595;-0,7113;-0,8631;-0,5595;Problem solving group;1;Placebo;0,0001;0,0001;0,0001;TRUE;TRUE
SSRIs;-0,5218;-0,6325;-0,4111;-0,5218;-0,6325;-0,4111;Problem solving group;1;Placebo;0,0000;0,0000;0,0000;TRUE;TRUE
TAU;-0,3454;-0,8923;0,2016;-0,3454;-0,8921;0,2013;Problem solving group;1;Placebo;0,0000;0,0000;0,0000;TRUE;TRUE
TCAs;-0,6273;-0,7817;-0,4729;-0,6273;-0,7817;-0,4730;Problem solving group;1;Placebo;0,0000;0,0000;0,0000;TRUE;TRUE
Trazodone;-0,4002;-0,7486;-0,0517;-0,4001;-0,7484;-0,0519;Problem solving group;1;Placebo;0,0000;0,0000;0,0000;TRUE;TRUE
Waitlist;0,6737;0,1761;1,1713;0,6736;0,1762;1,1710;Problem solving group;1;Placebo;-0,0001;0,0001;0,0002;TRUE;TRUE
Yoga group;-0,8845;-1,8640;0,0951;-0,8845;-1,8637;0,0947;Problem solving group;1;Placebo;0,0000;0,0000;0,0001;TRUE;TRUE
Yoga group + AD;-1,8580;-3,3190;-0,3970;-1,8581;-3,3186;-0,3976;Problem solving group;1;Placebo;-0,0001;0,0001;0,0001;TRUE;TRUE
Acupuncture;-0,9163;-1,4419;-0,3906;-0,8965;-1,4227;-0,3704;Problem solving individual;1;Placebo;0,0198;0,0198;0,0216;TRUE;TRUE
Acupuncture + AD;-1,7488;-2,2550;-1,2426;-1,7493;-2,2545;-1,2440;Problem solving individual;1;Placebo;-0,0004;0,0004;0,0003;TRUE;TRUE
Any AD;-0,6661;-1,1825;-0,1496;-0,6765;-1,1937;-0,1593;Problem solving individual;1;Placebo;-0,0104;0,0104;0,0156;TRUE;TRUE
Any psychotherapy;0,1486;-0,9207;1,2178;0,1438;-0,9244;1,2121;Problem solving individual;1;Placebo;-0,0047;0,0047;0,0318;TRUE;TRUE
Attention placebo;0,5718;-0,4354;1,5789;-0,2148;-1,5979;1,1683;Problem solving individual;1;Placebo;-0,7866;0,7866;1,3757;TRUE;TRUE
Behavioural therapies individual;0,3156;-0,4066;1,0379;0,3085;-0,4134;1,0304;Problem solving individual;1;Placebo;-0,0071;0,0071;0,0226;TRUE;TRUE
Behavioural therapies individual + AD;-0,7311;-1,8053;0,3431;-0,7332;-1,8059;0,3394;Problem solving individual;1;Placebo;-0,0021;0,0021;0,0029;TRUE;TRUE
Cognitive and cognitive behavioural therapies group;-0,9528;-1,5432;-0,3624;-0,9551;-1,5481;-0,3622;Problem solving individual;1;Placebo;-0,0023;0,0023;0,0025;TRUE;TRUE
Cognitive and cognitive behavioural therapies group + AD;-1,3304;-2,3521;-0,3087;-1,3408;-2,3615;-0,3201;Problem solving individual;1;Placebo;-0,0104;0,0104;0,0078;TRUE;TRUE
Cognitive and cognitive behavioural therapies individual;-0,8540;-1,1770;-0,5311;-0,8659;-1,1928;-0,5390;Problem solving individual;1;Placebo;-0,0119;0,0119;0,0139;TRUE;TRUE
Cognitive and cognitive behavioural therapies individual + AD;-1,3372;-1,8771;-0,7973;-1,3435;-1,8831;-0,8039;Problem solving individual;1;Placebo;-0,0063;0,0063;0,0047;TRUE;TRUE
Cognitive and cognitive behavioural therapies individual + placebo;-1,3101;-2,1924;-0,4278;-1,3162;-2,1974;-0,4350;Problem solving individual;1;Placebo;-0,0061;0,0061;0,0047;TRUE;TRUE
Counselling individual;-0,6775;-1,2871;-0,0679;-0,8531;-1,5411;-0,1651;Problem solving individual;1;Placebo;-0,1756;0,1756;0,2592;TRUE;TRUE
Counselling individual + AD;-0,1937;-1,5170;1,1296;-0,1989;-1,5203;1,1225;Problem solving individual;1;Placebo;-0,0052;0,0052;0,0269;TRUE;TRUE
Counselling individual + placebo;0,1501;-1,6724;1,9726;0,1449;-1,6747;1,9644;Problem solving individual;1;Placebo;-0,0052;0,0052;0,0348;TRUE;TRUE
Exercise group;-0,8993;-1,6153;-0,1832;-0,9160;-1,6319;-0,2001;Problem solving individual;1;Placebo;-0,0168;0,0168;0,0186;TRUE;TRUE
Exercise group + AD;-3,4467;-4,6928;-2,2006;-3,4470;-4,6908;-2,2032;Problem solving individual;1;Placebo;-0,0003;0,0003;0,0001;TRUE;TRUE
Exercise individual;-0,7556;-1,4550;-0,0562;-0,7684;-1,4674;-0,0694;Problem solving individual;1;Placebo;-0,0128;0,0128;0,0169;TRUE;TRUE
Exercise individual + AD;-1,4503;-2,3661;-0,5345;-1,4627;-2,3779;-0,5475;Problem solving individual;1;Placebo;-0,0124;0,0124;0,0086;TRUE;TRUE
Interpersonal psychotherapy (IPT) individual;-0,5561;-1,1991;0,0869;-0,5634;-1,2059;0,0791;Problem solving individual;1;Placebo;-0,0073;0,0073;0,0131;TRUE;TRUE
Interpersonal psychotherapy (IPT) individual + AD;-0,8108;-1,5611;-0,0605;-0,8174;-1,5669;-0,0679;Problem solving individual;1;Placebo;-0,0066;0,0066;0,0081;TRUE;TRUE
Interpersonal psychotherapy (IPT) individual + placebo;-0,5149;-1,3638;0,3340;-0,5201;-1,3678;0,3275;Problem solving individual;1;Placebo;-0,0053;0,0053;0,0102;TRUE;TRUE
Light therapy;-0,8700;-1,9121;0,1721;-0,8702;-1,9103;0,1700;Problem solving individual;1;Placebo;-0,0002;0,0002;0,0002;TRUE;TRUE
Light therapy + AD;-1,2062;-2,0280;-0,3844;-1,2063;-2,0267;-0,3860;Problem solving individual;1;Placebo;-0,0001;0,0001;0,0001;TRUE;TRUE
Mindfulness or meditation group;-4,2459;-6,0031;-2,4886;-4,2743;-6,0312;-2,5174;Problem solving individual;1;Placebo;-0,0284;0,0284;0,0067;TRUE;TRUE
Mirtazapine;-0,6954;-0,9513;-0,4395;-0,6955;-0,9508;-0,4401;Problem solving individual;1;Placebo;-0,0001;0,0001;0,0001;TRUE;TRUE
Music therapy group;-0,7770;-2,2462;0,6922;-0,8054;-2,2741;0,6633;Problem solving individual;1;Placebo;-0,0284;0,0284;0,0366;TRUE;TRUE
No treatment;-0,1148;-0,5823;0,3527;-0,1432;-0,6153;0,3289;Problem solving individual;1;Placebo;-0,0284;0,0284;0,2475;TRUE;TRUE
Peer support group;-1,3571;-2,6719;-0,0423;-1,3676;-2,6805;-0,0546;Problem solving individual;1;Placebo;-0,0104;0,0104;0,0077;TRUE;TRUE
Peer support group + AD;-1,4781;-2,7913;-0,1649;-1,4885;-2,7998;-0,1771;Problem solving individual;1;Placebo;-0,0104;0,0104;0,0071;TRUE;TRUE
Placebo;0,0000;0,0000;0,0000;0,0000;0,0000;0,0000;Problem solving individual;1;Placebo;0,0000;0,0000;NA;TRUE;TRUE
Problem solving group;-2,9953;-4,1991;-1,7915;-2,9062;-4,1200;-1,6924;Problem solving individual;1;Placebo;0,0891;0,0891;0,0297;TRUE;TRUE
Psychoeducation group;-1,3504;-2,6595;-0,0412;-1,3788;-2,6874;-0,0701;Problem solving individual;1;Placebo;-0,0284;0,0284;0,0210;TRUE;TRUE
Psychoeducation group + AD;-0,4584;-1,6559;0,7392;-0,4669;-1,6627;0,7290;Problem solving individual;1;Placebo;-0,0085;0,0085;0,0185;TRUE;TRUE
Relaxation individual + AD;-0,7883;-2,0071;0,4306;-0,7889;-2,0061;0,4283;Problem solving individual;1;Placebo;-0,0006;0,0006;0,0008;TRUE;TRUE
Relaxation individual + placebo;-0,1558;-1,3582;1,0465;-0,1564;-1,3571;1,0442;Problem solving individual;1;Placebo;-0,0006;0,0006;0,0039;TRUE;TRUE
Self-help;-0,6497;-1,2124;-0,0870;-0,7129;-1,2988;-0,1269;Problem solving individual;1;Placebo;-0,0631;0,0631;0,0972;TRUE;TRUE
Self-help with support;-0,6290;-1,1818;-0,0762;-0,6077;-1,1674;-0,0480;Problem solving individual;1;Placebo;0,0213;0,0213;0,0339;TRUE;TRUE
Sham acupuncture;-0,1507;-0,9170;0,6157;-0,1188;-0,8863;0,6487;Problem solving individual;1;Placebo;0,0318;0,0318;0,2114;TRUE;TRUE
Short-term psychodynamic psychotherapies individual;-0,7098;-1,3789;-0,0406;-0,7120;-1,3815;-0,0425;Problem solving individual;1;Placebo;-0,0022;0,0022;0,0031;TRUE;TRUE
Short-term psychodynamic psychotherapies individual + AD;-0,5020;-1,6798;0,6758;-0,5099;-1,6861;0,6663;Problem solving individual;1;Placebo;-0,0079;0,0079;0,0157;TRUE;TRUE
SNRIs;-0,7113;-0,8632;-0,5595;-0,7114;-0,8630;-0,5598;Problem solving individual;1;Placebo;-0,0001;0,0001;0,0001;TRUE;TRUE
SSRIs;-0,5218;-0,6325;-0,4111;-0,5221;-0,6327;-0,4115;Problem solving individual;1;Placebo;-0,0003;0,0003;0,0006;TRUE;TRUE
TAU;-0,3454;-0,8923;0,2016;-0,3727;-0,9225;0,1771;Problem solving individual;1;Placebo;-0,0273;0,0273;0,0791;TRUE;TRUE
TCAs;-0,6273;-0,7817;-0,4729;-0,6271;-0,7812;-0,4729;Problem solving individual;1;Placebo;0,0003;0,0003;0,0005;TRUE;TRUE
Trazodone;-0,4002;-0,7486;-0,0517;-0,4003;-0,7480;-0,0526;Problem solving individual;1;Placebo;-0,0001;0,0001;0,0003;TRUE;TRUE
Waitlist;0,6737;0,1761;1,1713;0,7625;0,2383;1,2866;Problem solving individual;1;Placebo;0,0888;0,0888;0,1317;TRUE;TRUE
Yoga group;-0,8845;-1,8640;0,0951;-0,8397;-1,8213;0,1419;Problem solving individual;1;Placebo;0,0447;0,0447;0,0505;TRUE;TRUE
Yoga group + AD;-1,8580;-3,3190;-0,3970;-1,8684;-3,3277;-0,4091;Problem solving individual;1;Placebo;-0,0104;0,0104;0,0056;TRUE;TRUE
Acupuncture;-0,9163;-1,4419;-0,3906;-0,9163;-1,4419;-0,3906;Psychoeducation group;1;Placebo;0,0000;0,0000;0,0000;TRUE;TRUE
Acupuncture + AD;-1,7488;-2,2550;-1,2426;-1,7488;-2,2550;-1,2426;Psychoeducation group;1;Placebo;0,0000;0,0000;0,0000;TRUE;TRUE
Any AD;-0,6661;-1,1825;-0,1496;-0,6661;-1,1825;-0,1496;Psychoeducation group;1;Placebo;0,0000;0,0000;0,0000;TRUE;TRUE
Any psychotherapy;0,1486;-0,9207;1,2178;0,1486;-0,9207;1,2178;Psychoeducation group;1;Placebo;0,0000;0,0000;0,0000;TRUE;TRUE
Attention placebo;0,5718;-0,4354;1,5789;0,5718;-0,4354;1,5789;Psychoeducation group;1;Placebo;0,0000;0,0000;0,0000;TRUE;TRUE
Behavioural therapies individual;0,3156;-0,4066;1,0379;0,3156;-0,4066;1,0379;Psychoeducation group;1;Placebo;0,0000;0,0000;0,0000;TRUE;TRUE
Behavioural therapies individual + AD;-0,7311;-1,8053;0,3431;-0,7311;-1,8053;0,3431;Psychoeducation group;1;Placebo;0,0000;0,0000;0,0000;TRUE;TRUE
Cognitive and cognitive behavioural therapies group;-0,9528;-1,5432;-0,3624;-0,9528;-1,5432;-0,3624;Psychoeducation group;1;Placebo;0,0000;0,0000;0,0000;TRUE;TRUE
Cognitive and cognitive behavioural therapies group + AD;-1,3304;-2,3521;-0,3087;-1,3304;-2,3521;-0,3087;Psychoeducation group;1;Placebo;0,0000;0,0000;0,0000;TRUE;TRUE
Cognitive and cognitive behavioural therapies individual;-0,8540;-1,1770;-0,5311;-0,8540;-1,1770;-0,5311;Psychoeducation group;1;Placebo;0,0000;0,0000;0,0000;TRUE;TRUE
Cognitive and cognitive behavioural therapies individual + AD;-1,3372;-1,8771;-0,7973;-1,3372;-1,8771;-0,7973;Psychoeducation group;1;Placebo;0,0000;0,0000;0,0000;TRUE;TRUE
Cognitive and cognitive behavioural therapies individual + placebo;-1,3101;-2,1924;-0,4278;-1,3101;-2,1924;-0,4278;Psychoeducation group;1;Placebo;0,0000;0,0000;0,0000;TRUE;TRUE
Counselling individual;-0,6775;-1,2871;-0,0679;-0,6775;-1,2871;-0,0679;Psychoeducation group;1;Placebo;0,0000;0,0000;0,0000;TRUE;TRUE
Counselling individual + AD;-0,1937;-1,5170;1,1296;-0,1937;-1,5170;1,1296;Psychoeducation group;1;Placebo;0,0000;0,0000;0,0000;TRUE;TRUE
Counselling individual + placebo;0,1501;-1,6724;1,9726;0,1501;-1,6724;1,9726;Psychoeducation group;1;Placebo;0,0000;0,0000;0,0000;TRUE;TRUE
Exercise group;-0,8993;-1,6153;-0,1832;-0,8993;-1,6153;-0,1832;Psychoeducation group;1;Placebo;0,0000;0,0000;0,0000;TRUE;TRUE
Exercise group + AD;-3,4467;-4,6928;-2,2006;-3,4467;-4,6928;-2,2006;Psychoeducation group;1;Placebo;0,0000;0,0000;0,0000;TRUE;TRUE
Exercise individual;-0,7556;-1,4550;-0,0562;-0,7556;-1,4550;-0,0562;Psychoeducation group;1;Placebo;0,0000;0,0000;0,0000;TRUE;TRUE
Exercise individual + AD;-1,4503;-2,3661;-0,5345;-1,4503;-2,3661;-0,5345;Psychoeducation group;1;Placebo;0,0000;0,0000;0,0000;TRUE;TRUE
Interpersonal psychotherapy (IPT) individual;-0,5561;-1,1991;0,0869;-0,5561;-1,1991;0,0869;Psychoeducation group;1;Placebo;0,0000;0,0000;0,0000;TRUE;TRUE
Interpersonal psychotherapy (IPT) individual + AD;-0,8108;-1,5611;-0,0605;-0,8108;-1,5611;-0,0605;Psychoeducation group;1;Placebo;0,0000;0,0000;0,0000;TRUE;TRUE
Interpersonal psychotherapy (IPT) individual + placebo;-0,5149;-1,3638;0,3340;-0,5149;-1,3638;0,3340;Psychoeducation group;1;Placebo;0,0000;0,0000;0,0000;TRUE;TRUE
Light therapy;-0,8700;-1,9121;0,1721;-0,8700;-1,9121;0,1721;Psychoeducation group;1;Placebo;0,0000;0,0000;0,0000;TRUE;TRUE
Light therapy + AD;-1,2062;-2,0280;-0,3844;-1,2062;-2,0280;-0,3844;Psychoeducation group;1;Placebo;0,0000;0,0000;0,0000;TRUE;TRUE
Mindfulness or meditation group;-4,2459;-6,0031;-2,4886;-4,2459;-6,0031;-2,4886;Psychoeducation group;1;Placebo;0,0000;0,0000;0,0000;TRUE;TRUE
Mirtazapine;-0,6954;-0,9513;-0,4395;-0,6954;-0,9513;-0,4395;Psychoeducation group;1;Placebo;0,0000;0,0000;0,0000;TRUE;TRUE
Music therapy group;-0,7770;-2,2462;0,6922;-0,7770;-2,2462;0,6922;Psychoeducation group;1;Placebo;0,0000;0,0000;0,0000;TRUE;TRUE
No treatment;-0,1148;-0,5823;0,3527;-0,1148;-0,5823;0,3527;Psychoeducation group;1;Placebo;0,0000;0,0000;0,0000;TRUE;TRUE
Peer support group;-1,3571;-2,6719;-0,0423;-1,3571;-2,6719;-0,0423;Psychoeducation group;1;Placebo;0,0000;0,0000;0,0000;TRUE;TRUE
Peer support group + AD;-1,4781;-2,7913;-0,1649;-1,4781;-2,7913;-0,1649;Psychoeducation group;1;Placebo;0,0000;0,0000;0,0000;TRUE;TRUE
Placebo;0,0000;0,0000;0,0000;0,0000;0,0000;0,0000;Psychoeducation group;1;Placebo;0,0000;0,0000;NA;TRUE;TRUE
Problem solving group;-2,9953;-4,1991;-1,7915;-2,9953;-4,1991;-1,7915;Psychoeducation group;1;Placebo;0,0000;0,0000;0,0000;TRUE;TRUE
Problem solving individual;-0,9765;-1,6284;-0,3247;-0,9765;-1,6284;-0,3247;Psychoeducation group;1;Placebo;0,0000;0,0000;0,0000;TRUE;TRUE
Psychoeducation group + AD;-0,4584;-1,6559;0,7392;-0,4584;-1,6559;0,7392;Psychoeducation group;1;Placebo;0,0000;0,0000;0,0000;TRUE;TRUE
Relaxation individual + AD;-0,7883;-2,0071;0,4306;-0,7883;-2,0071;0,4306;Psychoeducation group;1;Placebo;0,0000;0,0000;0,0000;TRUE;TRUE
Relaxation individual + placebo;-0,1558;-1,3582;1,0465;-0,1558;-1,3582;1,0465;Psychoeducation group;1;Placebo;0,0000;0,0000;0,0000;TRUE;TRUE
Self-help;-0,6497;-1,2124;-0,0870;-0,6497;-1,2124;-0,0870;Psychoeducation group;1;Placebo;0,0000;0,0000;0,0000;TRUE;TRUE
Self-help with support;-0,6290;-1,1818;-0,0762;-0,6290;-1,1818;-0,0762;Psychoeducation group;1;Placebo;0,0000;0,0000;0,0000;TRUE;TRUE
Sham acupuncture;-0,1507;-0,9170;0,6157;-0,1507;-0,9170;0,6157;Psychoeducation group;1;Placebo;0,0000;0,0000;0,0000;TRUE;TRUE
Short-term psychodynamic psychotherapies individual;-0,7098;-1,3789;-0,0406;-0,7098;-1,3789;-0,0406;Psychoeducation group;1;Placebo;0,0000;0,0000;0,0000;TRUE;TRUE
Short-term psychodynamic psychotherapies individual + AD;-0,5020;-1,6798;0,6758;-0,5020;-1,6798;0,6758;Psychoeducation group;1;Placebo;0,0000;0,0000;0,0000;TRUE;TRUE
SNRIs;-0,7113;-0,8632;-0,5595;-0,7113;-0,8632;-0,5595;Psychoeducation group;1;Placebo;0,0000;0,0000;0,0000;TRUE;TRUE
SSRIs;-0,5218;-0,6325;-0,4111;-0,5218;-0,6325;-0,4111;Psychoeducation group;1;Placebo;0,0000;0,0000;0,0000;TRUE;TRUE
TAU;-0,3454;-0,8923;0,2016;-0,3454;-0,8923;0,2016;Psychoeducation group;1;Placebo;0,0000;0,0000;0,0000;TRUE;TRUE
TCAs;-0,6273;-0,7817;-0,4729;-0,6273;-0,7817;-0,4729;Psychoeducation group;1;Placebo;0,0000;0,0000;0,0000;TRUE;TRUE
Trazodone;-0,4002;-0,7486;-0,0517;-0,4002;-0,7486;-0,0517;Psychoeducation group;1;Placebo;0,0000;0,0000;0,0000;TRUE;TRUE
Waitlist;0,6737;0,1761;1,1713;0,6737;0,1761;1,1713;Psychoeducation group;1;Placebo;0,0000;0,0000;0,0000;TRUE;TRUE
Yoga group;-0,8845;-1,8640;0,0951;-0,8845;-1,8640;0,0951;Psychoeducation group;1;Placebo;0,0000;0,0000;0,0000;TRUE;TRUE
Yoga group + AD;-1,8580;-3,3190;-0,3970;-1,8580;-3,3190;-0,3970;Psychoeducation group;1;Placebo;0,0000;0,0000;0,0000;TRUE;TRUE
Acupuncture;-0,9163;-1,4419;-0,3906;-0,9163;-1,4419;-0,3906;Psychoeducation group + AD;1;Placebo;0,0000;0,0000;0,0000;TRUE;TRUE
Acupuncture + AD;-1,7488;-2,2550;-1,2426;-1,7488;-2,2550;-1,2426;Psychoeducation group + AD;1;Placebo;0,0000;0,0000;0,0000;TRUE;TRUE
Any AD;-0,6661;-1,1825;-0,1496;-0,6661;-1,1825;-0,1496;Psychoeducation group + AD;1;Placebo;0,0000;0,0000;0,0000;TRUE;TRUE
Any psychotherapy;0,1486;-0,9207;1,2178;0,1486;-0,9207;1,2178;Psychoeducation group + AD;1;Placebo;0,0000;0,0000;0,0000;TRUE;TRUE
Attention placebo;0,5718;-0,4354;1,5789;0,5718;-0,4354;1,5789;Psychoeducation group + AD;1;Placebo;0,0000;0,0000;0,0000;TRUE;TRUE
Behavioural therapies individual;0,3156;-0,4066;1,0379;0,3156;-0,4066;1,0379;Psychoeducation group + AD;1;Placebo;0,0000;0,0000;0,0000;TRUE;TRUE
Behavioural therapies individual + AD;-0,7311;-1,8053;0,3431;-0,7311;-1,8053;0,3431;Psychoeducation group + AD;1;Placebo;0,0000;0,0000;0,0000;TRUE;TRUE
Cognitive and cognitive behavioural therapies group;-0,9528;-1,5432;-0,3624;-0,9528;-1,5432;-0,3624;Psychoeducation group + AD;1;Placebo;0,0000;0,0000;0,0000;TRUE;TRUE
Cognitive and cognitive behavioural therapies group + AD;-1,3304;-2,3521;-0,3087;-1,3304;-2,3521;-0,3087;Psychoeducation group + AD;1;Placebo;0,0000;0,0000;0,0000;TRUE;TRUE
Cognitive and cognitive behavioural therapies individual;-0,8540;-1,1770;-0,5311;-0,8540;-1,1770;-0,5311;Psychoeducation group + AD;1;Placebo;0,0000;0,0000;0,0000;TRUE;TRUE
Cognitive and cognitive behavioural therapies individual + AD;-1,3372;-1,8771;-0,7973;-1,3372;-1,8771;-0,7973;Psychoeducation group + AD;1;Placebo;0,0000;0,0000;0,0000;TRUE;TRUE
Cognitive and cognitive behavioural therapies individual + placebo;-1,3101;-2,1924;-0,4278;-1,3101;-2,1924;-0,4278;Psychoeducation group + AD;1;Placebo;0,0000;0,0000;0,0000;TRUE;TRUE
Counselling individual;-0,6775;-1,2871;-0,0679;-0,6775;-1,2871;-0,0679;Psychoeducation group + AD;1;Placebo;0,0000;0,0000;0,0000;TRUE;TRUE
Counselling individual + AD;-0,1937;-1,5170;1,1296;-0,1937;-1,5170;1,1296;Psychoeducation group + AD;1;Placebo;0,0000;0,0000;0,0000;TRUE;TRUE
Counselling individual + placebo;0,1501;-1,6724;1,9726;0,1501;-1,6724;1,9726;Psychoeducation group + AD;1;Placebo;0,0000;0,0000;0,0000;TRUE;TRUE
Exercise group;-0,8993;-1,6153;-0,1832;-0,8993;-1,6153;-0,1832;Psychoeducation group + AD;1;Placebo;0,0000;0,0000;0,0000;TRUE;TRUE
Exercise group + AD;-3,4467;-4,6928;-2,2006;-3,4467;-4,6928;-2,2006;Psychoeducation group + AD;1;Placebo;0,0000;0,0000;0,0000;TRUE;TRUE
Exercise individual;-0,7556;-1,4550;-0,0562;-0,7556;-1,4550;-0,0562;Psychoeducation group + AD;1;Placebo;0,0000;0,0000;0,0000;TRUE;TRUE
Exercise individual + AD;-1,4503;-2,3661;-0,5345;-1,4503;-2,3661;-0,5345;Psychoeducation group + AD;1;Placebo;0,0000;0,0000;0,0000;TRUE;TRUE
Interpersonal psychotherapy (IPT) individual;-0,5561;-1,1991;0,0869;-0,5561;-1,1991;0,0869;Psychoeducation group + AD;1;Placebo;0,0000;0,0000;0,0000;TRUE;TRUE
Interpersonal psychotherapy (IPT) individual + AD;-0,8108;-1,5611;-0,0605;-0,8108;-1,5611;-0,0605;Psychoeducation group + AD;1;Placebo;0,0000;0,0000;0,0000;TRUE;TRUE
Interpersonal psychotherapy (IPT) individual + placebo;-0,5149;-1,3638;0,3340;-0,5149;-1,3638;0,3340;Psychoeducation group + AD;1;Placebo;0,0000;0,0000;0,0000;TRUE;TRUE
Light therapy;-0,8700;-1,9121;0,1721;-0,8700;-1,9121;0,1721;Psychoeducation group + AD;1;Placebo;0,0000;0,0000;0,0000;TRUE;TRUE
Light therapy + AD;-1,2062;-2,0280;-0,3844;-1,2062;-2,0280;-0,3844;Psychoeducation group + AD;1;Placebo;0,0000;0,0000;0,0000;TRUE;TRUE
Mindfulness or meditation group;-4,2459;-6,0031;-2,4886;-4,2459;-6,0031;-2,4886;Psychoeducation group + AD;1;Placebo;0,0000;0,0000;0,0000;TRUE;TRUE
Mirtazapine;-0,6954;-0,9513;-0,4395;-0,6954;-0,9513;-0,4395;Psychoeducation group + AD;1;Placebo;0,0000;0,0000;0,0000;TRUE;TRUE
Music therapy group;-0,7770;-2,2462;0,6922;-0,7770;-2,2462;0,6922;Psychoeducation group + AD;1;Placebo;0,0000;0,0000;0,0000;TRUE;TRUE
No treatment;-0,1148;-0,5823;0,3527;-0,1148;-0,5823;0,3527;Psychoeducation group + AD;1;Placebo;0,0000;0,0000;0,0000;TRUE;TRUE
Peer support group;-1,3571;-2,6719;-0,0423;-1,3571;-2,6719;-0,0423;Psychoeducation group + AD;1;Placebo;0,0000;0,0000;0,0000;TRUE;TRUE
Peer support group + AD;-1,4781;-2,7913;-0,1649;-1,4781;-2,7913;-0,1649;Psychoeducation group + AD;1;Placebo;0,0000;0,0000;0,0000;TRUE;TRUE
Placebo;0,0000;0,0000;0,0000;0,0000;0,0000;0,0000;Psychoeducation group + AD;1;Placebo;0,0000;0,0000;NA;TRUE;TRUE
Problem solving group;-2,9953;-4,1991;-1,7915;-2,9953;-4,1991;-1,7915;Psychoeducation group + AD;1;Placebo;0,0000;0,0000;0,0000;TRUE;TRUE
Problem solving individual;-0,9765;-1,6284;-0,3247;-0,9765;-1,6284;-0,3247;Psychoeducation group + AD;1;Placebo;0,0000;0,0000;0,0000;TRUE;TRUE
Psychoeducation group;-1,3504;-2,6595;-0,0412;-1,3504;-2,6595;-0,0412;Psychoeducation group + AD;1;Placebo;0,0000;0,0000;0,0000;TRUE;TRUE
Relaxation individual + AD;-0,7883;-2,0071;0,4306;-0,7883;-2,0071;0,4306;Psychoeducation group + AD;1;Placebo;0,0000;0,0000;0,0000;TRUE;TRUE
Relaxation individual + placebo;-0,1558;-1,3582;1,0465;-0,1558;-1,3582;1,0465;Psychoeducation group + AD;1;Placebo;0,0000;0,0000;0,0000;TRUE;TRUE
Self-help;-0,6497;-1,2124;-0,0870;-0,6497;-1,2124;-0,0870;Psychoeducation group + AD;1;Placebo;0,0000;0,0000;0,0000;TRUE;TRUE
Self-help with support;-0,6290;-1,1818;-0,0762;-0,6290;-1,1818;-0,0762;Psychoeducation group + AD;1;Placebo;0,0000;0,0000;0,0000;TRUE;TRUE
Sham acupuncture;-0,1507;-0,9170;0,6157;-0,1507;-0,9170;0,6157;Psychoeducation group + AD;1;Placebo;0,0000;0,0000;0,0000;TRUE;TRUE
Short-term psychodynamic psychotherapies individual;-0,7098;-1,3789;-0,0406;-0,7098;-1,3789;-0,0406;Psychoeducation group + AD;1;Placebo;0,0000;0,0000;0,0000;TRUE;TRUE
Short-term psychodynamic psychotherapies individual + AD;-0,5020;-1,6798;0,6758;-0,5020;-1,6798;0,6758;Psychoeducation group + AD;1;Placebo;0,0000;0,0000;0,0000;TRUE;TRUE
SNRIs;-0,7113;-0,8632;-0,5595;-0,7113;-0,8632;-0,5595;Psychoeducation group + AD;1;Placebo;0,0000;0,0000;0,0000;TRUE;TRUE
SSRIs;-0,5218;-0,6325;-0,4111;-0,5218;-0,6325;-0,4111;Psychoeducation group + AD;1;Placebo;0,0000;0,0000;0,0000;TRUE;TRUE
TAU;-0,3454;-0,8923;0,2016;-0,3454;-0,8923;0,2016;Psychoeducation group + AD;1;Placebo;0,0000;0,0000;0,0000;TRUE;TRUE
TCAs;-0,6273;-0,7817;-0,4729;-0,6273;-0,7817;-0,4729;Psychoeducation group + AD;1;Placebo;0,0000;0,0000;0,0000;TRUE;TRUE
Trazodone;-0,4002;-0,7486;-0,0517;-0,4002;-0,7486;-0,0517;Psychoeducation group + AD;1;Placebo;0,0000;0,0000;0,0000;TRUE;TRUE
Waitlist;0,6737;0,1761;1,1713;0,6737;0,1761;1,1713;Psychoeducation group + AD;1;Placebo;0,0000;0,0000;0,0000;TRUE;TRUE
Yoga group;-0,8845;-1,8640;0,0951;-0,8845;-1,8640;0,0951;Psychoeducation group + AD;1;Placebo;0,0000;0,0000;0,0000;TRUE;TRUE
Yoga group + AD;-1,8580;-3,3190;-0,3970;-1,8580;-3,3190;-0,3970;Psychoeducation group + AD;1;Placebo;0,0000;0,0000;0,0000;TRUE;TRUE
Acupuncture;-0,9163;-1,4419;-0,3906;-0,9163;-1,4419;-0,3906;Relaxation individual + AD;1;Placebo;0,0000;0,0000;0,0000;TRUE;TRUE
Acupuncture + AD;-1,7488;-2,2550;-1,2426;-1,7488;-2,2550;-1,2426;Relaxation individual + AD;1;Placebo;0,0000;0,0000;0,0000;TRUE;TRUE
Any AD;-0,6661;-1,1825;-0,1496;-0,6661;-1,1825;-0,1496;Relaxation individual + AD;1;Placebo;0,0000;0,0000;0,0000;TRUE;TRUE
Any psychotherapy;0,1486;-0,9207;1,2178;0,1486;-0,9207;1,2178;Relaxation individual + AD;1;Placebo;0,0000;0,0000;0,0000;TRUE;TRUE
Attention placebo;0,5718;-0,4354;1,5789;0,5718;-0,4354;1,5789;Relaxation individual + AD;1;Placebo;0,0000;0,0000;0,0000;TRUE;TRUE
Behavioural therapies individual;0,3156;-0,4066;1,0379;0,3156;-0,4066;1,0379;Relaxation individual + AD;1;Placebo;0,0000;0,0000;0,0000;TRUE;TRUE
Behavioural therapies individual + AD;-0,7311;-1,8053;0,3431;-0,7311;-1,8053;0,3431;Relaxation individual + AD;1;Placebo;0,0000;0,0000;0,0000;TRUE;TRUE
Cognitive and cognitive behavioural therapies group;-0,9528;-1,5432;-0,3624;-0,9528;-1,5432;-0,3624;Relaxation individual + AD;1;Placebo;0,0000;0,0000;0,0000;TRUE;TRUE
Cognitive and cognitive behavioural therapies group + AD;-1,3304;-2,3521;-0,3087;-1,3304;-2,3521;-0,3087;Relaxation individual + AD;1;Placebo;0,0000;0,0000;0,0000;TRUE;TRUE
Cognitive and cognitive behavioural therapies individual;-0,8540;-1,1770;-0,5311;-0,8540;-1,1770;-0,5311;Relaxation individual + AD;1;Placebo;0,0000;0,0000;0,0000;TRUE;TRUE
Cognitive and cognitive behavioural therapies individual + AD;-1,3372;-1,8771;-0,7973;-1,3372;-1,8771;-0,7973;Relaxation individual + AD;1;Placebo;0,0000;0,0000;0,0000;TRUE;TRUE
Cognitive and cognitive behavioural therapies individual + placebo;-1,3101;-2,1924;-0,4278;-1,3101;-2,1924;-0,4278;Relaxation individual + AD;1;Placebo;0,0000;0,0000;0,0000;TRUE;TRUE
Counselling individual;-0,6775;-1,2871;-0,0679;-0,6775;-1,2871;-0,0679;Relaxation individual + AD;1;Placebo;0,0000;0,0000;0,0000;TRUE;TRUE
Counselling individual + AD;-0,1937;-1,5170;1,1296;-0,1937;-1,5170;1,1296;Relaxation individual + AD;1;Placebo;0,0000;0,0000;0,0000;TRUE;TRUE
Counselling individual + placebo;0,1501;-1,6724;1,9726;0,1501;-1,6724;1,9726;Relaxation individual + AD;1;Placebo;0,0000;0,0000;0,0000;TRUE;TRUE
Exercise group;-0,8993;-1,6153;-0,1832;-0,8993;-1,6153;-0,1832;Relaxation individual + AD;1;Placebo;0,0000;0,0000;0,0000;TRUE;TRUE
Exercise group + AD;-3,4467;-4,6928;-2,2006;-3,4467;-4,6928;-2,2006;Relaxation individual + AD;1;Placebo;0,0000;0,0000;0,0000;TRUE;TRUE
Exercise individual;-0,7556;-1,4550;-0,0562;-0,7556;-1,4550;-0,0562;Relaxation individual + AD;1;Placebo;0,0000;0,0000;0,0000;TRUE;TRUE
Exercise individual + AD;-1,4503;-2,3661;-0,5345;-1,4503;-2,3661;-0,5345;Relaxation individual + AD;1;Placebo;0,0000;0,0000;0,0000;TRUE;TRUE
Interpersonal psychotherapy (IPT) individual;-0,5561;-1,1991;0,0869;-0,5561;-1,1991;0,0869;Relaxation individual + AD;1;Placebo;0,0000;0,0000;0,0000;TRUE;TRUE
Interpersonal psychotherapy (IPT) individual + AD;-0,8108;-1,5611;-0,0605;-0,8108;-1,5611;-0,0605;Relaxation individual + AD;1;Placebo;0,0000;0,0000;0,0000;TRUE;TRUE
Interpersonal psychotherapy (IPT) individual + placebo;-0,5149;-1,3638;0,3340;-0,5149;-1,3638;0,3340;Relaxation individual + AD;1;Placebo;0,0000;0,0000;0,0000;TRUE;TRUE
Light therapy;-0,8700;-1,9121;0,1721;-0,8700;-1,9121;0,1721;Relaxation individual + AD;1;Placebo;0,0000;0,0000;0,0000;TRUE;TRUE
Light therapy + AD;-1,2062;-2,0280;-0,3844;-1,2062;-2,0280;-0,3844;Relaxation individual + AD;1;Placebo;0,0000;0,0000;0,0000;TRUE;TRUE
Mindfulness or meditation group;-4,2459;-6,0031;-2,4886;-4,2459;-6,0031;-2,4886;Relaxation individual + AD;1;Placebo;0,0000;0,0000;0,0000;TRUE;TRUE
Mirtazapine;-0,6954;-0,9513;-0,4395;-0,6954;-0,9513;-0,4395;Relaxation individual + AD;1;Placebo;0,0000;0,0000;0,0000;TRUE;TRUE
Music therapy group;-0,7770;-2,2462;0,6922;-0,7770;-2,2462;0,6922;Relaxation individual + AD;1;Placebo;0,0000;0,0000;0,0000;TRUE;TRUE
No treatment;-0,1148;-0,5823;0,3527;-0,1148;-0,5823;0,3527;Relaxation individual + AD;1;Placebo;0,0000;0,0000;0,0000;TRUE;TRUE
Peer support group;-1,3571;-2,6719;-0,0423;-1,3571;-2,6719;-0,0423;Relaxation individual + AD;1;Placebo;0,0000;0,0000;0,0000;TRUE;TRUE
Peer support group + AD;-1,4781;-2,7913;-0,1649;-1,4781;-2,7913;-0,1649;Relaxation individual + AD;1;Placebo;0,0000;0,0000;0,0000;TRUE;TRUE
Placebo;0,0000;0,0000;0,0000;0,0000;0,0000;0,0000;Relaxation individual + AD;1;Placebo;0,0000;0,0000;NA;TRUE;TRUE
Problem solving group;-2,9953;-4,1991;-1,7915;-2,9953;-4,1991;-1,7915;Relaxation individual + AD;1;Placebo;0,0000;0,0000;0,0000;TRUE;TRUE
Problem solving individual;-0,9765;-1,6284;-0,3247;-0,9765;-1,6284;-0,3247;Relaxation individual + AD;1;Placebo;0,0000;0,0000;0,0000;TRUE;TRUE
Psychoeducation group;-1,3504;-2,6595;-0,0412;-1,3504;-2,6595;-0,0412;Relaxation individual + AD;1;Placebo;0,0000;0,0000;0,0000;TRUE;TRUE
Psychoeducation group + AD;-0,4584;-1,6559;0,7392;-0,4584;-1,6559;0,7392;Relaxation individual + AD;1;Placebo;0,0000;0,0000;0,0000;TRUE;TRUE
Relaxation individual + placebo;-0,1558;-1,3582;1,0465;-0,1558;-1,3582;1,0465;Relaxation individual + AD;1;Placebo;0,0000;0,0000;0,0000;TRUE;TRUE
Self-help;-0,6497;-1,2124;-0,0870;-0,6497;-1,2124;-0,0870;Relaxation individual + AD;1;Placebo;0,0000;0,0000;0,0000;TRUE;TRUE
Self-help with support;-0,6290;-1,1818;-0,0762;-0,6290;-1,1818;-0,0762;Relaxation individual + AD;1;Placebo;0,0000;0,0000;0,0000;TRUE;TRUE
Sham acupuncture;-0,1507;-0,9170;0,6157;-0,1507;-0,9170;0,6157;Relaxation individual + AD;1;Placebo;0,0000;0,0000;0,0000;TRUE;TRUE
Short-term psychodynamic psychotherapies individual;-0,7098;-1,3789;-0,0406;-0,7098;-1,3789;-0,0406;Relaxation individual + AD;1;Placebo;0,0000;0,0000;0,0000;TRUE;TRUE
Short-term psychodynamic psychotherapies individual + AD;-0,5020;-1,6798;0,6758;-0,5020;-1,6798;0,6758;Relaxation individual + AD;1;Placebo;0,0000;0,0000;0,0000;TRUE;TRUE
SNRIs;-0,7113;-0,8632;-0,5595;-0,7113;-0,8632;-0,5595;Relaxation individual + AD;1;Placebo;0,0000;0,0000;0,0000;TRUE;TRUE
SSRIs;-0,5218;-0,6325;-0,4111;-0,5218;-0,6325;-0,4111;Relaxation individual + AD;1;Placebo;0,0000;0,0000;0,0000;TRUE;TRUE
TAU;-0,3454;-0,8923;0,2016;-0,3454;-0,8923;0,2016;Relaxation individual + AD;1;Placebo;0,0000;0,0000;0,0000;TRUE;TRUE
TCAs;-0,6273;-0,7817;-0,4729;-0,6273;-0,7817;-0,4729;Relaxation individual + AD;1;Placebo;0,0000;0,0000;0,0000;TRUE;TRUE
Trazodone;-0,4002;-0,7486;-0,0517;-0,4002;-0,7486;-0,0517;Relaxation individual + AD;1;Placebo;0,0000;0,0000;0,0000;TRUE;TRUE
Waitlist;0,6737;0,1761;1,1713;0,6737;0,1761;1,1713;Relaxation individual + AD;1;Placebo;0,0000;0,0000;0,0000;TRUE;TRUE
Yoga group;-0,8845;-1,8640;0,0951;-0,8845;-1,8640;0,0951;Relaxation individual + AD;1;Placebo;0,0000;0,0000;0,0000;TRUE;TRUE
Yoga group + AD;-1,8580;-3,3190;-0,3970;-1,8580;-3,3190;-0,3970;Relaxation individual + AD;1;Placebo;0,0000;0,0000;0,0000;TRUE;TRUE
Acupuncture;-0,9163;-1,4419;-0,3906;-0,9163;-1,4419;-0,3906;Relaxation individual + placebo;1;Placebo;0,0000;0,0000;0,0000;TRUE;TRUE
Acupuncture + AD;-1,7488;-2,2550;-1,2426;-1,7488;-2,2550;-1,2426;Relaxation individual + placebo;1;Placebo;0,0000;0,0000;0,0000;TRUE;TRUE
Any AD;-0,6661;-1,1825;-0,1496;-0,6661;-1,1825;-0,1496;Relaxation individual + placebo;1;Placebo;0,0000;0,0000;0,0000;TRUE;TRUE
Any psychotherapy;0,1486;-0,9207;1,2178;0,1486;-0,9207;1,2178;Relaxation individual + placebo;1;Placebo;0,0000;0,0000;0,0000;TRUE;TRUE
Attention placebo;0,5718;-0,4354;1,5789;0,5718;-0,4354;1,5789;Relaxation individual + placebo;1;Placebo;0,0000;0,0000;0,0000;TRUE;TRUE
Behavioural therapies individual;0,3156;-0,4066;1,0379;0,3156;-0,4066;1,0379;Relaxation individual + placebo;1;Placebo;0,0000;0,0000;0,0000;TRUE;TRUE
Behavioural therapies individual + AD;-0,7311;-1,8053;0,3431;-0,7311;-1,8053;0,3431;Relaxation individual + placebo;1;Placebo;0,0000;0,0000;0,0000;TRUE;TRUE
Cognitive and cognitive behavioural therapies group;-0,9528;-1,5432;-0,3624;-0,9528;-1,5432;-0,3624;Relaxation individual + placebo;1;Placebo;0,0000;0,0000;0,0000;TRUE;TRUE
Cognitive and cognitive behavioural therapies group + AD;-1,3304;-2,3521;-0,3087;-1,3304;-2,3521;-0,3087;Relaxation individual + placebo;1;Placebo;0,0000;0,0000;0,0000;TRUE;TRUE
Cognitive and cognitive behavioural therapies individual;-0,8540;-1,1770;-0,5311;-0,8540;-1,1770;-0,5311;Relaxation individual + placebo;1;Placebo;0,0000;0,0000;0,0000;TRUE;TRUE
Cognitive and cognitive behavioural therapies individual + AD;-1,3372;-1,8771;-0,7973;-1,3372;-1,8771;-0,7973;Relaxation individual + placebo;1;Placebo;0,0000;0,0000;0,0000;TRUE;TRUE
Cognitive and cognitive behavioural therapies individual + placebo;-1,3101;-2,1924;-0,4278;-1,3101;-2,1924;-0,4278;Relaxation individual + placebo;1;Placebo;0,0000;0,0000;0,0000;TRUE;TRUE
Counselling individual;-0,6775;-1,2871;-0,0679;-0,6775;-1,2871;-0,0679;Relaxation individual + placebo;1;Placebo;0,0000;0,0000;0,0000;TRUE;TRUE
Counselling individual + AD;-0,1937;-1,5170;1,1296;-0,1937;-1,5170;1,1296;Relaxation individual + placebo;1;Placebo;0,0000;0,0000;0,0000;TRUE;TRUE
Counselling individual + placebo;0,1501;-1,6724;1,9726;0,1501;-1,6724;1,9726;Relaxation individual + placebo;1;Placebo;0,0000;0,0000;0,0000;TRUE;TRUE
Exercise group;-0,8993;-1,6153;-0,1832;-0,8993;-1,6153;-0,1832;Relaxation individual + placebo;1;Placebo;0,0000;0,0000;0,0000;TRUE;TRUE
Exercise group + AD;-3,4467;-4,6928;-2,2006;-3,4467;-4,6928;-2,2006;Relaxation individual + placebo;1;Placebo;0,0000;0,0000;0,0000;TRUE;TRUE
Exercise individual;-0,7556;-1,4550;-0,0562;-0,7556;-1,4550;-0,0562;Relaxation individual + placebo;1;Placebo;0,0000;0,0000;0,0000;TRUE;TRUE
Exercise individual + AD;-1,4503;-2,3661;-0,5345;-1,4503;-2,3661;-0,5345;Relaxation individual + placebo;1;Placebo;0,0000;0,0000;0,0000;TRUE;TRUE
Interpersonal psychotherapy (IPT) individual;-0,5561;-1,1991;0,0869;-0,5561;-1,1991;0,0869;Relaxation individual + placebo;1;Placebo;0,0000;0,0000;0,0000;TRUE;TRUE
Interpersonal psychotherapy (IPT) individual + AD;-0,8108;-1,5611;-0,0605;-0,8108;-1,5611;-0,0605;Relaxation individual + placebo;1;Placebo;0,0000;0,0000;0,0000;TRUE;TRUE
Interpersonal psychotherapy (IPT) individual + placebo;-0,5149;-1,3638;0,3340;-0,5149;-1,3638;0,3340;Relaxation individual + placebo;1;Placebo;0,0000;0,0000;0,0000;TRUE;TRUE
Light therapy;-0,8700;-1,9121;0,1721;-0,8700;-1,9121;0,1721;Relaxation individual + placebo;1;Placebo;0,0000;0,0000;0,0000;TRUE;TRUE
Light therapy + AD;-1,2062;-2,0280;-0,3844;-1,2062;-2,0280;-0,3844;Relaxation individual + placebo;1;Placebo;0,0000;0,0000;0,0000;TRUE;TRUE
Mindfulness or meditation group;-4,2459;-6,0031;-2,4886;-4,2459;-6,0031;-2,4886;Relaxation individual + placebo;1;Placebo;0,0000;0,0000;0,0000;TRUE;TRUE
Mirtazapine;-0,6954;-0,9513;-0,4395;-0,6954;-0,9513;-0,4395;Relaxation individual + placebo;1;Placebo;0,0000;0,0000;0,0000;TRUE;TRUE
Music therapy group;-0,7770;-2,2462;0,6922;-0,7770;-2,2462;0,6922;Relaxation individual + placebo;1;Placebo;0,0000;0,0000;0,0000;TRUE;TRUE
No treatment;-0,1148;-0,5823;0,3527;-0,1148;-0,5823;0,3527;Relaxation individual + placebo;1;Placebo;0,0000;0,0000;0,0000;TRUE;TRUE
Peer support group;-1,3571;-2,6719;-0,0423;-1,3571;-2,6719;-0,0423;Relaxation individual + placebo;1;Placebo;0,0000;0,0000;0,0000;TRUE;TRUE
Peer support group + AD;-1,4781;-2,7913;-0,1649;-1,4781;-2,7913;-0,1649;Relaxation individual + placebo;1;Placebo;0,0000;0,0000;0,0000;TRUE;TRUE
Placebo;0,0000;0,0000;0,0000;0,0000;0,0000;0,0000;Relaxation individual + placebo;1;Placebo;0,0000;0,0000;NA;TRUE;TRUE
Problem solving group;-2,9953;-4,1991;-1,7915;-2,9953;-4,1991;-1,7915;Relaxation individual + placebo;1;Placebo;0,0000;0,0000;0,0000;TRUE;TRUE
Problem solving individual;-0,9765;-1,6284;-0,3247;-0,9765;-1,6284;-0,3247;Relaxation individual + placebo;1;Placebo;0,0000;0,0000;0,0000;TRUE;TRUE
Psychoeducation group;-1,3504;-2,6595;-0,0412;-1,3504;-2,6595;-0,0412;Relaxation individual + placebo;1;Placebo;0,0000;0,0000;0,0000;TRUE;TRUE
Psychoeducation group + AD;-0,4584;-1,6559;0,7392;-0,4584;-1,6559;0,7392;Relaxation individual + placebo;1;Placebo;0,0000;0,0000;0,0000;TRUE;TRUE
Relaxation individual + AD;-0,7883;-2,0071;0,4306;-0,7883;-2,0071;0,4306;Relaxation individual + placebo;1;Placebo;0,0000;0,0000;0,0000;TRUE;TRUE
Self-help;-0,6497;-1,2124;-0,0870;-0,6497;-1,2124;-0,0870;Relaxation individual + placebo;1;Placebo;0,0000;0,0000;0,0000;TRUE;TRUE
Self-help with support;-0,6290;-1,1818;-0,0762;-0,6290;-1,1818;-0,0762;Relaxation individual + placebo;1;Placebo;0,0000;0,0000;0,0000;TRUE;TRUE
Sham acupuncture;-0,1507;-0,9170;0,6157;-0,1507;-0,9170;0,6157;Relaxation individual + placebo;1;Placebo;0,0000;0,0000;0,0000;TRUE;TRUE
Short-term psychodynamic psychotherapies individual;-0,7098;-1,3789;-0,0406;-0,7098;-1,3789;-0,0406;Relaxation individual + placebo;1;Placebo;0,0000;0,0000;0,0000;TRUE;TRUE
Short-term psychodynamic psychotherapies individual + AD;-0,5020;-1,6798;0,6758;-0,5020;-1,6798;0,6758;Relaxation individual + placebo;1;Placebo;0,0000;0,0000;0,0000;TRUE;TRUE
SNRIs;-0,7113;-0,8632;-0,5595;-0,7113;-0,8632;-0,5595;Relaxation individual + placebo;1;Placebo;0,0000;0,0000;0,0000;TRUE;TRUE
SSRIs;-0,5218;-0,6325;-0,4111;-0,5218;-0,6325;-0,4111;Relaxation individual + placebo;1;Placebo;0,0000;0,0000;0,0000;TRUE;TRUE
TAU;-0,3454;-0,8923;0,2016;-0,3454;-0,8923;0,2016;Relaxation individual + placebo;1;Placebo;0,0000;0,0000;0,0000;TRUE;TRUE
TCAs;-0,6273;-0,7817;-0,4729;-0,6273;-0,7817;-0,4729;Relaxation individual + placebo;1;Placebo;0,0000;0,0000;0,0000;TRUE;TRUE
Trazodone;-0,4002;-0,7486;-0,0517;-0,4002;-0,7486;-0,0517;Relaxation individual + placebo;1;Placebo;0,0000;0,0000;0,0000;TRUE;TRUE
Waitlist;0,6737;0,1761;1,1713;0,6737;0,1761;1,1713;Relaxation individual + placebo;1;Placebo;0,0000;0,0000;0,0000;TRUE;TRUE
Yoga group;-0,8845;-1,8640;0,0951;-0,8845;-1,8640;0,0951;Relaxation individual + placebo;1;Placebo;0,0000;0,0000;0,0000;TRUE;TRUE
Yoga group + AD;-1,8580;-3,3190;-0,3970;-1,8580;-3,3190;-0,3970;Relaxation individual + placebo;1;Placebo;0,0000;0,0000;0,0000;TRUE;TRUE
Acupuncture;-0,9163;-1,4419;-0,3906;-0,9475;-1,4742;-0,4208;Self-help;1;Placebo;-0,0312;0,0312;0,0341;TRUE;TRUE
Acupuncture + AD;-1,7488;-2,2550;-1,2426;-1,7495;-2,2548;-1,2442;Self-help;1;Placebo;-0,0007;0,0007;0,0004;TRUE;TRUE
Any AD;-0,6661;-1,1825;-0,1496;-0,6674;-1,1832;-0,1516;Self-help;1;Placebo;-0,0013;0,0013;0,0020;TRUE;TRUE
Any psychotherapy;0,1486;-0,9207;1,2178;0,1414;-0,9262;1,2089;Self-help;1;Placebo;-0,0072;0,0072;0,0486;TRUE;TRUE
Attention placebo;0,5718;-0,4354;1,5789;1,3793;-0,0179;2,7766;Self-help;1;Placebo;0,8076;0,8076;1,4124;TRUE;TRUE
Behavioural therapies individual;0,3156;-0,4066;1,0379;0,3107;-0,4104;1,0319;Self-help;1;Placebo;-0,0049;0,0049;0,0155;TRUE;TRUE
Behavioural therapies individual + AD;-0,7311;-1,8053;0,3431;-0,7317;-1,8043;0,3410;Self-help;1;Placebo;-0,0006;0,0006;0,0008;TRUE;TRUE
Cognitive and cognitive behavioural therapies group;-0,9528;-1,5432;-0,3624;-0,9446;-1,5419;-0,3473;Self-help;1;Placebo;0,0082;0,0082;0,0086;TRUE;TRUE
Cognitive and cognitive behavioural therapies group + AD;-1,3304;-2,3521;-0,3087;-1,3317;-2,3517;-0,3117;Self-help;1;Placebo;-0,0013;0,0013;0,0010;TRUE;TRUE
Cognitive and cognitive behavioural therapies individual;-0,8540;-1,1770;-0,5311;-0,8596;-1,1829;-0,5363;Self-help;1;Placebo;-0,0056;0,0056;0,0065;TRUE;TRUE
Cognitive and cognitive behavioural therapies individual + AD;-1,3372;-1,8771;-0,7973;-1,3387;-1,8778;-0,7997;Self-help;1;Placebo;-0,0015;0,0015;0,0011;TRUE;TRUE
Cognitive and cognitive behavioural therapies individual + placebo;-1,3101;-2,1924;-0,4278;-1,3122;-2,1931;-0,4313;Self-help;1;Placebo;-0,0021;0,0021;0,0016;TRUE;TRUE
Counselling individual;-0,6775;-1,2871;-0,0679;-0,6813;-1,3041;-0,0585;Self-help;1;Placebo;-0,0038;0,0038;0,0056;TRUE;TRUE
Counselling individual + AD;-0,1937;-1,5170;1,1296;-0,1946;-1,5158;1,1267;Self-help;1;Placebo;-0,0009;0,0009;0,0046;TRUE;TRUE
Counselling individual + placebo;0,1501;-1,6724;1,9726;0,1492;-1,6703;1,9687;Self-help;1;Placebo;-0,0009;0,0009;0,0059;TRUE;TRUE
Exercise group;-0,8993;-1,6153;-0,1832;-0,8874;-1,6025;-0,1723;Self-help;1;Placebo;0,0118;0,0118;0,0132;TRUE;TRUE
Exercise group + AD;-3,4467;-4,6928;-2,2006;-3,4473;-4,6911;-2,2034;Self-help;1;Placebo;-0,0006;0,0006;0,0002;TRUE;TRUE
Exercise individual;-0,7556;-1,4550;-0,0562;-0,7415;-1,4402;-0,0429;Self-help;1;Placebo;0,0141;0,0141;0,0187;TRUE;TRUE
Exercise individual + AD;-1,4503;-2,3661;-0,5345;-1,4404;-2,3550;-0,5257;Self-help;1;Placebo;0,0099;0,0099;0,0068;TRUE;TRUE
Interpersonal psychotherapy (IPT) individual;-0,5561;-1,1991;0,0869;-0,5583;-1,2002;0,0835;Self-help;1;Placebo;-0,0023;0,0023;0,0041;TRUE;TRUE
Interpersonal psychotherapy (IPT) individual + AD;-0,8108;-1,5611;-0,0605;-0,8120;-1,5611;-0,0629;Self-help;1;Placebo;-0,0012;0,0012;0,0015;TRUE;TRUE
Interpersonal psychotherapy (IPT) individual + placebo;-0,5149;-1,3638;0,3340;-0,5163;-1,3637;0,3312;Self-help;1;Placebo;-0,0014;0,0014;0,0028;TRUE;TRUE
Light therapy;-0,8700;-1,9121;0,1721;-0,8703;-1,9105;0,1700;Self-help;1;Placebo;-0,0003;0,0003;0,0003;TRUE;TRUE
Light therapy + AD;-1,2062;-2,0280;-0,3844;-1,2064;-2,0268;-0,3861;Self-help;1;Placebo;-0,0002;0,0002;0,0002;TRUE;TRUE
Mindfulness or meditation group;-4,2459;-6,0031;-2,4886;-4,2101;-5,9667;-2,4535;Self-help;1;Placebo;0,0358;0,0358;0,0084;TRUE;TRUE
Mirtazapine;-0,6954;-0,9513;-0,4395;-0,6958;-0,9512;-0,4405;Self-help;1;Placebo;-0,0004;0,0004;0,0006;TRUE;TRUE
Music therapy group;-0,7770;-2,2462;0,6922;-0,7412;-2,2096;0,7271;Self-help;1;Placebo;0,0358;0,0358;0,0460;TRUE;TRUE
No treatment;-0,1148;-0,5823;0,3527;-0,0790;-0,5499;0,3918;Self-help;1;Placebo;0,0358;0,0358;0,3115;TRUE;TRUE
Peer support group;-1,3571;-2,6719;-0,0423;-1,3585;-2,6709;-0,0460;Self-help;1;Placebo;-0,0013;0,0013;0,0010;TRUE;TRUE
Peer support group + AD;-1,4781;-2,7913;-0,1649;-1,4794;-2,7903;-0,1686;Self-help;1;Placebo;-0,0013;0,0013;0,0009;TRUE;TRUE
Placebo;0,0000;0,0000;0,0000;0,0000;0,0000;0,0000;Self-help;1;Placebo;0,0000;0,0000;NA;TRUE;TRUE
Problem solving group;-2,9953;-4,1991;-1,7915;-3,1375;-4,3569;-1,9180;Self-help;1;Placebo;-0,1421;0,1421;0,0475;TRUE;TRUE
Problem solving individual;-0,9765;-1,6284;-0,3247;-0,8559;-1,5355;-0,1762;Self-help;1;Placebo;0,1207;0,1207;0,1236;TRUE;TRUE
Psychoeducation group;-1,3504;-2,6595;-0,0412;-1,3146;-2,6228;-0,0064;Self-help;1;Placebo;0,0358;0,0358;0,0265;TRUE;TRUE
Psychoeducation group + AD;-0,4584;-1,6559;0,7392;-0,4596;-1,6552;0,7359;Self-help;1;Placebo;-0,0013;0,0013;0,0028;TRUE;TRUE
Relaxation individual + AD;-0,7883;-2,0071;0,4306;-0,7887;-2,0059;0,4286;Self-help;1;Placebo;-0,0004;0,0004;0,0005;TRUE;TRUE
Relaxation individual + placebo;-0,1558;-1,3582;1,0465;-0,1562;-1,3569;1,0444;Self-help;1;Placebo;-0,0004;0,0004;0,0026;TRUE;TRUE
Self-help with support;-0,6290;-1,1818;-0,0762;-0,6633;-1,2221;-0,1044;Self-help;1;Placebo;-0,0343;0,0343;0,0545;TRUE;TRUE
Sham acupuncture;-0,1507;-0,9170;0,6157;-0,2016;-0,9701;0,5669;Self-help;1;Placebo;-0,0510;0,0510;0,3383;TRUE;TRUE
Short-term psychodynamic psychotherapies individual;-0,7098;-1,3789;-0,0406;-0,7197;-1,3877;-0,0516;Self-help;1;Placebo;-0,0099;0,0099;0,0139;TRUE;TRUE
Short-term psychodynamic psychotherapies individual + AD;-0,5020;-1,6798;0,6758;-0,5031;-1,6790;0,6728;Self-help;1;Placebo;-0,0011;0,0011;0,0022;TRUE;TRUE
SNRIs;-0,7113;-0,8632;-0,5595;-0,7115;-0,8631;-0,5600;Self-help;1;Placebo;-0,0002;0,0002;0,0003;TRUE;TRUE
SSRIs;-0,5218;-0,6325;-0,4111;-0,5224;-0,6329;-0,4118;Self-help;1;Placebo;-0,0006;0,0006;0,0011;TRUE;TRUE
TAU;-0,3454;-0,8923;0,2016;-0,3451;-0,8914;0,2012;Self-help;1;Placebo;0,0003;0,0003;0,0007;TRUE;TRUE
TCAs;-0,6273;-0,7817;-0,4729;-0,6281;-0,7822;-0,4740;Self-help;1;Placebo;-0,0007;0,0007;0,0012;TRUE;TRUE
Trazodone;-0,4002;-0,7486;-0,0517;-0,4006;-0,7483;-0,0528;Self-help;1;Placebo;-0,0004;0,0004;0,0011;TRUE;TRUE
Waitlist;0,6737;0,1761;1,1713;0,5312;-0,0058;1,0683;Self-help;1;Placebo;-0,1425;0,1425;0,2115;TRUE;TRUE
Yoga group;-0,8845;-1,8640;0,0951;-0,9564;-1,9398;0,0270;Self-help;1;Placebo;-0,0719;0,0719;0,0813;TRUE;TRUE
Yoga group + AD;-1,8580;-3,3190;-0,3970;-1,8593;-3,3182;-0,4005;Self-help;1;Placebo;-0,0013;0,0013;0,0007;TRUE;TRUE
Acupuncture;-0,9163;-1,4419;-0,3906;-0,9279;-1,4560;-0,3999;Self-help with support;1;Placebo;-0,0117;0,0117;0,0127;TRUE;TRUE
Acupuncture + AD;-1,7488;-2,2550;-1,2426;-1,7485;-2,2557;-1,2413;Self-help with support;1;Placebo;0,0003;0,0003;0,0002;TRUE;TRUE
Any AD;-0,6661;-1,1825;-0,1496;-0,6655;-1,1830;-0,1479;Self-help with support;1;Placebo;0,0006;0,0006;0,0009;TRUE;TRUE
Any psychotherapy;0,1486;-0,9207;1,2178;0,1777;-0,8995;1,2548;Self-help with support;1;Placebo;0,0291;0,0291;0,1957;TRUE;TRUE
Attention placebo;0,5718;-0,4354;1,5789;0,5541;-0,4587;1,5669;Self-help with support;1;Placebo;-0,0177;0,0177;0,0309;TRUE;TRUE
Behavioural therapies individual;0,3156;-0,4066;1,0379;0,3222;-0,4024;1,0468;Self-help with support;1;Placebo;0,0065;0,0065;0,0207;TRUE;TRUE
Behavioural therapies individual + AD;-0,7311;-1,8053;0,3431;-0,7312;-1,8070;0,3446;Self-help with support;1;Placebo;-0,0001;0,0001;0,0001;TRUE;TRUE
Cognitive and cognitive behavioural therapies group;-0,9528;-1,5432;-0,3624;-0,9471;-1,5478;-0,3465;Self-help with support;1;Placebo;0,0057;0,0057;0,0059;TRUE;TRUE
Cognitive and cognitive behavioural therapies group + AD;-1,3304;-2,3521;-0,3087;-1,3298;-2,3535;-0,3062;Self-help with support;1;Placebo;0,0006;0,0006;0,0004;TRUE;TRUE
Cognitive and cognitive behavioural therapies individual;-0,8540;-1,1770;-0,5311;-0,8565;-1,1817;-0,5313;Self-help with support;1;Placebo;-0,0025;0,0025;0,0029;TRUE;TRUE
Cognitive and cognitive behavioural therapies individual + AD;-1,3372;-1,8771;-0,7973;-1,3386;-1,8796;-0,7977;Self-help with support;1;Placebo;-0,0014;0,0014;0,0011;TRUE;TRUE
Cognitive and cognitive behavioural therapies individual + placebo;-1,3101;-2,1924;-0,4278;-1,3116;-2,1956;-0,4277;Self-help with support;1;Placebo;-0,0015;0,0015;0,0012;TRUE;TRUE
Counselling individual;-0,6775;-1,2871;-0,0679;-0,6819;-1,2934;-0,0703;Self-help with support;1;Placebo;-0,0044;0,0044;0,0065;TRUE;TRUE
Counselling individual + AD;-0,1937;-1,5170;1,1296;-0,1935;-1,5189;1,1319;Self-help with support;1;Placebo;0,0002;0,0002;0,0010;TRUE;TRUE
Counselling individual + placebo;0,1501;-1,6724;1,9726;0,1503;-1,6753;1,9758;Self-help with support;1;Placebo;0,0002;0,0002;0,0012;TRUE;TRUE
Exercise group;-0,8993;-1,6153;-0,1832;-0,8930;-1,6115;-0,1746;Self-help with support;1;Placebo;0,0062;0,0062;0,0069;TRUE;TRUE
Exercise group + AD;-3,4467;-4,6928;-2,2006;-3,4465;-4,6949;-2,1982;Self-help with support;1;Placebo;0,0002;0,0002;0,0001;TRUE;TRUE
Exercise individual;-0,7556;-1,4550;-0,0562;-0,7482;-1,4504;-0,0460;Self-help with support;1;Placebo;0,0074;0,0074;0,0099;TRUE;TRUE
Exercise individual + AD;-1,4503;-2,3661;-0,5345;-1,4446;-2,3625;-0,5268;Self-help with support;1;Placebo;0,0057;0,0057;0,0039;TRUE;TRUE
Interpersonal psychotherapy (IPT) individual;-0,5561;-1,1991;0,0869;-0,5566;-1,2010;0,0877;Self-help with support;1;Placebo;-0,0006;0,0006;0,0010;TRUE;TRUE
Interpersonal psychotherapy (IPT) individual + AD;-0,8108;-1,5611;-0,0605;-0,8107;-1,5625;-0,0590;Self-help with support;1;Placebo;0,0001;0,0001;0,0001;TRUE;TRUE
Interpersonal psychotherapy (IPT) individual + placebo;-0,5149;-1,3638;0,3340;-0,5149;-1,3654;0,3355;Self-help with support;1;Placebo;-0,0001;0,0001;0,0001;TRUE;TRUE
Light therapy;-0,8700;-1,9121;0,1721;-0,8700;-1,9140;0,1741;Self-help with support;1;Placebo;0,0000;0,0000;0,0001;TRUE;TRUE
Light therapy + AD;-1,2062;-2,0280;-0,3844;-1,2062;-2,0295;-0,3829;Self-help with support;1;Placebo;0,0000;0,0000;0,0000;TRUE;TRUE
Mindfulness or meditation group;-4,2459;-6,0031;-2,4886;-4,2268;-5,9900;-2,4637;Self-help with support;1;Placebo;0,0190;0,0190;0,0045;TRUE;TRUE
Mirtazapine;-0,6954;-0,9513;-0,4395;-0,6955;-0,9519;-0,4391;Self-help with support;1;Placebo;-0,0001;0,0001;0,0001;TRUE;TRUE
Music therapy group;-0,7770;-2,2462;0,6922;-0,7580;-2,2342;0,7183;Self-help with support;1;Placebo;0,0190;0,0190;0,0245;TRUE;TRUE
No treatment;-0,1148;-0,5823;0,3527;-0,0958;-0,5792;0,3877;Self-help with support;1;Placebo;0,0190;0,0190;0,1657;TRUE;TRUE
Peer support group;-1,3571;-2,6719;-0,0423;-1,3565;-2,6739;-0,0392;Self-help with support;1;Placebo;0,0006;0,0006;0,0004;TRUE;TRUE
Peer support group + AD;-1,4781;-2,7913;-0,1649;-1,4775;-2,7932;-0,1617;Self-help with support;1;Placebo;0,0006;0,0006;0,0004;TRUE;TRUE
Placebo;0,0000;0,0000;0,0000;0,0000;0,0000;0,0000;Self-help with support;1;Placebo;0,0000;0,0000;NA;TRUE;TRUE
Problem solving group;-2,9953;-4,1991;-1,7915;-3,0468;-4,2656;-1,8281;Self-help with support;1;Placebo;-0,0515;0,0515;0,0172;TRUE;TRUE
Problem solving individual;-0,9765;-1,6284;-0,3247;-0,9926;-1,6486;-0,3365;Self-help with support;1;Placebo;-0,0160;0,0160;0,0164;TRUE;TRUE
Psychoeducation group;-1,3504;-2,6595;-0,0412;-1,3313;-2,6484;-0,0143;Self-help with support;1;Placebo;0,0190;0,0190;0,0141;TRUE;TRUE
Psychoeducation group + AD;-0,4584;-1,6559;0,7392;-0,4580;-1,6578;0,7418;Self-help with support;1;Placebo;0,0003;0,0003;0,0008;TRUE;TRUE
Relaxation individual + AD;-0,7883;-2,0071;0,4306;-0,7885;-2,0091;0,4321;Self-help with support;1;Placebo;-0,0003;0,0003;0,0003;TRUE;TRUE
Relaxation individual + placebo;-0,1558;-1,3582;1,0465;-0,1561;-1,3602;1,0480;Self-help with support;1;Placebo;-0,0003;0,0003;0,0016;TRUE;TRUE
Self-help;-0,6497;-1,2124;-0,0870;-0,6690;-1,2448;-0,0933;Self-help with support;1;Placebo;-0,0193;0,0193;0,0297;TRUE;TRUE
Sham acupuncture;-0,1507;-0,9170;0,6157;-0,1692;-0,9396;0,6012;Self-help with support;1;Placebo;-0,0185;0,0185;0,1229;TRUE;TRUE
Short-term psychodynamic psychotherapies individual;-0,7098;-1,3789;-0,0406;-0,6560;-1,3555;0,0435;Self-help with support;1;Placebo;0,0538;0,0538;0,0757;TRUE;TRUE
Short-term psychodynamic psychotherapies individual + AD;-0,5020;-1,6798;0,6758;-0,5016;-1,6814;0,6782;Self-help with support;1;Placebo;0,0004;0,0004;0,0008;TRUE;TRUE
SNRIs;-0,7113;-0,8632;-0,5595;-0,7116;-0,8637;-0,5594;Self-help with support;1;Placebo;-0,0002;0,0002;0,0003;TRUE;TRUE
SSRIs;-0,5218;-0,6325;-0,4111;-0,5216;-0,6326;-0,4107;Self-help with support;1;Placebo;0,0002;0,0002;0,0003;TRUE;TRUE
TAU;-0,3454;-0,8923;0,2016;-0,3451;-0,8932;0,2030;Self-help with support;1;Placebo;0,0003;0,0003;0,0008;TRUE;TRUE
TCAs;-0,6273;-0,7817;-0,4729;-0,6280;-0,7827;-0,4733;Self-help with support;1;Placebo;-0,0006;0,0006;0,0010;TRUE;TRUE
Trazodone;-0,4002;-0,7486;-0,0517;-0,4002;-0,7493;-0,0511;Self-help with support;1;Placebo;0,0000;0,0000;0,0001;TRUE;TRUE
Waitlist;0,6737;0,1761;1,1713;0,6226;0,0926;1,1526;Self-help with support;1;Placebo;-0,0512;0,0512;0,0759;TRUE;TRUE
Yoga group;-0,8845;-1,8640;0,0951;-0,9105;-1,8958;0,0749;Self-help with support;1;Placebo;-0,0260;0,0260;0,0294;TRUE;TRUE
Yoga group + AD;-1,8580;-3,3190;-0,3970;-1,8574;-3,3207;-0,3941;Self-help with support;1;Placebo;0,0006;0,0006;0,0003;TRUE;TRUE
Acupuncture;-0,9163;-1,4419;-0,3906;-0,9194;-1,4523;-0,3866;Sham acupuncture;1;Placebo;-0,0031;0,0031;0,0034;TRUE;TRUE
Acupuncture + AD;-1,7488;-2,2550;-1,2426;-1,7488;-2,2552;-1,2424;Sham acupuncture;1;Placebo;0,0000;0,0000;0,0000;TRUE;TRUE
Any AD;-0,6661;-1,1825;-0,1496;-0,6655;-1,1823;-0,1487;Sham acupuncture;1;Placebo;0,0006;0,0006;0,0009;TRUE;TRUE
Any psychotherapy;0,1486;-0,9207;1,2178;0,1491;-0,9205;1,2188;Sham acupuncture;1;Placebo;0,0006;0,0006;0,0037;TRUE;TRUE
Attention placebo;0,5718;-0,4354;1,5789;0,5732;-0,4351;1,5816;Sham acupuncture;1;Placebo;0,0015;0,0015;0,0026;TRUE;TRUE
Behavioural therapies individual;0,3156;-0,4066;1,0379;0,3161;-0,4065;1,0387;Sham acupuncture;1;Placebo;0,0005;0,0005;0,0016;TRUE;TRUE
Behavioural therapies individual + AD;-0,7311;-1,8053;0,3431;-0,7310;-1,8054;0,3435;Sham acupuncture;1;Placebo;0,0001;0,0001;0,0002;TRUE;TRUE
Cognitive and cognitive behavioural therapies group;-0,9528;-1,5432;-0,3624;-0,9520;-1,5431;-0,3608;Sham acupuncture;1;Placebo;0,0009;0,0009;0,0009;TRUE;TRUE
Cognitive and cognitive behavioural therapies group + AD;-1,3304;-2,3521;-0,3087;-1,3298;-2,3519;-0,3077;Sham acupuncture;1;Placebo;0,0006;0,0006;0,0004;TRUE;TRUE
Cognitive and cognitive behavioural therapies individual;-0,8540;-1,1770;-0,5311;-0,8534;-1,1769;-0,5298;Sham acupuncture;1;Placebo;0,0007;0,0007;0,0008;TRUE;TRUE
Cognitive and cognitive behavioural therapies individual + AD;-1,3372;-1,8771;-0,7973;-1,3370;-1,8771;-0,7969;Sham acupuncture;1;Placebo;0,0002;0,0002;0,0001;TRUE;TRUE
Cognitive and cognitive behavioural therapies individual + placebo;-1,3101;-2,1924;-0,4278;-1,3099;-2,1925;-0,4273;Sham acupuncture;1;Placebo;0,0002;0,0002;0,0002;TRUE;TRUE
Counselling individual;-0,6775;-1,2871;-0,0679;-0,6765;-1,2869;-0,0662;Sham acupuncture;1;Placebo;0,0010;0,0010;0,0014;TRUE;TRUE
Counselling individual + AD;-0,1937;-1,5170;1,1296;-0,1934;-1,5170;1,1303;Sham acupuncture;1;Placebo;0,0003;0,0003;0,0015;TRUE;TRUE
Counselling individual + placebo;0,1501;-1,6724;1,9726;0,1504;-1,6726;1,9734;Sham acupuncture;1;Placebo;0,0003;0,0003;0,0020;TRUE;TRUE
Exercise group;-0,8993;-1,6153;-0,1832;-0,8989;-1,6152;-0,1826;Sham acupuncture;1;Placebo;0,0003;0,0003;0,0004;TRUE;TRUE
Exercise group + AD;-3,4467;-4,6928;-2,2006;-3,4467;-4,6932;-2,2003;Sham acupuncture;1;Placebo;0,0000;0,0000;0,0000;TRUE;TRUE
Exercise individual;-0,7556;-1,4550;-0,0562;-0,7554;-1,4550;-0,0557;Sham acupuncture;1;Placebo;0,0003;0,0003;0,0004;TRUE;TRUE
Exercise individual + AD;-1,4503;-2,3661;-0,5345;-1,4499;-2,3660;-0,5338;Sham acupuncture;1;Placebo;0,0004;0,0004;0,0003;TRUE;TRUE
Interpersonal psychotherapy (IPT) individual;-0,5561;-1,1991;0,0869;-0,5557;-1,1989;0,0876;Sham acupuncture;1;Placebo;0,0004;0,0004;0,0007;TRUE;TRUE
Interpersonal psychotherapy (IPT) individual + AD;-0,8108;-1,5611;-0,0605;-0,8105;-1,5611;-0,0599;Sham acupuncture;1;Placebo;0,0004;0,0004;0,0004;TRUE;TRUE
Interpersonal psychotherapy (IPT) individual + placebo;-0,5149;-1,3638;0,3340;-0,5145;-1,3637;0,3346;Sham acupuncture;1;Placebo;0,0003;0,0003;0,0006;TRUE;TRUE
Light therapy;-0,8700;-1,9121;0,1721;-0,8700;-1,9124;0,1724;Sham acupuncture;1;Placebo;0,0000;0,0000;0,0000;TRUE;TRUE
Light therapy + AD;-1,2062;-2,0280;-0,3844;-1,2062;-2,0283;-0,3842;Sham acupuncture;1;Placebo;0,0000;0,0000;0,0000;TRUE;TRUE
Mindfulness or meditation group;-4,2459;-6,0031;-2,4886;-4,2452;-6,0029;-2,4875;Sham acupuncture;1;Placebo;0,0007;0,0007;0,0002;TRUE;TRUE
Mirtazapine;-0,6954;-0,9513;-0,4395;-0,6954;-0,9514;-0,4395;Sham acupuncture;1;Placebo;0,0000;0,0000;0,0000;TRUE;TRUE
Music therapy group;-0,7770;-2,2462;0,6922;-0,7763;-2,2460;0,6933;Sham acupuncture;1;Placebo;0,0007;0,0007;0,0009;TRUE;TRUE
No treatment;-0,1148;-0,5823;0,3527;-0,1141;-0,5822;0,3539;Sham acupuncture;1;Placebo;0,0007;0,0007;0,0058;TRUE;TRUE
Peer support group;-1,3571;-2,6719;-0,0423;-1,3566;-2,6718;-0,0413;Sham acupuncture;1;Placebo;0,0006;0,0006;0,0004;TRUE;TRUE
Peer support group + AD;-1,4781;-2,7913;-0,1649;-1,4775;-2,7912;-0,1638;Sham acupuncture;1;Placebo;0,0006;0,0006;0,0004;TRUE;TRUE
Placebo;0,0000;0,0000;0,0000;0,0000;0,0000;0,0000;Sham acupuncture;1;Placebo;0,0000;0,0000;NA;TRUE;TRUE
Problem solving group;-2,9953;-4,1991;-1,7915;-2,9926;-4,1990;-1,7863;Sham acupuncture;1;Placebo;0,0027;0,0027;0,0009;TRUE;TRUE
Problem solving individual;-0,9765;-1,6284;-0,3247;-0,9754;-1,6283;-0,3225;Sham acupuncture;1;Placebo;0,0012;0,0012;0,0012;TRUE;TRUE
Psychoeducation group;-1,3504;-2,6595;-0,0412;-1,3497;-2,6594;-0,0400;Sham acupuncture;1;Placebo;0,0007;0,0007;0,0005;TRUE;TRUE
Psychoeducation group + AD;-0,4584;-1,6559;0,7392;-0,4579;-1,6559;0,7401;Sham acupuncture;1;Placebo;0,0005;0,0005;0,0010;TRUE;TRUE
Relaxation individual + AD;-0,7883;-2,0071;0,4306;-0,7882;-2,0074;0,4310;Sham acupuncture;1;Placebo;0,0000;0,0000;0,0001;TRUE;TRUE
Relaxation individual + placebo;-0,1558;-1,3582;1,0465;-0,1558;-1,3584;1,0468;Sham acupuncture;1;Placebo;0,0000;0,0000;0,0003;TRUE;TRUE
Self-help;-0,6497;-1,2124;-0,0870;-0,6479;-1,2130;-0,0828;Sham acupuncture;1;Placebo;0,0018;0,0018;0,0028;TRUE;TRUE
Self-help with support;-0,6290;-1,1818;-0,0762;-0,6275;-1,1820;-0,0730;Sham acupuncture;1;Placebo;0,0015;0,0015;0,0023;TRUE;TRUE
Short-term psychodynamic psychotherapies individual;-0,7098;-1,3789;-0,0406;-0,7091;-1,3787;-0,0395;Sham acupuncture;1;Placebo;0,0006;0,0006;0,0009;TRUE;TRUE
Short-term psychodynamic psychotherapies individual + AD;-0,5020;-1,6798;0,6758;-0,5016;-1,6797;0,6766;Sham acupuncture;1;Placebo;0,0004;0,0004;0,0009;TRUE;TRUE
SNRIs;-0,7113;-0,8632;-0,5595;-0,7114;-0,8633;-0,5595;Sham acupuncture;1;Placebo;0,0000;0,0000;0,0001;TRUE;TRUE
SSRIs;-0,5218;-0,6325;-0,4111;-0,5218;-0,6326;-0,4111;Sham acupuncture;1;Placebo;0,0000;0,0000;0,0001;TRUE;TRUE
TAU;-0,3454;-0,8923;0,2016;-0,3449;-0,8921;0,2024;Sham acupuncture;1;Placebo;0,0005;0,0005;0,0015;TRUE;TRUE
TCAs;-0,6273;-0,7817;-0,4729;-0,6273;-0,7818;-0,4729;Sham acupuncture;1;Placebo;0,0000;0,0000;0,0000;TRUE;TRUE
Trazodone;-0,4002;-0,7486;-0,0517;-0,4002;-0,7487;-0,0516;Sham acupuncture;1;Placebo;0,0000;0,0000;0,0001;TRUE;TRUE
Waitlist;0,6737;0,1761;1,1713;0,6765;0,1731;1,1798;Sham acupuncture;1;Placebo;0,0027;0,0027;0,0041;TRUE;TRUE
Yoga group;-0,8845;-1,8640;0,0951;-0,8831;-1,8636;0,0975;Sham acupuncture;1;Placebo;0,0014;0,0014;0,0016;TRUE;TRUE
Yoga group + AD;-1,8580;-3,3190;-0,3970;-1,8574;-3,3188;-0,3960;Sham acupuncture;1;Placebo;0,0006;0,0006;0,0003;TRUE;TRUE
Acupuncture;-0,9163;-1,4419;-0,3906;-0,9233;-1,4497;-0,3968;Short-term psychodynamic psychotherapies individual;1;Placebo;-0,0070;0,0070;0,0076;TRUE;TRUE
Acupuncture + AD;-1,7488;-2,2550;-1,2426;-1,7479;-2,2548;-1,2410;Short-term psychodynamic psychotherapies individual;1;Placebo;0,0009;0,0009;0,0005;TRUE;TRUE
Any AD;-0,6661;-1,1825;-0,1496;-0,6788;-1,1974;-0,1602;Short-term psychodynamic psychotherapies individual;1;Placebo;-0,0127;0,0127;0,0191;TRUE;TRUE
Any psychotherapy;0,1486;-0,9207;1,2178;0,6960;-0,7940;2,1859;Short-term psychodynamic psychotherapies individual;1;Placebo;0,5474;0,5474;3,6841;TRUE;TRUE
Attention placebo;0,5718;-0,4354;1,5789;0,5489;-0,4608;1,5585;Short-term psychodynamic psychotherapies individual;1;Placebo;-0,0229;0,0229;0,0401;TRUE;TRUE
Behavioural therapies individual;0,3156;-0,4066;1,0379;0,4445;-0,3243;1,2133;Short-term psychodynamic psychotherapies individual;1;Placebo;0,1288;0,1288;0,4082;TRUE;TRUE
Behavioural therapies individual + AD;-0,7311;-1,8053;0,3431;-0,7344;-1,8097;0,3410;Short-term psychodynamic psychotherapies individual;1;Placebo;-0,0033;0,0033;0,0045;TRUE;TRUE
Cognitive and cognitive behavioural therapies group;-0,9528;-1,5432;-0,3624;-0,9735;-1,5663;-0,3807;Short-term psychodynamic psychotherapies individual;1;Placebo;-0,0207;0,0207;0,0217;TRUE;TRUE
Cognitive and cognitive behavioural therapies group + AD;-1,3304;-2,3521;-0,3087;-1,3432;-2,3669;-0,3194;Short-term psychodynamic psychotherapies individual;1;Placebo;-0,0128;0,0128;0,0096;TRUE;TRUE
Cognitive and cognitive behavioural therapies individual;-0,8540;-1,1770;-0,5311;-0,8727;-1,2020;-0,5434;Short-term psychodynamic psychotherapies individual;1;Placebo;-0,0187;0,0187;0,0219;TRUE;TRUE
Cognitive and cognitive behavioural therapies individual + AD;-1,3372;-1,8771;-0,7973;-1,3458;-1,8869;-0,8046;Short-term psychodynamic psychotherapies individual;1;Placebo;-0,0086;0,0086;0,0064;TRUE;TRUE
Cognitive and cognitive behavioural therapies individual + placebo;-1,3101;-2,1924;-0,4278;-1,3193;-2,2032;-0,4355;Short-term psychodynamic psychotherapies individual;1;Placebo;-0,0092;0,0092;0,0070;TRUE;TRUE
Counselling individual;-0,6775;-1,2871;-0,0679;-0,6965;-1,3087;-0,0842;Short-term psychodynamic psychotherapies individual;1;Placebo;-0,0190;0,0190;0,0280;TRUE;TRUE
Counselling individual + AD;-0,1937;-1,5170;1,1296;-0,2004;-1,5253;1,1245;Short-term psychodynamic psychotherapies individual;1;Placebo;-0,0067;0,0067;0,0347;TRUE;TRUE
Counselling individual + placebo;0,1501;-1,6724;1,9726;0,1434;-1,6814;1,9681;Short-term psychodynamic psychotherapies individual;1;Placebo;-0,0067;0,0067;0,0448;TRUE;TRUE
Exercise group;-0,8993;-1,6153;-0,1832;-0,9091;-1,6265;-0,1918;Short-term psychodynamic psychotherapies individual;1;Placebo;-0,0099;0,0099;0,0110;TRUE;TRUE
Exercise group + AD;-3,4467;-4,6928;-2,2006;-3,4459;-4,6936;-2,1982;Short-term psychodynamic psychotherapies individual;1;Placebo;0,0008;0,0008;0,0002;TRUE;TRUE
Exercise individual;-0,7556;-1,4550;-0,0562;-0,7642;-1,4647;-0,0636;Short-term psychodynamic psychotherapies individual;1;Placebo;-0,0086;0,0086;0,0113;TRUE;TRUE
Exercise individual + AD;-1,4503;-2,3661;-0,5345;-1,4607;-2,3779;-0,5435;Short-term psychodynamic psychotherapies individual;1;Placebo;-0,0104;0,0104;0,0072;TRUE;TRUE
Interpersonal psychotherapy (IPT) individual;-0,5561;-1,1991;0,0869;-0,5664;-1,2111;0,0783;Short-term psychodynamic psychotherapies individual;1;Placebo;-0,0103;0,0103;0,0186;TRUE;TRUE
Interpersonal psychotherapy (IPT) individual + AD;-0,8108;-1,5611;-0,0605;-0,8193;-1,5710;-0,0676;Short-term psychodynamic psychotherapies individual;1;Placebo;-0,0085;0,0085;0,0105;TRUE;TRUE
Interpersonal psychotherapy (IPT) individual + placebo;-0,5149;-1,3638;0,3340;-0,5220;-1,3723;0,3282;Short-term psychodynamic psychotherapies individual;1;Placebo;-0,0072;0,0072;0,0139;TRUE;TRUE
Light therapy;-0,8700;-1,9121;0,1721;-0,8697;-1,9131;0,1738;Short-term psychodynamic psychotherapies individual;1;Placebo;0,0003;0,0003;0,0004;TRUE;TRUE
Light therapy + AD;-1,2062;-2,0280;-0,3844;-1,2060;-2,0289;-0,3832;Short-term psychodynamic psychotherapies individual;1;Placebo;0,0002;0,0002;0,0001;TRUE;TRUE
Mindfulness or meditation group;-4,2459;-6,0031;-2,4886;-4,2649;-6,0240;-2,5058;Short-term psychodynamic psychotherapies individual;1;Placebo;-0,0191;0,0191;0,0045;TRUE;TRUE
Mirtazapine;-0,6954;-0,9513;-0,4395;-0,6954;-0,9516;-0,4392;Short-term psychodynamic psychotherapies individual;1;Placebo;0,0000;0,0000;0,0000;TRUE;TRUE
Music therapy group;-0,7770;-2,2462;0,6922;-0,7961;-2,2674;0,6753;Short-term psychodynamic psychotherapies individual;1;Placebo;-0,0191;0,0191;0,0245;TRUE;TRUE
No treatment;-0,1148;-0,5823;0,3527;-0,1339;-0,6040;0,3363;Short-term psychodynamic psychotherapies individual;1;Placebo;-0,0191;0,0191;0,1660;TRUE;TRUE
Peer support group;-1,3571;-2,6719;-0,0423;-1,3699;-2,6870;-0,0527;Short-term psychodynamic psychotherapies individual;1;Placebo;-0,0127;0,0127;0,0094;TRUE;TRUE
Peer support group + AD;-1,4781;-2,7913;-0,1649;-1,4908;-2,8064;-0,1753;Short-term psychodynamic psychotherapies individual;1;Placebo;-0,0127;0,0127;0,0086;TRUE;TRUE
Placebo;0,0000;0,0000;0,0000;0,0000;0,0000;0,0000;Short-term psychodynamic psychotherapies individual;1;Placebo;0,0000;0,0000;NA;TRUE;TRUE
Problem solving group;-2,9953;-4,1991;-1,7915;-3,0273;-4,2338;-1,8208;Short-term psychodynamic psychotherapies individual;1;Placebo;-0,0320;0,0320;0,0107;TRUE;TRUE
Problem solving individual;-0,9765;-1,6284;-0,3247;-0,9947;-1,6485;-0,3408;Short-term psychodynamic psychotherapies individual;1;Placebo;-0,0181;0,0181;0,0185;TRUE;TRUE
Psychoeducation group;-1,3504;-2,6595;-0,0412;-1,3694;-2,6810;-0,0578;Short-term psychodynamic psychotherapies individual;1;Placebo;-0,0191;0,0191;0,0141;TRUE;TRUE
Psychoeducation group + AD;-0,4584;-1,6559;0,7392;-0,4690;-1,6685;0,7306;Short-term psychodynamic psychotherapies individual;1;Placebo;-0,0106;0,0106;0,0231;TRUE;TRUE
Relaxation individual + AD;-0,7883;-2,0071;0,4306;-0,7898;-2,0099;0,4303;Short-term psychodynamic psychotherapies individual;1;Placebo;-0,0016;0,0016;0,0020;TRUE;TRUE
Relaxation individual + placebo;-0,1558;-1,3582;1,0465;-0,1574;-1,3610;1,0462;Short-term psychodynamic psychotherapies individual;1;Placebo;-0,0016;0,0016;0,0100;TRUE;TRUE
Self-help;-0,6497;-1,2124;-0,0870;-0,6776;-1,2440;-0,1111;Short-term psychodynamic psychotherapies individual;1;Placebo;-0,0279;0,0279;0,0429;TRUE;TRUE
Self-help with support;-0,6290;-1,1818;-0,0762;-0,7004;-1,2687;-0,1320;Short-term psychodynamic psychotherapies individual;1;Placebo;-0,0714;0,0714;0,1135;TRUE;TRUE
Sham acupuncture;-0,1507;-0,9170;0,6157;-0,1619;-0,9296;0,6057;Short-term psychodynamic psychotherapies individual;1;Placebo;-0,0113;0,0113;0,0748;TRUE;TRUE
Short-term psychodynamic psychotherapies individual + AD;-0,5020;-1,6798;0,6758;-0,5118;-1,6914;0,6677;Short-term psychodynamic psychotherapies individual;1;Placebo;-0,0098;0,0098;0,0195;TRUE;TRUE
SNRIs;-0,7113;-0,8632;-0,5595;-0,7115;-0,8636;-0,5594;Short-term psychodynamic psychotherapies individual;1;Placebo;-0,0002;0,0002;0,0003;TRUE;TRUE
SSRIs;-0,5218;-0,6325;-0,4111;-0,5210;-0,6319;-0,4101;Short-term psychodynamic psychotherapies individual;1;Placebo;0,0008;0,0008;0,0016;TRUE;TRUE
TAU;-0,3454;-0,8923;0,2016;-0,3585;-0,9074;0,1904;Short-term psychodynamic psychotherapies individual;1;Placebo;-0,0132;0,0132;0,0381;TRUE;TRUE
TCAs;-0,6273;-0,7817;-0,4729;-0,6287;-0,7834;-0,4741;Short-term psychodynamic psychotherapies individual;1;Placebo;-0,0014;0,0014;0,0022;TRUE;TRUE
Trazodone;-0,4002;-0,7486;-0,0517;-0,4000;-0,7489;-0,0511;Short-term psychodynamic psychotherapies individual;1;Placebo;0,0002;0,0002;0,0005;TRUE;TRUE
Waitlist;0,6737;0,1761;1,1713;0,6420;0,1398;1,1442;Short-term psychodynamic psychotherapies individual;1;Placebo;-0,0317;0,0317;0,0471;TRUE;TRUE
Yoga group;-0,8845;-1,8640;0,0951;-0,9011;-1,8823;0,0802;Short-term psychodynamic psychotherapies individual;1;Placebo;-0,0166;0,0166;0,0188;TRUE;TRUE
Yoga group + AD;-1,8580;-3,3190;-0,3970;-1,8707;-3,3338;-0,4076;Short-term psychodynamic psychotherapies individual;1;Placebo;-0,0127;0,0127;0,0069;TRUE;TRUE
Acupuncture;-0,9163;-1,4419;-0,3906;-0,9171;-1,4429;-0,3913;Short-term psychodynamic psychotherapies individual + AD;1;Placebo;-0,0008;0,0008;0,0009;TRUE;TRUE
Acupuncture + AD;-1,7488;-2,2550;-1,2426;-1,7491;-2,2555;-1,2427;Short-term psychodynamic psychotherapies individual + AD;1;Placebo;-0,0003;0,0003;0,0002;TRUE;TRUE
Any AD;-0,6661;-1,1825;-0,1496;-0,6814;-1,2081;-0,1548;Short-term psychodynamic psychotherapies individual + AD;1;Placebo;-0,0154;0,0154;0,0231;TRUE;TRUE
Any psychotherapy;0,1486;-0,9207;1,2178;0,1462;-0,9235;1,2158;Short-term psychodynamic psychotherapies individual + AD;1;Placebo;-0,0024;0,0024;0,0163;TRUE;TRUE
Attention placebo;0,5718;-0,4354;1,5789;0,5692;-0,4384;1,5768;Short-term psychodynamic psychotherapies individual + AD;1;Placebo;-0,0026;0,0026;0,0045;TRUE;TRUE
Behavioural therapies individual;0,3156;-0,4066;1,0379;0,3133;-0,4093;1,0360;Short-term psychodynamic psychotherapies individual + AD;1;Placebo;-0,0023;0,0023;0,0073;TRUE;TRUE
Behavioural therapies individual + AD;-0,7311;-1,8053;0,3431;-0,6485;-1,8545;0,5576;Short-term psychodynamic psychotherapies individual + AD;1;Placebo;0,0826;0,0826;0,1130;TRUE;TRUE
Cognitive and cognitive behavioural therapies group;-0,9528;-1,5432;-0,3624;-0,9572;-1,5485;-0,3660;Short-term psychodynamic psychotherapies individual + AD;1;Placebo;-0,0044;0,0044;0,0047;TRUE;TRUE
Cognitive and cognitive behavioural therapies group + AD;-1,3304;-2,3521;-0,3087;-1,3458;-2,3729;-0,3187;Short-term psychodynamic psychotherapies individual + AD;1;Placebo;-0,0154;0,0154;0,0116;TRUE;TRUE
Cognitive and cognitive behavioural therapies individual;-0,8540;-1,1770;-0,5311;-0,8576;-1,1815;-0,5337;Short-term psychodynamic psychotherapies individual + AD;1;Placebo;-0,0036;0,0036;0,0042;TRUE;TRUE
Cognitive and cognitive behavioural therapies individual + AD;-1,3372;-1,8771;-0,7973;-1,3402;-1,8805;-0,7998;Short-term psychodynamic psychotherapies individual + AD;1;Placebo;-0,0030;0,0030;0,0022;TRUE;TRUE
Cognitive and cognitive behavioural therapies individual + placebo;-1,3101;-2,1924;-0,4278;-1,3127;-2,1954;-0,4300;Short-term psychodynamic psychotherapies individual + AD;1;Placebo;-0,0026;0,0026;0,0020;TRUE;TRUE
Counselling individual;-0,6775;-1,2871;-0,0679;-0,6805;-1,2905;-0,0704;Short-term psychodynamic psychotherapies individual + AD;1;Placebo;-0,0030;0,0030;0,0044;TRUE;TRUE
Counselling individual + AD;-0,1937;-1,5170;1,1296;-0,0004;-1,8423;1,8414;Short-term psychodynamic psychotherapies individual + AD;1;Placebo;0,1932;0,1932;0,9978;TRUE;TRUE
Counselling individual + placebo;0,1501;-1,6724;1,9726;0,3433;-1,8846;2,5713;Short-term psychodynamic psychotherapies individual + AD;1;Placebo;0,1932;0,1932;1,2876;TRUE;TRUE
Exercise group;-0,8993;-1,6153;-0,1832;-0,9015;-1,6179;-0,1851;Short-term psychodynamic psychotherapies individual + AD;1;Placebo;-0,0023;0,0023;0,0025;TRUE;TRUE
Exercise group + AD;-3,4467;-4,6928;-2,2006;-3,4470;-4,6934;-2,2005;Short-term psychodynamic psychotherapies individual + AD;1;Placebo;-0,0003;0,0003;0,0001;TRUE;TRUE
Exercise individual;-0,7556;-1,4550;-0,0562;-0,7578;-1,4575;-0,0581;Short-term psychodynamic psychotherapies individual + AD;1;Placebo;-0,0021;0,0021;0,0028;TRUE;TRUE
Exercise individual + AD;-1,4503;-2,3661;-0,5345;-1,4572;-2,3743;-0,5400;Short-term psychodynamic psychotherapies individual + AD;1;Placebo;-0,0069;0,0069;0,0047;TRUE;TRUE
Interpersonal psychotherapy (IPT) individual;-0,5561;-1,1991;0,0869;-0,5629;-1,2077;0,0819;Short-term psychodynamic psychotherapies individual + AD;1;Placebo;-0,0068;0,0068;0,0123;TRUE;TRUE
Interpersonal psychotherapy (IPT) individual + AD;-0,8108;-1,5611;-0,0605;-0,8199;-1,5728;-0,0670;Short-term psychodynamic psychotherapies individual + AD;1;Placebo;-0,0091;0,0091;0,0112;TRUE;TRUE
Interpersonal psychotherapy (IPT) individual + placebo;-0,5149;-1,3638;0,3340;-0,5216;-1,3719;0,3287;Short-term psychodynamic psychotherapies individual + AD;1;Placebo;-0,0067;0,0067;0,0131;TRUE;TRUE
Light therapy;-0,8700;-1,9121;0,1721;-0,8702;-1,9126;0,1722;Short-term psychodynamic psychotherapies individual + AD;1;Placebo;-0,0002;0,0002;0,0002;TRUE;TRUE
Light therapy + AD;-1,2062;-2,0280;-0,3844;-1,2064;-2,0284;-0,3844;Short-term psychodynamic psychotherapies individual + AD;1;Placebo;-0,0002;0,0002;0,0002;TRUE;TRUE
Mindfulness or meditation group;-4,2459;-6,0031;-2,4886;-4,2487;-6,0064;-2,4911;Short-term psychodynamic psychotherapies individual + AD;1;Placebo;-0,0029;0,0029;0,0007;TRUE;TRUE
Mirtazapine;-0,6954;-0,9513;-0,4395;-0,6956;-0,9515;-0,4396;Short-term psychodynamic psychotherapies individual + AD;1;Placebo;-0,0002;0,0002;0,0003;TRUE;TRUE
Music therapy group;-0,7770;-2,2462;0,6922;-0,7798;-2,2495;0,6898;Short-term psychodynamic psychotherapies individual + AD;1;Placebo;-0,0029;0,0029;0,0037;TRUE;TRUE
No treatment;-0,1148;-0,5823;0,3527;-0,1176;-0,5857;0,3504;Short-term psychodynamic psychotherapies individual + AD;1;Placebo;-0,0029;0,0029;0,0248;TRUE;TRUE
Peer support group;-1,3571;-2,6719;-0,0423;-1,3725;-2,6917;-0,0534;Short-term psychodynamic psychotherapies individual + AD;1;Placebo;-0,0154;0,0154;0,0113;TRUE;TRUE
Peer support group + AD;-1,4781;-2,7913;-0,1649;-1,4935;-2,8110;-0,1759;Short-term psychodynamic psychotherapies individual + AD;1;Placebo;-0,0154;0,0154;0,0104;TRUE;TRUE
Placebo;0,0000;0,0000;0,0000;0,0000;0,0000;0,0000;Short-term psychodynamic psychotherapies individual + AD;1;Placebo;0,0000;0,0000;NA;TRUE;TRUE
Problem solving group;-2,9953;-4,1991;-1,7915;-2,9981;-4,2022;-1,7939;Short-term psychodynamic psychotherapies individual + AD;1;Placebo;-0,0027;0,0027;0,0009;TRUE;TRUE
Problem solving individual;-0,9765;-1,6284;-0,3247;-0,9787;-1,6309;-0,3265;Short-term psychodynamic psychotherapies individual + AD;1;Placebo;-0,0021;0,0021;0,0022;TRUE;TRUE
Psychoeducation group;-1,3504;-2,6595;-0,0412;-1,3532;-2,6628;-0,0436;Short-term psychodynamic psychotherapies individual + AD;1;Placebo;-0,0029;0,0029;0,0021;TRUE;TRUE
Psychoeducation group + AD;-0,4584;-1,6559;0,7392;-0,4706;-1,6712;0,7301;Short-term psychodynamic psychotherapies individual + AD;1;Placebo;-0,0122;0,0122;0,0266;TRUE;TRUE
Relaxation individual + AD;-0,7883;-2,0071;0,4306;-0,7599;-1,9935;0,4736;Short-term psychodynamic psychotherapies individual + AD;1;Placebo;0,0283;0,0283;0,0360;TRUE;TRUE
Relaxation individual + placebo;-0,1558;-1,3582;1,0465;-0,1279;-1,3447;1,0888;Short-term psychodynamic psychotherapies individual + AD;1;Placebo;0,0279;0,0279;0,1791;TRUE;TRUE
Self-help;-0,6497;-1,2124;-0,0870;-0,6527;-1,2159;-0,0895;Short-term psychodynamic psychotherapies individual + AD;1;Placebo;-0,0030;0,0030;0,0046;TRUE;TRUE
Self-help with support;-0,6290;-1,1818;-0,0762;-0,6321;-1,1854;-0,0787;Short-term psychodynamic psychotherapies individual + AD;1;Placebo;-0,0031;0,0031;0,0049;TRUE;TRUE
Sham acupuncture;-0,1507;-0,9170;0,6157;-0,1518;-0,9184;0,6148;Short-term psychodynamic psychotherapies individual + AD;1;Placebo;-0,0012;0,0012;0,0077;TRUE;TRUE
Short-term psychodynamic psychotherapies individual;-0,7098;-1,3789;-0,0406;-0,7123;-1,3819;-0,0428;Short-term psychodynamic psychotherapies individual + AD;1;Placebo;-0,0025;0,0025;0,0036;TRUE;TRUE
SNRIs;-0,7113;-0,8632;-0,5595;-0,7116;-0,8635;-0,5597;Short-term psychodynamic psychotherapies individual + AD;1;Placebo;-0,0003;0,0003;0,0004;TRUE;TRUE
SSRIs;-0,5218;-0,6325;-0,4111;-0,5221;-0,6329;-0,4113;Short-term psychodynamic psychotherapies individual + AD;1;Placebo;-0,0003;0,0003;0,0005;TRUE;TRUE
TAU;-0,3454;-0,8923;0,2016;-0,3495;-0,8973;0,1982;Short-term psychodynamic psychotherapies individual + AD;1;Placebo;-0,0041;0,0041;0,0120;TRUE;TRUE
TCAs;-0,6273;-0,7817;-0,4729;-0,6274;-0,7819;-0,4730;Short-term psychodynamic psychotherapies individual + AD;1;Placebo;-0,0001;0,0001;0,0001;TRUE;TRUE
Trazodone;-0,4002;-0,7486;-0,0517;-0,4004;-0,7489;-0,0518;Short-term psychodynamic psychotherapies individual + AD;1;Placebo;-0,0002;0,0002;0,0005;TRUE;TRUE
Waitlist;0,6737;0,1761;1,1713;0,6710;0,1730;1,1691;Short-term psychodynamic psychotherapies individual + AD;1;Placebo;-0,0027;0,0027;0,0040;TRUE;TRUE
Yoga group;-0,8845;-1,8640;0,0951;-0,8858;-1,8657;0,0940;Short-term psychodynamic psychotherapies individual + AD;1;Placebo;-0,0014;0,0014;0,0016;TRUE;TRUE
Yoga group + AD;-1,8580;-3,3190;-0,3970;-1,8734;-3,3383;-0,4085;Short-term psychodynamic psychotherapies individual + AD;1;Placebo;-0,0154;0,0154;0,0083;TRUE;TRUE
Acupuncture;-0,9163;-1,4419;-0,3906;-0,8987;-1,4038;-0,3935;SNRIs;1;Placebo;0,0176;0,0176;0,0192;TRUE;TRUE
Acupuncture + AD;-1,7488;-2,2550;-1,2426;-1,7446;-2,2294;-1,2599;SNRIs;1;Placebo;0,0042;0,0042;0,0024;TRUE;TRUE
Any AD;-0,6661;-1,1825;-0,1496;-0,6513;-1,1660;-0,1365;SNRIs;1;Placebo;0,0148;0,0148;0,0222;TRUE;TRUE
Any psychotherapy;0,1486;-0,9207;1,2178;0,1432;-0,8853;1,1718;SNRIs;1;Placebo;-0,0053;0,0053;0,0359;TRUE;TRUE
Attention placebo;0,5718;-0,4354;1,5789;0,5748;-0,3912;1,5408;SNRIs;1;Placebo;0,0030;0,0030;0,0053;TRUE;TRUE
Behavioural therapies individual;0,3156;-0,4066;1,0379;0,3059;-0,3885;1,0004;SNRIs;1;Placebo;-0,0097;0,0097;0,0307;TRUE;TRUE
Behavioural therapies individual + AD;-0,7311;-1,8053;0,3431;-0,7190;-1,7570;0,3189;SNRIs;1;Placebo;0,0121;0,0121;0,0165;TRUE;TRUE
Cognitive and cognitive behavioural therapies group;-0,9528;-1,5432;-0,3624;-0,9393;-1,5095;-0,3691;SNRIs;1;Placebo;0,0135;0,0135;0,0141;TRUE;TRUE
Cognitive and cognitive behavioural therapies group + AD;-1,3304;-2,3521;-0,3087;-1,3146;-2,3035;-0,3257;SNRIs;1;Placebo;0,0158;0,0158;0,0118;TRUE;TRUE
Cognitive and cognitive behavioural therapies individual;-0,8540;-1,1770;-0,5311;-0,8576;-1,1784;-0,5368;SNRIs;1;Placebo;-0,0036;0,0036;0,0042;TRUE;TRUE
Cognitive and cognitive behavioural therapies individual + AD;-1,3372;-1,8771;-0,7973;-1,3136;-1,8338;-0,7935;SNRIs;1;Placebo;0,0235;0,0235;0,0176;TRUE;TRUE
Cognitive and cognitive behavioural therapies individual + placebo;-1,3101;-2,1924;-0,4278;-1,2902;-2,1384;-0,4420;SNRIs;1;Placebo;0,0199;0,0199;0,0152;TRUE;TRUE
Counselling individual;-0,6775;-1,2871;-0,0679;-0,6782;-1,2632;-0,0932;SNRIs;1;Placebo;-0,0007;0,0007;0,0011;TRUE;TRUE
Counselling individual + AD;-0,1937;-1,5170;1,1296;-0,1814;-1,4588;1,0960;SNRIs;1;Placebo;0,0123;0,0123;0,0634;TRUE;TRUE
Counselling individual + placebo;0,1501;-1,6724;1,9726;0,1624;-1,5910;1,9158;SNRIs;1;Placebo;0,0123;0,0123;0,0818;TRUE;TRUE
Exercise group;-0,8993;-1,6153;-0,1832;-0,8914;-1,5778;-0,2049;SNRIs;1;Placebo;0,0079;0,0079;0,0088;TRUE;TRUE
Exercise group + AD;-3,4467;-4,6928;-2,2006;-3,4396;-4,6334;-2,2458;SNRIs;1;Placebo;0,0071;0,0071;0,0021;TRUE;TRUE
Exercise individual;-0,7556;-1,4550;-0,0562;-0,7464;-1,4185;-0,0744;SNRIs;1;Placebo;0,0092;0,0092;0,0122;TRUE;TRUE
Exercise individual + AD;-1,4503;-2,3661;-0,5345;-1,4375;-2,3232;-0,5517;SNRIs;1;Placebo;0,0128;0,0128;0,0088;TRUE;TRUE
Interpersonal psychotherapy (IPT) individual;-0,5561;-1,1991;0,0869;-0,5340;-1,1611;0,0932;SNRIs;1;Placebo;0,0221;0,0221;0,0397;TRUE;TRUE
Interpersonal psychotherapy (IPT) individual + AD;-0,8108;-1,5611;-0,0605;-0,7005;-1,5623;0,1613;SNRIs;1;Placebo;0,1103;0,1103;0,1360;TRUE;TRUE
Interpersonal psychotherapy (IPT) individual + placebo;-0,5149;-1,3638;0,3340;-0,4781;-1,3077;0,3516;SNRIs;1;Placebo;0,0368;0,0368;0,0715;TRUE;TRUE
Light therapy;-0,8700;-1,9121;0,1721;-0,8915;-1,9139;0,1308;SNRIs;1;Placebo;-0,0215;0,0215;0,0247;TRUE;TRUE
Light therapy + AD;-1,2062;-2,0280;-0,3844;-1,2773;-2,3106;-0,2441;SNRIs;1;Placebo;-0,0711;0,0711;0,0590;TRUE;TRUE
Mindfulness or meditation group;-4,2459;-6,0031;-2,4886;-4,2430;-5,9592;-2,5268;SNRIs;1;Placebo;0,0029;0,0029;0,0007;TRUE;TRUE
Mirtazapine;-0,6954;-0,9513;-0,4395;-0,6576;-0,9182;-0,3969;SNRIs;1;Placebo;0,0378;0,0378;0,0544;TRUE;TRUE
Music therapy group;-0,7770;-2,2462;0,6922;-0,7741;-2,1939;0,6457;SNRIs;1;Placebo;0,0029;0,0029;0,0037;TRUE;TRUE
No treatment;-0,1148;-0,5823;0,3527;-0,1119;-0,5632;0,3394;SNRIs;1;Placebo;0,0029;0,0029;0,0251;TRUE;TRUE
Peer support group;-1,3571;-2,6719;-0,0423;-1,3423;-2,6070;-0,0777;SNRIs;1;Placebo;0,0148;0,0148;0,0109;TRUE;TRUE
Peer support group + AD;-1,4781;-2,7913;-0,1649;-1,4633;-2,7263;-0,2003;SNRIs;1;Placebo;0,0148;0,0148;0,0100;TRUE;TRUE
Placebo;0,0000;0,0000;0,0000;0,0000;0,0000;0,0000;SNRIs;1;Placebo;0,0000;0,0000;NA;TRUE;TRUE
Problem solving group;-2,9953;-4,1991;-1,7915;-2,9962;-4,1657;-1,8268;SNRIs;1;Placebo;-0,0009;0,0009;0,0003;TRUE;TRUE
Problem solving individual;-0,9765;-1,6284;-0,3247;-0,9710;-1,5961;-0,3459;SNRIs;1;Placebo;0,0056;0,0056;0,0057;TRUE;TRUE
Psychoeducation group;-1,3504;-2,6595;-0,0412;-1,3475;-2,6010;-0,0940;SNRIs;1;Placebo;0,0029;0,0029;0,0021;TRUE;TRUE
Psychoeducation group + AD;-0,4584;-1,6559;0,7392;-0,3955;-1,5830;0,7920;SNRIs;1;Placebo;0,0629;0,0629;0,1372;TRUE;TRUE
Relaxation individual + AD;-0,7883;-2,0071;0,4306;-0,7764;-1,9562;0,4035;SNRIs;1;Placebo;0,0119;0,0119;0,0151;TRUE;TRUE
Relaxation individual + placebo;-0,1558;-1,3582;1,0465;-0,1439;-1,3066;1,0189;SNRIs;1;Placebo;0,0119;0,0119;0,0767;TRUE;TRUE
Self-help;-0,6497;-1,2124;-0,0870;-0,6527;-1,1956;-0,1099;SNRIs;1;Placebo;-0,0030;0,0030;0,0047;TRUE;TRUE
Self-help with support;-0,6290;-1,1818;-0,0762;-0,6327;-1,1668;-0,0986;SNRIs;1;Placebo;-0,0037;0,0037;0,0059;TRUE;TRUE
Sham acupuncture;-0,1507;-0,9170;0,6157;-0,1403;-0,8760;0,5953;SNRIs;1;Placebo;0,0103;0,0103;0,0685;TRUE;TRUE
Short-term psychodynamic psychotherapies individual;-0,7098;-1,3789;-0,0406;-0,7135;-1,3559;-0,0711;SNRIs;1;Placebo;-0,0038;0,0038;0,0053;TRUE;TRUE
Short-term psychodynamic psychotherapies individual + AD;-0,5020;-1,6798;0,6758;-0,4886;-1,6258;0,6485;SNRIs;1;Placebo;0,0134;0,0134;0,0266;TRUE;TRUE
SSRIs;-0,5218;-0,6325;-0,4111;-0,5147;-0,6259;-0,4034;SNRIs;1;Placebo;0,0071;0,0071;0,0137;TRUE;TRUE
TAU;-0,3454;-0,8923;0,2016;-0,3378;-0,8650;0,1893;SNRIs;1;Placebo;0,0075;0,0075;0,0218;TRUE;TRUE
TCAs;-0,6273;-0,7817;-0,4729;-0,6039;-0,7579;-0,4499;SNRIs;1;Placebo;0,0235;0,0235;0,0374;TRUE;TRUE
Trazodone;-0,4002;-0,7486;-0,0517;-0,3850;-0,7382;-0,0318;SNRIs;1;Placebo;0,0151;0,0151;0,0378;TRUE;TRUE
Waitlist;0,6737;0,1761;1,1713;0,6645;0,1831;1,1458;SNRIs;1;Placebo;-0,0093;0,0093;0,0137;TRUE;TRUE
Yoga group;-0,8845;-1,8640;0,0951;-0,8775;-1,8219;0,0669;SNRIs;1;Placebo;0,0070;0,0070;0,0079;TRUE;TRUE
Yoga group + AD;-1,8580;-3,3190;-0,3970;-1,8432;-3,2592;-0,4272;SNRIs;1;Placebo;0,0148;0,0148;0,0080;TRUE;TRUE
Acupuncture;-0,9163;-1,4419;-0,3906;0,0789;-0,9058;1,0636;SSRIs;1;Placebo;0,9952;0,9952;1,0861;TRUE;TRUE
Any AD;-0,6661;-1,1825;-0,1496;-0,5749;-1,1899;0,0401;SSRIs;1;Placebo;0,0911;0,0911;0,1368;TRUE;TRUE
Any psychotherapy;0,1486;-0,9207;1,2178;0,5924;-0,6926;1,8774;SSRIs;1;Placebo;0,4438;0,4438;2,9871;TRUE;TRUE
Attention placebo;0,5718;-0,4354;1,5789;0,7230;-0,4111;1,8572;SSRIs;1;Placebo;0,1513;0,1513;0,2646;TRUE;TRUE
Behavioural therapies individual;0,3156;-0,4066;1,0379;1,0285;0,0013;2,0557;SSRIs;1;Placebo;0,7129;0,7129;2,2585;TRUE;TRUE
Behavioural therapies individual + AD;-0,7311;-1,8053;0,3431;-0,7214;-1,8873;0,4445;SSRIs;1;Placebo;0,0097;0,0097;0,0132;TRUE;TRUE
Cognitive and cognitive behavioural therapies group;-0,9528;-1,5432;-0,3624;-0,9286;-1,7074;-0,1499;SSRIs;1;Placebo;0,0242;0,0242;0,0254;TRUE;TRUE
Cognitive and cognitive behavioural therapies group + AD;-1,3304;-2,3521;-0,3087;-1,2411;-2,3889;-0,0932;SSRIs;1;Placebo;0,0893;0,0893;0,0671;TRUE;TRUE
Cognitive and cognitive behavioural therapies individual;-0,8540;-1,1770;-0,5311;-0,7284;-1,1739;-0,2830;SSRIs;1;Placebo;0,1256;0,1256;0,1471;TRUE;TRUE
Cognitive and cognitive behavioural therapies individual + AD;-1,3372;-1,8771;-0,7973;-1,4550;-2,1665;-0,7434;SSRIs;1;Placebo;-0,1178;0,1178;0,0881;TRUE;TRUE
Cognitive and cognitive behavioural therapies individual + placebo;-1,3101;-2,1924;-0,4278;-1,3673;-2,3783;-0,3564;SSRIs;1;Placebo;-0,0572;0,0572;0,0437;TRUE;TRUE
Counselling individual;-0,6775;-1,2871;-0,0679;-0,5437;-1,2672;0,1797;SSRIs;1;Placebo;0,1338;0,1338;0,1974;TRUE;TRUE
Counselling individual + AD;-0,1937;-1,5170;1,1296;-0,1529;-1,5972;1,2914;SSRIs;1;Placebo;0,0408;0,0408;0,2107;TRUE;TRUE
Counselling individual + placebo;0,1501;-1,6724;1,9726;0,1909;-1,8039;2,1857;SSRIs;1;Placebo;0,0408;0,0408;0,2719;TRUE;TRUE
Exercise group;-0,8993;-1,6153;-0,1832;-0,8173;-1,6781;0,0434;SSRIs;1;Placebo;0,0819;0,0819;0,0911;TRUE;TRUE
Exercise individual;-0,7556;-1,4550;-0,0562;-0,6856;-1,5672;0,1959;SSRIs;1;Placebo;0,0700;0,0700;0,0926;TRUE;TRUE
Exercise individual + AD;-1,4503;-2,3661;-0,5345;-1,3889;-2,4903;-0,2875;SSRIs;1;Placebo;0,0614;0,0614;0,0423;TRUE;TRUE
Interpersonal psychotherapy (IPT) individual;-0,5561;-1,1991;0,0869;-0,4887;-1,2215;0,2440;SSRIs;1;Placebo;0,0674;0,0674;0,1211;TRUE;TRUE
Interpersonal psychotherapy (IPT) individual + AD;-0,8108;-1,5611;-0,0605;-0,7565;-1,5964;0,0834;SSRIs;1;Placebo;0,0543;0,0543;0,0670;TRUE;TRUE
Interpersonal psychotherapy (IPT) individual + placebo;-0,5149;-1,3638;0,3340;-0,4723;-1,4179;0,4734;SSRIs;1;Placebo;0,0426;0,0426;0,0827;TRUE;TRUE
Light therapy;-0,8700;-1,9121;0,1721;-0,7510;-2,0218;0,5198;SSRIs;1;Placebo;0,1190;0,1190;0,1367;TRUE;TRUE
Light therapy + AD;-1,2062;-2,0280;-0,3844;-1,1276;-2,1035;-0,1517;SSRIs;1;Placebo;0,0786;0,0786;0,0652;TRUE;TRUE
Mindfulness or meditation group;-4,2459;-6,0031;-2,4886;-4,1000;-5,9966;-2,2035;SSRIs;1;Placebo;0,1458;0,1458;0,0343;TRUE;TRUE
Mirtazapine;-0,6954;-0,9513;-0,4395;-0,7198;-1,0817;-0,3580;SSRIs;1;Placebo;-0,0244;0,0244;0,0351;TRUE;TRUE
Music therapy group;-0,7770;-2,2462;0,6922;-0,6312;-2,2644;1,0020;SSRIs;1;Placebo;0,1458;0,1458;0,1877;TRUE;TRUE
No treatment;-0,1148;-0,5823;0,3527;0,0310;-0,6051;0,6671;SSRIs;1;Placebo;0,1458;0,1458;1,2703;TRUE;TRUE
Peer support group;-1,3571;-2,6719;-0,0423;-1,2660;-2,7367;0,2047;SSRIs;1;Placebo;0,0911;0,0911;0,0672;TRUE;TRUE
Peer support group + AD;-1,4781;-2,7913;-0,1649;-1,3869;-2,8562;0,0824;SSRIs;1;Placebo;0,0911;0,0911;0,0617;TRUE;TRUE
Placebo;0,0000;0,0000;0,0000;0,0000;0,0000;0,0000;SSRIs;1;Placebo;0,0000;0,0000;NA;TRUE;TRUE
Problem solving group;-2,9953;-4,1991;-1,7915;-2,7507;-4,0731;-1,4283;SSRIs;1;Placebo;0,2446;0,2446;0,0817;TRUE;TRUE
Problem solving individual;-0,9765;-1,6284;-0,3247;-0,8570;-1,6050;-0,1090;SSRIs;1;Placebo;0,1196;0,1196;0,1225;TRUE;TRUE
Psychoeducation group;-1,3504;-2,6595;-0,0412;-1,2045;-2,6954;0,2863;SSRIs;1;Placebo;0,1458;0,1458;0,1080;TRUE;TRUE
Psychoeducation group + AD;-0,4584;-1,6559;0,7392;-0,3854;-1,7173;0,9465;SSRIs;1;Placebo;0,0730;0,0730;0,1593;TRUE;TRUE
Relaxation individual + AD;-0,7883;-2,0071;0,4306;-0,7938;-2,1088;0,5212;SSRIs;1;Placebo;-0,0055;0,0055;0,0070;TRUE;TRUE
Relaxation individual + placebo;-0,1558;-1,3582;1,0465;-0,1616;-1,4612;1,1381;SSRIs;1;Placebo;-0,0057;0,0057;0,0368;TRUE;TRUE
Self-help;-0,6497;-1,2124;-0,0870;-0,4589;-1,1381;0,2204;SSRIs;1;Placebo;0,1908;0,1908;0,2937;TRUE;TRUE
Self-help with support;-0,6290;-1,1818;-0,0762;-0,4505;-1,1260;0,2250;SSRIs;1;Placebo;0,1785;0,1785;0,2837;TRUE;TRUE
Sham acupuncture;-0,1507;-0,9170;0,6157;0,7231;-0,3685;1,8148;SSRIs;1;Placebo;0,8738;0,8738;5,7999;TRUE;TRUE
Short-term psychodynamic psychotherapies individual;-0,7098;-1,3789;-0,0406;-0,5489;-1,4679;0,3701;SSRIs;1;Placebo;0,1608;0,1608;0,2266;TRUE;TRUE
Short-term psychodynamic psychotherapies individual + AD;-0,5020;-1,6798;0,6758;-0,4351;-1,7352;0,8650;SSRIs;1;Placebo;0,0669;0,0669;0,1332;TRUE;TRUE
SNRIs;-0,7113;-0,8632;-0,5595;-0,7160;-0,9185;-0,5135;SSRIs;1;Placebo;-0,0047;0,0047;0,0066;TRUE;TRUE
TAU;-0,3454;-0,8923;0,2016;-0,2780;-0,9440;0,3880;SSRIs;1;Placebo;0,0673;0,0673;0,1950;TRUE;TRUE
TCAs;-0,6273;-0,7817;-0,4729;-0,6529;-0,8715;-0,4342;SSRIs;1;Placebo;-0,0256;0,0256;0,0407;TRUE;TRUE
Trazodone;-0,4002;-0,7486;-0,0517;-0,3279;-0,8602;0,2043;SSRIs;1;Placebo;0,0722;0,0722;0,1805;TRUE;TRUE
Waitlist;0,6737;0,1761;1,1713;0,9361;0,3179;1,5542;SSRIs;1;Placebo;0,2623;0,2623;0,3894;TRUE;TRUE
Yoga group;-0,8845;-1,8640;0,0951;-0,7654;-1,8478;0,3170;SSRIs;1;Placebo;0,1190;0,1190;0,1346;TRUE;TRUE
Yoga group + AD;-1,8580;-3,3190;-0,3970;-1,7668;-3,3696;-0,1641;SSRIs;1;Placebo;0,0911;0,0911;0,0491;TRUE;TRUE
Acupuncture;-0,9163;-1,4419;-0,3906;-0,9174;-1,4435;-0,3914;TAU;1;Placebo;-0,0012;0,0012;0,0013;TRUE;TRUE
Acupuncture + AD;-1,7488;-2,2550;-1,2426;-1,7497;-2,2563;-1,2431;TAU;1;Placebo;-0,0009;0,0009;0,0005;TRUE;TRUE
Any AD;-0,6661;-1,1825;-0,1496;-0,6627;-1,1929;-0,1325;TAU;1;Placebo;0,0033;0,0033;0,0050;TRUE;TRUE
Any psychotherapy;0,1486;-0,9207;1,2178;0,1413;-0,9288;1,2115;TAU;1;Placebo;-0,0072;0,0072;0,0487;TRUE;TRUE
Attention placebo;0,5718;-0,4354;1,5789;0,5773;-0,4323;1,5869;TAU;1;Placebo;0,0055;0,0055;0,0097;TRUE;TRUE
Behavioural therapies individual;0,3156;-0,4066;1,0379;0,3076;-0,4154;1,0307;TAU;1;Placebo;-0,0080;0,0080;0,0253;TRUE;TRUE
Behavioural therapies individual + AD;-0,7311;-1,8053;0,3431;-0,7325;-1,8075;0,3426;TAU;1;Placebo;-0,0014;0,0014;0,0019;TRUE;TRUE
Cognitive and cognitive behavioural therapies group;-0,9528;-1,5432;-0,3624;-0,9364;-1,5479;-0,3249;TAU;1;Placebo;0,0164;0,0164;0,0172;TRUE;TRUE
Cognitive and cognitive behavioural therapies group + AD;-1,3304;-2,3521;-0,3087;-1,3271;-2,3562;-0,2979;TAU;1;Placebo;0,0033;0,0033;0,0025;TRUE;TRUE
Cognitive and cognitive behavioural therapies individual;-0,8540;-1,1770;-0,5311;-0,8671;-1,1921;-0,5420;TAU;1;Placebo;-0,0130;0,0130;0,0153;TRUE;TRUE
Cognitive and cognitive behavioural therapies individual + AD;-1,3372;-1,8771;-0,7973;-1,3788;-1,9243;-0,8333;TAU;1;Placebo;-0,0416;0,0416;0,0311;TRUE;TRUE
Cognitive and cognitive behavioural therapies individual + placebo;-1,3101;-2,1924;-0,4278;-1,3398;-2,2239;-0,4557;TAU;1;Placebo;-0,0297;0,0297;0,0227;TRUE;TRUE
Counselling individual;-0,6775;-1,2871;-0,0679;-0,6630;-1,2928;-0,0333;TAU;1;Placebo;0,0145;0,0145;0,0213;TRUE;TRUE
Counselling individual + AD;-0,1937;-1,5170;1,1296;-0,1933;-1,5186;1,1320;TAU;1;Placebo;0,0004;0,0004;0,0019;TRUE;TRUE
Counselling individual + placebo;0,1501;-1,6724;1,9726;0,1505;-1,6741;1,9750;TAU;1;Placebo;0,0004;0,0004;0,0025;TRUE;TRUE
Exercise group;-0,8993;-1,6153;-0,1832;-0,4830;-1,3024;0,3365;TAU;1;Placebo;0,4163;0,4163;0,4629;TRUE;TRUE
Exercise group + AD;-3,4467;-4,6928;-2,2006;-3,4476;-4,6945;-2,2007;TAU;1;Placebo;-0,0009;0,0009;0,0003;TRUE;TRUE
Exercise individual;-0,7556;-1,4550;-0,0562;-0,6753;-1,3788;0,0283;TAU;1;Placebo;0,0804;0,0804;0,1063;TRUE;TRUE
Exercise individual + AD;-1,4503;-2,3661;-0,5345;-1,4226;-2,3403;-0,5050;TAU;1;Placebo;0,0277;0,0277;0,0191;TRUE;TRUE
Interpersonal psychotherapy (IPT) individual;-0,5561;-1,1991;0,0869;-0,5595;-1,2047;0,0856;TAU;1;Placebo;-0,0035;0,0035;0,0062;TRUE;TRUE
Interpersonal psychotherapy (IPT) individual + AD;-0,8108;-1,5611;-0,0605;-0,8104;-1,5643;-0,0566;TAU;1;Placebo;0,0004;0,0004;0,0005;TRUE;TRUE
Interpersonal psychotherapy (IPT) individual + placebo;-0,5149;-1,3638;0,3340;-0,5167;-1,3676;0,3342;TAU;1;Placebo;-0,0019;0,0019;0,0036;TRUE;TRUE
Light therapy;-0,8700;-1,9121;0,1721;-0,8706;-1,9134;0,1722;TAU;1;Placebo;-0,0006;0,0006;0,0006;TRUE;TRUE
Light therapy + AD;-1,2062;-2,0280;-0,3844;-1,2070;-2,0293;-0,3846;TAU;1;Placebo;-0,0008;0,0008;0,0006;TRUE;TRUE
Mindfulness or meditation group;-4,2459;-6,0031;-2,4886;-4,1986;-5,9572;-2,4401;TAU;1;Placebo;0,0472;0,0472;0,0111;TRUE;TRUE
Mirtazapine;-0,6954;-0,9513;-0,4395;-0,6972;-0,9533;-0,4412;TAU;1;Placebo;-0,0018;0,0018;0,0026;TRUE;TRUE
Music therapy group;-0,7770;-2,2462;0,6922;-0,7297;-2,2005;0,7410;TAU;1;Placebo;0,0472;0,0472;0,0608;TRUE;TRUE
No treatment;-0,1148;-0,5823;0,3527;-0,0675;-0,5378;0,4027;TAU;1;Placebo;0,0472;0,0472;0,4116;TRUE;TRUE
Peer support group;-1,3571;-2,6719;-0,0423;-1,3538;-2,6748;-0,0328;TAU;1;Placebo;0,0033;0,0033;0,0025;TRUE;TRUE
Peer support group + AD;-1,4781;-2,7913;-0,1649;-1,4747;-2,7941;-0,1553;TAU;1;Placebo;0,0033;0,0033;0,0023;TRUE;TRUE
Placebo;0,0000;0,0000;0,0000;0,0000;0,0000;0,0000;TAU;1;Placebo;0,0000;0,0000;NA;TRUE;TRUE
Problem solving group;-2,9953;-4,1991;-1,7915;-2,9934;-4,1984;-1,7883;TAU;1;Placebo;0,0020;0,0020;0,0007;TRUE;TRUE
Problem solving individual;-0,9765;-1,6284;-0,3247;-0,9707;-1,6271;-0,3142;TAU;1;Placebo;0,0059;0,0059;0,0060;TRUE;TRUE
Psychoeducation group;-1,3504;-2,6595;-0,0412;-1,3031;-2,6140;0,0077;TAU;1;Placebo;0,0472;0,0472;0,0350;TRUE;TRUE
Psychoeducation group + AD;-0,4584;-1,6559;0,7392;-0,4565;-1,6585;0,7454;TAU;1;Placebo;0,0019;0,0019;0,0040;TRUE;TRUE
Relaxation individual + AD;-0,7883;-2,0071;0,4306;-0,7905;-2,0100;0,4290;TAU;1;Placebo;-0,0022;0,0022;0,0028;TRUE;TRUE
Relaxation individual + placebo;-0,1558;-1,3582;1,0465;-0,1581;-1,3611;1,0449;TAU;1;Placebo;-0,0022;0,0022;0,0144;TRUE;TRUE
Self-help;-0,6497;-1,2124;-0,0870;-0,6445;-1,2098;-0,0792;TAU;1;Placebo;0,0052;0,0052;0,0080;TRUE;TRUE
Self-help with support;-0,6290;-1,1818;-0,0762;-0,6258;-1,1802;-0,0714;TAU;1;Placebo;0,0032;0,0032;0,0051;TRUE;TRUE
Sham acupuncture;-0,1507;-0,9170;0,6157;-0,1512;-0,9182;0,6158;TAU;1;Placebo;-0,0006;0,0006;0,0037;TRUE;TRUE
Short-term psychodynamic psychotherapies individual;-0,7098;-1,3789;-0,0406;-0,7161;-1,3862;-0,0461;TAU;1;Placebo;-0,0064;0,0064;0,0090;TRUE;TRUE
Short-term psychodynamic psychotherapies individual + AD;-0,5020;-1,6798;0,6758;-0,5001;-1,6820;0,6818;TAU;1;Placebo;0,0019;0,0019;0,0038;TRUE;TRUE
SNRIs;-0,7113;-0,8632;-0,5595;-0,7125;-0,8645;-0,5605;TAU;1;Placebo;-0,0012;0,0012;0,0017;TRUE;TRUE
SSRIs;-0,5218;-0,6325;-0,4111;-0,5227;-0,6336;-0,4119;TAU;1;Placebo;-0,0009;0,0009;0,0018;TRUE;TRUE
TCAs;-0,6273;-0,7817;-0,4729;-0,6329;-0,7875;-0,4782;TAU;1;Placebo;-0,0055;0,0055;0,0088;TRUE;TRUE
Trazodone;-0,4002;-0,7486;-0,0517;-0,4016;-0,7503;-0,0529;TAU;1;Placebo;-0,0014;0,0014;0,0036;TRUE;TRUE
Waitlist;0,6737;0,1761;1,1713;0,6758;0,1762;1,1754;TAU;1;Placebo;0,0021;0,0021;0,0031;TRUE;TRUE
Yoga group;-0,8845;-1,8640;0,0951;-0,8862;-1,8665;0,0942;TAU;1;Placebo;-0,0017;0,0017;0,0019;TRUE;TRUE
Yoga group + AD;-1,8580;-3,3190;-0,3970;-1,8546;-3,3212;-0,3881;TAU;1;Placebo;0,0033;0,0033;0,0018;TRUE;TRUE
Acupuncture;-0,9163;-1,4419;-0,3906;-0,9756;-1,5874;-0,3638;TCAs;1;Placebo;-0,0593;0,0593;0,0647;TRUE;TRUE
Acupuncture + AD;-1,7488;-2,2550;-1,2426;-1,7349;-2,2751;-1,1946;TCAs;1;Placebo;0,0140;0,0140;0,0080;TRUE;TRUE
Any AD;-0,6661;-1,1825;-0,1496;-0,7021;-1,2885;-0,1157;TCAs;1;Placebo;-0,0360;0,0360;0,0541;TRUE;TRUE
Any psychotherapy;0,1486;-0,9207;1,2178;0,1538;-0,9859;1,2934;TCAs;1;Placebo;0,0052;0,0052;0,0348;TRUE;TRUE
Attention placebo;0,5718;-0,4354;1,5789;0,5408;-0,5488;1,6303;TCAs;1;Placebo;-0,0310;0,0310;0,0542;TRUE;TRUE
Behavioural therapies individual;0,3156;-0,4066;1,0379;0,3283;-0,4500;1,1067;TCAs;1;Placebo;0,0127;0,0127;0,0402;TRUE;TRUE
Behavioural therapies individual + AD;-0,7311;-1,8053;0,3431;-0,5726;-1,8261;0,6808;TCAs;1;Placebo;0,1585;0,1585;0,2168;TRUE;TRUE
Cognitive and cognitive behavioural therapies group;-0,9528;-1,5432;-0,3624;-0,9768;-1,6204;-0,3332;TCAs;1;Placebo;-0,0240;0,0240;0,0252;TRUE;TRUE
Cognitive and cognitive behavioural therapies group + AD;-1,3304;-2,3521;-0,3087;-1,3676;-2,4713;-0,2639;TCAs;1;Placebo;-0,0372;0,0372;0,0280;TRUE;TRUE
Cognitive and cognitive behavioural therapies individual;-0,8540;-1,1770;-0,5311;-0,8604;-1,2651;-0,4557;TCAs;1;Placebo;-0,0064;0,0064;0,0075;TRUE;TRUE
Cognitive and cognitive behavioural therapies individual + AD;-1,3372;-1,8771;-0,7973;-1,4424;-2,0846;-0,8002;TCAs;1;Placebo;-0,1052;0,1052;0,0787;TRUE;TRUE
Cognitive and cognitive behavioural therapies individual + placebo;-1,3101;-2,1924;-0,4278;-1,4596;-2,4797;-0,4395;TCAs;1;Placebo;-0,1495;0,1495;0,1141;TRUE;TRUE
Counselling individual;-0,6775;-1,2871;-0,0679;-0,6911;-1,3683;-0,0140;TCAs;1;Placebo;-0,0137;0,0137;0,0201;TRUE;TRUE
Counselling individual + AD;-0,1937;-1,5170;1,1296;-0,1050;-1,5462;1,3361;TCAs;1;Placebo;0,0886;0,0886;0,4577;TRUE;TRUE
Counselling individual + placebo;0,1501;-1,6724;1,9726;0,2387;-1,7211;2,1985;TCAs;1;Placebo;0,0886;0,0886;0,5906;TRUE;TRUE
Exercise group;-0,8993;-1,6153;-0,1832;-0,9031;-1,6715;-0,1347;TCAs;1;Placebo;-0,0038;0,0038;0,0042;TRUE;TRUE
Exercise group + AD;-3,4467;-4,6928;-2,2006;-3,4363;-4,7589;-2,1136;TCAs;1;Placebo;0,0104;0,0104;0,0030;TRUE;TRUE
Exercise individual;-0,7556;-1,4550;-0,0562;-0,7629;-1,5072;-0,0186;TCAs;1;Placebo;-0,0073;0,0073;0,0096;TRUE;TRUE
Exercise individual + AD;-1,4503;-2,3661;-0,5345;-1,4690;-2,4404;-0,4976;TCAs;1;Placebo;-0,0188;0,0188;0,0129;TRUE;TRUE
Interpersonal psychotherapy (IPT) individual;-0,5561;-1,1991;0,0869;-0,6285;-1,3636;0,1067;TCAs;1;Placebo;-0,0724;0,0724;0,1302;TRUE;TRUE
Interpersonal psychotherapy (IPT) individual + AD;-0,8108;-1,5611;-0,0605;-0,9022;-1,7310;-0,0734;TCAs;1;Placebo;-0,0914;0,0914;0,1127;TRUE;TRUE
Interpersonal psychotherapy (IPT) individual + placebo;-0,5149;-1,3638;0,3340;-0,8883;-2,0693;0,2927;TCAs;1;Placebo;-0,3734;0,3734;0,7253;TRUE;TRUE
Light therapy;-0,8700;-1,9121;0,1721;-0,8689;-1,9757;0,2379;TCAs;1;Placebo;0,0011;0,0011;0,0013;TRUE;TRUE
Light therapy + AD;-1,2062;-2,0280;-0,3844;-1,2134;-2,0851;-0,3417;TCAs;1;Placebo;-0,0072;0,0072;0,0060;TRUE;TRUE
Mindfulness or meditation group;-4,2459;-6,0031;-2,4886;-4,2539;-6,0784;-2,4293;TCAs;1;Placebo;-0,0080;0,0080;0,0019;TRUE;TRUE
Mirtazapine;-0,6954;-0,9513;-0,4395;-0,7402;-1,0414;-0,4390;TCAs;1;Placebo;-0,0448;0,0448;0,0645;TRUE;TRUE
Music therapy group;-0,7770;-2,2462;0,6922;-0,7850;-2,3340;0,7640;TCAs;1;Placebo;-0,0080;0,0080;0,0103;TRUE;TRUE
No treatment;-0,1148;-0,5823;0,3527;-0,1228;-0,6386;0,3930;TCAs;1;Placebo;-0,0080;0,0080;0,0697;TRUE;TRUE
Peer support group;-1,3571;-2,6719;-0,0423;-1,3932;-2,8071;0,0208;TCAs;1;Placebo;-0,0360;0,0360;0,0265;TRUE;TRUE
Peer support group + AD;-1,4781;-2,7913;-0,1649;-1,5141;-2,9266;-0,1016;TCAs;1;Placebo;-0,0360;0,0360;0,0244;TRUE;TRUE
Placebo;0,0000;0,0000;0,0000;0,0000;0,0000;0,0000;TCAs;1;Placebo;0,0000;0,0000;NA;TRUE;TRUE
Problem solving group;-2,9953;-4,1991;-1,7915;-3,0297;-4,3043;-1,7550;TCAs;1;Placebo;-0,0343;0,0343;0,0115;TRUE;TRUE
Problem solving individual;-0,9765;-1,6284;-0,3247;-1,0136;-1,7523;-0,2750;TCAs;1;Placebo;-0,0371;0,0371;0,0380;TRUE;TRUE
Psychoeducation group;-1,3504;-2,6595;-0,0412;-1,3584;-2,7565;0,0398;TCAs;1;Placebo;-0,0080;0,0080;0,0059;TRUE;TRUE
Psychoeducation group + AD;-0,4584;-1,6559;0,7392;-0,5220;-1,8111;0,7670;TCAs;1;Placebo;-0,0637;0,0637;0,1389;TRUE;TRUE
Relaxation individual + AD;-0,7883;-2,0071;0,4306;-0,5953;-2,0225;0,8320;TCAs;1;Placebo;0,1930;0,1930;0,2448;TRUE;TRUE
Relaxation individual + placebo;-0,1558;-1,3582;1,0465;0,0369;-1,3759;1,4496;TCAs;1;Placebo;0,1927;0,1927;1,2365;TRUE;TRUE
Self-help;-0,6497;-1,2124;-0,0870;-0,6701;-1,2978;-0,0425;TCAs;1;Placebo;-0,0204;0,0204;0,0315;TRUE;TRUE
Self-help with support;-0,6290;-1,1818;-0,0762;-0,6429;-1,2581;-0,0276;TCAs;1;Placebo;-0,0139;0,0139;0,0221;TRUE;TRUE
Sham acupuncture;-0,1507;-0,9170;0,6157;-0,2004;-1,0438;0,6430;TCAs;1;Placebo;-0,0497;0,0497;0,3302;TRUE;TRUE
Short-term psychodynamic psychotherapies individual;-0,7098;-1,3789;-0,0406;-0,7087;-1,4361;0,0186;TCAs;1;Placebo;0,0010;0,0010;0,0015;TRUE;TRUE
Short-term psychodynamic psychotherapies individual + AD;-0,5020;-1,6798;0,6758;-0,4768;-1,7444;0,7907;TCAs;1;Placebo;0,0252;0,0252;0,0501;TRUE;TRUE
SNRIs;-0,7113;-0,8632;-0,5595;-0,7358;-0,9041;-0,5675;TCAs;1;Placebo;-0,0245;0,0245;0,0344;TRUE;TRUE
SSRIs;-0,5218;-0,6325;-0,4111;-0,5114;-0,6361;-0,3867;TCAs;1;Placebo;0,0104;0,0104;0,0199;TRUE;TRUE
TAU;-0,3454;-0,8923;0,2016;-0,3414;-0,9687;0,2859;TCAs;1;Placebo;0,0039;0,0039;0,0114;TRUE;TRUE
Trazodone;-0,4002;-0,7486;-0,0517;-0,4561;-0,8470;-0,0652;TCAs;1;Placebo;-0,0559;0,0559;0,1397;TRUE;TRUE
Waitlist;0,6737;0,1761;1,1713;0,6505;0,0811;1,2200;TCAs;1;Placebo;-0,0232;0,0232;0,0344;TRUE;TRUE
Yoga group;-0,8845;-1,8640;0,0951;-1,1092;-2,6190;0,4007;TCAs;1;Placebo;-0,2247;0,2247;0,2541;TRUE;TRUE
Yoga group + AD;-1,8580;-3,3190;-0,3970;-1,8940;-3,4448;-0,3432;TCAs;1;Placebo;-0,0360;0,0360;0,0194;TRUE;TRUE
Acupuncture;-0,9163;-1,4419;-0,3906;-0,9202;-1,4541;-0,3863;Trazodone;1;Placebo;-0,0039;0,0039;0,0043;TRUE;TRUE
Acupuncture + AD;-1,7488;-2,2550;-1,2426;-1,7507;-2,2656;-1,2358;Trazodone;1;Placebo;-0,0018;0,0018;0,0011;TRUE;TRUE
Any AD;-0,6661;-1,1825;-0,1496;-0,6601;-1,1847;-0,1355;Trazodone;1;Placebo;0,0059;0,0059;0,0089;TRUE;TRUE
Any psychotherapy;0,1486;-0,9207;1,2178;0,1502;-0,9351;1,2354;Trazodone;1;Placebo;0,0016;0,0016;0,0107;TRUE;TRUE
Attention placebo;0,5718;-0,4354;1,5789;0,5729;-0,4503;1,5961;Trazodone;1;Placebo;0,0011;0,0011;0,0020;TRUE;TRUE
Behavioural therapies individual;0,3156;-0,4066;1,0379;0,3187;-0,4150;1,0524;Trazodone;1;Placebo;0,0031;0,0031;0,0097;TRUE;TRUE
Behavioural therapies individual + AD;-0,7311;-1,8053;0,3431;-0,7279;-1,8161;0,3602;Trazodone;1;Placebo;0,0032;0,0032;0,0044;TRUE;TRUE
Cognitive and cognitive behavioural therapies group;-0,9528;-1,5432;-0,3624;-0,9552;-1,5545;-0,3558;Trazodone;1;Placebo;-0,0024;0,0024;0,0025;TRUE;TRUE
Cognitive and cognitive behavioural therapies group + AD;-1,3304;-2,3521;-0,3087;-1,3248;-2,3626;-0,2870;Trazodone;1;Placebo;0,0056;0,0056;0,0042;TRUE;TRUE
Cognitive and cognitive behavioural therapies individual;-0,8540;-1,1770;-0,5311;-0,8532;-1,1814;-0,5251;Trazodone;1;Placebo;0,0008;0,0008;0,0009;TRUE;TRUE
Cognitive and cognitive behavioural therapies individual + AD;-1,3372;-1,8771;-0,7973;-1,3414;-1,8898;-0,7931;Trazodone;1;Placebo;-0,0042;0,0042;0,0032;TRUE;TRUE
Cognitive and cognitive behavioural therapies individual + placebo;-1,3101;-2,1924;-0,4278;-1,3122;-2,2080;-0,4164;Trazodone;1;Placebo;-0,0021;0,0021;0,0016;TRUE;TRUE
Counselling individual;-0,6775;-1,2871;-0,0679;-0,6757;-1,2958;-0,0556;Trazodone;1;Placebo;0,0018;0,0018;0,0026;TRUE;TRUE
Counselling individual + AD;-0,1937;-1,5170;1,1296;-0,1892;-1,5306;1,1522;Trazodone;1;Placebo;0,0045;0,0045;0,0231;TRUE;TRUE
Counselling individual + placebo;0,1501;-1,6724;1,9726;0,1546;-1,6945;2,0036;Trazodone;1;Placebo;0,0045;0,0045;0,0298;TRUE;TRUE
Exercise group;-0,8993;-1,6153;-0,1832;-0,9008;-1,6284;-0,1733;Trazodone;1;Placebo;-0,0016;0,0016;0,0018;TRUE;TRUE
Exercise group + AD;-3,4467;-4,6928;-2,2006;-3,4495;-4,7155;-2,1836;Trazodone;1;Placebo;-0,0028;0,0028;0,0008;TRUE;TRUE
Exercise individual;-0,7556;-1,4550;-0,0562;-0,7580;-1,4681;-0,0480;Trazodone;1;Placebo;-0,0024;0,0024;0,0032;TRUE;TRUE
Exercise individual + AD;-1,4503;-2,3661;-0,5345;-1,4504;-2,3786;-0,5221;Trazodone;1;Placebo;-0,0001;0,0001;0,0001;TRUE;TRUE
Interpersonal psychotherapy (IPT) individual;-0,5561;-1,1991;0,0869;-0,5524;-1,2063;0,1014;Trazodone;1;Placebo;0,0037;0,0037;0,0066;TRUE;TRUE
Interpersonal psychotherapy (IPT) individual + AD;-0,8108;-1,5611;-0,0605;-0,8074;-1,5696;-0,0453;Trazodone;1;Placebo;0,0034;0,0034;0,0042;TRUE;TRUE
Interpersonal psychotherapy (IPT) individual + placebo;-0,5149;-1,3638;0,3340;-0,5091;-1,3714;0,3532;Trazodone;1;Placebo;0,0057;0,0057;0,0112;TRUE;TRUE
Light therapy;-0,8700;-1,9121;0,1721;-0,8714;-1,9303;0,1875;Trazodone;1;Placebo;-0,0014;0,0014;0,0016;TRUE;TRUE
Light therapy + AD;-1,2062;-2,0280;-0,3844;-1,2076;-2,0424;-0,3729;Trazodone;1;Placebo;-0,0014;0,0014;0,0012;TRUE;TRUE
Mindfulness or meditation group;-4,2459;-6,0031;-2,4886;-4,2462;-6,0194;-2,4730;Trazodone;1;Placebo;-0,0003;0,0003;0,0001;TRUE;TRUE
Mirtazapine;-0,6954;-0,9513;-0,4395;-0,7090;-0,9744;-0,4436;Trazodone;1;Placebo;-0,0136;0,0136;0,0196;TRUE;TRUE
Music therapy group;-0,7770;-2,2462;0,6922;-0,7773;-2,2655;0,7109;Trazodone;1;Placebo;-0,0003;0,0003;0,0004;TRUE;TRUE
No treatment;-0,1148;-0,5823;0,3527;-0,1151;-0,5902;0,3599;Trazodone;1;Placebo;-0,0003;0,0003;0,0028;TRUE;TRUE
Peer support group;-1,3571;-2,6719;-0,0423;-1,3512;-2,6878;-0,0146;Trazodone;1;Placebo;0,0059;0,0059;0,0044;TRUE;TRUE
Peer support group + AD;-1,4781;-2,7913;-0,1649;-1,4721;-2,8072;-0,1371;Trazodone;1;Placebo;0,0059;0,0059;0,0040;TRUE;TRUE
Placebo;0,0000;0,0000;0,0000;0,0000;0,0000;0,0000;Trazodone;1;Placebo;0,0000;0,0000;NA;TRUE;TRUE
Problem solving group;-2,9953;-4,1991;-1,7915;-2,9933;-4,2107;-1,7760;Trazodone;1;Placebo;0,0020;0,0020;0,0007;TRUE;TRUE
Problem solving individual;-0,9765;-1,6284;-0,3247;-0,9755;-1,6381;-0,3129;Trazodone;1;Placebo;0,0010;0,0010;0,0011;TRUE;TRUE
Psychoeducation group;-1,3504;-2,6595;-0,0412;-1,3507;-2,6811;-0,0202;Trazodone;1;Placebo;-0,0003;0,0003;0,0002;TRUE;TRUE
Psychoeducation group + AD;-0,4584;-1,6559;0,7392;-0,4536;-1,6703;0,7630;Trazodone;1;Placebo;0,0047;0,0047;0,0103;TRUE;TRUE
Relaxation individual + AD;-0,7883;-2,0071;0,4306;-0,7857;-2,0194;0,4481;Trazodone;1;Placebo;0,0026;0,0026;0,0033;TRUE;TRUE
Relaxation individual + placebo;-0,1558;-1,3582;1,0465;-0,1533;-1,3707;1,0641;Trazodone;1;Placebo;0,0026;0,0026;0,0164;TRUE;TRUE
Self-help;-0,6497;-1,2124;-0,0870;-0,6473;-1,2189;-0,0757;Trazodone;1;Placebo;0,0024;0,0024;0,0037;TRUE;TRUE
Self-help with support;-0,6290;-1,1818;-0,0762;-0,6269;-1,1884;-0,0654;Trazodone;1;Placebo;0,0021;0,0021;0,0033;TRUE;TRUE
Sham acupuncture;-0,1507;-0,9170;0,6157;-0,1521;-0,9304;0,6262;Trazodone;1;Placebo;-0,0014;0,0014;0,0096;TRUE;TRUE
Short-term psychodynamic psychotherapies individual;-0,7098;-1,3789;-0,0406;-0,7087;-1,3890;-0,0283;Trazodone;1;Placebo;0,0011;0,0011;0,0016;TRUE;TRUE
Short-term psychodynamic psychotherapies individual + AD;-0,5020;-1,6798;0,6758;-0,4967;-1,6918;0,6983;Trazodone;1;Placebo;0,0053;0,0053;0,0105;TRUE;TRUE
SNRIs;-0,7113;-0,8632;-0,5595;-0,7128;-0,8685;-0,5572;Trazodone;1;Placebo;-0,0015;0,0015;0,0021;TRUE;TRUE
SSRIs;-0,5218;-0,6325;-0,4111;-0,5247;-0,6382;-0,4111;Trazodone;1;Placebo;-0,0028;0,0028;0,0054;TRUE;TRUE
TAU;-0,3454;-0,8923;0,2016;-0,3447;-0,9005;0,2112;Trazodone;1;Placebo;0,0007;0,0007;0,0021;TRUE;TRUE
TCAs;-0,6273;-0,7817;-0,4729;-0,6223;-0,7803;-0,4643;Trazodone;1;Placebo;0,0050;0,0050;0,0080;TRUE;TRUE
Waitlist;0,6737;0,1761;1,1713;0,6787;0,1735;1,1839;Trazodone;1;Placebo;0,0050;0,0050;0,0074;TRUE;TRUE
Yoga group;-0,8845;-1,8640;0,0951;-0,8794;-1,8727;0,1139;Trazodone;1;Placebo;0,0050;0,0050;0,0057;TRUE;TRUE
Yoga group + AD;-1,8580;-3,3190;-0,3970;-1,8521;-3,3327;-0,3715;Trazodone;1;Placebo;0,0059;0,0059;0,0032;TRUE;TRUE
Acupuncture;-0,9163;-1,4419;-0,3906;-1,2866;-1,8638;-0,7094;Waitlist;1;Placebo;-0,3703;0,3703;0,4041;TRUE;TRUE
Acupuncture + AD;-1,7488;-2,2550;-1,2426;-1,7502;-2,2534;-1,2470;Waitlist;1;Placebo;-0,0014;0,0014;0,0008;TRUE;TRUE
Any AD;-0,6661;-1,1825;-0,1496;-0,5791;-1,0953;-0,0630;Waitlist;1;Placebo;0,0869;0,0869;0,1305;TRUE;TRUE
Any psychotherapy;0,1486;-0,9207;1,2178;0,2229;-0,8426;1,2883;Waitlist;1;Placebo;0,0743;0,0743;0,5000;TRUE;TRUE
Attention placebo;0,5718;-0,4354;1,5789;0,6378;-0,4009;1,6766;Waitlist;1;Placebo;0,0661;0,0661;0,1155;TRUE;TRUE
Behavioural therapies individual;0,3156;-0,4066;1,0379;0,3759;-0,3440;1,0958;Waitlist;1;Placebo;0,0603;0,0603;0,1910;TRUE;TRUE
Behavioural therapies individual + AD;-0,7311;-1,8053;0,3431;-0,7113;-1,7806;0,3580;Waitlist;1;Placebo;0,0198;0,0198;0,0271;TRUE;TRUE
Cognitive and cognitive behavioural therapies group;-0,9528;-1,5432;-0,3624;-0,6516;-1,2566;-0,0466;Waitlist;1;Placebo;0,3012;0,3012;0,3161;TRUE;TRUE
Cognitive and cognitive behavioural therapies group + AD;-1,3304;-2,3521;-0,3087;-1,2433;-2,2606;-0,2260;Waitlist;1;Placebo;0,0871;0,0871;0,0654;TRUE;TRUE
Cognitive and cognitive behavioural therapies individual;-0,8540;-1,1770;-0,5311;-0,7609;-1,0901;-0,4318;Waitlist;1;Placebo;0,0931;0,0931;0,1090;TRUE;TRUE
Cognitive and cognitive behavioural therapies individual + AD;-1,3372;-1,8771;-0,7973;-1,2913;-1,8291;-0,7535;Waitlist;1;Placebo;0,0459;0,0459;0,0343;TRUE;TRUE
Cognitive and cognitive behavioural therapies individual + placebo;-1,3101;-2,1924;-0,4278;-1,2629;-2,1411;-0,3848;Waitlist;1;Placebo;0,0472;0,0472;0,0360;TRUE;TRUE
Counselling individual;-0,6775;-1,2871;-0,0679;-0,6541;-1,2758;-0,0324;Waitlist;1;Placebo;0,0234;0,0234;0,0345;TRUE;TRUE
Counselling individual + AD;-0,1937;-1,5170;1,1296;-0,1493;-1,4664;1,1679;Waitlist;1;Placebo;0,0444;0,0444;0,2294;TRUE;TRUE
Counselling individual + placebo;0,1501;-1,6724;1,9726;0,1945;-1,6188;2,0078;Waitlist;1;Placebo;0,0444;0,0444;0,2960;TRUE;TRUE
Exercise group;-0,8993;-1,6153;-0,1832;-0,8405;-1,5534;-0,1276;Waitlist;1;Placebo;0,0587;0,0587;0,0653;TRUE;TRUE
Exercise group + AD;-3,4467;-4,6928;-2,2006;-3,4477;-4,6868;-2,2086;Waitlist;1;Placebo;-0,0010;0,0010;0,0003;TRUE;TRUE
Exercise individual;-0,7556;-1,4550;-0,0562;-0,7057;-1,4021;-0,0093;Waitlist;1;Placebo;0,0499;0,0499;0,0660;TRUE;TRUE
Exercise individual + AD;-1,4503;-2,3661;-0,5345;-1,3850;-2,2973;-0,4727;Waitlist;1;Placebo;0,0653;0,0653;0,0450;TRUE;TRUE
Interpersonal psychotherapy (IPT) individual;-0,5561;-1,1991;0,0869;-0,4965;-1,1369;0,1438;Waitlist;1;Placebo;0,0595;0,0595;0,1071;TRUE;TRUE
Interpersonal psychotherapy (IPT) individual + AD;-0,8108;-1,5611;-0,0605;-0,7553;-1,5022;-0,0084;Waitlist;1;Placebo;0,0556;0,0556;0,0685;TRUE;TRUE
Interpersonal psychotherapy (IPT) individual + placebo;-0,5149;-1,3638;0,3340;-0,4708;-1,3154;0,3738;Waitlist;1;Placebo;0,0441;0,0441;0,0856;TRUE;TRUE
Light therapy;-0,8700;-1,9121;0,1721;-0,8702;-1,9063;0,1660;Waitlist;1;Placebo;-0,0002;0,0002;0,0002;TRUE;TRUE
Light therapy + AD;-1,2062;-2,0280;-0,3844;-1,2057;-2,0229;-0,3884;Waitlist;1;Placebo;0,0005;0,0005;0,0004;TRUE;TRUE
Mindfulness or meditation group;-4,2459;-6,0031;-2,4886;-4,1395;-5,8926;-2,3863;Waitlist;1;Placebo;0,1064;0,1064;0,0251;TRUE;TRUE
Mirtazapine;-0,6954;-0,9513;-0,4395;-0,6949;-0,9492;-0,4406;Waitlist;1;Placebo;0,0005;0,0005;0,0007;TRUE;TRUE
Music therapy group;-0,7770;-2,2462;0,6922;-0,6706;-2,1348;0,7937;Waitlist;1;Placebo;0,1064;0,1064;0,1369;TRUE;TRUE
No treatment;-0,1148;-0,5823;0,3527;-0,0084;-0,4789;0,4621;Waitlist;1;Placebo;0,1064;0,1064;0,9269;TRUE;TRUE
Peer support group;-1,3571;-2,6719;-0,0423;-1,2702;-2,5783;0,0379;Waitlist;1;Placebo;0,0869;0,0869;0,0641;TRUE;TRUE
Peer support group + AD;-1,4781;-2,7913;-0,1649;-1,3911;-2,6977;-0,0846;Waitlist;1;Placebo;0,0869;0,0869;0,0588;TRUE;TRUE
Placebo;0,0000;0,0000;0,0000;0,0000;0,0000;0,0000;Waitlist;1;Placebo;0,0000;0,0000;NA;TRUE;TRUE
Problem solving individual;-0,9765;-1,6284;-0,3247;-1,2257;-1,9595;-0,4918;Waitlist;1;Placebo;-0,2491;0,2491;0,2551;TRUE;TRUE
Psychoeducation group;-1,3504;-2,6595;-0,0412;-1,2440;-2,5475;0,0596;Waitlist;1;Placebo;0,1064;0,1064;0,0788;TRUE;TRUE
Psychoeducation group + AD;-0,4584;-1,6559;0,7392;-0,3873;-1,5789;0,8043;Waitlist;1;Placebo;0,0711;0,0711;0,1550;TRUE;TRUE
Relaxation individual + AD;-0,7883;-2,0071;0,4306;-0,7805;-1,9942;0,4331;Waitlist;1;Placebo;0,0077;0,0077;0,0098;TRUE;TRUE
Relaxation individual + placebo;-0,1558;-1,3582;1,0465;-0,1482;-1,3452;1,0489;Waitlist;1;Placebo;0,0076;0,0076;0,0490;TRUE;TRUE
Self-help;-0,6497;-1,2124;-0,0870;-0,2519;-0,9285;0,4247;Waitlist;1;Placebo;0,3978;0,3978;0,6122;TRUE;TRUE
Self-help with support;-0,6290;-1,1818;-0,0762;-0,4170;-1,0319;0,1979;Waitlist;1;Placebo;0,2120;0,2120;0,3371;TRUE;TRUE
Sham acupuncture;-0,1507;-0,9170;0,6157;-0,7555;-1,6153;0,1043;Waitlist;1;Placebo;-0,6048;0,6048;4,0147;TRUE;TRUE
Short-term psychodynamic psychotherapies individual;-0,7098;-1,3789;-0,0406;-0,6206;-1,2908;0,0496;Waitlist;1;Placebo;0,0892;0,0892;0,1256;TRUE;TRUE
Short-term psychodynamic psychotherapies individual + AD;-0,5020;-1,6798;0,6758;-0,4358;-1,6081;0,7365;Waitlist;1;Placebo;0,0662;0,0662;0,1318;TRUE;TRUE
SNRIs;-0,7113;-0,8632;-0,5595;-0,7093;-0,8602;-0,5584;Waitlist;1;Placebo;0,0020;0,0020;0,0028;TRUE;TRUE
SSRIs;-0,5218;-0,6325;-0,4111;-0,5228;-0,6329;-0,4128;Waitlist;1;Placebo;-0,0010;0,0010;0,0020;TRUE;TRUE
TAU;-0,3454;-0,8923;0,2016;-0,2609;-0,8072;0,2854;Waitlist;1;Placebo;0,0845;0,0845;0,2446;TRUE;TRUE
TCAs;-0,6273;-0,7817;-0,4729;-0,6246;-0,7782;-0,4709;Waitlist;1;Placebo;0,0028;0,0028;0,0044;TRUE;TRUE
Trazodone;-0,4002;-0,7486;-0,0517;-0,4000;-0,7463;-0,0537;Waitlist;1;Placebo;0,0002;0,0002;0,0004;TRUE;TRUE
Yoga group;-0,8845;-1,8640;0,0951;-0,6785;-2,0139;0,6570;Waitlist;1;Placebo;0,2060;0,2060;0,2329;TRUE;TRUE
Yoga group + AD;-1,8580;-3,3190;-0,3970;-1,7711;-3,2260;-0,3161;Waitlist;1;Placebo;0,0869;0,0869;0,0468;TRUE;TRUE
Acupuncture;-0,9163;-1,4419;-0,3906;-0,9225;-1,4489;-0,3961;Yoga group;1;Placebo;-0,0062;0,0062;0,0068;TRUE;TRUE
Acupuncture + AD;-1,7488;-2,2550;-1,2426;-1,7490;-2,2552;-1,2428;Yoga group;1;Placebo;-0,0002;0,0002;0,0001;TRUE;TRUE
Any AD;-0,6661;-1,1825;-0,1496;-0,6709;-1,1879;-0,1540;Yoga group;1;Placebo;-0,0049;0,0049;0,0073;TRUE;TRUE
Any psychotherapy;0,1486;-0,9207;1,2178;0,1430;-0,9265;1,2126;Yoga group;1;Placebo;-0,0056;0,0056;0,0374;TRUE;TRUE
Attention placebo;0,5718;-0,4354;1,5789;0,5560;-0,4536;1,5657;Yoga group;1;Placebo;-0,0157;0,0157;0,0275;TRUE;TRUE
Behavioural therapies individual;0,3156;-0,4066;1,0379;0,3110;-0,4115;1,0336;Yoga group;1;Placebo;-0,0046;0,0046;0,0145;TRUE;TRUE
Behavioural therapies individual + AD;-0,7311;-1,8053;0,3431;-0,7317;-1,8058;0,3425;Yoga group;1;Placebo;-0,0005;0,0005;0,0007;TRUE;TRUE
Cognitive and cognitive behavioural therapies group;-0,9528;-1,5432;-0,3624;-0,9625;-1,5545;-0,3705;Yoga group;1;Placebo;-0,0097;0,0097;0,0101;TRUE;TRUE
Cognitive and cognitive behavioural therapies group + AD;-1,3304;-2,3521;-0,3087;-1,3353;-2,3572;-0,3133;Yoga group;1;Placebo;-0,0049;0,0049;0,0037;TRUE;TRUE
Cognitive and cognitive behavioural therapies individual;-0,8540;-1,1770;-0,5311;-0,8608;-1,1852;-0,5364;Yoga group;1;Placebo;-0,0068;0,0068;0,0080;TRUE;TRUE
Cognitive and cognitive behavioural therapies individual + AD;-1,3372;-1,8771;-0,7973;-1,3399;-1,8799;-0,7999;Yoga group;1;Placebo;-0,0027;0,0027;0,0020;TRUE;TRUE
Cognitive and cognitive behavioural therapies individual + placebo;-1,3101;-2,1924;-0,4278;-1,3128;-2,1952;-0,4305;Yoga group;1;Placebo;-0,0027;0,0027;0,0021;TRUE;TRUE
Counselling individual;-0,6775;-1,2871;-0,0679;-0,6875;-1,2988;-0,0763;Yoga group;1;Placebo;-0,0100;0,0100;0,0148;TRUE;TRUE
Counselling individual + AD;-0,1937;-1,5170;1,1296;-0,1958;-1,5191;1,1275;Yoga group;1;Placebo;-0,0021;0,0021;0,0111;TRUE;TRUE
Counselling individual + placebo;0,1501;-1,6724;1,9726;0,1479;-1,6746;1,9705;Yoga group;1;Placebo;-0,0021;0,0021;0,0143;TRUE;TRUE
Exercise group;-0,8993;-1,6153;-0,1832;-0,9031;-1,6193;-0,1869;Yoga group;1;Placebo;-0,0039;0,0039;0,0043;TRUE;TRUE
Exercise group + AD;-3,4467;-4,6928;-2,2006;-3,4469;-4,6930;-2,2008;Yoga group;1;Placebo;-0,0002;0,0002;0,0001;TRUE;TRUE
Exercise individual;-0,7556;-1,4550;-0,0562;-0,7590;-1,4585;-0,0594;Yoga group;1;Placebo;-0,0033;0,0033;0,0044;TRUE;TRUE
Exercise individual + AD;-1,4503;-2,3661;-0,5345;-1,4543;-2,3703;-0,5384;Yoga group;1;Placebo;-0,0041;0,0041;0,0028;TRUE;TRUE
Interpersonal psychotherapy (IPT) individual;-0,5561;-1,1991;0,0869;-0,5596;-1,2028;0,0836;Yoga group;1;Placebo;-0,0035;0,0035;0,0064;TRUE;TRUE
Interpersonal psychotherapy (IPT) individual + AD;-0,8108;-1,5611;-0,0605;-0,8139;-1,5643;-0,0634;Yoga group;1;Placebo;-0,0031;0,0031;0,0038;TRUE;TRUE
Interpersonal psychotherapy (IPT) individual + placebo;-0,5149;-1,3638;0,3340;-0,5169;-1,3658;0,3321;Yoga group;1;Placebo;-0,0020;0,0020;0,0039;TRUE;TRUE
Light therapy;-0,8700;-1,9121;0,1721;-0,8701;-1,9122;0,1720;Yoga group;1;Placebo;-0,0001;0,0001;0,0001;TRUE;TRUE
Light therapy + AD;-1,2062;-2,0280;-0,3844;-1,2063;-2,0281;-0,3844;Yoga group;1;Placebo;-0,0001;0,0001;0,0001;TRUE;TRUE
Mindfulness or meditation group;-4,2459;-6,0031;-2,4886;-4,2530;-6,0106;-2,4955;Yoga group;1;Placebo;-0,0072;0,0072;0,0017;TRUE;TRUE
Mirtazapine;-0,6954;-0,9513;-0,4395;-0,6952;-0,9510;-0,4393;Yoga group;1;Placebo;0,0002;0,0002;0,0003;TRUE;TRUE
Music therapy group;-0,7770;-2,2462;0,6922;-0,7842;-2,2537;0,6854;Yoga group;1;Placebo;-0,0072;0,0072;0,0092;TRUE;TRUE
No treatment;-0,1148;-0,5823;0,3527;-0,1220;-0,5906;0,3467;Yoga group;1;Placebo;-0,0072;0,0072;0,0624;TRUE;TRUE
Peer support group;-1,3571;-2,6719;-0,0423;-1,3620;-2,6770;-0,0470;Yoga group;1;Placebo;-0,0049;0,0049;0,0036;TRUE;TRUE
Peer support group + AD;-1,4781;-2,7913;-0,1649;-1,4830;-2,7964;-0,1696;Yoga group;1;Placebo;-0,0049;0,0049;0,0033;TRUE;TRUE
Placebo;0,0000;0,0000;0,0000;0,0000;0,0000;0,0000;Yoga group;1;Placebo;0,0000;0,0000;NA;TRUE;TRUE
Problem solving group;-2,9953;-4,1991;-1,7915;-3,0242;-4,2349;-1,8135;Yoga group;1;Placebo;-0,0288;0,0288;0,0096;TRUE;TRUE
Problem solving individual;-0,9765;-1,6284;-0,3247;-0,9890;-1,6433;-0,3348;Yoga group;1;Placebo;-0,0125;0,0125;0,0128;TRUE;TRUE
Psychoeducation group;-1,3504;-2,6595;-0,0412;-1,3575;-2,6671;-0,0480;Yoga group;1;Placebo;-0,0072;0,0072;0,0053;TRUE;TRUE
Psychoeducation group + AD;-0,4584;-1,6559;0,7392;-0,4623;-1,6601;0,7354;Yoga group;1;Placebo;-0,0040;0,0040;0,0087;TRUE;TRUE
Relaxation individual + AD;-0,7883;-2,0071;0,4306;-0,7880;-2,0069;0,4309;Yoga group;1;Placebo;0,0002;0,0002;0,0003;TRUE;TRUE
Relaxation individual + placebo;-0,1558;-1,3582;1,0465;-0,1556;-1,3579;1,0468;Yoga group;1;Placebo;0,0002;0,0002;0,0016;TRUE;TRUE
Self-help;-0,6497;-1,2124;-0,0870;-0,6688;-1,2380;-0,0996;Yoga group;1;Placebo;-0,0191;0,0191;0,0294;TRUE;TRUE
Self-help with support;-0,6290;-1,1818;-0,0762;-0,6445;-1,2017;-0,0873;Yoga group;1;Placebo;-0,0156;0,0156;0,0247;TRUE;TRUE
Sham acupuncture;-0,1507;-0,9170;0,6157;-0,1609;-0,9286;0,6069;Yoga group;1;Placebo;-0,0102;0,0102;0,0678;TRUE;TRUE
Short-term psychodynamic psychotherapies individual;-0,7098;-1,3789;-0,0406;-0,7164;-1,3862;-0,0466;Yoga group;1;Placebo;-0,0066;0,0066;0,0093;TRUE;TRUE
Short-term psychodynamic psychotherapies individual + AD;-0,5020;-1,6798;0,6758;-0,5056;-1,6834;0,6723;Yoga group;1;Placebo;-0,0036;0,0036;0,0071;TRUE;TRUE
SNRIs;-0,7113;-0,8632;-0,5595;-0,7114;-0,8632;-0,5595;Yoga group;1;Placebo;0,0000;0,0000;0,0001;TRUE;TRUE
SSRIs;-0,5218;-0,6325;-0,4111;-0,5220;-0,6327;-0,4112;Yoga group;1;Placebo;-0,0002;0,0002;0,0003;TRUE;TRUE
TAU;-0,3454;-0,8923;0,2016;-0,3506;-0,8981;0,1968;Yoga group;1;Placebo;-0,0053;0,0053;0,0153;TRUE;TRUE
TCAs;-0,6273;-0,7817;-0,4729;-0,6260;-0,7805;-0,4715;Yoga group;1;Placebo;0,0013;0,0013;0,0021;TRUE;TRUE
Trazodone;-0,4002;-0,7486;-0,0517;-0,4001;-0,7485;-0,0517;Yoga group;1;Placebo;0,0001;0,0001;0,0002;TRUE;TRUE
Waitlist;0,6737;0,1761;1,1713;0,6449;0,1307;1,1590;Yoga group;1;Placebo;-0,0288;0,0288;0,0428;TRUE;TRUE
Yoga group + AD;-1,8580;-3,3190;-0,3970;-1,8629;-3,3240;-0,4017;Yoga group;1;Placebo;-0,0049;0,0049;0,0026;TRUE;TRUE
Acupuncture;-0,9163;-1,4419;-0,3906;-0,9163;-1,4419;-0,3906;Yoga group + AD;1;Placebo;0,0000;0,0000;0,0000;TRUE;TRUE
Acupuncture + AD;-1,7488;-2,2550;-1,2426;-1,7488;-2,2550;-1,2426;Yoga group + AD;1;Placebo;0,0000;0,0000;0,0000;TRUE;TRUE
Any AD;-0,6661;-1,1825;-0,1496;-0,6661;-1,1825;-0,1496;Yoga group + AD;1;Placebo;0,0000;0,0000;0,0000;TRUE;TRUE
Any psychotherapy;0,1486;-0,9207;1,2178;0,1486;-0,9207;1,2178;Yoga group + AD;1;Placebo;0,0000;0,0000;0,0000;TRUE;TRUE
Attention placebo;0,5718;-0,4354;1,5789;0,5718;-0,4354;1,5789;Yoga group + AD;1;Placebo;0,0000;0,0000;0,0000;TRUE;TRUE
Behavioural therapies individual;0,3156;-0,4066;1,0379;0,3156;-0,4066;1,0379;Yoga group + AD;1;Placebo;0,0000;0,0000;0,0000;TRUE;TRUE
Behavioural therapies individual + AD;-0,7311;-1,8053;0,3431;-0,7311;-1,8053;0,3431;Yoga group + AD;1;Placebo;0,0000;0,0000;0,0000;TRUE;TRUE
Cognitive and cognitive behavioural therapies group;-0,9528;-1,5432;-0,3624;-0,9528;-1,5432;-0,3624;Yoga group + AD;1;Placebo;0,0000;0,0000;0,0000;TRUE;TRUE
Cognitive and cognitive behavioural therapies group + AD;-1,3304;-2,3521;-0,3087;-1,3304;-2,3521;-0,3087;Yoga group + AD;1;Placebo;0,0000;0,0000;0,0000;TRUE;TRUE
Cognitive and cognitive behavioural therapies individual;-0,8540;-1,1770;-0,5311;-0,8540;-1,1770;-0,5311;Yoga group + AD;1;Placebo;0,0000;0,0000;0,0000;TRUE;TRUE
Cognitive and cognitive behavioural therapies individual + AD;-1,3372;-1,8771;-0,7973;-1,3372;-1,8771;-0,7973;Yoga group + AD;1;Placebo;0,0000;0,0000;0,0000;TRUE;TRUE
Cognitive and cognitive behavioural therapies individual + placebo;-1,3101;-2,1924;-0,4278;-1,3101;-2,1924;-0,4278;Yoga group + AD;1;Placebo;0,0000;0,0000;0,0000;TRUE;TRUE
Counselling individual;-0,6775;-1,2871;-0,0679;-0,6775;-1,2871;-0,0679;Yoga group + AD;1;Placebo;0,0000;0,0000;0,0000;TRUE;TRUE
Counselling individual + AD;-0,1937;-1,5170;1,1296;-0,1937;-1,5170;1,1296;Yoga group + AD;1;Placebo;0,0000;0,0000;0,0000;TRUE;TRUE
Counselling individual + placebo;0,1501;-1,6724;1,9726;0,1501;-1,6724;1,9726;Yoga group + AD;1;Placebo;0,0000;0,0000;0,0000;TRUE;TRUE
Exercise group;-0,8993;-1,6153;-0,1832;-0,8993;-1,6153;-0,1832;Yoga group + AD;1;Placebo;0,0000;0,0000;0,0000;TRUE;TRUE
Exercise group + AD;-3,4467;-4,6928;-2,2006;-3,4467;-4,6928;-2,2006;Yoga group + AD;1;Placebo;0,0000;0,0000;0,0000;TRUE;TRUE
Exercise individual;-0,7556;-1,4550;-0,0562;-0,7556;-1,4550;-0,0562;Yoga group + AD;1;Placebo;0,0000;0,0000;0,0000;TRUE;TRUE
Exercise individual + AD;-1,4503;-2,3661;-0,5345;-1,4503;-2,3661;-0,5345;Yoga group + AD;1;Placebo;0,0000;0,0000;0,0000;TRUE;TRUE
Interpersonal psychotherapy (IPT) individual;-0,5561;-1,1991;0,0869;-0,5561;-1,1991;0,0869;Yoga group + AD;1;Placebo;0,0000;0,0000;0,0000;TRUE;TRUE
Interpersonal psychotherapy (IPT) individual + AD;-0,8108;-1,5611;-0,0605;-0,8108;-1,5611;-0,0605;Yoga group + AD;1;Placebo;0,0000;0,0000;0,0000;TRUE;TRUE
Interpersonal psychotherapy (IPT) individual + placebo;-0,5149;-1,3638;0,3340;-0,5149;-1,3638;0,3340;Yoga group + AD;1;Placebo;0,0000;0,0000;0,0000;TRUE;TRUE
Light therapy;-0,8700;-1,9121;0,1721;-0,8700;-1,9121;0,1721;Yoga group + AD;1;Placebo;0,0000;0,0000;0,0000;TRUE;TRUE
Light therapy + AD;-1,2062;-2,0280;-0,3844;-1,2062;-2,0280;-0,3844;Yoga group + AD;1;Placebo;0,0000;0,0000;0,0000;TRUE;TRUE
Mindfulness or meditation group;-4,2459;-6,0031;-2,4886;-4,2459;-6,0031;-2,4886;Yoga group + AD;1;Placebo;0,0000;0,0000;0,0000;TRUE;TRUE
Mirtazapine;-0,6954;-0,9513;-0,4395;-0,6954;-0,9513;-0,4395;Yoga group + AD;1;Placebo;0,0000;0,0000;0,0000;TRUE;TRUE
Music therapy group;-0,7770;-2,2462;0,6922;-0,7770;-2,2462;0,6922;Yoga group + AD;1;Placebo;0,0000;0,0000;0,0000;TRUE;TRUE
No treatment;-0,1148;-0,5823;0,3527;-0,1148;-0,5823;0,3527;Yoga group + AD;1;Placebo;0,0000;0,0000;0,0000;TRUE;TRUE
Peer support group;-1,3571;-2,6719;-0,0423;-1,3571;-2,6719;-0,0423;Yoga group + AD;1;Placebo;0,0000;0,0000;0,0000;TRUE;TRUE
Peer support group + AD;-1,4781;-2,7913;-0,1649;-1,4781;-2,7913;-0,1649;Yoga group + AD;1;Placebo;0,0000;0,0000;0,0000;TRUE;TRUE
Placebo;0,0000;0,0000;0,0000;0,0000;0,0000;0,0000;Yoga group + AD;1;Placebo;0,0000;0,0000;NA;TRUE;TRUE
Problem solving group;-2,9953;-4,1991;-1,7915;-2,9953;-4,1991;-1,7915;Yoga group + AD;1;Placebo;0,0000;0,0000;0,0000;TRUE;TRUE
Problem solving individual;-0,9765;-1,6284;-0,3247;-0,9765;-1,6284;-0,3247;Yoga group + AD;1;Placebo;0,0000;0,0000;0,0000;TRUE;TRUE
Psychoeducation group;-1,3504;-2,6595;-0,0412;-1,3504;-2,6595;-0,0412;Yoga group + AD;1;Placebo;0,0000;0,0000;0,0000;TRUE;TRUE
Psychoeducation group + AD;-0,4584;-1,6559;0,7392;-0,4584;-1,6559;0,7392;Yoga group + AD;1;Placebo;0,0000;0,0000;0,0000;TRUE;TRUE
Relaxation individual + AD;-0,7883;-2,0071;0,4306;-0,7883;-2,0071;0,4306;Yoga group + AD;1;Placebo;0,0000;0,0000;0,0000;TRUE;TRUE
Relaxation individual + placebo;-0,1558;-1,3582;1,0465;-0,1558;-1,3582;1,0465;Yoga group + AD;1;Placebo;0,0000;0,0000;0,0000;TRUE;TRUE
Self-help;-0,6497;-1,2124;-0,0870;-0,6497;-1,2124;-0,0870;Yoga group + AD;1;Placebo;0,0000;0,0000;0,0000;TRUE;TRUE
Self-help with support;-0,6290;-1,1818;-0,0762;-0,6290;-1,1818;-0,0762;Yoga group + AD;1;Placebo;0,0000;0,0000;0,0000;TRUE;TRUE
Sham acupuncture;-0,1507;-0,9170;0,6157;-0,1507;-0,9170;0,6157;Yoga group + AD;1;Placebo;0,0000;0,0000;0,0000;TRUE;TRUE
Short-term psychodynamic psychotherapies individual;-0,7098;-1,3789;-0,0406;-0,7098;-1,3789;-0,0406;Yoga group + AD;1;Placebo;0,0000;0,0000;0,0000;TRUE;TRUE
Short-term psychodynamic psychotherapies individual + AD;-0,5020;-1,6798;0,6758;-0,5020;-1,6798;0,6758;Yoga group + AD;1;Placebo;0,0000;0,0000;0,0000;TRUE;TRUE
SNRIs;-0,7113;-0,8632;-0,5595;-0,7113;-0,8632;-0,5595;Yoga group + AD;1;Placebo;0,0000;0,0000;0,0000;TRUE;TRUE
SSRIs;-0,5218;-0,6325;-0,4111;-0,5218;-0,6325;-0,4111;Yoga group + AD;1;Placebo;0,0000;0,0000;0,0000;TRUE;TRUE
TAU;-0,3454;-0,8923;0,2016;-0,3454;-0,8923;0,2016;Yoga group + AD;1;Placebo;0,0000;0,0000;0,0000;TRUE;TRUE
TCAs;-0,6273;-0,7817;-0,4729;-0,6273;-0,7817;-0,4729;Yoga group + AD;1;Placebo;0,0000;0,0000;0,0000;TRUE;TRUE
Trazodone;-0,4002;-0,7486;-0,0517;-0,4002;-0,7486;-0,0517;Yoga group + AD;1;Placebo;0,0000;0,0000;0,0000;TRUE;TRUE
Waitlist;0,6737;0,1761;1,1713;0,6737;0,1761;1,1713;Yoga group + AD;1;Placebo;0,0000;0,0000;0,0000;TRUE;TRUE
Yoga group;-0,8845;-1,8640;0,0951;-0,8845;-1,8640;0,0951;Yoga group + AD;1;Placebo;0,0000;0,0000;0,0000;TRUE;TRUE
