comparison,treat1,treat2,TE_direct,seTE_direct,lower_direct,upper_direct,statistic_direct,p_direct,n_direct,Q_direct,tau2_direct,tau_direct,I2_direct,TE_indirect,seTE_indirect,lower_indirect,upper_indirect,statistic_indirect,p_indirect,TE_network,seTE_network,lower_network,upper_network,statistic_network,p_network,TE_difference,seTE_difference,lower_diff,upper_diff,statistic_diff,p_inconsistency,z_score,inconsistent
Acupuncture:Acupuncture + AD,Acupuncture,Acupuncture + AD,NA,NA,NA,NA,NA,NA,NA,NA,NA,NA,NA,0.8325278213156313,0.36473420557610114,0.11766191445664509,1.5473937281746175,2.282560309912929,0.022456281138289336,0.8325278213156313,0.36473420557610114,0.11766191445664509,1.5473937281746175,2.282560309912929,0.022456281138289336,NA,NA,NA,NA,NA,NA,NA,no data
Acupuncture:Any AD,Acupuncture,Any AD,NA,NA,NA,NA,NA,NA,NA,NA,NA,NA,NA,-0.25022942878355403,0.3627872681999605,-0.9612794085051497,0.46082055093804164,-0.6897414841075211,0.49035677300794417,-0.25022942878355403,0.3627872681999605,-0.9612794085051497,0.46082055093804164,-0.6897414841075211,0.49035677300794417,NA,NA,NA,NA,NA,NA,NA,no data
Acupuncture:Any psychotherapy,Acupuncture,Any psychotherapy,NA,NA,NA,NA,NA,NA,NA,NA,NA,NA,NA,-1.064863693581759,0.5991268216085863,-2.2391306861065416,0.10940329894302381,-1.7773594090191505,0.07550912476142262,-1.064863693581759,0.5991268216085863,-2.2391306861065416,0.10940329894302381,-1.7773594090191505,0.07550912476142262,NA,NA,NA,NA,NA,NA,NA,no data
Acupuncture:Attention placebo,Acupuncture,Attention placebo,NA,NA,NA,NA,NA,NA,NA,NA,NA,NA,NA,-1.4880531210802443,0.5624171874334385,-2.5903705527360965,-0.3857356894243922,-2.6458172942240568,0.008149381932305114,-1.4880531210802443,0.5624171874334385,-2.5903705527360965,-0.3857356894243922,-2.6458172942240568,0.008149381932305114,NA,NA,NA,NA,NA,NA,NA,no data
Acupuncture:Behavioural therapies individual,Acupuncture,Behavioural therapies individual,NA,NA,NA,NA,NA,NA,NA,NA,NA,NA,NA,-1.2319222273647759,0.4450044736137872,-2.1041149686070035,-0.3597294861225484,-2.7683367256077136,0.005634320916376908,-1.2319222273647759,0.4450044736137872,-2.1041149686070035,-0.3597294861225484,-2.7683367256077136,0.005634320916376908,NA,NA,NA,NA,NA,NA,NA,no data
Acupuncture:Behavioural therapies individual + AD,Acupuncture,Behavioural therapies individual + AD,NA,NA,NA,NA,NA,NA,NA,NA,NA,NA,NA,-0.18517796212734483,0.6066033342096262,-1.3740986500801255,1.0037427258254359,-0.30527026754414804,0.7601603188808554,-0.18517796212734483,0.6066033342096262,-1.3740986500801255,1.0037427258254359,-0.30527026754414804,0.7601603188808554,NA,NA,NA,NA,NA,NA,NA,no data
Acupuncture:Cognitive and cognitive behavioural therapies group,Acupuncture,Cognitive and cognitive behavioural therapies group,NA,NA,NA,NA,NA,NA,NA,NA,NA,NA,NA,0.03651756035481313,0.385166571044351,-0.7183950469409026,0.7914301676505289,0.09480978646666671,0.9244659134151331,0.03651756035481313,0.385166571044351,-0.7183950469409026,0.7914301676505289,0.09480978646666671,0.9244659134151331,NA,NA,NA,NA,NA,NA,NA,no data
Acupuncture:Cognitive and cognitive behavioural therapies group + AD,Acupuncture,Cognitive and cognitive behavioural therapies group + AD,NA,NA,NA,NA,NA,NA,NA,NA,NA,NA,NA,0.4141093818456665,0.5778586935148298,-0.7184728455967688,1.5466916092881018,0.7166274151330027,0.47360402381448,0.4141093818456665,0.5778586935148298,-0.7184728455967688,1.5466916092881018,0.7166274151330027,0.47360402381448,NA,NA,NA,NA,NA,NA,NA,no data
Acupuncture:Cognitive and cognitive behavioural therapies individual,Acupuncture,Cognitive and cognitive behavioural therapies individual,NA,NA,NA,NA,NA,NA,NA,NA,NA,NA,NA,-0.06225687625099097,0.29550447886711606,-0.6414350121008158,0.5169212595988338,-0.21067997510449563,0.8331370014425186,-0.06225687625099097,0.29550447886711606,-0.6414350121008158,0.5169212595988338,-0.21067997510449563,0.8331370014425186,NA,NA,NA,NA,NA,NA,NA,no data
Acupuncture:Cognitive and cognitive behavioural therapies individual + AD,Acupuncture,Cognitive and cognitive behavioural therapies individual + AD,NA,NA,NA,NA,NA,NA,NA,NA,NA,NA,NA,0.4208994796841701,0.37345031503591164,-0.31104968780135356,1.1528486471696937,1.1270561644691495,0.2597187353946789,0.4208994796841701,0.37345031503591164,-0.31104968780135356,1.1528486471696937,1.1270561644691495,0.2597187353946789,NA,NA,NA,NA,NA,NA,NA,no data
Acupuncture:Cognitive and cognitive behavioural therapies individual + placebo,Acupuncture,Cognitive and cognitive behavioural therapies individual + placebo,NA,NA,NA,NA,NA,NA,NA,NA,NA,NA,NA,0.39381600402535,0.5157892602675708,-0.6171123697116447,1.4047443777623447,0.7635211400505976,0.4451526597255961,0.39381600402535,0.5157892602675708,-0.6171123697116447,1.4047443777623447,0.7635211400505976,0.4451526597255961,NA,NA,NA,NA,NA,NA,NA,no data
Acupuncture:Counselling individual,Acupuncture,Counselling individual,NA,NA,NA,NA,NA,NA,NA,NA,NA,NA,NA,-0.23878849493802168,0.39263674334083043,-1.008342370893146,0.5307653810171027,-0.60816645153034,0.54307708271966,-0.23878849493802168,0.39263674334083043,-1.008342370893146,0.5307653810171027,-0.60816645153034,0.54307708271966,NA,NA,NA,NA,NA,NA,NA,no data
Acupuncture:Counselling individual + AD,Acupuncture,Counselling individual + AD,NA,NA,NA,NA,NA,NA,NA,NA,NA,NA,NA,-0.7226026075138376,0.7221025630315299,-2.1378976241997,0.6926924091720248,-1.0006924840153018,0.31697550217832016,-0.7226026075138376,0.7221025630315299,-2.1378976241997,0.6926924091720248,-1.0006924840153018,0.31697550217832016,NA,NA,NA,NA,NA,NA,NA,no data
Acupuncture:Counselling individual + placebo,Acupuncture,Counselling individual + placebo,NA,NA,NA,NA,NA,NA,NA,NA,NA,NA,NA,-1.0663721149280532,0.9644911575914307,-2.9567400472146024,0.823995817358496,-1.105631821022646,0.26888591086901287,-1.0663721149280532,0.9644911575914307,-2.9567400472146024,0.823995817358496,-1.105631821022646,0.26888591086901287,NA,NA,NA,NA,NA,NA,NA,no data
Acupuncture:Exercise group,Acupuncture,Exercise group,NA,NA,NA,NA,NA,NA,NA,NA,NA,NA,NA,-0.017033124948945044,0.44436997839281017,-0.8879822784096948,0.8539160285118047,-0.03833095343333085,0.9694238116432015,-0.017033124948945044,0.44436997839281017,-0.8879822784096948,0.8539160285118047,-0.03833095343333085,0.9694238116432015,NA,NA,NA,NA,NA,NA,NA,no data
Acupuncture:Exercise group + AD,Acupuncture,Exercise group + AD,NA,NA,NA,NA,NA,NA,NA,NA,NA,NA,NA,2.5304038504668296,0.6859463285627729,1.1859737511563164,3.8748339497773427,3.6889239654779566,2.2520450380931383e-4,2.5304038504668296,0.6859463285627729,1.1859737511563164,3.8748339497773427,3.6889239654779566,2.2520450380931383e-4,NA,NA,NA,NA,NA,NA,NA,no data
Acupuncture:Exercise individual,Acupuncture,Exercise individual,NA,NA,NA,NA,NA,NA,NA,NA,NA,NA,NA,-0.16065770070828878,0.43798671028318303,-1.0190958785705062,0.6977804771539288,-0.3668095331121224,0.7137610961822236,-0.16065770070828878,0.43798671028318303,-1.0190958785705062,0.6977804771539288,-0.3668095331121224,0.7137610961822236,NA,NA,NA,NA,NA,NA,NA,no data
Acupuncture:Exercise individual + AD,Acupuncture,Exercise individual + AD,NA,NA,NA,NA,NA,NA,NA,NA,NA,NA,NA,0.5339960176058769,0.5304932711280618,-0.505751687845966,1.5737437230577198,1.0066028103813018,0.314125683385778,0.5339960176058769,0.5304932711280618,-0.505751687845966,1.5737437230577198,1.0066028103813018,0.314125683385778,NA,NA,NA,NA,NA,NA,NA,no data
Acupuncture:Interpersonal psychotherapy (IPT) individual,Acupuncture,Interpersonal psychotherapy (IPT) individual,NA,NA,NA,NA,NA,NA,NA,NA,NA,NA,NA,-0.3602067495707346,0.41398314715306067,-1.1715988081972788,0.45118530905580956,-0.8701000319647227,0.3842457402316216,-0.3602067495707346,0.41398314715306067,-1.1715988081972788,0.45118530905580956,-0.8701000319647227,0.3842457402316216,NA,NA,NA,NA,NA,NA,NA,no data
Acupuncture:Interpersonal psychotherapy (IPT) individual + AD,Acupuncture,Interpersonal psychotherapy (IPT) individual + AD,NA,NA,NA,NA,NA,NA,NA,NA,NA,NA,NA,-0.10546229131065177,0.4591982836151376,-1.0054743889589304,0.794549806337627,-0.22966612697324806,0.8183512181021828,-0.10546229131065177,0.4591982836151376,-1.0054743889589304,0.794549806337627,-0.22966612697324806,0.8183512181021828,NA,NA,NA,NA,NA,NA,NA,no data
Acupuncture:Interpersonal psychotherapy (IPT) individual + placebo,Acupuncture,Interpersonal psychotherapy (IPT) individual + placebo,NA,NA,NA,NA,NA,NA,NA,NA,NA,NA,NA,-0.40142408620072123,0.5019413862506608,-1.3852111256021242,0.5823629532006819,-0.7997429524575147,0.4238597414823687,-0.40142408620072123,0.5019413862506608,-1.3852111256021242,0.5823629532006819,-0.7997429524575147,0.4238597414823687,NA,NA,NA,NA,NA,NA,NA,no data
Acupuncture:Light therapy,Acupuncture,Light therapy,NA,NA,NA,NA,NA,NA,NA,NA,NA,NA,NA,-0.04628020243578135,0.593066074127,-1.208668348177263,1.1161079433057004,-0.078035491245906,0.9377998211280951,-0.04628020243578135,0.593066074127,-1.208668348177263,1.1161079433057004,-0.078035491245906,0.9377998211280951,NA,NA,NA,NA,NA,NA,NA,no data
Acupuncture:Light therapy + AD,Acupuncture,Light therapy + AD,NA,NA,NA,NA,NA,NA,NA,NA,NA,NA,NA,0.28990611165065383,0.4946506246190892,-0.6795912975330026,1.2594035208343102,0.5860825746938033,0.5578200255697967,0.28990611165065383,0.4946506246190892,-0.6795912975330026,1.2594035208343102,0.5860825746938033,0.5578200255697967,NA,NA,NA,NA,NA,NA,NA,no data
Acupuncture:Mindfulness or meditation group,Acupuncture,Mindfulness or meditation group,NA,NA,NA,NA,NA,NA,NA,NA,NA,NA,NA,3.3295851329388104,0.9295039825622237,1.507790803630306,5.151379462247315,3.582109593291515,3.408307445933289e-4,3.3295851329388104,0.9295039825622237,1.507790803630306,5.151379462247315,3.582109593291515,3.408307445933289e-4,NA,NA,NA,NA,NA,NA,NA,no data
Acupuncture:Mirtazapine,Acupuncture,Mirtazapine,NA,NA,NA,NA,NA,NA,NA,NA,NA,NA,NA,-0.2208923788458086,0.2912887891539631,-0.7918079146878577,0.35002315699624054,-0.7583277732293847,0.4482547847236117,-0.2208923788458086,0.2912887891539631,-0.7918079146878577,0.35002315699624054,-0.7583277732293847,0.4482547847236117,NA,NA,NA,NA,NA,NA,NA,no data
Acupuncture:Music therapy group,Acupuncture,Music therapy group,NA,NA,NA,NA,NA,NA,NA,NA,NA,NA,NA,-0.13928987048752806,0.7886803378656284,-1.685074928019041,1.4064951870439848,-0.1766113136083527,0.8598137068124696,-0.13928987048752806,0.7886803378656284,-1.685074928019041,1.4064951870439848,-0.1766113136083527,0.8598137068124696,NA,NA,NA,NA,NA,NA,NA,no data
Acupuncture:No treatment,Acupuncture,No treatment,NA,NA,NA,NA,NA,NA,NA,NA,NA,NA,NA,-0.8014919989276179,0.34208684383242616,-1.471969892424151,-0.13101410543108483,-2.342948913055057,0.01913200256862185,-0.8014919989276179,0.34208684383242616,-1.471969892424151,-0.13101410543108483,-2.342948913055057,0.01913200256862185,NA,NA,NA,NA,NA,NA,NA,no data
Acupuncture:Peer support group,Acupuncture,Peer support group,NA,NA,NA,NA,NA,NA,NA,NA,NA,NA,NA,0.44084898041955567,0.7156797551961449,-0.9618575642293306,1.843555525068442,0.6159863782911298,0.5379035101249648,0.44084898041955567,0.7156797551961449,-0.9618575642293306,1.843555525068442,0.6159863782911298,0.5379035101249648,NA,NA,NA,NA,NA,NA,NA,no data
Acupuncture:Peer support group + AD,Acupuncture,Peer support group + AD,NA,NA,NA,NA,NA,NA,NA,NA,NA,NA,NA,0.561787702030097,0.7149160532729449,-0.8394220143543933,1.9629974184145873,0.7858093260854702,0.4319792020605319,0.561787702030097,0.7149160532729449,-0.8394220143543933,1.9629974184145873,0.7858093260854702,0.4319792020605319,NA,NA,NA,NA,NA,NA,NA,no data
Acupuncture:Placebo,Acupuncture,Placebo,NA,NA,NA,NA,NA,NA,NA,NA,NA,NA,NA,-0.9162850493970303,0.26819005628388903,-1.4419279007252226,-0.3906421980688378,-3.4165511655924665,6.341974494340089e-4,-0.9162850493970303,0.26819005628388903,-1.4419279007252226,-0.3906421980688378,-3.4165511655924665,6.341974494340089e-4,NA,NA,NA,NA,NA,NA,NA,no data
Acupuncture:Problem solving group,Acupuncture,Problem solving group,NA,NA,NA,NA,NA,NA,NA,NA,NA,NA,NA,2.07904534899777,0.6457347670584025,0.8134284619979402,3.3446622359975997,3.219658372227206,0.0012834344575337459,2.07904534899777,0.6457347670584025,0.8134284619979402,3.3446622359975997,3.219658372227206,0.0012834344575337459,NA,NA,NA,NA,NA,NA,NA,no data
Acupuncture:Problem solving individual,Acupuncture,Problem solving individual,NA,NA,NA,NA,NA,NA,NA,NA,NA,NA,NA,0.06025971524696816,0.40755175560477375,-0.7385270475744583,0.8590464780683946,0.1478578227630197,0.8824549748172454,0.06025971524696816,0.40755175560477375,-0.7385270475744583,0.8590464780683946,0.1478578227630197,0.8824549748172454,NA,NA,NA,NA,NA,NA,NA,no data
Acupuncture:Psychoeducation group,Acupuncture,Psychoeducation group,NA,NA,NA,NA,NA,NA,NA,NA,NA,NA,NA,0.4340707057030948,0.711520024029755,-0.9604829156742984,1.828624327080488,0.6100611241335105,0.5418213179002191,0.4340707057030948,0.711520024029755,-0.9604829156742984,1.828624327080488,0.6100611241335105,0.5418213179002191,NA,NA,NA,NA,NA,NA,NA,no data
Acupuncture:Psychoeducation group + AD,Acupuncture,Psychoeducation group + AD,NA,NA,NA,NA,NA,NA,NA,NA,NA,NA,NA,-0.45790972379424577,0.6607570501196872,-1.7529697445597598,0.8371502969712683,-0.6930077003511376,0.48830471908576933,-0.45790972379424577,0.6607570501196872,-1.7529697445597598,0.8371502969712683,-0.6930077003511376,0.48830471908576933,NA,NA,NA,NA,NA,NA,NA,no data
Acupuncture:Relaxation individual + AD,Acupuncture,Relaxation individual + AD,NA,NA,NA,NA,NA,NA,NA,NA,NA,NA,NA,-0.12802237518888582,0.6747756440358008,-1.4505583351438749,1.1945135847661033,-0.18972583898136886,0.8495239719716083,-0.12802237518888582,0.6747756440358008,-1.4505583351438749,1.1945135847661033,-0.18972583898136886,0.8495239719716083,NA,NA,NA,NA,NA,NA,NA,no data
Acupuncture:Relaxation individual + placebo,Acupuncture,Relaxation individual + placebo,NA,NA,NA,NA,NA,NA,NA,NA,NA,NA,NA,-0.7604498767933427,0.6670141197548051,-2.067773528692447,0.5468737751057615,-1.140080628387424,0.25425271162697005,-0.7604498767933427,0.6670141197548051,-2.067773528692447,0.5468737751057615,-1.140080628387424,0.25425271162697005,NA,NA,NA,NA,NA,NA,NA,no data
Acupuncture:Self-help,Acupuncture,Self-help,NA,NA,NA,NA,NA,NA,NA,NA,NA,NA,NA,-0.2665755141142454,0.36231560792503464,-0.9767010566840482,0.44355002845555735,-0.7357549834546502,0.46187982154593543,-0.2665755141142454,0.36231560792503464,-0.9767010566840482,0.44355002845555735,-0.7357549834546502,0.46187982154593543,NA,NA,NA,NA,NA,NA,NA,no data
Acupuncture:Self-help with support,Acupuncture,Self-help with support,NA,NA,NA,NA,NA,NA,NA,NA,NA,NA,NA,-0.2873072767801004,0.3628276471802931,-0.9984363978488804,0.42382184428867964,-0.791856075502797,0.4284446011435075,-0.2873072767801004,0.3628276471802931,-0.9984363978488804,0.42382184428867964,-0.791856075502797,0.4284446011435075,NA,NA,NA,NA,NA,NA,NA,no data
Acupuncture:Sham acupuncture,Acupuncture,Sham acupuncture,-0.5318067979158806,0.32688720965822377,-1.1724939558527927,0.10888036002103152,-1.6268816344081192,0.1037622392563003,NA,16.065638145859317,0.3727871131174331,0.6105629477109081,0.813266054372499,-4.577738016920862,1.319881832422904,-7.164658872318484,-1.99081716152324,-3.4682938309087255,5.237742535281086e-4,-0.7656316984866893,0.3173008112489976,-1.3875298608000661,-0.14373353617331253,-2.4129522249656965,0.0158238935828139,4.045931219004982,1.3597585445211156,1.3808534440729923,6.7110089939369715,2.9754776944092614,0.002925326234369624,2.9754776944092614,YES
Acupuncture:Short-term psychodynamic psychotherapies individual,Acupuncture,Short-term psychodynamic psychotherapies individual,NA,NA,NA,NA,NA,NA,NA,NA,NA,NA,NA,-0.2065147706801702,0.4206000577401983,-1.030875735746426,0.6178461943860855,-0.4910003383968457,0.6234262082108928,-0.2065147706801702,0.4206000577401983,-1.030875735746426,0.6178461943860855,-0.4910003383968457,0.6234262082108928,NA,NA,NA,NA,NA,NA,NA,no data
Acupuncture:Short-term psychodynamic psychotherapies individual + AD,Acupuncture,Short-term psychodynamic psychotherapies individual + AD,NA,NA,NA,NA,NA,NA,NA,NA,NA,NA,NA,-0.414276542996574,0.6518819954134026,-1.6919417761769475,0.8633886901837995,-0.6355084906645614,0.525096830882753,-0.414276542996574,0.6518819954134026,-1.6919417761769475,0.8633886901837995,-0.6355084906645614,0.525096830882753,NA,NA,NA,NA,NA,NA,NA,no data
Acupuncture:SNRIs,Acupuncture,SNRIs,NA,NA,NA,NA,NA,NA,NA,NA,NA,NA,NA,-0.20496016488853463,0.2730336479799686,-0.7400962814968602,0.33017595171979097,-0.7506773117706421,0.45284688052298994,-0.20496016488853463,0.2730336479799686,-0.7400962814968602,0.33017595171979097,-0.7506773117706421,0.45284688052298994,NA,NA,NA,NA,NA,NA,NA,no data
Acupuncture:SSRIs,Acupuncture,SSRIs,-0.9194570804043688,0.326213401974227,-1.5588235995481408,-0.2800905612605967,-2.818575432032716,0.004823727543217446,NA,66.4584393268498,1.8617199347057571,1.3644485826537243,0.9548590061640527,0.5944309582663805,0.4477203816187028,-0.28308486485080564,1.4719467813835667,1.3276834887821178,0.18428269038240042,-0.3944746981627727,0.26365277764901246,-0.9112246467787839,0.1222752504532385,-1.496190184986091,0.1346041015421354,-1.5138880386707494,0.5539573302560366,-2.599624454944541,-0.4281516223969577,-2.7328603774789606,0.0062786942193875156,-2.7328603774789606,YES
Acupuncture:TAU,Acupuncture,TAU,NA,NA,NA,NA,NA,NA,NA,NA,NA,NA,NA,-0.5709129301798237,0.37347403366007237,-1.3029085853144653,0.1610827249548178,-1.5286549498095918,0.12635000596699242,-0.5709129301798237,0.37347403366007237,-1.3029085853144653,0.1610827249548178,-1.5286549498095918,0.12635000596699242,NA,NA,NA,NA,NA,NA,NA,no data
Acupuncture:TCAs,Acupuncture,TCAs,-0.058942213167587465,0.6451859707339003,-1.323483479136545,1.2055990528013703,-0.09135693558330257,0.9272089790276842,NA,0,NA,NA,NA,-0.33725904730608014,0.2957114399906334,-0.9168428195041989,0.2423247248920386,-1.140500507240311,0.25407784149695867,-0.28894260047376097,0.2688206779070618,-0.8158214474712442,0.23793624652372225,-1.0748525847169235,0.2824407332340566,0.2783168341384927,0.7097254346387617,-1.112719456665516,1.6693531249425015,0.3921471889761866,0.6949494623407797,0.3921471889761866,no
Acupuncture:Trazodone,Acupuncture,Trazodone,NA,NA,NA,NA,NA,NA,NA,NA,NA,NA,NA,-0.516123548148181,0.3151395108799071,-1.1337856395783672,0.1015385432820054,-1.6377621032256553,0.10147132988008664,-0.516123548148181,0.3151395108799071,-1.1337856395783672,0.1015385432820054,-1.6377621032256553,0.10147132988008664,NA,NA,NA,NA,NA,NA,NA,no data
Acupuncture:Waitlist,Acupuncture,Waitlist,0,0.6060442509787369,-1.1878249049558776,1.1878249049558776,0,1,NA,0,NA,NA,NA,-2.2197668919243823,0.3814127995101256,-2.9673222422068246,-1.47221154164194,-5.819854222971489,5.88989744350698e-9,-1.5900008790749989,0.32280500559427255,-2.2226870640690235,-0.9573146940809741,-4.925576900977306,8.41118221642872e-7,2.2197668919243823,0.7160763630888325,0.8162830100898439,3.6232507737589206,3.099902477368898,0.0019358437003406134,3.099902477368898,YES
Acupuncture:Yoga group,Acupuncture,Yoga group,NA,NA,NA,NA,NA,NA,NA,NA,NA,NA,NA,-0.03182979555947085,0.5501136164775705,-1.1100326712605888,1.046373080141647,-0.0578604030259786,0.9538598240609124,-0.03182979555947085,0.5501136164775705,-1.1100326712605888,1.046373080141647,-0.0578604030259786,0.9538598240609124,NA,NA,NA,NA,NA,NA,NA,no data
Acupuncture:Yoga group + AD,Acupuncture,Yoga group + AD,NA,NA,NA,NA,NA,NA,NA,NA,NA,NA,NA,0.9417107136340759,0.7860137174831872,-0.5988478639874115,2.4822692912555633,1.198084324341603,0.23088419079255884,0.9417107136340759,0.7860137174831872,-0.5988478639874115,2.4822692912555633,1.198084324341603,0.23088419079255884,NA,NA,NA,NA,NA,NA,NA,no data
Acupuncture + AD:Any AD,Acupuncture + AD,Any AD,NA,NA,NA,NA,NA,NA,NA,NA,NA,NA,NA,-1.0827572500991853,0.3630765499356648,-1.7943742116041466,-0.371140288594224,-2.9821734570603473,0.002862097894579893,-1.0827572500991853,0.3630765499356648,-1.7943742116041466,-0.371140288594224,-2.9821734570603473,0.002862097894579893,NA,NA,NA,NA,NA,NA,NA,no data
Acupuncture + AD:Any psychotherapy,Acupuncture + AD,Any psychotherapy,NA,NA,NA,NA,NA,NA,NA,NA,NA,NA,NA,-1.8973915148973903,0.5993090924693136,-3.0720157517446296,-0.7227672780501508,-3.1659648397450977,0.0015456947592156307,-1.8973915148973903,0.5993090924693136,-3.0720157517446296,-0.7227672780501508,-3.1659648397450977,0.0015456947592156307,NA,NA,NA,NA,NA,NA,NA,no data
Acupuncture + AD:Attention placebo,Acupuncture + AD,Attention placebo,NA,NA,NA,NA,NA,NA,NA,NA,NA,NA,NA,-2.3205809423958756,0.5714707562694453,-3.4406430429018555,-1.2005188418898958,-4.060716872976322,4.892226942269941e-5,-2.3205809423958756,0.5714707562694453,-3.4406430429018555,-1.2005188418898958,-4.060716872976322,4.892226942269941e-5,NA,NA,NA,NA,NA,NA,NA,no data
Acupuncture + AD:Behavioural therapies individual,Acupuncture + AD,Behavioural therapies individual,NA,NA,NA,NA,NA,NA,NA,NA,NA,NA,NA,-2.064450048680407,0.4441703130916628,-2.935007865341946,-1.1938922320188685,-4.647879400833277,3.3536487870839617e-6,-2.064450048680407,0.4441703130916628,-2.935007865341946,-1.1938922320188685,-4.647879400833277,3.3536487870839617e-6,NA,NA,NA,NA,NA,NA,NA,no data
Acupuncture + AD:Behavioural therapies individual + AD,Acupuncture + AD,Behavioural therapies individual + AD,NA,NA,NA,NA,NA,NA,NA,NA,NA,NA,NA,-1.0177057834429761,0.6038813538802159,-2.201291487983486,0.1658799210975339,-1.685274395216457,0.09193564339887432,-1.0177057834429761,0.6038813538802159,-2.201291487983486,0.1658799210975339,-1.685274395216457,0.09193564339887432,NA,NA,NA,NA,NA,NA,NA,no data
Acupuncture + AD:Cognitive and cognitive behavioural therapies group,Acupuncture + AD,Cognitive and cognitive behavioural therapies group,NA,NA,NA,NA,NA,NA,NA,NA,NA,NA,NA,-0.7960102609608182,0.39054392830776885,-1.561462294824838,-0.03055822709679845,-2.038209285213931,0.04152900731203742,-0.7960102609608182,0.39054392830776885,-1.561462294824838,-0.03055822709679845,-2.038209285213931,0.04152900731203742,NA,NA,NA,NA,NA,NA,NA,no data
Acupuncture + AD:Cognitive and cognitive behavioural therapies group + AD,Acupuncture + AD,Cognitive and cognitive behavioural therapies group + AD,NA,NA,NA,NA,NA,NA,NA,NA,NA,NA,NA,-0.4184184394699648,0.5780403522383716,-1.5513567114680196,0.7145198325280899,-0.723856799702139,0.4691536541499254,-0.4184184394699648,0.5780403522383716,-1.5513567114680196,0.7145198325280899,-0.723856799702139,0.4691536541499254,NA,NA,NA,NA,NA,NA,NA,no data
Acupuncture + AD:Cognitive and cognitive behavioural therapies individual,Acupuncture + AD,Cognitive and cognitive behavioural therapies individual,NA,NA,NA,NA,NA,NA,NA,NA,NA,NA,NA,-0.8947846975666223,0.2988456709471926,-1.4805114495588276,-0.3090579455744169,-2.994136387288457,0.0027522288659176833,-0.8947846975666223,0.2988456709471926,-1.4805114495588276,-0.3090579455744169,-2.994136387288457,0.0027522288659176833,NA,NA,NA,NA,NA,NA,NA,no data
Acupuncture + AD:Cognitive and cognitive behavioural therapies individual + AD,Acupuncture + AD,Cognitive and cognitive behavioural therapies individual + AD,NA,NA,NA,NA,NA,NA,NA,NA,NA,NA,NA,-0.4116283416314612,0.3710823115851039,-1.1389363076381351,0.3156796243752127,-1.109264248875572,0.2673162031253378,-0.4116283416314612,0.3710823115851039,-1.1389363076381351,0.3156796243752127,-1.109264248875572,0.2673162031253378,NA,NA,NA,NA,NA,NA,NA,no data
Acupuncture + AD:Cognitive and cognitive behavioural therapies individual + placebo,Acupuncture + AD,Cognitive and cognitive behavioural therapies individual + placebo,NA,NA,NA,NA,NA,NA,NA,NA,NA,NA,NA,-0.4387118172902813,0.5145035183949065,-1.447120183263439,0.5696965486828764,-0.8526896349687324,0.39383144033578266,-0.4387118172902813,0.5145035183949065,-1.447120183263439,0.5696965486828764,-0.8526896349687324,0.39383144033578266,NA,NA,NA,NA,NA,NA,NA,no data
Acupuncture + AD:Counselling individual,Acupuncture + AD,Counselling individual,NA,NA,NA,NA,NA,NA,NA,NA,NA,NA,NA,-1.071316316253653,0.3988296480578106,-1.8530080624137466,-0.28962457009355924,-2.6861501432269774,0.007228060039221293,-1.071316316253653,0.3988296480578106,-1.8530080624137466,-0.28962457009355924,-2.6861501432269774,0.007228060039221293,NA,NA,NA,NA,NA,NA,NA,no data
Acupuncture + AD:Counselling individual + AD,Acupuncture + AD,Counselling individual + AD,NA,NA,NA,NA,NA,NA,NA,NA,NA,NA,NA,-1.555130428829469,0.7207122338788841,-2.9677004504494895,-0.1425604072094484,-2.1577688787933202,0.030945805655085284,-1.555130428829469,0.7207122338788841,-2.9677004504494895,-0.1425604072094484,-2.1577688787933202,0.030945805655085284,NA,NA,NA,NA,NA,NA,NA,no data
Acupuncture + AD:Counselling individual + placebo,Acupuncture + AD,Counselling individual + placebo,NA,NA,NA,NA,NA,NA,NA,NA,NA,NA,NA,-1.8988999362436845,0.963450676266328,-3.7872285626064457,-0.01057130988092303,-1.9709363260841897,0.04873115942075785,-1.8988999362436845,0.963450676266328,-3.7872285626064457,-0.01057130988092303,-1.9709363260841897,0.04873115942075785,NA,NA,NA,NA,NA,NA,NA,no data
Acupuncture + AD:Exercise group,Acupuncture + AD,Exercise group,NA,NA,NA,NA,NA,NA,NA,NA,NA,NA,NA,-0.8495609462645763,0.4426963209686813,-1.7172297914515755,0.018107898922422705,-1.9190603265137116,0.05497669961857703,-0.8495609462645763,0.4426963209686813,-1.7172297914515755,0.018107898922422705,-1.9190603265137116,0.05497669961857703,NA,NA,NA,NA,NA,NA,NA,no data
Acupuncture + AD:Exercise group + AD,Acupuncture + AD,Exercise group + AD,NA,NA,NA,NA,NA,NA,NA,NA,NA,NA,NA,1.6978760291511974,0.6815627865882189,0.36203751423552966,3.033714544066865,2.49115131072584,0.012732988080485825,1.6978760291511974,0.6815627865882189,0.36203751423552966,3.033714544066865,2.49115131072584,0.012732988080485825,NA,NA,NA,NA,NA,NA,NA,no data
Acupuncture + AD:Exercise individual,Acupuncture + AD,Exercise individual,NA,NA,NA,NA,NA,NA,NA,NA,NA,NA,NA,-0.9931855220239201,0.4354491774858127,-1.8466502269937024,-0.13972081705413764,-2.280829941529236,0.022558511882049697,-0.9931855220239201,0.4354491774858127,-1.8466502269937024,-0.13972081705413764,-2.280829941529236,0.022558511882049697,NA,NA,NA,NA,NA,NA,NA,no data
Acupuncture + AD:Exercise individual + AD,Acupuncture + AD,Exercise individual + AD,NA,NA,NA,NA,NA,NA,NA,NA,NA,NA,NA,-0.2985318037097544,0.5292966391491186,-1.33593415358012,0.7388705461606111,-0.564016057592327,0.5727432040374594,-0.2985318037097544,0.5292966391491186,-1.33593415358012,0.7388705461606111,-0.564016057592327,0.5727432040374594,NA,NA,NA,NA,NA,NA,NA,no data
Acupuncture + AD:Interpersonal psychotherapy (IPT) individual,Acupuncture + AD,Interpersonal psychotherapy (IPT) individual,NA,NA,NA,NA,NA,NA,NA,NA,NA,NA,NA,-1.192734570886366,0.4130367236470768,-2.0022716735270594,-0.38319746824567236,-2.8877203953068094,0.003880446458702266,-1.192734570886366,0.4130367236470768,-2.0022716735270594,-0.38319746824567236,-2.8877203953068094,0.003880446458702266,NA,NA,NA,NA,NA,NA,NA,no data
Acupuncture + AD:Interpersonal psychotherapy (IPT) individual + AD,Acupuncture + AD,Interpersonal psychotherapy (IPT) individual + AD,NA,NA,NA,NA,NA,NA,NA,NA,NA,NA,NA,-0.9379901126262831,0.45749888484701456,-1.834671449893669,-0.04130877535889721,-2.0502566097837427,0.040339396378271435,-0.9379901126262831,0.45749888484701456,-1.834671449893669,-0.04130877535889721,-2.0502566097837427,0.040339396378271435,NA,NA,NA,NA,NA,NA,NA,no data
Acupuncture + AD:Interpersonal psychotherapy (IPT) individual + placebo,Acupuncture + AD,Interpersonal psychotherapy (IPT) individual + placebo,NA,NA,NA,NA,NA,NA,NA,NA,NA,NA,NA,-1.2339519075163525,0.5003381084853318,-2.2145965802404968,-0.25330723479220807,-2.466236104325297,0.013654129924670534,-1.2339519075163525,0.5003381084853318,-2.2145965802404968,-0.25330723479220807,-2.466236104325297,0.013654129924670534,NA,NA,NA,NA,NA,NA,NA,no data
Acupuncture + AD:Light therapy,Acupuncture + AD,Light therapy,NA,NA,NA,NA,NA,NA,NA,NA,NA,NA,NA,-0.8788080237514126,0.5883606395624372,-2.0319736872147414,0.27435763971191607,-1.4936553614548054,0.13526572144731785,-0.8788080237514126,0.5883606395624372,-2.0319736872147414,0.27435763971191607,-1.4936553614548054,0.13526572144731785,NA,NA,NA,NA,NA,NA,NA,no data
Acupuncture + AD:Light therapy + AD,Acupuncture + AD,Light therapy + AD,NA,NA,NA,NA,NA,NA,NA,NA,NA,NA,NA,-0.5426217096649775,0.489095790761514,-1.5012318445476827,0.41598842521772783,-1.109438518822917,0.2672410532904008,-0.5426217096649775,0.489095790761514,-1.5012318445476827,0.41598842521772783,-1.109438518822917,0.2672410532904008,NA,NA,NA,NA,NA,NA,NA,no data
Acupuncture + AD:Mindfulness or meditation group,Acupuncture + AD,Mindfulness or meditation group,NA,NA,NA,NA,NA,NA,NA,NA,NA,NA,NA,2.497057311623179,0.9304556727523795,0.6733977038175292,4.320716919428829,2.683692931052414,0.007281394949987028,2.497057311623179,0.9304556727523795,0.6733977038175292,4.320716919428829,2.683692931052414,0.007281394949987028,NA,NA,NA,NA,NA,NA,NA,no data
Acupuncture + AD:Mirtazapine,Acupuncture + AD,Mirtazapine,NA,NA,NA,NA,NA,NA,NA,NA,NA,NA,NA,-1.05342020016144,0.282432443473725,-1.6069776174355854,-0.49986278288729447,-3.729813003085252,1.9162193076872875e-4,-1.05342020016144,0.282432443473725,-1.6069776174355854,-0.49986278288729447,-3.729813003085252,1.9162193076872875e-4,NA,NA,NA,NA,NA,NA,NA,no data
Acupuncture + AD:Music therapy group,Acupuncture + AD,Music therapy group,NA,NA,NA,NA,NA,NA,NA,NA,NA,NA,NA,-0.9718176918031594,0.7898017350537344,-2.5198006474357246,0.5761652638294057,-1.2304577828472882,0.21852572678538418,-0.9718176918031594,0.7898017350537344,-2.5198006474357246,0.5761652638294057,-1.2304577828472882,0.21852572678538418,NA,NA,NA,NA,NA,NA,NA,no data
Acupuncture + AD:No treatment,Acupuncture + AD,No treatment,NA,NA,NA,NA,NA,NA,NA,NA,NA,NA,NA,-1.6340198202432492,0.3446643498844624,-2.3095495327717073,-0.9584901077147912,-4.740901752069808,2.1276909704760897e-6,-1.6340198202432492,0.3446643498844624,-2.3095495327717073,-0.9584901077147912,-4.740901752069808,2.1276909704760897e-6,NA,NA,NA,NA,NA,NA,NA,no data
Acupuncture + AD:Peer support group,Acupuncture + AD,Peer support group,NA,NA,NA,NA,NA,NA,NA,NA,NA,NA,NA,-0.39167884089607563,0.715826439259412,-1.7946728810260715,1.0113151992339202,-0.547170123111551,0.5842618600459677,-0.39167884089607563,0.715826439259412,-1.7946728810260715,1.0113151992339202,-0.547170123111551,0.5842618600459677,NA,NA,NA,NA,NA,NA,NA,no data
Acupuncture + AD:Peer support group + AD,Acupuncture + AD,Peer support group + AD,NA,NA,NA,NA,NA,NA,NA,NA,NA,NA,NA,-0.2707401192855343,0.7150628939978354,-1.6722376382022737,1.130757399631205,-0.37862420432957594,0.7049669456360272,-0.2707401192855343,0.7150628939978354,-1.6722376382022737,1.130757399631205,-0.37862420432957594,0.7049669456360272,NA,NA,NA,NA,NA,NA,NA,no data
Acupuncture + AD:Placebo,Acupuncture + AD,Placebo,NA,NA,NA,NA,NA,NA,NA,NA,NA,NA,NA,-1.7488128707126616,0.25828393693316176,-2.2550400848868732,-1.2425856565384499,-6.770892884311331,1.2799001216148658e-11,-1.7488128707126616,0.25828393693316176,-2.2550400848868732,-1.2425856565384499,-6.770892884311331,1.2799001216148658e-11,NA,NA,NA,NA,NA,NA,NA,no data
Acupuncture + AD:Problem solving group,Acupuncture + AD,Problem solving group,NA,NA,NA,NA,NA,NA,NA,NA,NA,NA,NA,1.2465175276821387,0.6627986489540061,-0.05254395326951933,2.545579008633797,1.8806880938114872,0.060014360227984745,1.2465175276821387,0.6627986489540061,-0.05254395326951933,2.545579008633797,1.8806880938114872,0.060014360227984745,NA,NA,NA,NA,NA,NA,NA,no data
Acupuncture + AD:Problem solving individual,Acupuncture + AD,Problem solving individual,NA,NA,NA,NA,NA,NA,NA,NA,NA,NA,NA,-0.7722681060686631,0.4165376067391866,-1.5886668134839772,0.04413060134665092,-1.8540177251083496,0.06373662417537448,-0.7722681060686631,0.4165376067391866,-1.5886668134839772,0.04413060134665092,-1.8540177251083496,0.06373662417537448,NA,NA,NA,NA,NA,NA,NA,no data
Acupuncture + AD:Psychoeducation group,Acupuncture + AD,Psychoeducation group,NA,NA,NA,NA,NA,NA,NA,NA,NA,NA,NA,-0.3984571156125365,0.7127628286838135,-1.795446589351703,0.9985323581266301,-0.5590318400137766,0.5761399904165373,-0.3984571156125365,0.7127628286838135,-1.795446589351703,0.9985323581266301,-0.5590318400137766,0.5761399904165373,NA,NA,NA,NA,NA,NA,NA,no data
Acupuncture + AD:Psychoeducation group + AD,Acupuncture + AD,Psychoeducation group + AD,NA,NA,NA,NA,NA,NA,NA,NA,NA,NA,NA,-1.290437545109877,0.6602399550953432,-2.5844840782510916,0.00360898803133769,-1.954497808184797,0.050642373821490755,-1.290437545109877,0.6602399550953432,-2.5844840782510916,0.00360898803133769,-1.954497808184797,0.050642373821490755,NA,NA,NA,NA,NA,NA,NA,no data
Acupuncture + AD:Relaxation individual + AD,Acupuncture + AD,Relaxation individual + AD,NA,NA,NA,NA,NA,NA,NA,NA,NA,NA,NA,-0.9605501965045171,0.6718592246729068,-2.2773700795444185,0.3562696865353845,-1.4296896749049757,0.15280610496374705,-0.9605501965045171,0.6718592246729068,-2.2773700795444185,0.3562696865353845,-1.4296896749049757,0.15280610496374705,NA,NA,NA,NA,NA,NA,NA,no data
Acupuncture + AD:Relaxation individual + placebo,Acupuncture + AD,Relaxation individual + placebo,NA,NA,NA,NA,NA,NA,NA,NA,NA,NA,NA,-1.592977698108974,0.6640580919070902,-2.89450764188926,-0.2914477543286884,-2.3988529279631923,0.016446518900551516,-1.592977698108974,0.6640580919070902,-2.89450764188926,-0.2914477543286884,-2.3988529279631923,0.016446518900551516,NA,NA,NA,NA,NA,NA,NA,no data
Acupuncture + AD:Self-help,Acupuncture + AD,Self-help,NA,NA,NA,NA,NA,NA,NA,NA,NA,NA,NA,-1.0991033354298767,0.3801986770128029,-1.8442790493447467,-0.3539276215150067,-2.8908657548875825,0.0038418219144382595,-1.0991033354298767,0.3801986770128029,-1.8442790493447467,-0.3539276215150067,-2.8908657548875825,0.0038418219144382595,NA,NA,NA,NA,NA,NA,NA,no data
Acupuncture + AD:Self-help with support,Acupuncture + AD,Self-help with support,NA,NA,NA,NA,NA,NA,NA,NA,NA,NA,NA,-1.1198350980957317,0.3762535793539047,-1.857278562683668,-0.38239163350779537,-2.976277594537946,0.0029177062687328094,-1.1198350980957317,0.3762535793539047,-1.857278562683668,-0.38239163350779537,-2.976277594537946,0.0029177062687328094,NA,NA,NA,NA,NA,NA,NA,no data
Acupuncture + AD:Sham acupuncture,Acupuncture + AD,Sham acupuncture,NA,NA,NA,NA,NA,NA,NA,NA,NA,NA,NA,-1.5981595198023206,0.4627802700893943,-2.505192181933252,-0.6911268576713891,-3.4533873267622397,5.535935119037526e-4,-1.5981595198023206,0.4627802700893943,-2.505192181933252,-0.6911268576713891,-3.4533873267622397,5.535935119037526e-4,NA,NA,NA,NA,NA,NA,NA,no data
Acupuncture + AD:Short-term psychodynamic psychotherapies individual,Acupuncture + AD,Short-term psychodynamic psychotherapies individual,NA,NA,NA,NA,NA,NA,NA,NA,NA,NA,NA,-1.0390425919958015,0.4221009168915697,-1.8663451869446126,-0.21173999704699054,-2.461597571612746,0.013831976896311203,-1.0390425919958015,0.4221009168915697,-1.8663451869446126,-0.21173999704699054,-2.461597571612746,0.013831976896311203,NA,NA,NA,NA,NA,NA,NA,no data
Acupuncture + AD:Short-term psychodynamic psychotherapies individual + AD,Acupuncture + AD,Short-term psychodynamic psychotherapies individual + AD,NA,NA,NA,NA,NA,NA,NA,NA,NA,NA,NA,-1.2468043643122053,0.6512139283630026,-2.523160210134537,0.02955148151012632,-1.914584915968207,0.055545460309312726,-1.2468043643122053,0.6512139283630026,-2.523160210134537,0.02955148151012632,-1.914584915968207,0.055545460309312726,NA,NA,NA,NA,NA,NA,NA,no data
Acupuncture + AD:SNRIs,Acupuncture + AD,SNRIs,NA,NA,NA,NA,NA,NA,NA,NA,NA,NA,NA,-1.037487986204166,0.2632071637974087,-1.5533645477200215,-0.5216114246883102,-3.9417163698580913,8.090060904272051e-5,-1.037487986204166,0.2632071637974087,-1.5533645477200215,-0.5216114246883102,-3.9417163698580913,8.090060904272051e-5,NA,NA,NA,NA,NA,NA,NA,no data
Acupuncture + AD:SSRIs,Acupuncture + AD,SSRIs,-1.2270025194784024,0.25202827927673116,-1.7209688699463979,-0.733036169010407,-4.868511275796688,1.124421079369731e-6,NA,154.73628668806023,1.3008012895568704,1.140526759684695,0.9676869588445035,NA,NA,NA,NA,NA,NA,-1.227002519478404,0.2520282792767313,-1.7209688699463999,-0.7330361690104082,-4.868511275796691,1.1244210793697158e-6,NA,NA,NA,NA,NA,NA,NA,no data
Acupuncture + AD:TAU,Acupuncture + AD,TAU,NA,NA,NA,NA,NA,NA,NA,NA,NA,NA,NA,-1.403440751495455,0.3741558945247512,-2.1367728293673345,-0.6701086736235756,-3.7509518680123706,1.7616451798937256e-4,-1.403440751495455,0.3741558945247512,-2.1367728293673345,-0.6701086736235756,-3.7509518680123706,1.7616451798937256e-4,NA,NA,NA,NA,NA,NA,NA,no data
Acupuncture + AD:TCAs,Acupuncture + AD,TCAs,NA,NA,NA,NA,NA,NA,NA,NA,NA,NA,NA,-1.1214704217893923,0.26272507941043377,-1.636402115269268,-0.6065387283095165,-4.268608175154117,1.9669643299859536e-5,-1.1214704217893923,0.26272507941043377,-1.636402115269268,-0.6065387283095165,-4.268608175154117,1.9669643299859536e-5,NA,NA,NA,NA,NA,NA,NA,no data
Acupuncture + AD:Trazodone,Acupuncture + AD,Trazodone,NA,NA,NA,NA,NA,NA,NA,NA,NA,NA,NA,-1.3486513694638123,0.30654150886442555,-1.949461686604652,-0.7478410523229726,-4.399571772383628,1.0846470062713831e-5,-1.3486513694638123,0.30654150886442555,-1.949461686604652,-0.7478410523229726,-4.399571772383628,1.0846470062713831e-5,NA,NA,NA,NA,NA,NA,NA,no data
Acupuncture + AD:Waitlist,Acupuncture + AD,Waitlist,NA,NA,NA,NA,NA,NA,NA,NA,NA,NA,NA,-2.422528700390631,0.355712990069247,-3.119713349759409,-1.7253440510218532,-6.810346453524328,9.73639820831761e-12,-2.422528700390631,0.355712990069247,-3.119713349759409,-1.7253440510218532,-6.810346453524328,9.73639820831761e-12,NA,NA,NA,NA,NA,NA,NA,no data
Acupuncture + AD:Yoga group,Acupuncture + AD,Yoga group,NA,NA,NA,NA,NA,NA,NA,NA,NA,NA,NA,-0.8643576168751022,0.5587695137385317,-1.9595257394615828,0.2308105057113785,-1.5468947314107873,0.12188863171919079,-0.8643576168751022,0.5587695137385317,-1.9595257394615828,0.2308105057113785,-1.5468947314107873,0.12188863171919079,NA,NA,NA,NA,NA,NA,NA,no data
Acupuncture + AD:Yoga group + AD,Acupuncture + AD,Yoga group + AD,NA,NA,NA,NA,NA,NA,NA,NA,NA,NA,NA,0.10918289231844458,0.7861472783244468,-1.4316374597416566,1.6500032443785457,0.1388835086361315,0.8895422028657396,0.10918289231844458,0.7861472783244468,-1.4316374597416566,1.6500032443785457,0.1388835086361315,0.8895422028657396,NA,NA,NA,NA,NA,NA,NA,no data
Any AD:Any psychotherapy,Any AD,Any psychotherapy,NA,NA,NA,NA,NA,NA,NA,NA,NA,NA,NA,-0.8146342647982046,0.585421893112,-1.9620400910589815,0.33277156146257236,-1.3915336518553343,0.16406366240347933,-0.8146342647982046,0.585421893112,-1.9620400910589815,0.33277156146257236,-1.3915336518553343,0.16406366240347933,NA,NA,NA,NA,NA,NA,NA,no data
Any AD:Attention placebo,Any AD,Attention placebo,NA,NA,NA,NA,NA,NA,NA,NA,NA,NA,NA,-1.237823692296689,0.5549156347898265,-2.325438350942931,-0.15020903365044735,-2.230652039143775,0.02570418686485532,-1.237823692296689,0.5549156347898265,-2.325438350942931,-0.15020903365044735,-2.230652039143775,0.02570418686485532,NA,NA,NA,NA,NA,NA,NA,no data
Any AD:Behavioural therapies individual,Any AD,Behavioural therapies individual,NA,NA,NA,NA,NA,NA,NA,NA,NA,NA,NA,-0.9816927985812205,0.4263383160014515,-1.8173005431735219,-0.14608505398891913,-2.3026145240435727,0.021300541240601663,-0.9816927985812205,0.4263383160014515,-1.8173005431735219,-0.14608505398891913,-2.3026145240435727,0.021300541240601663,NA,NA,NA,NA,NA,NA,NA,no data
Any AD:Behavioural therapies individual + AD,Any AD,Behavioural therapies individual + AD,NA,NA,NA,NA,NA,NA,NA,NA,NA,NA,NA,0.0650514666562092,0.5807991808866237,-1.0732940101319373,1.2033969434443557,0.11200337190025708,0.9108207330061193,0.0650514666562092,0.5807991808866237,-1.0732940101319373,1.2033969434443557,0.11200337190025708,0.9108207330061193,NA,NA,NA,NA,NA,NA,NA,no data
Any AD:Cognitive and cognitive behavioural therapies group,Any AD,Cognitive and cognitive behavioural therapies group,-0.7098086401663444,0.5938090489035872,-1.8736529897113587,0.45403570937867,-1.1953483051107752,0.23195097407422208,NA,0,NA,NA,NA,0.7926839919274761,0.42310120271843216,-0.03657912721623113,1.6219471110711834,1.8735091907904502,0.06099810479551956,0.2867469891383676,0.34457904080370505,-0.38861552066425187,0.9621094989409871,0.8321660785564656,0.4053152079316104,-1.5024926320938206,0.7291253762567633,-2.9315521097712924,-0.0734331544163489,-2.0606780137147687,0.03933376853358028,-2.0606780137147687,YES
Any AD:Cognitive and cognitive behavioural therapies group + AD,Any AD,Cognitive and cognitive behavioural therapies group + AD,0.6643388106292215,0.4497844680540625,-0.21722254756224735,1.5459001688206904,1.477015899422677,0.139671375376536,NA,0.5282701097160398,0,0,0,NA,NA,NA,NA,NA,NA,0.6643388106292205,0.44978446805406247,-0.21722254756224824,1.5459001688206893,1.477015899422675,0.13967137537653654,NA,NA,NA,NA,NA,NA,NA,no data
Any AD:Cognitive and cognitive behavioural therapies individual,Any AD,Cognitive and cognitive behavioural therapies individual,-0.45220580773712277,0.3593552168555096,-1.1565290904305023,0.25211747495625686,-1.2583810851393504,0.20825396914796823,NA,11.389717508352694,0.26658637376754357,0.5163200303760678,0.8244030197822473,0.7743551804118147,0.3439252066178642,0.10027416206530437,1.448436198758325,2.2515220330221446,0.02435249299926686,0.18797255253256395,0.24846769322111883,-0.2990151775025758,0.6749602825677037,0.7565271367705803,0.44933320860442205,-1.2265609881489374,0.49741403239998255,-2.2014745770577426,-0.25164739924013235,-2.46587532368333,0.013667889891423484,-2.46587532368333,YES
Any AD:Cognitive and cognitive behavioural therapies individual + AD,Any AD,Cognitive and cognitive behavioural therapies individual + AD,4.715432013985494,0.8905124862656559,2.97005961312159,6.460804414849399,5.295189103703141,1.1889330999792254e-7,NA,0,NA,NA,NA,-0.02470047742302531,0.3693767430922691,-0.7486655906105767,0.6992646357645261,-0.06687068930285958,0.9466846473396915,0.6711289084677245,0.34118989146751366,0.0024090093022680614,1.3398488076331811,1.9670245961305861,0.04918037524594541,4.74013249140852,0.9640807365218393,2.8505689696368663,6.629696013180174,4.916738102775215,8.799815123043587e-7,4.916738102775215,YES
Any AD:Cognitive and cognitive behavioural therapies individual + placebo,Any AD,Cognitive and cognitive behavioural therapies individual + placebo,NA,NA,NA,NA,NA,NA,NA,NA,NA,NA,NA,0.6440454328089045,0.4960790326869951,-0.3282516047430739,1.6163424703608829,1.298271828423093,0.19419394338148294,0.6440454328089045,0.4960790326869951,-0.3282516047430739,1.6163424703608829,1.298271828423093,0.19419394338148294,NA,NA,NA,NA,NA,NA,NA,no data
Any AD:Counselling individual,Any AD,Counselling individual,NA,NA,NA,NA,NA,NA,NA,NA,NA,NA,NA,0.011440933845532797,0.36998176853702197,-0.7137100074234646,0.7365918751145302,0.030922966530952098,0.975330974036575,0.011440933845532797,0.36998176853702197,-0.7137100074234646,0.7365918751145302,0.030922966530952098,0.975330974036575,NA,NA,NA,NA,NA,NA,NA,no data
Any AD:Counselling individual + AD,Any AD,Counselling individual + AD,NA,NA,NA,NA,NA,NA,NA,NA,NA,NA,NA,-0.47237317873028406,0.6735418823106828,-1.7924910101385378,0.8477446526779697,-0.7013271054648296,0.48309890172839276,-0.47237317873028406,0.6735418823106828,-1.7924910101385378,0.8477446526779697,-0.7013271054648296,0.48309890172839276,NA,NA,NA,NA,NA,NA,NA,no data
Any AD:Counselling individual + placebo,Any AD,Counselling individual + placebo,NA,NA,NA,NA,NA,NA,NA,NA,NA,NA,NA,-0.8161426861444987,0.9286924941884537,-2.636346527466541,1.0040611551775436,-0.8788083151869256,0.3795052169805471,-0.8161426861444987,0.9286924941884537,-2.636346527466541,1.0040611551775436,-0.8788083151869256,0.3795052169805471,NA,NA,NA,NA,NA,NA,NA,no data
Any AD:Exercise group,Any AD,Exercise group,NA,NA,NA,NA,NA,NA,NA,NA,NA,NA,NA,0.23319630383460943,0.42556597054406453,-0.6008976714775903,1.067290279146809,0.5479674597489075,0.583714246511891,0.23319630383460943,0.42556597054406453,-0.6008976714775903,1.067290279146809,0.5479674597489075,0.583714246511891,NA,NA,NA,NA,NA,NA,NA,no data
Any AD:Exercise group + AD,Any AD,Exercise group + AD,NA,NA,NA,NA,NA,NA,NA,NA,NA,NA,NA,2.7806332792503845,0.6850663515782274,1.4379279031368049,4.123338655363964,4.0589254936320796,4.929903875959106e-5,2.7806332792503845,0.6850663515782274,1.4379279031368049,4.123338655363964,4.0589254936320796,4.929903875959106e-5,NA,NA,NA,NA,NA,NA,NA,no data
Any AD:Exercise individual,Any AD,Exercise individual,NA,NA,NA,NA,NA,NA,NA,NA,NA,NA,NA,0.08957172807526526,0.4197801462739107,-0.7331822400465553,0.9123256961970858,0.21337771419236873,0.8310323617403497,0.08957172807526526,0.4197801462739107,-0.7331822400465553,0.9123256961970858,0.21337771419236873,0.8310323617403497,NA,NA,NA,NA,NA,NA,NA,no data
Any AD:Exercise individual + AD,Any AD,Exercise individual + AD,1.8668786220394489,0.720402681207823,0.4549153125060261,3.2788419315728716,2.591437637224574,0.009557586237037096,NA,0,NA,NA,NA,-0.043868927420751935,0.6300435363259288,-1.2787315673118254,1.1909937124703214,-0.06962840643770692,0.9444894267366954,0.7842254463894314,0.47425681666355196,-0.14530083369374558,1.7137517264726083,1.6535881379766817,0.09821122448075051,1.9107475494602009,0.9570448687274292,0.034974075165576046,3.7865210237548257,1.9965078042797495,0.045878677127693605,1.9965078042797495,YES
Any AD:Interpersonal psychotherapy (IPT) individual,Any AD,Interpersonal psychotherapy (IPT) individual,-0.17385077206363747,0.4370119223793955,-1.0303784007418662,0.6826768566145911,-0.3978170003167728,0.6907650848998084,NA,11.496923697546631,0.557530172956805,0.7466794311863726,0.9130202107705218,-0.016060112899127437,0.5299143499033637,-1.0546731536006764,1.0225529278024217,-0.030306997540368915,0.9758222159074957,-0.10997732078718014,0.3371516011714604,-0.7707823164132547,0.5508276748388944,-0.3261954574887234,0.7442764780043967,-0.15779065916451004,0.6868687200151419,-1.5040286125013138,1.1884472941722939,-0.22972462505066701,0.8183057585688283,-0.22972462505066701,no
Any AD:Interpersonal psychotherapy (IPT) individual + AD,Any AD,Interpersonal psychotherapy (IPT) individual + AD,0.18278011406268982,0.4350833490573817,-0.6699675803628471,1.0355278084882267,0.4201036754421589,0.67440971780738,NA,9.616181172534358,0.4266966645424535,0.6532202266789153,0.8960086148484608,0.054438659328054695,0.6706854278494654,-1.2600806242127343,1.3689579428688434,0.0811686926054302,0.9353077970206621,0.14476713747290315,0.3650071154505359,-0.5706336629110005,0.8601679378568068,0.3966145626893165,0.6916517120455608,0.12834145473463512,0.79944759913118,-1.4385470470894919,1.695229956558762,0.1605376698536758,0.872457550166427,0.1605376698536758,no
Any AD:Interpersonal psychotherapy (IPT) individual + placebo,Any AD,Interpersonal psychotherapy (IPT) individual + placebo,0.48623649397769814,0.6102103197087133,-0.7097537556460516,1.682226743601448,0.7968342688956905,0.42554728977479694,NA,0,NA,NA,NA,-0.8397769538828309,0.6342213132251586,-2.082827886031838,0.4032739782661764,-1.3241071158778557,0.1854674726372704,-0.1511946574171663,0.4397273819984745,-1.0130444891502628,0.7106551743159301,-0.3438372582803835,0.7309686785847489,1.326013447860529,0.8801098274806701,-0.3989701164413444,3.0509970121624024,1.5066454281691932,0.1319015664982341,1.5066454281691932,no
Any AD:Light therapy,Any AD,Light therapy,NA,NA,NA,NA,NA,NA,NA,NA,NA,NA,NA,0.20394922634777313,0.591367431066685,-0.9551096401729022,1.3630080928684485,0.34487733959223565,0.7301865870338031,0.20394922634777313,0.591367431066685,-0.9551096401729022,1.3630080928684485,0.34487733959223565,0.7301865870338031,NA,NA,NA,NA,NA,NA,NA,no data
Any AD:Light therapy + AD,Any AD,Light therapy + AD,NA,NA,NA,NA,NA,NA,NA,NA,NA,NA,NA,0.5401355404342083,0.49228083741532375,-0.42471717117904395,1.5049882520474607,1.0972101682245878,0.2725495292098862,0.5401355404342083,0.49228083741532375,-0.42471717117904395,1.5049882520474607,1.0972101682245878,0.2725495292098862,NA,NA,NA,NA,NA,NA,NA,no data
Any AD:Mindfulness or meditation group,Any AD,Mindfulness or meditation group,NA,NA,NA,NA,NA,NA,NA,NA,NA,NA,NA,3.5798145617223662,0.9195560565722763,1.7775178090750285,5.382111314369704,3.892981331737872,9.901977481821913e-5,3.5798145617223662,0.9195560565722763,1.7775178090750285,5.382111314369704,3.892981331737872,9.901977481821913e-5,NA,NA,NA,NA,NA,NA,NA,no data
Any AD:Mirtazapine,Any AD,Mirtazapine,NA,NA,NA,NA,NA,NA,NA,NA,NA,NA,NA,0.029337049937745885,0.2874560838350404,-0.5340665215158595,0.5927406213913513,0.10205750230209512,0.9187110330687653,0.029337049937745885,0.2874560838350404,-0.5340665215158595,0.5927406213913513,0.10205750230209512,0.9187110330687653,NA,NA,NA,NA,NA,NA,NA,no data
Any AD:Music therapy group,Any AD,Music therapy group,NA,NA,NA,NA,NA,NA,NA,NA,NA,NA,NA,0.11093955829602642,0.7769313759371304,-1.4118179569998979,1.6336970735919507,0.1427919655866797,0.8864544825902914,0.11093955829602642,0.7769313759371304,-1.4118179569998979,1.6336970735919507,0.1427919655866797,0.8864544825902914,NA,NA,NA,NA,NA,NA,NA,no data
Any AD:No treatment,Any AD,No treatment,NA,NA,NA,NA,NA,NA,NA,NA,NA,NA,NA,-0.551262570144063,0.31405269669746766,-1.1667945449187807,0.06426940463065467,-1.7553186963240874,0.07920481023929167,-0.551262570144063,0.31405269669746766,-1.1667945449187807,0.06426940463065467,-1.7553186963240874,0.07920481023929167,NA,NA,NA,NA,NA,NA,NA,no data
Any AD:Peer support group,Any AD,Peer support group,0.6910784092031107,0.6169140215861719,-0.5180508546635515,1.9002076730697728,1.1202183529987726,0.26262072488874816,NA,0,NA,NA,NA,NA,NA,NA,NA,NA,NA,0.6910784092031101,0.6169140215861719,-0.518050854663552,1.9002076730697723,1.1202183529987717,0.26262072488874855,NA,NA,NA,NA,NA,NA,NA,no data
Any AD:Peer support group + AD,Any AD,Peer support group + AD,0.8120171308136551,0.6160278900012357,-0.39537534706096855,2.019409608688279,1.3181499474188194,0.18745345707254554,NA,0,NA,NA,NA,NA,NA,NA,NA,NA,NA,0.8120171308136515,0.6160278900012355,-0.39537534706097177,2.0194096086882745,1.3181499474188139,0.18745345707254737,NA,NA,NA,NA,NA,NA,NA,no data
Any AD:Placebo,Any AD,Placebo,NA,NA,NA,NA,NA,NA,NA,NA,NA,NA,NA,-0.6660556206134753,0.26349981788440957,-1.182505773599781,-0.14960546762716953,-2.5277270624363632,0.011480356167314555,-0.6660556206134753,0.26349981788440957,-1.182505773599781,-0.14960546762716953,-2.5277270624363632,0.011480356167314555,NA,NA,NA,NA,NA,NA,NA,no data
Any AD:Problem solving group,Any AD,Problem solving group,NA,NA,NA,NA,NA,NA,NA,NA,NA,NA,NA,2.3292747777813245,0.6475058870571805,1.0601865593715911,3.598362996191058,3.5973028575346824,3.215340264167827e-4,2.3292747777813245,0.6475058870571805,1.0601865593715911,3.598362996191058,3.5973028575346824,3.215340264167827e-4,NA,NA,NA,NA,NA,NA,NA,no data
Any AD:Problem solving individual,Any AD,Problem solving individual,NA,NA,NA,NA,NA,NA,NA,NA,NA,NA,NA,0.31048914403052263,0.39768530714734585,-0.46895973515902434,1.0899380232200695,0.7807407979382143,0.4349549600456848,0.31048914403052263,0.39768530714734585,-0.46895973515902434,1.0899380232200695,0.7807407979382143,0.4349549600456848,NA,NA,NA,NA,NA,NA,NA,no data
Any AD:Psychoeducation group,Any AD,Psychoeducation group,NA,NA,NA,NA,NA,NA,NA,NA,NA,NA,NA,0.6843001344866488,0.6984743604277999,-0.6846844560764873,2.053284725049785,0.9797068772396031,0.32723083039562106,0.6843001344866488,0.6984743604277999,-0.6846844560764873,2.053284725049785,0.9797068772396031,0.32723083039562106,NA,NA,NA,NA,NA,NA,NA,no data
Any AD:Psychoeducation group + AD,Any AD,Psychoeducation group + AD,-0.4393485863782771,0.6297734726689289,-1.6736819112280976,0.7949847384715434,-0.6976295532365843,0.48540889458138264,NA,0,NA,NA,NA,0.9883161190420083,1.430922142987284,-1.8162397458939412,3.792871983977958,0.6906847614914511,0.4897636677165524,-0.2076802950106913,0.5764162166181864,-1.3374353196871747,0.9220747296657921,-0.36029571865473226,0.7186260006557901,-1.4276647054202853,1.5633786509252336,-4.49183055543256,1.636501144591989,-0.9131918902534389,0.361141628399433,-0.9131918902534389,no
Any AD:Relaxation individual + AD,Any AD,Relaxation individual + AD,NA,NA,NA,NA,NA,NA,NA,NA,NA,NA,NA,0.12220705359466866,0.6655177899563783,-1.1821838457905252,1.4265979529798625,0.1836270276151127,0.854306058676473,0.12220705359466866,0.6655177899563783,-1.1821838457905252,1.4265979529798625,0.1836270276151127,0.854306058676473,NA,NA,NA,NA,NA,NA,NA,no data
Any AD:Relaxation individual + placebo,Any AD,Relaxation individual + placebo,NA,NA,NA,NA,NA,NA,NA,NA,NA,NA,NA,-0.5102204480097878,0.6577584251316962,-1.7994032717956978,0.7789623757761222,-0.7756958003352548,0.4379286201345289,-0.5102204480097878,0.6577584251316962,-1.7994032717956978,0.7789623757761222,-0.7756958003352548,0.4379286201345289,NA,NA,NA,NA,NA,NA,NA,no data
Any AD:Self-help,Any AD,Self-help,NA,NA,NA,NA,NA,NA,NA,NA,NA,NA,NA,-0.01634608533069093,0.34990103640453696,-0.7021395148368216,0.6694473441754397,-0.046716310127736964,0.9627393309361072,-0.01634608533069093,0.34990103640453696,-0.7021395148368216,0.6694473441754397,-0.046716310127736964,0.9627393309361072,NA,NA,NA,NA,NA,NA,NA,no data
Any AD:Self-help with support,Any AD,Self-help with support,NA,NA,NA,NA,NA,NA,NA,NA,NA,NA,NA,-0.0370778479965459,0.34428868887047664,-0.7118712784671961,0.6377155824741043,-0.10769406371783186,0.9142383785934617,-0.0370778479965459,0.34428868887047664,-0.7118712784671961,0.6377155824741043,-0.10769406371783186,0.9142383785934617,NA,NA,NA,NA,NA,NA,NA,no data
Any AD:Sham acupuncture,Any AD,Sham acupuncture,NA,NA,NA,NA,NA,NA,NA,NA,NA,NA,NA,-0.5154022697031353,0.4576694701506002,-1.4124179480218408,0.38161340861557025,-1.1261451840638126,0.26010407132691693,-0.5154022697031353,0.4576694701506002,-1.4124179480218408,0.38161340861557025,-1.1261451840638126,0.26010407132691693,NA,NA,NA,NA,NA,NA,NA,no data
Any AD:Short-term psychodynamic psychotherapies individual,Any AD,Short-term psychodynamic psychotherapies individual,NA,NA,NA,NA,NA,NA,NA,NA,NA,NA,NA,0.04371465810338426,0.40087835328630705,-0.7419924765195014,0.8294217927262699,0.10904719036341502,0.9131650609811114,0.04371465810338426,0.40087835328630705,-0.7419924765195014,0.8294217927262699,0.10904719036341502,0.9131650609811114,NA,NA,NA,NA,NA,NA,NA,no data
Any AD:Short-term psychodynamic psychotherapies individual + AD,Any AD,Short-term psychodynamic psychotherapies individual + AD,-0.07132797990749777,0.6501756380648116,-1.3456488141398777,1.2029928543248822,-0.1097057098598757,0.9126427719397553,NA,0,NA,NA,NA,-0.47020643697193826,1.1814619864807545,-2.7858293795773648,1.8454165056334881,-0.3979869368227005,0.6906398150096786,-0.16404711421301954,0.5696185791924194,-1.280479014355038,0.9523847859289989,-0.28799466907416965,0.7733508193418043,0.3988784570644405,1.3485476579758073,-2.2442263840039804,3.041983298132861,0.2957837305232236,0.767395248523727,0.2957837305232236,no
Any AD:SNRIs,Any AD,SNRIs,NA,NA,NA,NA,NA,NA,NA,NA,NA,NA,NA,0.04526926389501984,0.2674637452103701,-0.47895004388750284,0.5694885716775425,0.1692538323630139,0.8655969884212441,0.04526926389501984,0.2674637452103701,-0.47895004388750284,0.5694885716775425,0.1692538323630139,0.8655969884212441,NA,NA,NA,NA,NA,NA,NA,no data
Any AD:SSRIs,Any AD,SSRIs,NA,NA,NA,NA,NA,NA,NA,NA,NA,NA,NA,-0.14424526937921822,0.26135479249096494,-0.6564912498484488,0.3680007110900123,-0.5519136190479644,0.5810075370596703,-0.14424526937921822,0.26135479249096494,-0.6564912498484488,0.3680007110900123,-0.5519136190479644,0.5810075370596703,NA,NA,NA,NA,NA,NA,NA,no data
Any AD:TAU,Any AD,TAU,-0.8872608002079307,0.5943607898603747,-2.0521865421570444,0.2776649417411827,-1.4927983395680648,0.13548998208320148,NA,0,NA,NA,NA,-0.07224165419566055,0.3935799273392995,-0.8436441368185787,0.6991608284272577,-0.18355014871828582,0.854366374089543,-0.3206835013962692,0.32815469366864775,-0.9638548823445927,0.32248787955205427,-0.9772327124477381,0.3284539564827939,-0.8150191460122702,0.7128603704287795,-2.2121997980585597,0.5821615060340191,-1.1433082547737128,0.2529106288985417,-1.1433082547737128,no
Any AD:TCAs,Any AD,TCAs,NA,NA,NA,NA,NA,NA,NA,NA,NA,NA,NA,-0.038713171690206494,0.26263849639663145,-0.5534751655813568,0.4760488222009438,-0.14740097975485905,0.8828155322375499,-0.038713171690206494,0.26263849639663145,-0.5534751655813568,0.4760488222009438,-0.14740097975485905,0.8828155322375499,NA,NA,NA,NA,NA,NA,NA,no data
Any AD:Trazodone,Any AD,Trazodone,NA,NA,NA,NA,NA,NA,NA,NA,NA,NA,NA,-0.2658941193646265,0.31191157432520666,-0.8772295714032197,0.3454413326739667,-0.8524663438343546,0.39395531130934675,-0.2658941193646265,0.31191157432520666,-0.8772295714032197,0.3454413326739667,-0.8524663438343546,0.39395531130934675,NA,NA,NA,NA,NA,NA,NA,no data
Any AD:Waitlist,Any AD,Waitlist,NA,NA,NA,NA,NA,NA,NA,NA,NA,NA,NA,-1.3397714502914448,0.3263335042904039,-1.9793733656493835,-0.7001695349335061,-4.105528340415771,4.0339182143815026e-5,-1.3397714502914448,0.3263335042904039,-1.9793733656493835,-0.7001695349335061,-4.105528340415771,4.0339182143815026e-5,NA,NA,NA,NA,NA,NA,NA,no data
Any AD:Yoga group,Any AD,Yoga group,NA,NA,NA,NA,NA,NA,NA,NA,NA,NA,NA,0.21839963322408362,0.5496719398244446,-0.8589375721440955,1.2957368385922627,0.39732723721323043,0.6911261645805205,0.21839963322408362,0.5496719398244446,-0.8589375721440955,1.2957368385922627,0.39732723721323043,0.6911261645805205,NA,NA,NA,NA,NA,NA,NA,no data
Any AD:Yoga group + AD,Any AD,Yoga group + AD,1.1919401424176286,0.6972825554276758,-0.17470855326866963,2.558588838103927,1.7094076614128921,0.08737546275882335,NA,0,NA,NA,NA,NA,NA,NA,NA,NA,NA,1.1919401424176304,0.6972825554276757,-0.17470855326866763,2.5585888381039283,1.7094076614128948,0.08737546275882284,NA,NA,NA,NA,NA,NA,NA,no data
Any psychotherapy:Attention placebo,Any psychotherapy,Attention placebo,NA,NA,NA,NA,NA,NA,NA,NA,NA,NA,NA,-0.4231894274984844,0.7322126911317779,-1.8582999311399193,1.0119210761429505,-0.5779597002673669,0.5632913275612093,-0.4231894274984844,0.7322126911317779,-1.8582999311399193,1.0119210761429505,-0.5779597002673669,0.5632913275612093,NA,NA,NA,NA,NA,NA,NA,no data
Any psychotherapy:Behavioural therapies individual,Any psychotherapy,Behavioural therapies individual,0.25147774597938966,0.6503844206187482,-1.0232522945393066,1.5262077864980856,0.3866601628313058,0.6990078119656744,NA,0,NA,NA,NA,-0.8765619049024983,0.8467999162176487,-2.5362592428006248,0.783135432995628,-1.0351464237476378,0.3006005349726431,-0.16705853378301594,0.5158045614927624,-1.1780168973703058,0.8438998298042739,-0.3238795199862924,0.7460292496580916,1.128039650881888,1.0677406017801336,-0.9646934734382973,3.2207727752020734,1.0564735002127146,0.29075194154343703,1.0564735002127146,no
Any psychotherapy:Behavioural therapies individual + AD,Any psychotherapy,Behavioural therapies individual + AD,NA,NA,NA,NA,NA,NA,NA,NA,NA,NA,NA,0.8796857314544142,0.7684478765259993,-0.6264444305328265,2.385815893441655,1.1447565388966903,0.2523100233564711,0.8796857314544142,0.7684478765259993,-0.6264444305328265,2.385815893441655,1.1447565388966903,0.2523100233564711,NA,NA,NA,NA,NA,NA,NA,no data
Any psychotherapy:Cognitive and cognitive behavioural therapies group,Any psychotherapy,Cognitive and cognitive behavioural therapies group,NA,NA,NA,NA,NA,NA,NA,NA,NA,NA,NA,1.1013812539365722,0.6031451828380631,-0.08076158187485705,2.2835240897480014,1.8260632518925037,0.06784073476522642,1.1013812539365722,0.6031451828380631,-0.08076158187485705,2.2835240897480014,1.8260632518925037,0.06784073476522642,NA,NA,NA,NA,NA,NA,NA,no data
Any psychotherapy:Cognitive and cognitive behavioural therapies group + AD,Any psychotherapy,Cognitive and cognitive behavioural therapies group + AD,NA,NA,NA,NA,NA,NA,NA,NA,NA,NA,NA,1.4789730754274255,0.7382579905680086,0.03201400261521825,2.9259321482396325,2.003328232572895,0.045142069050314364,1.4789730754274255,0.7382579905680086,0.03201400261521825,2.9259321482396325,2.003328232572895,0.045142069050314364,NA,NA,NA,NA,NA,NA,NA,no data
Any psychotherapy:Cognitive and cognitive behavioural therapies individual,Any psychotherapy,Cognitive and cognitive behavioural therapies individual,NA,NA,NA,NA,NA,NA,NA,NA,NA,NA,NA,1.002606817330768,0.5368865391612387,-0.04967146320961291,2.054885097871149,1.8674463675269448,0.06183927983321354,1.002606817330768,0.5368865391612387,-0.04967146320961291,2.054885097871149,1.8674463675269448,0.06183927983321354,NA,NA,NA,NA,NA,NA,NA,no data
Any psychotherapy:Cognitive and cognitive behavioural therapies individual + AD,Any psychotherapy,Cognitive and cognitive behavioural therapies individual + AD,NA,NA,NA,NA,NA,NA,NA,NA,NA,NA,NA,1.485763173265929,0.596010667396912,0.3176037307663009,2.6539226157655573,2.492846612553141,0.012672357709917368,1.485763173265929,0.596010667396912,0.3176037307663009,2.6539226157655573,2.492846612553141,0.012672357709917368,NA,NA,NA,NA,NA,NA,NA,no data
Any psychotherapy:Cognitive and cognitive behavioural therapies individual + placebo,Any psychotherapy,Cognitive and cognitive behavioural therapies individual + placebo,NA,NA,NA,NA,NA,NA,NA,NA,NA,NA,NA,1.458679697607109,0.6934008419563661,0.09963902052288187,2.817720374691336,2.1036601188593593,0.035408105670255284,1.458679697607109,0.6934008419563661,0.09963902052288187,2.817720374691336,2.1036601188593593,0.035408105670255284,NA,NA,NA,NA,NA,NA,NA,no data
Any psychotherapy:Counselling individual,Any psychotherapy,Counselling individual,NA,NA,NA,NA,NA,NA,NA,NA,NA,NA,NA,0.8260751986437374,0.6060727533815343,-0.36180556999509594,2.0139559672825706,1.3629967591097225,0.17288353201205778,0.8260751986437374,0.6060727533815343,-0.36180556999509594,2.0139559672825706,1.3629967591097225,0.17288353201205778,NA,NA,NA,NA,NA,NA,NA,no data
Any psychotherapy:Counselling individual + AD,Any psychotherapy,Counselling individual + AD,NA,NA,NA,NA,NA,NA,NA,NA,NA,NA,NA,0.3422610860679205,0.8600985114628954,-1.343501019555865,2.028023191691706,0.3979324246077196,0.6906799981494173,0.3422610860679205,0.8600985114628954,-1.343501019555865,2.028023191691706,0.3979324246077196,0.6906799981494173,NA,NA,NA,NA,NA,NA,NA,no data
Any psychotherapy:Counselling individual + placebo,Any psychotherapy,Counselling individual + placebo,NA,NA,NA,NA,NA,NA,NA,NA,NA,NA,NA,-0.001508421346294142,1.0717184942679872,-2.102038071677045,2.0990212289844568,-0.0014074790669022044,0.998876994553644,-0.001508421346294142,1.0717184942679872,-2.102038071677045,2.0990212289844568,-0.0014074790669022044,0.998876994553644,NA,NA,NA,NA,NA,NA,NA,no data
Any psychotherapy:Exercise group,Any psychotherapy,Exercise group,NA,NA,NA,NA,NA,NA,NA,NA,NA,NA,NA,1.047830568632814,0.644524198553003,-0.21541364769561455,2.3110747849612423,1.6257427897746257,0.1040043832534464,1.047830568632814,0.644524198553003,-0.21541364769561455,2.3110747849612423,1.6257427897746257,0.1040043832534464,NA,NA,NA,NA,NA,NA,NA,no data
Any psychotherapy:Exercise group + AD,Any psychotherapy,Exercise group + AD,NA,NA,NA,NA,NA,NA,NA,NA,NA,NA,NA,3.595267544048589,0.8346632334468257,1.9593576672730637,5.231177420824114,4.307446883938533,1.651497368910448e-5,3.595267544048589,0.8346632334468257,1.9593576672730637,5.231177420824114,4.307446883938533,1.651497368910448e-5,NA,NA,NA,NA,NA,NA,NA,no data
Any psychotherapy:Exercise individual,Any psychotherapy,Exercise individual,NA,NA,NA,NA,NA,NA,NA,NA,NA,NA,NA,0.9042059928734698,0.6413533506434983,-0.35282347575187534,2.1612354614988147,1.4098406002966068,0.15858675526374164,0.9042059928734698,0.6413533506434983,-0.35282347575187534,2.1612354614988147,1.4098406002966068,0.15858675526374164,NA,NA,NA,NA,NA,NA,NA,no data
Any psychotherapy:Exercise individual + AD,Any psychotherapy,Exercise individual + AD,NA,NA,NA,NA,NA,NA,NA,NA,NA,NA,NA,1.598859711187636,0.7055262975801271,0.21605357778469836,2.9816658445905735,2.266194352601084,0.023439486268048076,1.598859711187636,0.7055262975801271,0.21605357778469836,2.9816658445905735,2.266194352601084,0.023439486268048076,NA,NA,NA,NA,NA,NA,NA,no data
Any psychotherapy:Interpersonal psychotherapy (IPT) individual,Any psychotherapy,Interpersonal psychotherapy (IPT) individual,NA,NA,NA,NA,NA,NA,NA,NA,NA,NA,NA,0.7046569440110244,0.6201170578516437,-0.5107501555771381,1.920064043599187,1.136328915789325,0.255818933388347,0.7046569440110244,0.6201170578516437,-0.5107501555771381,1.920064043599187,1.136328915789325,0.255818933388347,NA,NA,NA,NA,NA,NA,NA,no data
Any psychotherapy:Interpersonal psychotherapy (IPT) individual + AD,Any psychotherapy,Interpersonal psychotherapy (IPT) individual + AD,NA,NA,NA,NA,NA,NA,NA,NA,NA,NA,NA,0.9594014022711077,0.6533205697447133,-0.3210833847877186,2.239886189329934,1.4685002228630215,0.14196839574760103,0.9594014022711077,0.6533205697447133,-0.3210833847877186,2.239886189329934,1.4685002228630215,0.14196839574760103,NA,NA,NA,NA,NA,NA,NA,no data
Any psychotherapy:Interpersonal psychotherapy (IPT) individual + placebo,Any psychotherapy,Interpersonal psychotherapy (IPT) individual + placebo,NA,NA,NA,NA,NA,NA,NA,NA,NA,NA,NA,0.6634396073810382,0.6853460161367708,-0.679813901195039,2.0066931159571153,0.968035987311611,0.33302639714932525,0.6634396073810382,0.6853460161367708,-0.679813901195039,2.0066931159571153,0.968035987311611,0.33302639714932525,NA,NA,NA,NA,NA,NA,NA,no data
Any psychotherapy:Light therapy,Any psychotherapy,Light therapy,NA,NA,NA,NA,NA,NA,NA,NA,NA,NA,NA,1.0185834911459777,0.7599984180402424,-0.4709860365203131,2.5081530188122683,1.3402442254715892,0.18016595775056804,1.0185834911459777,0.7599984180402424,-0.4709860365203131,2.5081530188122683,1.3402442254715892,0.18016595775056804,NA,NA,NA,NA,NA,NA,NA,no data
Any psychotherapy:Light therapy + AD,Any psychotherapy,Light therapy + AD,NA,NA,NA,NA,NA,NA,NA,NA,NA,NA,NA,1.3547698052324129,0.6858898406252689,0.01045042024496845,2.6990891902198575,1.9752002799711708,0.04824542416898187,1.3547698052324129,0.6858898406252689,0.01045042024496845,2.6990891902198575,1.9752002799711708,0.04824542416898187,NA,NA,NA,NA,NA,NA,NA,no data
Any psychotherapy:Mindfulness or meditation group,Any psychotherapy,Mindfulness or meditation group,NA,NA,NA,NA,NA,NA,NA,NA,NA,NA,NA,4.394448826520571,1.0376541797465015,2.3606840058099765,6.428213647231165,4.234983978568017,2.285680015234651e-5,4.394448826520571,1.0376541797465015,2.3606840058099765,6.428213647231165,4.234983978568017,2.285680015234651e-5,NA,NA,NA,NA,NA,NA,NA,no data
Any psychotherapy:Mirtazapine,Any psychotherapy,Mirtazapine,NA,NA,NA,NA,NA,NA,NA,NA,NA,NA,NA,0.8439713147359504,0.5574095662625678,-0.24853135977677487,1.9364739892486758,1.5140954978487,0.13000162037821336,0.8439713147359504,0.5574095662625678,-0.24853135977677487,1.9364739892486758,1.5140954978487,0.13000162037821336,NA,NA,NA,NA,NA,NA,NA,no data
Any psychotherapy:Music therapy group,Any psychotherapy,Music therapy group,NA,NA,NA,NA,NA,NA,NA,NA,NA,NA,NA,0.925573823094231,0.913654868362333,-0.8651568131956253,2.7163044593840873,1.0130453578748635,0.3110384962122993,0.925573823094231,0.913654868362333,-0.8651568131956253,2.7163044593840873,1.0130453578748635,0.3110384962122993,NA,NA,NA,NA,NA,NA,NA,no data
Any psychotherapy:No treatment,Any psychotherapy,No treatment,NA,NA,NA,NA,NA,NA,NA,NA,NA,NA,NA,0.26337169465414156,0.5742577399300606,-0.8621527934521458,1.388896182760429,0.4586297690758471,0.6465000553692342,0.26337169465414156,0.5742577399300606,-0.8621527934521458,1.388896182760429,0.4586297690758471,0.6465000553692342,NA,NA,NA,NA,NA,NA,NA,no data
Any psychotherapy:Peer support group,Any psychotherapy,Peer support group,NA,NA,NA,NA,NA,NA,NA,NA,NA,NA,NA,1.5057126740013147,0.8504714592297978,-0.1611807559683136,3.172606103970943,1.7704446841342742,0.07665309155705594,1.5057126740013147,0.8504714592297978,-0.1611807559683136,3.172606103970943,1.7704446841342742,0.07665309155705594,NA,NA,NA,NA,NA,NA,NA,no data
Any psychotherapy:Peer support group + AD,Any psychotherapy,Peer support group + AD,NA,NA,NA,NA,NA,NA,NA,NA,NA,NA,NA,1.626651395611856,0.849828897010576,-0.03898263555027137,3.2922854267739834,1.9140928266076749,0.055608295944025436,1.626651395611856,0.849828897010576,-0.03898263555027137,3.2922854267739834,1.9140928266076749,0.055608295944025436,NA,NA,NA,NA,NA,NA,NA,no data
Any psychotherapy:Placebo,Any psychotherapy,Placebo,NA,NA,NA,NA,NA,NA,NA,NA,NA,NA,NA,0.14857864418472921,0.5455542549282673,-0.9206880470872576,1.217845335456716,0.27234439625856316,0.7853572225557016,0.14857864418472921,0.5455542549282673,-0.9206880470872576,1.217845335456716,0.27234439625856316,0.7853572225557016,NA,NA,NA,NA,NA,NA,NA,no data
Any psychotherapy:Problem solving group,Any psychotherapy,Problem solving group,NA,NA,NA,NA,NA,NA,NA,NA,NA,NA,NA,3.143909042579529,0.8033676623013788,1.5693373581246906,4.718480727034367,3.9134124885899495,9.100088913581119e-5,3.143909042579529,0.8033676623013788,1.5693373581246906,4.718480727034367,3.9134124885899495,9.100088913581119e-5,NA,NA,NA,NA,NA,NA,NA,no data
Any psychotherapy:Problem solving individual,Any psychotherapy,Problem solving individual,NA,NA,NA,NA,NA,NA,NA,NA,NA,NA,NA,1.1251234088287272,0.6219366688564532,-0.09385006279473451,2.344096880452189,1.8090642748199377,0.07044101841442836,1.1251234088287272,0.6219366688564532,-0.09385006279473451,2.344096880452189,1.8090642748199377,0.07044101841442836,NA,NA,NA,NA,NA,NA,NA,no data
Any psychotherapy:Psychoeducation group,Any psychotherapy,Psychoeducation group,NA,NA,NA,NA,NA,NA,NA,NA,NA,NA,NA,1.4989343992848534,0.8479441536691279,-0.16300560280793408,3.160874401377641,1.7677277363123907,0.07710643078723077,1.4989343992848534,0.8479441536691279,-0.16300560280793408,3.160874401377641,1.7677277363123907,0.07710643078723077,NA,NA,NA,NA,NA,NA,NA,no data
Any psychotherapy:Psychoeducation group + AD,Any psychotherapy,Psychoeducation group + AD,NA,NA,NA,NA,NA,NA,NA,NA,NA,NA,NA,0.6069539697875133,0.8063246824470609,-0.9734133676544217,2.187321307229448,0.752741399339915,0.45160532708735945,0.6069539697875133,0.8063246824470609,-0.9734133676544217,2.187321307229448,0.752741399339915,0.45160532708735945,NA,NA,NA,NA,NA,NA,NA,no data
Any psychotherapy:Relaxation individual + AD,Any psychotherapy,Relaxation individual + AD,NA,NA,NA,NA,NA,NA,NA,NA,NA,NA,NA,0.9368413183928732,0.8245801046573674,-0.6793059891038351,2.5529886258895815,1.1361434906098697,0.2558965160328194,0.9368413183928732,0.8245801046573674,-0.6793059891038351,2.5529886258895815,1.1361434906098697,0.2558965160328194,NA,NA,NA,NA,NA,NA,NA,no data
Any psychotherapy:Relaxation individual + placebo,Any psychotherapy,Relaxation individual + placebo,NA,NA,NA,NA,NA,NA,NA,NA,NA,NA,NA,0.3044138167884167,0.8182509076970403,-1.2993284926149902,1.9081561261918236,0.37202991640447625,0.7098705753949865,0.3044138167884167,0.8182509076970403,-1.2993284926149902,1.9081561261918236,0.37202991640447625,0.7098705753949865,NA,NA,NA,NA,NA,NA,NA,no data
Any psychotherapy:Self-help,Any psychotherapy,Self-help,NA,NA,NA,NA,NA,NA,NA,NA,NA,NA,NA,0.7982881794675136,0.5917460996576314,-0.36151286385349324,1.9580892227885205,1.3490383458875048,0.17732464971726875,0.7982881794675136,0.5917460996576314,-0.36151286385349324,1.9580892227885205,1.3490383458875048,0.17732464971726875,NA,NA,NA,NA,NA,NA,NA,no data
Any psychotherapy:Self-help with support,Any psychotherapy,Self-help with support,NA,NA,NA,NA,NA,NA,NA,NA,NA,NA,NA,0.7775564168016587,0.5790973252340945,-0.3574534842006445,1.9125663178039618,1.3427042103628073,0.17936777083710664,0.7775564168016587,0.5790973252340945,-0.3574534842006445,1.9125663178039618,1.3427042103628073,0.17936777083710664,NA,NA,NA,NA,NA,NA,NA,no data
Any psychotherapy:Sham acupuncture,Any psychotherapy,Sham acupuncture,NA,NA,NA,NA,NA,NA,NA,NA,NA,NA,NA,0.29923199509506926,0.6607475763026258,-0.9958094573302083,1.5942734475203468,0.4528688501129204,0.6506431824627004,0.29923199509506926,0.6607475763026258,-0.9958094573302083,1.5942734475203468,0.4528688501129204,0.6506431824627004,NA,NA,NA,NA,NA,NA,NA,no data
Any psychotherapy:Short-term psychodynamic psychotherapies individual,Any psychotherapy,Short-term psychodynamic psychotherapies individual,0.40224586817065894,0.678945736057759,-0.9284633219595859,1.7329550583009037,0.592456579087256,0.5535448886474759,NA,0,NA,NA,NA,1.5302855190525524,0.8240768654553947,-0.08487545773268068,3.1454464958377857,1.8569693959396596,0.06331550830175228,0.8583489229015888,0.5240069292597676,-0.16868578609698326,1.885383631900161,1.6380488023586361,0.10141151377947433,-1.1280396508818935,1.0677406017801332,-3.220772775202078,0.9646934734382908,-1.0564735002127201,0.2907519415434346,-1.0564735002127201,no
Any psychotherapy:Short-term psychodynamic psychotherapies individual + AD,Any psychotherapy,Short-term psychodynamic psychotherapies individual + AD,NA,NA,NA,NA,NA,NA,NA,NA,NA,NA,NA,0.650587150585185,0.7997382727456523,-0.9168710610545638,2.2180453622249336,0.8135000821601255,0.415931399201136,0.650587150585185,0.7997382727456523,-0.9168710610545638,2.2180453622249336,0.8135000821601255,0.415931399201136,NA,NA,NA,NA,NA,NA,NA,no data
Any psychotherapy:SNRIs,Any psychotherapy,SNRIs,NA,NA,NA,NA,NA,NA,NA,NA,NA,NA,NA,0.8599035286932244,0.5478120395780037,-0.2137883391770934,1.9335953965635422,1.5697054218735942,0.11648365927084438,0.8599035286932244,0.5478120395780037,-0.2137883391770934,1.9335953965635422,1.5697054218735942,0.11648365927084438,NA,NA,NA,NA,NA,NA,NA,no data
Any psychotherapy:SSRIs,Any psychotherapy,SSRIs,NA,NA,NA,NA,NA,NA,NA,NA,NA,NA,NA,0.6703889954189863,0.543739951411704,-0.39532172630351203,1.7360997171414847,1.23292208652034,0.21760483430095348,0.6703889954189863,0.543739951411704,-0.39532172630351203,1.7360997171414847,1.23292208652034,0.21760483430095348,NA,NA,NA,NA,NA,NA,NA,no data
Any psychotherapy:TAU,Any psychotherapy,TAU,NA,NA,NA,NA,NA,NA,NA,NA,NA,NA,NA,0.49395076340193533,0.5936126433912885,-0.6695086384126083,1.657410165216479,0.8321095733069493,0.4053470986660853,0.49395076340193533,0.5936126433912885,-0.6695086384126083,1.657410165216479,0.8321095733069493,0.4053470986660853,NA,NA,NA,NA,NA,NA,NA,no data
Any psychotherapy:TCAs,Any psychotherapy,TCAs,NA,NA,NA,NA,NA,NA,NA,NA,NA,NA,NA,0.7759210931079981,0.54583896488618,-0.29390361942753773,1.8457458056435339,1.4215201607488674,0.15516559678905864,0.7759210931079981,0.54583896488618,-0.29390361942753773,1.8457458056435339,1.4215201607488674,0.15516559678905864,NA,NA,NA,NA,NA,NA,NA,no data
Any psychotherapy:Trazodone,Any psychotherapy,Trazodone,NA,NA,NA,NA,NA,NA,NA,NA,NA,NA,NA,0.5487401454335781,0.5702745855763459,-0.5689775035945646,1.6664577944617207,0.9622384712778246,0.3359298282375291,0.5487401454335781,0.5702745855763459,-0.5689775035945646,1.6664577944617207,0.9622384712778246,0.3359298282375291,NA,NA,NA,NA,NA,NA,NA,no data
Any psychotherapy:Waitlist,Any psychotherapy,Waitlist,NA,NA,NA,NA,NA,NA,NA,NA,NA,NA,NA,-0.5251371854932403,0.5767402214865296,-1.6555272480424919,0.6052528770560113,-0.9105263789990508,0.36254497657626134,-0.5251371854932403,0.5767402214865296,-1.6555272480424919,0.6052528770560113,-0.9105263789990508,0.36254497657626134,NA,NA,NA,NA,NA,NA,NA,no data
Any psychotherapy:Yoga group,Any psychotherapy,Yoga group,NA,NA,NA,NA,NA,NA,NA,NA,NA,NA,NA,1.0330338980222882,0.7277923641276872,-0.39341292389123916,2.4594807199358155,1.4194074422042824,0.15578026396127054,1.0330338980222882,0.7277923641276872,-0.39341292389123916,2.4594807199358155,1.4194074422042824,0.15578026396127054,NA,NA,NA,NA,NA,NA,NA,no data
Any psychotherapy:Yoga group + AD,Any psychotherapy,Yoga group + AD,NA,NA,NA,NA,NA,NA,NA,NA,NA,NA,NA,2.006574407215835,0.9104514017994522,0.22212245001490327,3.7910263644167665,2.2039335688318586,0.027529016334295227,2.006574407215835,0.9104514017994522,0.22212245001490327,3.7910263644167665,2.2039335688318586,0.027529016334295227,NA,NA,NA,NA,NA,NA,NA,no data
Attention placebo:Behavioural therapies individual,Attention placebo,Behavioural therapies individual,NA,NA,NA,NA,NA,NA,NA,NA,NA,NA,NA,0.2561308937154685,0.6140103507236853,-0.9473072798377615,1.4595690672686985,0.4171442605382586,0.676572892514151,0.2561308937154685,0.6140103507236853,-0.9473072798377615,1.4595690672686985,0.4171442605382586,0.676572892514151,NA,NA,NA,NA,NA,NA,NA,no data
Attention placebo:Behavioural therapies individual + AD,Attention placebo,Behavioural therapies individual + AD,NA,NA,NA,NA,NA,NA,NA,NA,NA,NA,NA,1.3028751589528982,0.7459377031722104,-0.15913587397516316,2.7648861918809597,1.7466273033421273,0.08070200792344383,1.3028751589528982,0.7459377031722104,-0.15913587397516316,2.7648861918809597,1.7466273033421273,0.08070200792344383,NA,NA,NA,NA,NA,NA,NA,no data
Attention placebo:Cognitive and cognitive behavioural therapies group,Attention placebo,Cognitive and cognitive behavioural therapies group,NA,NA,NA,NA,NA,NA,NA,NA,NA,NA,NA,1.5245706814350566,0.5608889614658753,0.42524851763586713,2.623892845234246,2.7181327966423385,0.006565148281505133,1.5245706814350566,0.5608889614658753,0.42524851763586713,2.623892845234246,2.7181327966423385,0.006565148281505133,NA,NA,NA,NA,NA,NA,NA,no data
Attention placebo:Cognitive and cognitive behavioural therapies group + AD,Attention placebo,Cognitive and cognitive behavioural therapies group + AD,NA,NA,NA,NA,NA,NA,NA,NA,NA,NA,NA,1.9021625029259095,0.714309057367238,0.5021424766553679,3.3021825291964513,2.662940478364922,0.007746111457362502,1.9021625029259095,0.714309057367238,0.5021424766553679,3.3021825291964513,2.662940478364922,0.007746111457362502,NA,NA,NA,NA,NA,NA,NA,no data
Attention placebo:Cognitive and cognitive behavioural therapies individual,Attention placebo,Cognitive and cognitive behavioural therapies individual,NA,NA,NA,NA,NA,NA,NA,NA,NA,NA,NA,1.425796244829253,0.5082032770619251,0.42973612496264935,2.4218563646958566,2.8055628705745597,0.0050228781511983634,1.425796244829253,0.5082032770619251,0.42973612496264935,2.4218563646958566,2.8055628705745597,0.0050228781511983634,NA,NA,NA,NA,NA,NA,NA,no data
Attention placebo:Cognitive and cognitive behavioural therapies individual + AD,Attention placebo,Cognitive and cognitive behavioural therapies individual + AD,NA,NA,NA,NA,NA,NA,NA,NA,NA,NA,NA,1.9089526007644135,0.5675686550378332,0.7965384781364229,3.021366723392404,3.36338623322524,7.69925628526065e-4,1.9089526007644135,0.5675686550378332,0.7965384781364229,3.021366723392404,3.36338623322524,7.69925628526065e-4,NA,NA,NA,NA,NA,NA,NA,no data
Attention placebo:Cognitive and cognitive behavioural therapies individual + placebo,Attention placebo,Cognitive and cognitive behavioural therapies individual + placebo,NA,NA,NA,NA,NA,NA,NA,NA,NA,NA,NA,1.8818691251055935,0.6693950568023534,0.5698789223438372,3.19385932786735,2.8112982102006123,0.004934203037348803,1.8818691251055935,0.6693950568023534,0.5698789223438372,3.19385932786735,2.8112982102006123,0.004934203037348803,NA,NA,NA,NA,NA,NA,NA,no data
Attention placebo:Counselling individual,Attention placebo,Counselling individual,NA,NA,NA,NA,NA,NA,NA,NA,NA,NA,NA,1.2492646261422218,0.5309055984621651,0.20870877396569498,2.289820478318749,2.353082411940793,0.01861850714466711,1.2492646261422218,0.5309055984621651,0.20870877396569498,2.289820478318749,2.353082411940793,0.01861850714466711,NA,NA,NA,NA,NA,NA,NA,no data
Attention placebo:Counselling individual + AD,Attention placebo,Counselling individual + AD,NA,NA,NA,NA,NA,NA,NA,NA,NA,NA,NA,0.7654505135664049,0.8398949630444797,-0.8807133647973746,2.4116143919301845,0.911364572055265,0.36210331396662765,0.7654505135664049,0.8398949630444797,-0.8807133647973746,2.4116143919301845,0.911364572055265,0.36210331396662765,NA,NA,NA,NA,NA,NA,NA,no data
Attention placebo:Counselling individual + placebo,Attention placebo,Counselling individual + placebo,NA,NA,NA,NA,NA,NA,NA,NA,NA,NA,NA,0.4216810061521903,1.0555731289128392,-1.6472043095652298,2.4905663218696104,0.3994806182556863,0.6895391020780384,0.4216810061521903,1.0555731289128392,-1.6472043095652298,2.4905663218696104,0.3994806182556863,0.6895391020780384,NA,NA,NA,NA,NA,NA,NA,no data
Attention placebo:Exercise group,Attention placebo,Exercise group,NA,NA,NA,NA,NA,NA,NA,NA,NA,NA,NA,1.4710199961312984,0.6128884804718087,0.26978064786707345,2.672259344395523,2.4001429999123007,0.016388668116420455,1.4710199961312984,0.6128884804718087,0.26978064786707345,2.672259344395523,2.4001429999123007,0.016388668116420455,NA,NA,NA,NA,NA,NA,NA,no data
Attention placebo:Exercise group + AD,Attention placebo,Exercise group + AD,NA,NA,NA,NA,NA,NA,NA,NA,NA,NA,NA,4.0184569715470735,0.8149049945991802,2.4212725313108736,5.615641411783273,4.931196885746902,8.172730888161064e-7,4.0184569715470735,0.8149049945991802,2.4212725313108736,5.615641411783273,4.931196885746902,8.172730888161064e-7,NA,NA,NA,NA,NA,NA,NA,no data
Attention placebo:Exercise individual,Attention placebo,Exercise individual,NA,NA,NA,NA,NA,NA,NA,NA,NA,NA,NA,1.3273954203719542,0.6103313009431319,0.13116805188593883,2.5236227888579696,2.174876855112557,0.029639345763399036,1.3273954203719542,0.6103313009431319,0.13116805188593883,2.5236227888579696,2.174876855112557,0.029639345763399036,NA,NA,NA,NA,NA,NA,NA,no data
Attention placebo:Exercise individual + AD,Attention placebo,Exercise individual + AD,NA,NA,NA,NA,NA,NA,NA,NA,NA,NA,NA,2.0220491386861204,0.6783093751883373,0.6925871929411125,3.351511084431128,2.9810131079563575,0.002872964952775991,2.0220491386861204,0.6783093751883373,0.6925871929411125,3.351511084431128,2.9810131079563575,0.002872964952775991,NA,NA,NA,NA,NA,NA,NA,no data
Attention placebo:Interpersonal psychotherapy (IPT) individual,Attention placebo,Interpersonal psychotherapy (IPT) individual,NA,NA,NA,NA,NA,NA,NA,NA,NA,NA,NA,1.1278463715095088,0.5928207924441905,-0.034061030967598827,2.2897537739866163,1.9025081203029612,0.05710475827492061,1.1278463715095088,0.5928207924441905,-0.034061030967598827,2.2897537739866163,1.9025081203029612,0.05710475827492061,NA,NA,NA,NA,NA,NA,NA,no data
Attention placebo:Interpersonal psychotherapy (IPT) individual + AD,Attention placebo,Interpersonal psychotherapy (IPT) individual + AD,NA,NA,NA,NA,NA,NA,NA,NA,NA,NA,NA,1.3825908297695921,0.6267446009372852,0.1541939844275848,2.6109876751115992,2.2059876187237233,0.027384866626572323,1.3825908297695921,0.6267446009372852,0.1541939844275848,2.6109876751115992,2.2059876187237233,0.027384866626572323,NA,NA,NA,NA,NA,NA,NA,no data
Attention placebo:Interpersonal psychotherapy (IPT) individual + placebo,Attention placebo,Interpersonal psychotherapy (IPT) individual + placebo,NA,NA,NA,NA,NA,NA,NA,NA,NA,NA,NA,1.0866290348795227,0.660025726112059,-0.20699761717001053,2.380255686929056,1.6463434558534693,0.09969306742837782,1.0866290348795227,0.660025726112059,-0.20699761717001053,2.380255686929056,1.6463434558534693,0.09969306742837782,NA,NA,NA,NA,NA,NA,NA,no data
Attention placebo:Light therapy,Attention placebo,Light therapy,NA,NA,NA,NA,NA,NA,NA,NA,NA,NA,NA,1.441772918644462,0.7379068415051587,-0.004497914651354629,2.8880437519402786,1.953868479798317,0.050716773082660996,1.441772918644462,0.7379068415051587,-0.004497914651354629,2.8880437519402786,1.953868479798317,0.050716773082660996,NA,NA,NA,NA,NA,NA,NA,no data
Attention placebo:Light therapy + AD,Attention placebo,Light therapy + AD,NA,NA,NA,NA,NA,NA,NA,NA,NA,NA,NA,1.7779592327308973,0.661312233681561,0.48181107217930186,3.0741073932824925,2.6885321973145757,0.007176691428884197,1.7779592327308973,0.661312233681561,0.48181107217930186,3.0741073932824925,2.6885321973145757,0.007176691428884197,NA,NA,NA,NA,NA,NA,NA,no data
Attention placebo:Mindfulness or meditation group,Attention placebo,Mindfulness or meditation group,NA,NA,NA,NA,NA,NA,NA,NA,NA,NA,NA,4.817638254019055,1.0148898445507466,2.8284907104241386,6.806785797613972,4.746956805101978,2.065000296743826e-6,4.817638254019055,1.0148898445507466,2.8284907104241386,6.806785797613972,4.746956805101978,2.065000296743826e-6,NA,NA,NA,NA,NA,NA,NA,no data
Attention placebo:Mirtazapine,Attention placebo,Mirtazapine,NA,NA,NA,NA,NA,NA,NA,NA,NA,NA,NA,1.2671607422344349,0.5267202275646639,0.23480806627895245,2.2995134181899175,2.4057567488783587,0.01613900688938277,1.2671607422344349,0.5267202275646639,0.23480806627895245,2.2995134181899175,2.4057567488783587,0.01613900688938277,NA,NA,NA,NA,NA,NA,NA,no data
Attention placebo:Music therapy group,Attention placebo,Music therapy group,NA,NA,NA,NA,NA,NA,NA,NA,NA,NA,NA,1.3487632505927154,0.8877164064660774,-0.3911289345661155,3.088655435751546,1.5193627613147602,0.12867120995206233,1.3487632505927154,0.8877164064660774,-0.3911289345661155,3.088655435751546,1.5193627613147602,0.12867120995206233,NA,NA,NA,NA,NA,NA,NA,no data
Attention placebo:No treatment,Attention placebo,No treatment,NA,NA,NA,NA,NA,NA,NA,NA,NA,NA,NA,0.686561122152626,0.5320217586682287,-0.3561823638287622,1.7293046081340142,1.2904756449646806,0.19688556269138727,0.686561122152626,0.5320217586682287,-0.3561823638287622,1.7293046081340142,1.2904756449646806,0.19688556269138727,NA,NA,NA,NA,NA,NA,NA,no data
Attention placebo:Peer support group,Attention placebo,Peer support group,NA,NA,NA,NA,NA,NA,NA,NA,NA,NA,NA,1.9289021014997991,0.8297676010569586,0.30258748788996104,3.555216715109637,2.3246293287937037,0.02009178914069097,1.9289021014997991,0.8297676010569586,0.30258748788996104,3.555216715109637,2.3246293287937037,0.02009178914069097,NA,NA,NA,NA,NA,NA,NA,no data
Attention placebo:Peer support group + AD,Attention placebo,Peer support group + AD,NA,NA,NA,NA,NA,NA,NA,NA,NA,NA,NA,2.0498408231103404,0.8291089934342591,0.42481705672093684,3.674864589499744,2.4723418022758117,0.0134231108452175,2.0498408231103404,0.8291089934342591,0.42481705672093684,3.674864589499744,2.4723418022758117,0.0134231108452175,NA,NA,NA,NA,NA,NA,NA,no data
Attention placebo:Placebo,Attention placebo,Placebo,NA,NA,NA,NA,NA,NA,NA,NA,NA,NA,NA,0.5717680716832136,0.5138628274743836,-0.43538456316049734,1.5789207065269246,1.1126861899963305,0.26584322871951444,0.5717680716832136,0.5138628274743836,-0.43538456316049734,1.5789207065269246,1.1126861899963305,0.26584322871951444,NA,NA,NA,NA,NA,NA,NA,no data
Attention placebo:Problem solving group,Attention placebo,Problem solving group,NA,NA,NA,NA,NA,NA,NA,NA,NA,NA,NA,3.5670984700780135,0.7537353216035282,2.0898043858593836,5.0443925542966435,4.732561109766248,2.217045259623975e-6,3.5670984700780135,0.7537353216035282,2.0898043858593836,5.0443925542966435,4.732561109766248,2.217045259623975e-6,NA,NA,NA,NA,NA,NA,NA,no data
Attention placebo:Problem solving individual,Attention placebo,Problem solving individual,2.2352182544519414,0.6240023086947092,1.0121962031404668,3.4582403057634163,3.5820672829361495,3.4088596414026554e-4,NA,0,NA,NA,NA,0.5502386604278702,0.7521754160354737,-0.9239980650580892,2.0244753859138296,0.7315297053020411,0.4644556671050991,1.5483128363272116,0.4802532174088351,0.6070338267464106,2.489591845908013,3.223950991272896,0.001264350358610529,1.6849795940240713,0.9773160889622482,-0.23052474185347815,3.6004839299016207,1.7240886679899514,0.08469183749087446,1.7240886679899514,no
Attention placebo:Psychoeducation group,Attention placebo,Psychoeducation group,NA,NA,NA,NA,NA,NA,NA,NA,NA,NA,NA,1.9221238267833378,0.8199295625652897,0.31509141429568954,3.529156239270986,2.3442548171694715,0.019065140955781035,1.9221238267833378,0.8199295625652897,0.31509141429568954,3.529156239270986,2.3442548171694715,0.019065140955781035,NA,NA,NA,NA,NA,NA,NA,no data
Attention placebo:Psychoeducation group + AD,Attention placebo,Psychoeducation group + AD,NA,NA,NA,NA,NA,NA,NA,NA,NA,NA,NA,1.0301433972859977,0.7847039383689197,-0.5078480604438229,2.5681348550158183,1.3127796955208952,0.18925719383579942,1.0301433972859977,0.7847039383689197,-0.5078480604438229,2.5681348550158183,1.3127796955208952,0.18925719383579942,NA,NA,NA,NA,NA,NA,NA,no data
Attention placebo:Relaxation individual + AD,Attention placebo,Relaxation individual + AD,NA,NA,NA,NA,NA,NA,NA,NA,NA,NA,NA,1.3600307458913576,0.8037221064550285,-0.2152356363391652,2.9352971281218805,1.6921654076307988,0.09061444015152834,1.3600307458913576,0.8037221064550285,-0.2152356363391652,2.9352971281218805,1.6921654076307988,0.09061444015152834,NA,NA,NA,NA,NA,NA,NA,no data
Attention placebo:Relaxation individual + placebo,Attention placebo,Relaxation individual + placebo,NA,NA,NA,NA,NA,NA,NA,NA,NA,NA,NA,0.7276032442869012,0.7972284485916117,-0.8349358024033993,2.290142290977202,0.9126659310418352,0.3614182672073395,0.7276032442869012,0.7972284485916117,-0.8349358024033993,2.290142290977202,0.9126659310418352,0.3614182672073395,NA,NA,NA,NA,NA,NA,NA,no data
Attention placebo:Self-help,Attention placebo,Self-help,0.49804558312973723,0.6403782755042347,-0.7570727733404308,1.7531639395999052,0.777736538200918,0.4367243471939504,NA,0,NA,NA,NA,2.1830251771538296,0.7382834157738389,0.7360162718538952,3.630034082453764,2.9568931531066163,0.0031075578124294873,1.221477606965998,0.48375409549293696,0.2733370024260917,2.169618211505904,2.5249969320080563,0.011569929935511142,-1.6849795940240924,0.977316088962248,-3.6004839299016416,0.23052474185345662,-1.7240886679899734,0.08469183749087052,-1.7240886679899734,no
Attention placebo:Self-help with support,Attention placebo,Self-help with support,NA,NA,NA,NA,NA,NA,NA,NA,NA,NA,NA,1.200745844300143,0.5399421481683664,0.1424786801549558,2.25901300844533,2.223841662247347,0.026159099221047644,1.200745844300143,0.5399421481683664,0.1424786801549558,2.25901300844533,2.223841662247347,0.026159099221047644,NA,NA,NA,NA,NA,NA,NA,no data
Attention placebo:Sham acupuncture,Attention placebo,Sham acupuncture,NA,NA,NA,NA,NA,NA,NA,NA,NA,NA,NA,0.7224214225935537,0.6227608509047924,-0.4981674161613574,1.9430102613484648,1.1600302452281115,0.24603649219255172,0.7224214225935537,0.6227608509047924,-0.4981674161613574,1.9430102613484648,1.1600302452281115,0.24603649219255172,NA,NA,NA,NA,NA,NA,NA,no data
Attention placebo:Short-term psychodynamic psychotherapies individual,Attention placebo,Short-term psychodynamic psychotherapies individual,NA,NA,NA,NA,NA,NA,NA,NA,NA,NA,NA,1.2815383504000732,0.5934040071990838,0.11848786800812228,2.444588832792024,2.159638854562241,0.030800638083598078,1.2815383504000732,0.5934040071990838,0.11848786800812228,2.444588832792024,2.159638854562241,0.030800638083598078,NA,NA,NA,NA,NA,NA,NA,no data
Attention placebo:Short-term psychodynamic psychotherapies individual + AD,Attention placebo,Short-term psychodynamic psychotherapies individual + AD,NA,NA,NA,NA,NA,NA,NA,NA,NA,NA,NA,1.0737765780836694,0.7778233539234128,-0.45072918194037115,2.59828233810771,1.380488992349537,0.16743613655503906,1.0737765780836694,0.7778233539234128,-0.45072918194037115,2.59828233810771,1.380488992349537,0.16743613655503906,NA,NA,NA,NA,NA,NA,NA,no data
Attention placebo:SNRIs,Attention placebo,SNRIs,NA,NA,NA,NA,NA,NA,NA,NA,NA,NA,NA,1.2830929561917088,0.5166664625242939,0.2704452976243794,2.2957406147590382,2.483406702890798,0.013013241789699488,1.2830929561917088,0.5166664625242939,0.2704452976243794,2.2957406147590382,2.483406702890798,0.013013241789699488,NA,NA,NA,NA,NA,NA,NA,no data
Attention placebo:SSRIs,Attention placebo,SSRIs,NA,NA,NA,NA,NA,NA,NA,NA,NA,NA,NA,1.0935784229174708,0.512894308523678,0.08832405033548718,2.0988327954994546,2.132171101810901,0.032992783195351164,1.0935784229174708,0.512894308523678,0.08832405033548718,2.0988327954994546,2.132171101810901,0.032992783195351164,NA,NA,NA,NA,NA,NA,NA,no data
Attention placebo:TAU,Attention placebo,TAU,NA,NA,NA,NA,NA,NA,NA,NA,NA,NA,NA,0.9171401909004198,0.557824865198148,-0.17617645456886066,2.0104568363697,1.6441364451809395,0.1001480212798083,0.9171401909004198,0.557824865198148,-0.17617645456886066,2.0104568363697,1.6441364451809395,0.1001480212798083,NA,NA,NA,NA,NA,NA,NA,no data
Attention placebo:TCAs,Attention placebo,TCAs,NA,NA,NA,NA,NA,NA,NA,NA,NA,NA,NA,1.1991105206064825,0.5135169396274555,0.19263581348544068,2.205585227727524,2.3350943816506016,0.019538490768581548,1.1991105206064825,0.5135169396274555,0.19263581348544068,2.205585227727524,2.3350943816506016,0.019538490768581548,NA,NA,NA,NA,NA,NA,NA,no data
Attention placebo:Trazodone,Attention placebo,Trazodone,NA,NA,NA,NA,NA,NA,NA,NA,NA,NA,NA,0.9719295729320625,0.5404742700321399,-0.08738053090150721,2.031239676765632,1.7982901810927385,0.07213103492400484,0.9719295729320625,0.5404742700321399,-0.08738053090150721,2.031239676765632,1.7982901810927385,0.07213103492400484,NA,NA,NA,NA,NA,NA,NA,no data
Attention placebo:Waitlist,Attention placebo,Waitlist,NA,NA,NA,NA,NA,NA,NA,NA,NA,NA,NA,-0.10194775799475586,0.5053183326196695,-1.0923534906571395,0.8884579746676278,-0.20174957331597027,0.8401125054630597,-0.10194775799475586,0.5053183326196695,-1.0923534906571395,0.8884579746676278,-0.20174957331597027,0.8401125054630597,NA,NA,NA,NA,NA,NA,NA,no data
Attention placebo:Yoga group,Attention placebo,Yoga group,NA,NA,NA,NA,NA,NA,NA,NA,NA,NA,NA,1.4562233255207726,0.6883524301307032,0.10707735379397065,2.8053692972475748,2.11551998914897,0.03438565309428138,1.4562233255207726,0.6883524301307032,0.10707735379397065,2.8053692972475748,2.11551998914897,0.03438565309428138,NA,NA,NA,NA,NA,NA,NA,no data
Attention placebo:Yoga group + AD,Attention placebo,Yoga group + AD,NA,NA,NA,NA,NA,NA,NA,NA,NA,NA,NA,2.4297638347143193,0.8911421456972762,0.6831573240419129,4.176370345386726,2.726572687024184,0.006399585569145496,2.4297638347143193,0.8911421456972762,0.6831573240419129,4.176370345386726,2.726572687024184,0.006399585569145496,NA,NA,NA,NA,NA,NA,NA,no data
Behavioural therapies individual:Behavioural therapies individual + AD,Behavioural therapies individual,Behavioural therapies individual + AD,NA,NA,NA,NA,NA,NA,NA,NA,NA,NA,NA,1.0467442652374297,0.6549132977834,-0.23686221141438968,2.330350741889249,1.598294413596745,0.10997747009453969,1.0467442652374297,0.6549132977834,-0.23686221141438968,2.330350741889249,1.598294413596745,0.10997747009453969,NA,NA,NA,NA,NA,NA,NA,no data
Behavioural therapies individual:Cognitive and cognitive behavioural therapies group,Behavioural therapies individual,Cognitive and cognitive behavioural therapies group,NA,NA,NA,NA,NA,NA,NA,NA,NA,NA,NA,1.268439787719588,0.452021733668417,0.3824934695001345,2.1543861059390417,2.8061477872434755,0.005013769122623649,1.268439787719588,0.452021733668417,0.3824934695001345,2.1543861059390417,2.8061477872434755,0.005013769122623649,NA,NA,NA,NA,NA,NA,NA,no data
Behavioural therapies individual:Cognitive and cognitive behavioural therapies group + AD,Behavioural therapies individual,Cognitive and cognitive behavioural therapies group + AD,NA,NA,NA,NA,NA,NA,NA,NA,NA,NA,NA,1.646031609210441,0.6197341586467777,0.4313749782735248,2.8606882401473572,2.656028534564946,0.007906692378276889,1.646031609210441,0.6197341586467777,0.4313749782735248,2.8606882401473572,2.656028534564946,0.007906692378276889,NA,NA,NA,NA,NA,NA,NA,no data
Behavioural therapies individual:Cognitive and cognitive behavioural therapies individual,Behavioural therapies individual,Cognitive and cognitive behavioural therapies individual,2.108881120104828,0.47797685075507973,1.1720637071809956,3.0456985330286606,4.412098863728111,1.0237334544289864e-5,NA,3.136417201952075,0.3336257598242002,0.577603462441319,0.6811648656378972,-0.01327571647170437,0.5364209492366964,-1.0646414575284175,1.0380900245850089,-0.024748691285445015,0.9802554169291927,1.1696653511137844,0.35686148602097717,0.47022969104322543,1.8691010111843434,3.2776452403301057,0.0010467686302572073,2.1221568365765324,0.7184770731469043,0.7139676494908502,3.5303460236622146,2.95368762051315,0.003140016718305283,2.95368762051315,YES
Behavioural therapies individual:Cognitive and cognitive behavioural therapies individual + AD,Behavioural therapies individual,Cognitive and cognitive behavioural therapies individual + AD,NA,NA,NA,NA,NA,NA,NA,NA,NA,NA,NA,1.652821707048945,0.4402933058282094,0.7898626849915753,2.515780729106315,3.7539105981634697,1.7409697944375328e-4,1.652821707048945,0.4402933058282094,0.7898626849915753,2.515780729106315,3.7539105981634697,1.7409697944375328e-4,NA,NA,NA,NA,NA,NA,NA,no data
Behavioural therapies individual:Cognitive and cognitive behavioural therapies individual + placebo,Behavioural therapies individual,Cognitive and cognitive behavioural therapies individual + placebo,NA,NA,NA,NA,NA,NA,NA,NA,NA,NA,NA,1.625738231390125,0.5652060475756577,0.5179547342976036,2.7335217284826463,2.876363829374111,0.004022857266284428,1.625738231390125,0.5652060475756577,0.5179547342976036,2.7335217284826463,2.876363829374111,0.004022857266284428,NA,NA,NA,NA,NA,NA,NA,no data
Behavioural therapies individual:Counselling individual,Behavioural therapies individual,Counselling individual,NA,NA,NA,NA,NA,NA,NA,NA,NA,NA,NA,0.9931337324267533,0.4553174312889758,0.1007279655670702,1.8855394992864363,2.1811897901981316,0.029169381675763602,0.9931337324267533,0.4553174312889758,0.1007279655670702,1.8855394992864363,2.1811897901981316,0.029169381675763602,NA,NA,NA,NA,NA,NA,NA,no data
Behavioural therapies individual:Counselling individual + AD,Behavioural therapies individual,Counselling individual + AD,NA,NA,NA,NA,NA,NA,NA,NA,NA,NA,NA,0.5093196198509364,0.7605303461525127,-0.9812924677577686,1.9999317074596414,0.6696900688152162,0.503055383860219,0.5093196198509364,0.7605303461525127,-0.9812924677577686,1.9999317074596414,0.6696900688152162,0.503055383860219,NA,NA,NA,NA,NA,NA,NA,no data
Behavioural therapies individual:Counselling individual + placebo,Behavioural therapies individual,Counselling individual + placebo,NA,NA,NA,NA,NA,NA,NA,NA,NA,NA,NA,0.1655501124367218,0.993588188815776,-1.7818469531065817,2.1129471779800255,0.16661843840357576,0.8676702847589768,0.1655501124367218,0.993588188815776,-1.7818469531065817,2.1129471779800255,0.16661843840357576,0.8676702847589768,NA,NA,NA,NA,NA,NA,NA,no data
Behavioural therapies individual:Exercise group,Behavioural therapies individual,Exercise group,NA,NA,NA,NA,NA,NA,NA,NA,NA,NA,NA,1.21488910241583,0.5045072809662547,0.2260730017837409,2.203705203047919,2.408070504134292,0.016037083622032388,1.21488910241583,0.5045072809662547,0.2260730017837409,2.203705203047919,2.408070504134292,0.016037083622032388,NA,NA,NA,NA,NA,NA,NA,no data
Behavioural therapies individual:Exercise group + AD,Behavioural therapies individual,Exercise group + AD,NA,NA,NA,NA,NA,NA,NA,NA,NA,NA,NA,3.762326077831605,0.731285574849842,2.3290326887122452,5.195619466950965,5.144811011216978,2.677902602882885e-7,3.762326077831605,0.731285574849842,2.3290326887122452,5.195619466950965,5.144811011216978,2.677902602882885e-7,NA,NA,NA,NA,NA,NA,NA,no data
Behavioural therapies individual:Exercise individual,Behavioural therapies individual,Exercise individual,NA,NA,NA,NA,NA,NA,NA,NA,NA,NA,NA,1.0712645266564857,0.5003844597933012,0.09052900703808497,2.0520000462748866,2.140882886528898,0.03228348354517876,1.0712645266564857,0.5003844597933012,0.09052900703808497,2.0520000462748866,2.140882886528898,0.03228348354517876,NA,NA,NA,NA,NA,NA,NA,no data
Behavioural therapies individual:Exercise individual + AD,Behavioural therapies individual,Exercise individual + AD,NA,NA,NA,NA,NA,NA,NA,NA,NA,NA,NA,1.7659182449706519,0.5804015748409151,0.6283520617121297,2.903484428229174,3.0425800368558273,0.0023455943130550583,1.7659182449706519,0.5804015748409151,0.6283520617121297,2.903484428229174,3.0425800368558273,0.0023455943130550583,NA,NA,NA,NA,NA,NA,NA,no data
Behavioural therapies individual:Interpersonal psychotherapy (IPT) individual,Behavioural therapies individual,Interpersonal psychotherapy (IPT) individual,NA,NA,NA,NA,NA,NA,NA,NA,NA,NA,NA,0.8717154777940403,0.4725756836588094,-0.05451584214661964,1.7979467977347003,1.8446050187029983,0.06509501642014064,0.8717154777940403,0.4725756836588094,-0.05451584214661964,1.7979467977347003,1.8446050187029983,0.06509501642014064,NA,NA,NA,NA,NA,NA,NA,no data
Behavioural therapies individual:Interpersonal psychotherapy (IPT) individual + AD,Behavioural therapies individual,Interpersonal psychotherapy (IPT) individual + AD,NA,NA,NA,NA,NA,NA,NA,NA,NA,NA,NA,1.1264599360541236,0.5153238698351315,0.1164437108034595,2.136476161304788,2.1859261757358808,0.028821006839483083,1.1264599360541236,0.5153238698351315,0.1164437108034595,2.136476161304788,2.1859261757358808,0.028821006839483083,NA,NA,NA,NA,NA,NA,NA,no data
Behavioural therapies individual:Interpersonal psychotherapy (IPT) individual + placebo,Behavioural therapies individual,Interpersonal psychotherapy (IPT) individual + placebo,NA,NA,NA,NA,NA,NA,NA,NA,NA,NA,NA,0.8304981411640542,0.5552881724928769,-0.2578466779630493,1.9188429602911576,1.4956164786216612,0.13475362644906355,0.8304981411640542,0.5552881724928769,-0.2578466779630493,1.9188429602911576,1.4956164786216612,0.13475362644906355,NA,NA,NA,NA,NA,NA,NA,no data
Behavioural therapies individual:Light therapy,Behavioural therapies individual,Light therapy,NA,NA,NA,NA,NA,NA,NA,NA,NA,NA,NA,1.1856420249289936,0.6447852477226015,-0.07811383837004193,2.449397888228029,1.8388169225594297,0.06594211835457439,1.1856420249289936,0.6447852477226015,-0.07811383837004193,2.449397888228029,1.8388169225594297,0.06594211835457439,NA,NA,NA,NA,NA,NA,NA,no data
Behavioural therapies individual:Light therapy + AD,Behavioural therapies individual,Light therapy + AD,NA,NA,NA,NA,NA,NA,NA,NA,NA,NA,NA,1.5218283390154288,0.5555202424551475,0.43302867112038124,2.6106280069104764,2.7394651404413954,0.006153924044461437,1.5218283390154288,0.5555202424551475,0.43302867112038124,2.6106280069104764,2.7394651404413954,0.006153924044461437,NA,NA,NA,NA,NA,NA,NA,no data
Behavioural therapies individual:Mindfulness or meditation group,Behavioural therapies individual,Mindfulness or meditation group,NA,NA,NA,NA,NA,NA,NA,NA,NA,NA,NA,4.561507360303587,0.9575763917043807,2.6846921201171816,6.438322600489991,4.763596303982187,1.9017278455003623e-6,4.561507360303587,0.9575763917043807,2.6846921201171816,6.438322600489991,4.763596303982187,1.9017278455003623e-6,NA,NA,NA,NA,NA,NA,NA,no data
Behavioural therapies individual:Mirtazapine,Behavioural therapies individual,Mirtazapine,NA,NA,NA,NA,NA,NA,NA,NA,NA,NA,NA,1.0110298485189664,0.3858475243920333,0.2547825971866413,1.7672770998512914,2.620283362221933,0.00878567312479576,1.0110298485189664,0.3858475243920333,0.2547825971866413,1.7672770998512914,2.620283362221933,0.00878567312479576,NA,NA,NA,NA,NA,NA,NA,no data
Behavioural therapies individual:Music therapy group,Behavioural therapies individual,Music therapy group,NA,NA,NA,NA,NA,NA,NA,NA,NA,NA,NA,1.092632356877247,0.8215787044990812,-0.5176323144060275,2.702897028160521,1.3299180600639202,0.1835452702951764,1.092632356877247,0.8215787044990812,-0.5176323144060275,2.702897028160521,1.3299180600639202,0.1835452702951764,NA,NA,NA,NA,NA,NA,NA,no data
Behavioural therapies individual:No treatment,Behavioural therapies individual,No treatment,NA,NA,NA,NA,NA,NA,NA,NA,NA,NA,NA,0.4304302284371575,0.41230850230595256,-0.37767958660215917,1.2385400434764742,1.0439518613607384,0.29650766209199114,0.4304302284371575,0.41230850230595256,-0.37767958660215917,1.2385400434764742,1.0439518613607384,0.29650766209199114,NA,NA,NA,NA,NA,NA,NA,no data
Behavioural therapies individual:Peer support group,Behavioural therapies individual,Peer support group,NA,NA,NA,NA,NA,NA,NA,NA,NA,NA,NA,1.6727712077843306,0.7498981729012127,0.20299779682556363,3.1425446187430977,2.2306644665004294,0.02570336304982224,1.6727712077843306,0.7498981729012127,0.20299779682556363,3.1425446187430977,2.2306644665004294,0.02570336304982224,NA,NA,NA,NA,NA,NA,NA,no data
Behavioural therapies individual:Peer support group + AD,Behavioural therapies individual,Peer support group + AD,NA,NA,NA,NA,NA,NA,NA,NA,NA,NA,NA,1.793709929394872,0.7491693539850169,0.3253649772631002,3.2620548815266437,2.3942649547177624,0.016653713630373036,1.793709929394872,0.7491693539850169,0.3253649772631002,3.2620548815266437,2.3942649547177624,0.016653713630373036,NA,NA,NA,NA,NA,NA,NA,no data
Behavioural therapies individual:Placebo,Behavioural therapies individual,Placebo,NA,NA,NA,NA,NA,NA,NA,NA,NA,NA,NA,0.31563717796774515,0.36852028205686915,-0.4066493024362605,1.0379236583717508,0.8564987962291769,0.3917219383985022,0.31563717796774515,0.36852028205686915,-0.4066493024362605,1.0379236583717508,0.8564987962291769,0.3917219383985022,NA,NA,NA,NA,NA,NA,NA,no data
Behavioural therapies individual:Problem solving group,Behavioural therapies individual,Problem solving group,NA,NA,NA,NA,NA,NA,NA,NA,NA,NA,NA,3.310967576362545,0.6984195886186179,1.9420903365727737,4.6798448161523165,4.740656806191825,2.1302650890477697e-6,3.310967576362545,0.6984195886186179,1.9420903365727737,4.6798448161523165,4.740656806191825,2.1302650890477697e-6,NA,NA,NA,NA,NA,NA,NA,no data
Behavioural therapies individual:Problem solving individual,Behavioural therapies individual,Problem solving individual,NA,NA,NA,NA,NA,NA,NA,NA,NA,NA,NA,1.2921819426117431,0.4764903757727815,0.3582779671171348,2.2260859181063513,2.711874170629484,0.006690398444457387,1.2921819426117431,0.4764903757727815,0.3582779671171348,2.2260859181063513,2.711874170629484,0.006690398444457387,NA,NA,NA,NA,NA,NA,NA,no data
Behavioural therapies individual:Psychoeducation group,Behavioural therapies individual,Psychoeducation group,NA,NA,NA,NA,NA,NA,NA,NA,NA,NA,NA,1.6659929330678693,0.7478205914160495,0.20029150699496956,3.131694359140769,2.2277976190963096,0.02589401370543921,1.6659929330678693,0.7478205914160495,0.20029150699496956,3.131694359140769,2.2277976190963096,0.02589401370543921,NA,NA,NA,NA,NA,NA,NA,no data
Behavioural therapies individual:Psychoeducation group + AD,Behavioural therapies individual,Psychoeducation group + AD,NA,NA,NA,NA,NA,NA,NA,NA,NA,NA,NA,0.7740125035705292,0.699318317865825,-0.5966262131756208,2.144651220316679,1.106809994528179,0.2683760861627174,0.7740125035705292,0.699318317865825,-0.5966262131756208,2.144651220316679,1.106809994528179,0.2683760861627174,NA,NA,NA,NA,NA,NA,NA,no data
Behavioural therapies individual:Relaxation individual + AD,Behavioural therapies individual,Relaxation individual + AD,NA,NA,NA,NA,NA,NA,NA,NA,NA,NA,NA,1.1038998521758892,0.7198714920738665,-0.30702234578599974,2.514822050137778,1.5334679374448923,0.12516060071500254,1.1038998521758892,0.7198714920738665,-0.30702234578599974,2.514822050137778,1.5334679374448923,0.12516060071500254,NA,NA,NA,NA,NA,NA,NA,no data
Behavioural therapies individual:Relaxation individual + placebo,Behavioural therapies individual,Relaxation individual + placebo,NA,NA,NA,NA,NA,NA,NA,NA,NA,NA,NA,0.47147235057143266,0.7126121858775141,-0.925221868692857,1.8681665698357224,0.6616114064775069,0.5082202954601591,0.47147235057143266,0.7126121858775141,-0.925221868692857,1.8681665698357224,0.6616114064775069,0.5082202954601591,NA,NA,NA,NA,NA,NA,NA,no data
Behavioural therapies individual:Self-help,Behavioural therapies individual,Self-help,NA,NA,NA,NA,NA,NA,NA,NA,NA,NA,NA,0.9653467132505296,0.4378423792293912,0.10719141905559482,1.8235020074454642,2.2047813529369944,0.027469441164944597,0.9653467132505296,0.4378423792293912,0.10719141905559482,1.8235020074454642,2.2047813529369944,0.027469441164944597,NA,NA,NA,NA,NA,NA,NA,no data
Behavioural therapies individual:Self-help with support,Behavioural therapies individual,Self-help with support,NA,NA,NA,NA,NA,NA,NA,NA,NA,NA,NA,0.9446149505846746,0.4295502975585559,0.10271183782144178,1.7865180633479074,2.1990787946221957,0.027872320063650882,0.9446149505846746,0.4295502975585559,0.10271183782144178,1.7865180633479074,2.1990787946221957,0.027872320063650882,NA,NA,NA,NA,NA,NA,NA,no data
Behavioural therapies individual:Sham acupuncture,Behavioural therapies individual,Sham acupuncture,NA,NA,NA,NA,NA,NA,NA,NA,NA,NA,NA,0.4662905288780852,0.5255935245677749,-0.5638538497822214,1.4964349075383918,0.8871694704791924,0.37498766647441717,0.4662905288780852,0.5255935245677749,-0.5638538497822214,1.4964349075383918,0.8871694704791924,0.37498766647441717,NA,NA,NA,NA,NA,NA,NA,no data
Behavioural therapies individual:Short-term psychodynamic psychotherapies individual,Behavioural therapies individual,Short-term psychodynamic psychotherapies individual,NA,NA,NA,NA,NA,NA,NA,NA,NA,NA,NA,1.0254074566846048,0.4456146607457153,0.15201877063996838,1.8987961427292412,2.3011079908561207,0.02138552777434784,1.0254074566846048,0.4456146607457153,0.15201877063996838,1.8987961427292412,2.3011079908561207,0.02138552777434784,NA,NA,NA,NA,NA,NA,NA,no data
Behavioural therapies individual:Short-term psychodynamic psychotherapies individual + AD,Behavioural therapies individual,Short-term psychodynamic psychotherapies individual + AD,NA,NA,NA,NA,NA,NA,NA,NA,NA,NA,NA,0.817645684368201,0.6916846308993835,-0.5380312808544709,2.173322649590873,1.182107636691353,0.2371629946363445,0.817645684368201,0.6916846308993835,-0.5380312808544709,2.173322649590873,1.182107636691353,0.2371629946363445,NA,NA,NA,NA,NA,NA,NA,no data
Behavioural therapies individual:SNRIs,Behavioural therapies individual,SNRIs,NA,NA,NA,NA,NA,NA,NA,NA,NA,NA,NA,1.0269620624762403,0.37184844346488083,0.2981525055777956,1.755771619374685,2.761775880805137,0.005748792548834264,1.0269620624762403,0.37184844346488083,0.2981525055777956,1.755771619374685,2.761775880805137,0.005748792548834264,NA,NA,NA,NA,NA,NA,NA,no data
Behavioural therapies individual:SSRIs,Behavioural therapies individual,SSRIs,-0.31658014956499875,0.6080230713885783,-1.508283471256038,0.8751231721260406,-0.5206712778875412,0.6025957861424984,NA,0,NA,NA,NA,1.4917843964016595,0.4578388493294897,0.5944367409925996,2.3891320518107193,3.258317634220851,0.0011207488448448427,0.8374475292020023,0.36574446472469796,0.1206015507967142,1.5542935076072903,2.289706639394702,0.02203832827727464,-1.8083645459666582,0.7611231617131036,-3.300138530723596,-0.3165905612097202,-2.375915800402747,0.01750545688153671,-2.375915800402747,YES
Behavioural therapies individual:TAU,Behavioural therapies individual,TAU,NA,NA,NA,NA,NA,NA,NA,NA,NA,NA,NA,0.6610092971849513,0.43766514245390825,-0.1967986193133009,1.5188172136832034,1.5103082998083723,0.13096477488898184,0.6610092971849513,0.43766514245390825,-0.1967986193133009,1.5188172136832034,1.5103082998083723,0.13096477488898184,NA,NA,NA,NA,NA,NA,NA,no data
Behavioural therapies individual:TCAs,Behavioural therapies individual,TCAs,NA,NA,NA,NA,NA,NA,NA,NA,NA,NA,NA,0.942979626891014,0.36906428371131295,0.21962692283676832,1.6663323309452598,2.5550552261747046,0.010617095139697557,0.942979626891014,0.36906428371131295,0.21962692283676832,1.6663323309452598,2.5550552261747046,0.010617095139697557,NA,NA,NA,NA,NA,NA,NA,no data
Behavioural therapies individual:Trazodone,Behavioural therapies individual,Trazodone,NA,NA,NA,NA,NA,NA,NA,NA,NA,NA,NA,0.715798679216594,0.40419200877859784,-0.076403100828355,1.508000459261543,1.770937236932567,0.07657113928009149,0.715798679216594,0.40419200877859784,-0.076403100828355,1.508000459261543,1.770937236932567,0.07657113928009149,NA,NA,NA,NA,NA,NA,NA,no data
Behavioural therapies individual:Waitlist,Behavioural therapies individual,Waitlist,NA,NA,NA,NA,NA,NA,NA,NA,NA,NA,NA,-0.35807865171022435,0.41835344389038837,-1.1780363345436837,0.46187903112323503,-0.8559237576254866,0.3920399528872065,-0.35807865171022435,0.41835344389038837,-1.1780363345436837,0.46187903112323503,-0.8559237576254866,0.3920399528872065,NA,NA,NA,NA,NA,NA,NA,no data
Behavioural therapies individual:Yoga group,Behavioural therapies individual,Yoga group,NA,NA,NA,NA,NA,NA,NA,NA,NA,NA,NA,1.2000924318053041,0.6082924800978357,0.007861078746998817,2.3923237848636094,1.97288717363773,0.04850841827168959,1.2000924318053041,0.6082924800978357,0.007861078746998817,2.3923237848636094,1.97288717363773,0.04850841827168959,NA,NA,NA,NA,NA,NA,NA,no data
Behavioural therapies individual:Yoga group + AD,Behavioural therapies individual,Yoga group + AD,NA,NA,NA,NA,NA,NA,NA,NA,NA,NA,NA,2.173632940998851,0.817292678172699,0.5717687269520759,3.7754971550456258,2.659552690302639,0.00782444903158714,2.173632940998851,0.817292678172699,0.5717687269520759,3.7754971550456258,2.659552690302639,0.00782444903158714,NA,NA,NA,NA,NA,NA,NA,no data
Behavioural therapies individual + AD:Cognitive and cognitive behavioural therapies group,Behavioural therapies individual + AD,Cognitive and cognitive behavioural therapies group,NA,NA,NA,NA,NA,NA,NA,NA,NA,NA,NA,0.2216955224821584,0.6163389574878878,-0.9863066364630648,1.4296976814273816,0.3596974031720445,0.7190734342126044,0.2216955224821584,0.6163389574878878,-0.9863066364630648,1.4296976814273816,0.3596974031720445,0.7190734342126044,NA,NA,NA,NA,NA,NA,NA,no data
Behavioural therapies individual + AD:Cognitive and cognitive behavioural therapies group + AD,Behavioural therapies individual + AD,Cognitive and cognitive behavioural therapies group + AD,NA,NA,NA,NA,NA,NA,NA,NA,NA,NA,NA,0.5992873439730113,0.7345976832397779,-0.840497658303516,2.0390723462495384,0.815803476713933,0.41461254445957824,0.5992873439730113,0.7345976832397779,-0.840497658303516,2.0390723462495384,0.815803476713933,0.41461254445957824,NA,NA,NA,NA,NA,NA,NA,no data
Behavioural therapies individual + AD:Cognitive and cognitive behavioural therapies individual,Behavioural therapies individual + AD,Cognitive and cognitive behavioural therapies individual,NA,NA,NA,NA,NA,NA,NA,NA,NA,NA,NA,0.12292108587635475,0.5633566035420469,-0.9812375675188667,1.2270797392715762,0.21819409784761737,0.8272778835385765,0.12292108587635475,0.5633566035420469,-0.9812375675188667,1.2270797392715762,0.21819409784761737,0.8272778835385765,NA,NA,NA,NA,NA,NA,NA,no data
Behavioural therapies individual + AD:Cognitive and cognitive behavioural therapies individual + AD,Behavioural therapies individual + AD,Cognitive and cognitive behavioural therapies individual + AD,NA,NA,NA,NA,NA,NA,NA,NA,NA,NA,NA,0.6060774418115153,0.60598232290895,-0.5816260863579479,1.7937809699809786,1.0001569664641514,0.3172345512465909,0.6060774418115153,0.60598232290895,-0.5816260863579479,1.7937809699809786,1.0001569664641514,0.3172345512465909,NA,NA,NA,NA,NA,NA,NA,no data
Behavioural therapies individual + AD:Cognitive and cognitive behavioural therapies individual + placebo,Behavioural therapies individual + AD,Cognitive and cognitive behavioural therapies individual + placebo,NA,NA,NA,NA,NA,NA,NA,NA,NA,NA,NA,0.5789939661526953,0.7030618382483744,-0.7989819157186433,1.9569698480240338,0.8235320631186797,0.41020549160676034,0.5789939661526953,0.7030618382483744,-0.7989819157186433,1.9569698480240338,0.8235320631186797,0.41020549160676034,NA,NA,NA,NA,NA,NA,NA,no data
Behavioural therapies individual + AD:Counselling individual,Behavioural therapies individual + AD,Counselling individual,NA,NA,NA,NA,NA,NA,NA,NA,NA,NA,NA,-0.0536105328106764,0.6231468058018013,-1.2749558292633818,1.167734763642029,-0.08603194674438855,0.9314410215353024,-0.0536105328106764,0.6231468058018013,-1.2749558292633818,1.167734763642029,-0.08603194674438855,0.9314410215353024,NA,NA,NA,NA,NA,NA,NA,no data
Behavioural therapies individual + AD:Counselling individual + AD,Behavioural therapies individual + AD,Counselling individual + AD,-0.6480257239570558,0.7101100997945144,-2.0398159446124473,0.7437644966983358,-0.9125707747919315,0.36146833073712353,NA,0,NA,NA,NA,-0.24914726689260824,1.1464398946311407,-2.496128170809538,1.9978336370243217,-0.2173225723035133,0.8279569672769577,-0.5374246453864933,0.6036854116130439,-1.7206263101402972,0.6457770193673107,-0.8902395768526156,0.37333725784749505,-0.3988784570644476,1.3485476579758078,-3.041983298132869,2.2442263840039742,-0.29578373052322876,0.767395248523723,-0.29578373052322876,no
Behavioural therapies individual + AD:Counselling individual + placebo,Behavioural therapies individual + AD,Counselling individual + placebo,NA,NA,NA,NA,NA,NA,NA,NA,NA,NA,NA,-0.8811941528007079,0.879344732019112,-2.6046781575531925,0.8422898519517765,-1.0021031806005698,0.31629376192041064,-0.8811941528007079,0.879344732019112,-2.6046781575531925,0.8422898519517765,-1.0021031806005698,0.31629376192041064,NA,NA,NA,NA,NA,NA,NA,no data
Behavioural therapies individual + AD:Exercise group,Behavioural therapies individual + AD,Exercise group,NA,NA,NA,NA,NA,NA,NA,NA,NA,NA,NA,0.16814483717840023,0.6537515758282341,-1.1131847062812443,1.4494743806380448,0.25719989579432906,0.7970244644470477,0.16814483717840023,0.6537515758282341,-1.1131847062812443,1.4494743806380448,0.25719989579432906,0.7970244644470477,NA,NA,NA,NA,NA,NA,NA,no data
Behavioural therapies individual + AD:Exercise group + AD,Behavioural therapies individual + AD,Exercise group + AD,NA,NA,NA,NA,NA,NA,NA,NA,NA,NA,NA,2.7155818125941753,0.8379522746050162,1.0732255336049266,4.357938091583424,3.240735653918015,0.0011922168504104058,2.7155818125941753,0.8379522746050162,1.0732255336049266,4.357938091583424,3.240735653918015,0.0011922168504104058,NA,NA,NA,NA,NA,NA,NA,no data
Behavioural therapies individual + AD:Exercise individual,Behavioural therapies individual + AD,Exercise individual,NA,NA,NA,NA,NA,NA,NA,NA,NA,NA,NA,0.024520261419056055,0.6493811548867972,-1.2482434143980925,1.2972839372362046,0.037759428703055806,0.9698794924914828,0.024520261419056055,0.6493811548867972,-1.2482434143980925,1.2972839372362046,0.037759428703055806,0.9698794924914828,NA,NA,NA,NA,NA,NA,NA,no data
Behavioural therapies individual + AD:Exercise individual + AD,Behavioural therapies individual + AD,Exercise individual + AD,NA,NA,NA,NA,NA,NA,NA,NA,NA,NA,NA,0.7191739797332222,0.7092998324830566,-0.6710281461738621,2.1093761056403064,1.013920977840357,0.3106204605481078,0.7191739797332222,0.7092998324830566,-0.6710281461738621,2.1093761056403064,1.013920977840357,0.3106204605481078,NA,NA,NA,NA,NA,NA,NA,no data
Behavioural therapies individual + AD:Interpersonal psychotherapy (IPT) individual,Behavioural therapies individual + AD,Interpersonal psychotherapy (IPT) individual,NA,NA,NA,NA,NA,NA,NA,NA,NA,NA,NA,-0.17502878744338934,0.6258966754811345,-1.4017637294297665,1.0517061545429878,-0.2796448588081133,0.7797499872218328,-0.17502878744338934,0.6258966754811345,-1.4017637294297665,1.0517061545429878,-0.2796448588081133,0.7797499872218328,NA,NA,NA,NA,NA,NA,NA,no data
Behavioural therapies individual + AD:Interpersonal psychotherapy (IPT) individual + AD,Behavioural therapies individual + AD,Interpersonal psychotherapy (IPT) individual + AD,NA,NA,NA,NA,NA,NA,NA,NA,NA,NA,NA,0.07971567081669395,0.65326109494247675,-1.2006525477717611,1.360083889405149,0.1220272742917797,0.9028774179203107,0.07971567081669395,0.65326109494247675,-1.2006525477717611,1.360083889405149,0.1220272742917797,0.9028774179203107,NA,NA,NA,NA,NA,NA,NA,no data
Behavioural therapies individual + AD:Interpersonal psychotherapy (IPT) individual + placebo,Behavioural therapies individual + AD,Interpersonal psychotherapy (IPT) individual + placebo,NA,NA,NA,NA,NA,NA,NA,NA,NA,NA,NA,-0.2162461240733755,0.6862679773712994,-1.5613066434642708,1.1288143953175198,-0.31510449445957084,0.7526823161402062,-0.2162461240733755,0.6862679773712994,-1.5613066434642708,1.1288143953175198,-0.31510449445957084,0.7526823161402062,NA,NA,NA,NA,NA,NA,NA,no data
Behavioural therapies individual + AD:Light therapy,Behavioural therapies individual + AD,Light therapy,NA,NA,NA,NA,NA,NA,NA,NA,NA,NA,NA,0.13889775969156393,0.7627200523552095,-1.3560060732111507,1.6338015925942786,0.18210844104945242,0.8554976245015441,0.13889775969156393,0.7627200523552095,-1.3560060732111507,1.6338015925942786,0.18210844104945242,0.8554976245015441,NA,NA,NA,NA,NA,NA,NA,no data
Behavioural therapies individual + AD:Light therapy + AD,Behavioural therapies individual + AD,Light therapy + AD,NA,NA,NA,NA,NA,NA,NA,NA,NA,NA,NA,0.4750840737779991,0.6889263824290411,-0.8751868237823892,1.8253549713383874,0.6896006393352665,0.4904453652186244,0.4750840737779991,0.6889263824290411,-0.8751868237823892,1.8253549713383874,0.6896006393352665,0.4904453652186244,NA,NA,NA,NA,NA,NA,NA,no data
Behavioural therapies individual + AD:Mindfulness or meditation group,Behavioural therapies individual + AD,Mindfulness or meditation group,NA,NA,NA,NA,NA,NA,NA,NA,NA,NA,NA,3.514763095066158,1.0469382164225498,1.4628018968393603,5.566724293292955,3.3571829167496747,7.874100149697395e-4,3.514763095066158,1.0469382164225498,1.4628018968393603,5.566724293292955,3.3571829167496747,7.874100149697395e-4,NA,NA,NA,NA,NA,NA,NA,no data
Behavioural therapies individual + AD:Mirtazapine,Behavioural therapies individual + AD,Mirtazapine,NA,NA,NA,NA,NA,NA,NA,NA,NA,NA,NA,-0.035714416718463315,0.5609971360302856,-1.1352485987679404,1.0638197653310137,-0.06366238689057276,0.9492390548780263,-0.035714416718463315,0.5609971360302856,-1.1352485987679404,1.0638197653310137,-0.06366238689057276,0.9492390548780263,NA,NA,NA,NA,NA,NA,NA,no data
Behavioural therapies individual + AD:Music therapy group,Behavioural therapies individual + AD,Music therapy group,NA,NA,NA,NA,NA,NA,NA,NA,NA,NA,NA,0.04588809163981722,0.9241853984687473,-1.7654820043967259,1.8572581876763603,0.049652474185209704,0.9603993298155695,0.04588809163981722,0.9241853984687473,-1.7654820043967259,1.8572581876763603,0.049652474185209704,0.9603993298155695,NA,NA,NA,NA,NA,NA,NA,no data
Behavioural therapies individual + AD:No treatment,Behavioural therapies individual + AD,No treatment,NA,NA,NA,NA,NA,NA,NA,NA,NA,NA,NA,-0.6163140368002722,0.5908683306204743,-1.7743946844217067,0.5417666108211623,-1.0430649348782617,0.2969182195366337,-0.6163140368002722,0.5908683306204743,-1.7743946844217067,0.5417666108211623,-1.0430649348782617,0.2969182195366337,NA,NA,NA,NA,NA,NA,NA,no data
Behavioural therapies individual + AD:Peer support group,Behavioural therapies individual + AD,Peer support group,NA,NA,NA,NA,NA,NA,NA,NA,NA,NA,NA,0.6260269425469009,0.8472960512997786,-1.0346428022436667,2.286696687337469,0.7388526614594226,0.4599964702357244,0.6260269425469009,0.8472960512997786,-1.0346428022436667,2.286696687337469,0.7388526614594226,0.4599964702357244,NA,NA,NA,NA,NA,NA,NA,no data
Behavioural therapies individual + AD:Peer support group + AD,Behavioural therapies individual + AD,Peer support group + AD,NA,NA,NA,NA,NA,NA,NA,NA,NA,NA,NA,0.7469656641574423,0.8466510791217049,-0.9124399583930707,2.406371286707955,0.8822591532421197,0.3776366798839355,0.7469656641574423,0.8466510791217049,-0.9124399583930707,2.406371286707955,0.8822591532421197,0.3776366798839355,NA,NA,NA,NA,NA,NA,NA,no data
Behavioural therapies individual + AD:Placebo,Behavioural therapies individual + AD,Placebo,-0.3944698732751786,0.7051753054553098,-1.776588074754617,0.9876483282042599,-0.5593926364458858,0.5758937856979481,NA,0,NA,NA,NA,-1.2446489856660878,0.8709715606524614,-2.951721876103555,0.4624239047713794,-1.4290351624497333,0.15299412731009945,-0.7311070872696845,0.5480621638239872,-1.8052891896537901,0.34307501511442107,-1.3339856963825787,0.18220854428042194,0.8501791123909093,1.1206532340065654,-1.3462608654202959,3.0466190902021144,0.7586460169764954,0.4480643375123252,0.7586460169764954,no
Behavioural therapies individual + AD:Problem solving group,Behavioural therapies individual + AD,Problem solving group,NA,NA,NA,NA,NA,NA,NA,NA,NA,NA,NA,2.2642233111251153,0.8180075050439968,0.6609580621554154,3.8674885600948152,2.7679737620540945,0.0056405996567506075,2.2642233111251153,0.8180075050439968,0.6609580621554154,3.8674885600948152,2.7679737620540945,0.0056405996567506075,NA,NA,NA,NA,NA,NA,NA,no data
Behavioural therapies individual + AD:Problem solving individual,Behavioural therapies individual + AD,Problem solving individual,NA,NA,NA,NA,NA,NA,NA,NA,NA,NA,NA,0.24543767737431343,0.6354382276433317,-0.9999983632065805,1.4908737179552074,0.38624946800033627,0.699311920729809,0.24543767737431343,0.6354382276433317,-0.9999983632065805,1.4908737179552074,0.38624946800033627,0.699311920729809,NA,NA,NA,NA,NA,NA,NA,no data
Behavioural therapies individual + AD:Psychoeducation group,Behavioural therapies individual + AD,Psychoeducation group,NA,NA,NA,NA,NA,NA,NA,NA,NA,NA,NA,0.6192486678304396,0.8592803500617819,-1.0649098709136227,2.303407206574502,0.7206596401115374,0.4711189499398305,0.6192486678304396,0.8592803500617819,-1.0649098709136227,2.303407206574502,0.7206596401115374,0.4711189499398305,NA,NA,NA,NA,NA,NA,NA,no data
Behavioural therapies individual + AD:Psychoeducation group + AD,Behavioural therapies individual + AD,Psychoeducation group + AD,NA,NA,NA,NA,NA,NA,NA,NA,NA,NA,NA,-0.2727317616669005,0.8046443929583823,-1.849805792227424,1.304342268893623,-0.33894694855719537,0.7346496957678786,-0.2727317616669005,0.8046443929583823,-1.849805792227424,1.304342268893623,-0.33894694855719537,0.7346496957678786,NA,NA,NA,NA,NA,NA,NA,no data
Behavioural therapies individual + AD:Relaxation individual + AD,Behavioural therapies individual + AD,Relaxation individual + AD,0.11135185611971975,0.715986727561798,-1.2919563433100958,1.5146600555495353,0.15552223502649884,0.8764096261861613,NA,0,NA,NA,NA,-0.7129385417170138,2.6989334897580948,-6.002750978311881,4.576873894877854,-0.26415565423248516,0.7916599804821212,0.05715558693845946,0.6920488598639211,-1.2992352539368324,1.4135464278137513,0.08258894747648031,0.934178389886003,0.8242903978367335,2.7922891999544857,-4.648495868494218,6.297076664167686,0.29520237296701557,0.7678392893660473,0.29520237296701557,no
Behavioural therapies individual + AD:Relaxation individual + placebo,Behavioural therapies individual + AD,Relaxation individual + placebo,-0.5200368599633736,0.7112607784437884,-1.9140823693291213,0.8740086494023742,-0.7311479498436487,0.46468878880782916,NA,0,NA,NA,NA,-1.3359772944708352,2.639548889334117,-6.509398052998404,3.837443464056734,-0.5061384920238641,0.6127594304544262,-0.575271914665997,0.686764561979618,-1.9213057220044738,0.7707618926724797,-0.8376552118643975,0.40222437457278876,0.8159404345074617,2.733699002110041,-4.542011154201303,6.173892023216226,0.29847486276933466,0.7653407588623037,0.29847486276933466,no
Behavioural therapies individual + AD:Self-help,Behavioural therapies individual + AD,Self-help,NA,NA,NA,NA,NA,NA,NA,NA,NA,NA,NA,-0.08139755198690013,0.6115049137940678,-1.2799251593925431,1.1171300554187429,-0.13311021735192763,0.8941062147777307,-0.08139755198690013,0.6115049137940678,-1.2799251593925431,1.1171300554187429,-0.13311021735192763,0.8941062147777307,NA,NA,NA,NA,NA,NA,NA,no data
Behavioural therapies individual + AD:Self-help with support,Behavioural therapies individual + AD,Self-help with support,NA,NA,NA,NA,NA,NA,NA,NA,NA,NA,NA,-0.1021293146527551,0.6089897818136447,-1.2957273539604042,1.091468724654894,-0.16770283788440873,0.8668170635033475,-0.1021293146527551,0.6089897818136447,-1.2957273539604042,1.091468724654894,-0.16770283788440873,0.8668170635033475,NA,NA,NA,NA,NA,NA,NA,no data
Behavioural therapies individual + AD:Sham acupuncture,Behavioural therapies individual + AD,Sham acupuncture,NA,NA,NA,NA,NA,NA,NA,NA,NA,NA,NA,-0.5804537363593445,0.6694783718445521,-1.8926072336031803,0.7316997608844913,-0.86702388123469,0.38592892495351494,-0.5804537363593445,0.6694783718445521,-1.8926072336031803,0.7316997608844913,-0.86702388123469,0.38592892495351494,NA,NA,NA,NA,NA,NA,NA,no data
Behavioural therapies individual + AD:Short-term psychodynamic psychotherapies individual,Behavioural therapies individual + AD,Short-term psychodynamic psychotherapies individual,NA,NA,NA,NA,NA,NA,NA,NA,NA,NA,NA,-0.021336808552824937,0.6396882729331158,-1.27510278483436,1.23242916772871,-0.033355009706510376,0.9733914867343699,-0.021336808552824937,0.6396882729331158,-1.27510278483436,1.23242916772871,-0.033355009706510376,0.9733914867343699,NA,NA,NA,NA,NA,NA,NA,no data
Behavioural therapies individual + AD:Short-term psychodynamic psychotherapies individual + AD,Behavioural therapies individual + AD,Short-term psychodynamic psychotherapies individual + AD,NA,NA,NA,NA,NA,NA,NA,NA,NA,NA,NA,-0.22909858086922874,0.6736478779351247,-1.5494241598839074,1.0912269981454499,-0.34008654724997434,0.7337913523752204,-0.22909858086922874,0.6736478779351247,-1.5494241598839074,1.0912269981454499,-0.34008654724997434,0.7337913523752204,NA,NA,NA,NA,NA,NA,NA,no data
Behavioural therapies individual + AD:SNRIs,Behavioural therapies individual + AD,SNRIs,NA,NA,NA,NA,NA,NA,NA,NA,NA,NA,NA,-0.01978220276118936,0.5516604249559441,-1.1010167673709008,1.061452361848522,-0.03585938353792403,0.9713944822637467,-0.01978220276118936,0.5516604249559441,-1.1010167673709008,1.061452361848522,-0.03585938353792403,0.9713944822637467,NA,NA,NA,NA,NA,NA,NA,no data
Behavioural therapies individual + AD:SSRIs,Behavioural therapies individual + AD,SSRIs,NA,NA,NA,NA,NA,NA,NA,NA,NA,NA,NA,-0.20929673603542742,0.5487753966870349,-1.284876749143697,0.8662832770728421,-0.38138870164179167,0.7029148434233914,-0.20929673603542742,0.5487753966870349,-1.284876749143697,0.8662832770728421,-0.38138870164179167,0.7029148434233914,NA,NA,NA,NA,NA,NA,NA,no data
Behavioural therapies individual + AD:TAU,Behavioural therapies individual + AD,TAU,NA,NA,NA,NA,NA,NA,NA,NA,NA,NA,NA,-0.3857349680524784,0.6058997151506011,-1.5732765879907342,0.8018066518857774,-0.6366317039059854,0.5243647691432816,-0.3857349680524784,0.6058997151506011,-1.5732765879907342,0.8018066518857774,-0.6366317039059854,0.5243647691432816,NA,NA,NA,NA,NA,NA,NA,no data
Behavioural therapies individual + AD:TCAs,Behavioural therapies individual + AD,TCAs,-0.2914101766537357,0.7164469783091091,-1.6956204509721386,1.112800097664667,-0.40674353507847105,0.6841963619829012,NA,0,NA,NA,NA,0.1610626557448999,0.8511307978891575,-1.5071230542506882,1.829248365740488,0.18923373016737557,0.849909632376415,-0.1037646383464157,0.5481118263995883,-1.178044077590079,0.9705148008972475,-0.18931289811427726,0.849847586878116,-0.45247283239863556,1.1125286098989486,-2.6329888395709857,1.7280431747737146,-0.4067066935381858,0.6842234237523017,-0.4067066935381858,no
Behavioural therapies individual + AD:Trazodone,Behavioural therapies individual + AD,Trazodone,NA,NA,NA,NA,NA,NA,NA,NA,NA,NA,NA,-0.3309455860208357,0.574073826361207,-1.4561096101559017,0.7942184381142303,-0.5764861082738248,0.5642866569024747,-0.3309455860208357,0.574073826361207,-1.4561096101559017,0.7942184381142303,-0.5764861082738248,0.5642866569024747,NA,NA,NA,NA,NA,NA,NA,no data
Behavioural therapies individual + AD:Waitlist,Behavioural therapies individual + AD,Waitlist,NA,NA,NA,NA,NA,NA,NA,NA,NA,NA,NA,-1.404822916947654,0.5969639524770766,-2.574850763871404,-0.23479507002390387,-2.3532793079354306,0.01860865041715483,-1.404822916947654,0.5969639524770766,-2.574850763871404,-0.23479507002390387,-2.3532793079354306,0.01860865041715483,NA,NA,NA,NA,NA,NA,NA,no data
Behavioural therapies individual + AD:Yoga group,Behavioural therapies individual + AD,Yoga group,NA,NA,NA,NA,NA,NA,NA,NA,NA,NA,NA,0.15334816656787442,0.7367755564241913,-1.2907053887129987,1.5974017218487475,0.20813416681753447,0.8351242100139418,0.15334816656787442,0.7367755564241913,-1.2907053887129987,1.5974017218487475,0.20813416681753447,0.8351242100139418,NA,NA,NA,NA,NA,NA,NA,no data
Behavioural therapies individual + AD:Yoga group + AD,Behavioural therapies individual + AD,Yoga group + AD,NA,NA,NA,NA,NA,NA,NA,NA,NA,NA,NA,1.1268886757614212,0.9074858955500755,-0.6517509959948038,2.905528347517646,1.2417699066037318,0.2143214689032415,1.1268886757614212,0.9074858955500755,-0.6517509959948038,2.905528347517646,1.2417699066037318,0.2143214689032415,NA,NA,NA,NA,NA,NA,NA,no data
Cognitive and cognitive behavioural therapies group:Cognitive and cognitive behavioural therapies group + AD,Cognitive and cognitive behavioural therapies group,Cognitive and cognitive behavioural therapies group + AD,NA,NA,NA,NA,NA,NA,NA,NA,NA,NA,NA,0.3775918214908529,0.5666046091092777,-0.7329328058377265,1.4881164488194323,0.6664114894590083,0.5051481206602697,0.3775918214908529,0.5666046091092777,-0.7329328058377265,1.4881164488194323,0.6664114894590083,0.5051481206602697,NA,NA,NA,NA,NA,NA,NA,no data
Cognitive and cognitive behavioural therapies group:Cognitive and cognitive behavioural therapies individual,Cognitive and cognitive behavioural therapies group,Cognitive and cognitive behavioural therapies individual,0.47250222962515587,0.7300081595448,-0.9582874715030215,1.9032919307533334,0.6472560935754291,0.5174662127730651,NA,0,NA,NA,NA,-0.2090895474242925,0.3207908515248781,-0.8378280629829893,0.4196489681344042,-0.6517939848670439,0.5145340825602087,-0.09877443660580365,0.29368586598907964,-0.6743881567128563,0.47683928350124904,-0.33632683095984084,0.7366244190150322,0.6815917770494484,0.7973823947291805,-0.8812489985260461,2.244432552624943,0.8547865886616939,0.39266930411045936,0.8547865886616939,no
Cognitive and cognitive behavioural therapies group:Cognitive and cognitive behavioural therapies individual + AD,Cognitive and cognitive behavioural therapies group,Cognitive and cognitive behavioural therapies individual + AD,NA,NA,NA,NA,NA,NA,NA,NA,NA,NA,NA,0.38438191932935695,0.3828899836867163,-0.36606865873773564,1.1348324973964496,1.0038965125916206,0.31542849769946724,0.38438191932935695,0.3828899836867163,-0.36606865873773564,1.1348324973964496,1.0038965125916206,0.31542849769946724,NA,NA,NA,NA,NA,NA,NA,no data
Cognitive and cognitive behavioural therapies group:Cognitive and cognitive behavioural therapies individual + placebo,Cognitive and cognitive behavioural therapies group,Cognitive and cognitive behavioural therapies individual + placebo,NA,NA,NA,NA,NA,NA,NA,NA,NA,NA,NA,0.35729844367053687,0.5231771539809739,-0.6681099356663378,1.3827068230074115,0.6829396906034062,0.494644952383238,0.35729844367053687,0.5231771539809739,-0.6681099356663378,1.3827068230074115,0.6829396906034062,0.494644952383238,NA,NA,NA,NA,NA,NA,NA,no data
Cognitive and cognitive behavioural therapies group:Counselling individual,Cognitive and cognitive behavioural therapies group,Counselling individual,NA,NA,NA,NA,NA,NA,NA,NA,NA,NA,NA,-0.2753060552928348,0.3880928470468383,-1.0359540581622495,0.4853419475765799,-0.7093819362756989,0.47808749429182956,-0.2753060552928348,0.3880928470468383,-1.0359540581622495,0.4853419475765799,-0.7093819362756989,0.47808749429182956,NA,NA,NA,NA,NA,NA,NA,no data
Cognitive and cognitive behavioural therapies group:Counselling individual + AD,Cognitive and cognitive behavioural therapies group,Counselling individual + AD,NA,NA,NA,NA,NA,NA,NA,NA,NA,NA,NA,-0.7591201678686517,0.7240325593508311,-2.1781979078306395,0.6599575720933362,-1.0484613682971387,0.29442609211046006,-0.7591201678686517,0.7240325593508311,-2.1781979078306395,0.6599575720933362,-1.0484613682971387,0.29442609211046006,NA,NA,NA,NA,NA,NA,NA,no data
Cognitive and cognitive behavioural therapies group:Counselling individual + placebo,Cognitive and cognitive behavioural therapies group,Counselling individual + placebo,NA,NA,NA,NA,NA,NA,NA,NA,NA,NA,NA,-1.1028896752828663,0.9659369692352955,-2.996091346319819,0.7903119957540865,-1.141782238810046,0.2535445468483867,-1.1028896752828663,0.9659369692352955,-2.996091346319819,0.7903119957540865,-1.141782238810046,0.2535445468483867,NA,NA,NA,NA,NA,NA,NA,no data
Cognitive and cognitive behavioural therapies group:Exercise group,Cognitive and cognitive behavioural therapies group,Exercise group,NA,NA,NA,NA,NA,NA,NA,NA,NA,NA,NA,-0.05355068530375817,0.4447237307464534,-0.9251931806370949,0.8180918100295785,-0.12041337486955149,0.904155696878064,-0.05355068530375817,0.4447237307464534,-0.9251931806370949,0.8180918100295785,-0.12041337486955149,0.904155696878064,NA,NA,NA,NA,NA,NA,NA,no data
Cognitive and cognitive behavioural therapies group:Exercise group + AD,Cognitive and cognitive behavioural therapies group,Exercise group + AD,NA,NA,NA,NA,NA,NA,NA,NA,NA,NA,NA,2.493886290112017,0.7000113462577456,1.1218892626774386,3.8658833175465954,3.5626369535926963,3.6714826073681325e-4,2.493886290112017,0.7000113462577456,1.1218892626774386,3.8658833175465954,3.5626369535926963,3.6714826073681325e-4,NA,NA,NA,NA,NA,NA,NA,no data
Cognitive and cognitive behavioural therapies group:Exercise individual,Cognitive and cognitive behavioural therapies group,Exercise individual,NA,NA,NA,NA,NA,NA,NA,NA,NA,NA,NA,-0.19717526106310235,0.44384456643713216,-1.0670946260136764,0.6727441038874717,-0.44424394477977913,0.6568662237338359,-0.19717526106310235,0.44384456643713216,-1.0670946260136764,0.6727441038874717,-0.44424394477977913,0.6568662237338359,NA,NA,NA,NA,NA,NA,NA,no data
Cognitive and cognitive behavioural therapies group:Exercise individual + AD,Cognitive and cognitive behavioural therapies group,Exercise individual + AD,NA,NA,NA,NA,NA,NA,NA,NA,NA,NA,NA,0.49747845725106377,0.5290709212067817,-0.5394814935816568,1.5344384080837843,0.940286901643248,0.34707041645000913,0.49747845725106377,0.5290709212067817,-0.5394814935816568,1.5344384080837843,0.940286901643248,0.34707041645000913,NA,NA,NA,NA,NA,NA,NA,no data
Cognitive and cognitive behavioural therapies group:Interpersonal psychotherapy (IPT) individual,Cognitive and cognitive behavioural therapies group,Interpersonal psychotherapy (IPT) individual,NA,NA,NA,NA,NA,NA,NA,NA,NA,NA,NA,-0.39672430992554775,0.4154518293647793,-1.210994932791795,0.41754631294069955,-0.9549225250304814,0.3396168778084417,-0.39672430992554775,0.4154518293647793,-1.210994932791795,0.41754631294069955,-0.9549225250304814,0.3396168778084417,NA,NA,NA,NA,NA,NA,NA,no data
Cognitive and cognitive behavioural therapies group:Interpersonal psychotherapy (IPT) individual + AD,Cognitive and cognitive behavioural therapies group,Interpersonal psychotherapy (IPT) individual + AD,NA,NA,NA,NA,NA,NA,NA,NA,NA,NA,NA,-0.14197985166546445,0.4587518480848484,-1.0411169517529575,0.7571572484220285,-0.3094916178718142,0.7569475873715755,-0.14197985166546445,0.4587518480848484,-1.0411169517529575,0.7571572484220285,-0.3094916178718142,0.7569475873715755,NA,NA,NA,NA,NA,NA,NA,no data
Cognitive and cognitive behavioural therapies group:Interpersonal psychotherapy (IPT) individual + placebo,Cognitive and cognitive behavioural therapies group,Interpersonal psychotherapy (IPT) individual + placebo,NA,NA,NA,NA,NA,NA,NA,NA,NA,NA,NA,-0.4379416465555339,0.5059141924609855,-1.4295152430467306,0.5536319499356627,-0.8656441212396045,0.38668535206061905,-0.4379416465555339,0.5059141924609855,-1.4295152430467306,0.5536319499356627,-0.8656441212396045,0.38668535206061905,NA,NA,NA,NA,NA,NA,NA,no data
Cognitive and cognitive behavioural therapies group:Light therapy,Cognitive and cognitive behavioural therapies group,Light therapy,NA,NA,NA,NA,NA,NA,NA,NA,NA,NA,NA,-0.08279776279059448,0.6089497532484219,-1.276317347552054,1.110721821970865,-0.13596813587477882,0.8918464708764982,-0.08279776279059448,0.6089497532484219,-1.276317347552054,1.110721821970865,-0.13596813587477882,0.8918464708764982,NA,NA,NA,NA,NA,NA,NA,no data
Cognitive and cognitive behavioural therapies group:Light therapy + AD,Cognitive and cognitive behavioural therapies group,Light therapy + AD,NA,NA,NA,NA,NA,NA,NA,NA,NA,NA,NA,0.2533885512958407,0.5134638800212041,-0.7529821609079146,1.259759263499596,0.49348856103641936,0.6216674204333441,0.2533885512958407,0.5134638800212041,-0.7529821609079146,1.259759263499596,0.49348856103641936,0.6216674204333441,NA,NA,NA,NA,NA,NA,NA,no data
Cognitive and cognitive behavioural therapies group:Mindfulness or meditation group,Cognitive and cognitive behavioural therapies group,Mindfulness or meditation group,NA,NA,NA,NA,NA,NA,NA,NA,NA,NA,NA,3.2930675725839995,0.9247206449648137,1.4806484126923152,5.105486732475684,3.5611485376854577,3.692361161985825e-4,3.2930675725839995,0.9247206449648137,1.4806484126923152,5.105486732475684,3.5611485376854577,3.692361161985825e-4,NA,NA,NA,NA,NA,NA,NA,no data
Cognitive and cognitive behavioural therapies group:Mirtazapine,Cognitive and cognitive behavioural therapies group,Mirtazapine,NA,NA,NA,NA,NA,NA,NA,NA,NA,NA,NA,-0.2574099392006217,0.3223089138868851,-0.8891238023151381,0.37430392391389466,-0.7986435624643016,0.42449712047983207,-0.2574099392006217,0.3223089138868851,-0.8891238023151381,0.37430392391389466,-0.7986435624643016,0.42449712047983207,NA,NA,NA,NA,NA,NA,NA,no data
Cognitive and cognitive behavioural therapies group:Music therapy group,Cognitive and cognitive behavioural therapies group,Music therapy group,NA,NA,NA,NA,NA,NA,NA,NA,NA,NA,NA,-0.17580743084234118,0.7830372232282117,-1.7105321869238863,1.358917325239204,-0.22451988951118243,0.822352792332807,-0.17580743084234118,0.7830372232282117,-1.7105321869238863,1.358917325239204,-0.22451988951118243,0.822352792332807,NA,NA,NA,NA,NA,NA,NA,no data
Cognitive and cognitive behavioural therapies group:No treatment,Cognitive and cognitive behavioural therapies group,No treatment,-1.2032746943801726,0.7446966673066484,-2.66285334170821,0.25630395294786457,-1.6157917004410236,0.10613935658255814,NA,0,NA,NA,NA,-0.7495167169063374,0.3665467494246917,-1.4679351444289606,-0.03109828938371406,-2.0448052481238226,0.04087406216288032,-0.8380095592824306,0.3288677946353781,-1.4825785924428863,-0.19344052612197493,-2.548165472425014,0.010829109176229378,-0.4537579774738353,0.8300178587304231,-2.0805630871105185,1.1730471321628482,-0.5466845956397774,0.58459543905398,-0.5466845956397774,no
Cognitive and cognitive behavioural therapies group:Peer support group,Cognitive and cognitive behavioural therapies group,Peer support group,NA,NA,NA,NA,NA,NA,NA,NA,NA,NA,NA,0.40433142006474254,0.7066241047337865,-0.9806263758213376,1.7892892159508227,0.5722015670793885,0.5671854259678948,0.40433142006474254,0.7066241047337865,-0.9806263758213376,1.7892892159508227,0.5722015670793885,0.5671854259678948,NA,NA,NA,NA,NA,NA,NA,no data
Cognitive and cognitive behavioural therapies group:Peer support group + AD,Cognitive and cognitive behavioural therapies group,Peer support group + AD,NA,NA,NA,NA,NA,NA,NA,NA,NA,NA,NA,0.5252701416752839,0.7058506050295457,-0.8581716226484322,1.9087119059989999,0.7441661704792291,0.4567759514500042,0.5252701416752839,0.7058506050295457,-0.8581716226484322,1.9087119059989999,0.7441661704792291,0.4567759514500042,NA,NA,NA,NA,NA,NA,NA,no data
Cognitive and cognitive behavioural therapies group:Placebo,Cognitive and cognitive behavioural therapies group,Placebo,NA,NA,NA,NA,NA,NA,NA,NA,NA,NA,NA,-0.9528026097518429,0.3012334901615453,-1.5432094014057722,-0.36239581809791355,-3.163003586489917,0.0015615040790336327,-0.9528026097518429,0.3012334901615453,-1.5432094014057722,-0.36239581809791355,-3.163003586489917,0.0015615040790336327,NA,NA,NA,NA,NA,NA,NA,no data
Cognitive and cognitive behavioural therapies group:Problem solving group,Cognitive and cognitive behavioural therapies group,Problem solving group,NA,NA,NA,NA,NA,NA,NA,NA,NA,NA,NA,2.042527788642957,0.6488425693675455,0.7708197210461363,3.314235856239778,3.147955891109142,0.0016441650114172005,2.042527788642957,0.6488425693675455,0.7708197210461363,3.314235856239778,3.147955891109142,0.0016441650114172005,NA,NA,NA,NA,NA,NA,NA,no data
Cognitive and cognitive behavioural therapies group:Problem solving individual,Cognitive and cognitive behavioural therapies group,Problem solving individual,NA,NA,NA,NA,NA,NA,NA,NA,NA,NA,NA,0.023742154892155032,0.4122072136933218,-0.7841691381143613,0.8316534478986713,0.05759762105914761,0.9540691446487799,0.023742154892155032,0.4122072136933218,-0.7841691381143613,0.8316534478986713,0.05759762105914761,0.9540691446487799,NA,NA,NA,NA,NA,NA,NA,no data
Cognitive and cognitive behavioural therapies group:Psychoeducation group,Cognitive and cognitive behavioural therapies group,Psychoeducation group,NA,NA,NA,NA,NA,NA,NA,NA,NA,NA,NA,0.39755314534828123,0.7052597834985416,-0.9847306300533758,1.7798369207499383,0.5636974553917738,0.5729600494527929,0.39755314534828123,0.7052597834985416,-0.9847306300533758,1.7798369207499383,0.5636974553917738,0.5729600494527929,NA,NA,NA,NA,NA,NA,NA,no data
Cognitive and cognitive behavioural therapies group:Psychoeducation group + AD,Cognitive and cognitive behavioural therapies group,Psychoeducation group + AD,NA,NA,NA,NA,NA,NA,NA,NA,NA,NA,NA,-0.4944272841490589,0.6557587985203184,-1.7796909117941404,0.7908363434960226,-0.7539773545771788,0.45086281966582453,-0.4944272841490589,0.6557587985203184,-1.7796909117941404,0.7908363434960226,-0.7539773545771788,0.45086281966582453,NA,NA,NA,NA,NA,NA,NA,no data
Cognitive and cognitive behavioural therapies group:Relaxation individual + AD,Cognitive and cognitive behavioural therapies group,Relaxation individual + AD,NA,NA,NA,NA,NA,NA,NA,NA,NA,NA,NA,-0.16453993554369895,0.6868067826437779,-1.5106564938633325,1.1815766227759346,-0.23957238003725412,0.8106617788109145,-0.16453993554369895,0.6868067826437779,-1.5106564938633325,1.1815766227759346,-0.23957238003725412,0.8106617788109145,NA,NA,NA,NA,NA,NA,NA,no data
Cognitive and cognitive behavioural therapies group:Relaxation individual + placebo,Cognitive and cognitive behavioural therapies group,Relaxation individual + placebo,NA,NA,NA,NA,NA,NA,NA,NA,NA,NA,NA,-0.7969674371481554,0.6792092445226149,-2.1281930943791396,0.5342582200828285,-1.173375426755723,0.24064528699218057,-0.7969674371481554,0.6792092445226149,-2.1281930943791396,0.5342582200828285,-1.173375426755723,0.24064528699218057,NA,NA,NA,NA,NA,NA,NA,no data
Cognitive and cognitive behavioural therapies group:Self-help,Cognitive and cognitive behavioural therapies group,Self-help,-1.0270388740361618,0.6836642124047597,-2.3669961078684323,0.3129183597961087,-1.5022563056556615,0.1330309283949465,NA,0,NA,NA,NA,-0.04245533191996147,0.4102121060710572,-0.8464562858415577,0.7615456220016349,-0.10349604824341126,0.9175692856986136,-0.30309307446905853,0.35175089676155824,-0.9925121636513793,0.3863260147132622,-0.8616696567358478,0.3888693276748179,-0.9845835421162004,0.7972896131834859,-2.5472424692037032,0.5780753849713027,-1.2349132935331633,0.2168627754353204,-1.2349132935331633,no
Cognitive and cognitive behavioural therapies group:Self-help with support,Cognitive and cognitive behavioural therapies group,Self-help with support,-0.9028913178339887,0.6820978700147962,-2.239778576994472,0.43399594132649477,-1.3236976063484893,0.18560349374743557,NA,0,NA,NA,NA,-0.1165387885913881,0.40810086612069846,-0.9164017882475592,0.683324211064783,-0.2855636884556893,0.7752123181895402,-0.3238248371349135,0.3502055994348651,-1.0102151992115096,0.3625655249416827,-0.9246706439231044,0.3551372539643427,-0.7863525292426006,0.794860881668727,-2.344251230033059,0.7715461715478578,-0.9892957967584666,0.3225184399574789,-0.9892957967584666,no
Cognitive and cognitive behavioural therapies group:Sham acupuncture,Cognitive and cognitive behavioural therapies group,Sham acupuncture,NA,NA,NA,NA,NA,NA,NA,NA,NA,NA,NA,-0.8021492588415029,0.4728114191895387,-1.7288426119322686,0.12454409424926283,-1.6965522114852742,0.08978135117648209,-0.8021492588415029,0.4728114191895387,-1.7288426119322686,0.12454409424926283,-1.6965522114852742,0.08978135117648209,NA,NA,NA,NA,NA,NA,NA,no data
Cognitive and cognitive behavioural therapies group:Short-term psychodynamic psychotherapies individual,Cognitive and cognitive behavioural therapies group,Short-term psychodynamic psychotherapies individual,NA,NA,NA,NA,NA,NA,NA,NA,NA,NA,NA,-0.24303233103498334,0.4244298627978332,-1.0748995760820126,0.588834914012046,-0.572608933388709,0.5669095096672964,-0.24303233103498334,0.4244298627978332,-1.0748995760820126,0.588834914012046,-0.572608933388709,0.5669095096672964,NA,NA,NA,NA,NA,NA,NA,no data
Cognitive and cognitive behavioural therapies group:Short-term psychodynamic psychotherapies individual + AD,Cognitive and cognitive behavioural therapies group,Short-term psychodynamic psychotherapies individual + AD,NA,NA,NA,NA,NA,NA,NA,NA,NA,NA,NA,-0.45079410335138714,0.6478515246135901,-1.7205597589233879,0.8189715522206136,-0.6958293470409944,0.4865357081807621,-0.45079410335138714,0.6478515246135901,-1.7205597589233879,0.8189715522206136,-0.6958293470409944,0.4865357081807621,NA,NA,NA,NA,NA,NA,NA,no data
Cognitive and cognitive behavioural therapies group:SNRIs,Cognitive and cognitive behavioural therapies group,SNRIs,NA,NA,NA,NA,NA,NA,NA,NA,NA,NA,NA,-0.24147772524334776,0.30537344764475344,-0.8399986844618922,0.35704323397519666,-0.7907620230435465,0.42908287507863396,-0.24147772524334776,0.30537344764475344,-0.8399986844618922,0.35704323397519666,-0.7907620230435465,0.42908287507863396,NA,NA,NA,NA,NA,NA,NA,no data
Cognitive and cognitive behavioural therapies group:SSRIs,Cognitive and cognitive behavioural therapies group,SSRIs,0,0.6243372494024105,-1.2236785230355258,1.2236785230355258,0,1,NA,0,NA,NA,NA,-0.558526220498002,0.33962326896261896,-1.224175595976495,0.10712315498049096,-1.6445463887207237,0.1000633904385627,-0.4309922585175858,0.29833924713800786,-1.0157264380828754,0.1537419210477038,-1.4446381515410018,0.14855955063542498,0.558526220498002,0.7107326964564268,-0.8344842671916327,1.951536708187637,0.7858456819036239,0.43195790007118895,0.7858456819036239,no
Cognitive and cognitive behavioural therapies group:TAU,Cognitive and cognitive behavioural therapies group,TAU,-0.17745216004158634,0.5929561326281491,-1.3396248244049138,0.9847205043217411,-0.2992669276478654,0.7647363867892019,NA,0,NA,NA,NA,-0.8418037458944536,0.4377773688126846,-1.6998316220140235,0.016224130225116262,-1.9229037539732738,0.05449213823463312,-0.6074304905346368,0.35219047250686913,-1.2977111323462442,0.0828501512769706,-1.72472152983295,0.08457766911403583,0.6643515858528672,0.737052236863771,-0.7802442531248086,2.108947424830543,0.9013629599439897,0.3673953685277262,0.9013629599439897,no
Cognitive and cognitive behavioural therapies group:TCAs,Cognitive and cognitive behavioural therapies group,TCAs,NA,NA,NA,NA,NA,NA,NA,NA,NA,NA,NA,-0.3254601608285741,0.3014706964362442,-0.9163318682378202,0.265411546580672,-1.0795747801557996,0.2803315770296643,-0.3254601608285741,0.3014706964362442,-0.9163318682378202,0.265411546580672,-1.0795747801557996,0.2803315770296643,NA,NA,NA,NA,NA,NA,NA,no data
Cognitive and cognitive behavioural therapies group:Trazodone,Cognitive and cognitive behavioural therapies group,Trazodone,NA,NA,NA,NA,NA,NA,NA,NA,NA,NA,NA,-0.5526411085029941,0.34413911706589095,-1.2271413836235536,0.12185916661756546,-1.605865422143168,0.10830348235934904,-0.5526411085029941,0.34413911706589095,-1.2271413836235536,0.12185916661756546,-1.605865422143168,0.10830348235934904,NA,NA,NA,NA,NA,NA,NA,no data
Cognitive and cognitive behavioural therapies group:Waitlist,Cognitive and cognitive behavioural therapies group,Waitlist,-2.9585283914269067,0.5613046750575765,-4.058665338893714,-1.858391443960099,-5.270806609838822,1.3582552330930896e-7,NA,4.626550297359723,1.1972015966562015,1.0941670789491893,0.7838562350504047,-0.9295498760424782,0.40602382620921285,-1.7253419522776854,-0.1337577998072711,-2.2893973605467846,0.022056275363498256,-1.6265184394298124,0.3289777531569985,-2.2713029873324375,-0.9817338915271875,-4.94415936585714,7.64731275823129e-7,-2.0289785153844284,0.6927613482946784,-3.386765807923406,-0.6711912228454506,-2.928827539785557,0.0034024314479315777,-2.928827539785557,YES
Cognitive and cognitive behavioural therapies group:Yoga group,Cognitive and cognitive behavioural therapies group,Yoga group,NA,NA,NA,NA,NA,NA,NA,NA,NA,NA,NA,-0.06834735591428398,0.560281864152313,-1.1664796308437804,1.0297849190152124,-0.12198745004479336,0.9029089574508443,-0.06834735591428398,0.560281864152313,-1.1664796308437804,1.0297849190152124,-0.12198745004479336,0.9029089574508443,NA,NA,NA,NA,NA,NA,NA,no data
Cognitive and cognitive behavioural therapies group:Yoga group + AD,Cognitive and cognitive behavioural therapies group,Yoga group + AD,NA,NA,NA,NA,NA,NA,NA,NA,NA,NA,NA,0.9051931532792628,0.7777773958305493,-0.619222530537967,2.4296088370964926,1.163820340024992,0.24449682744672271,0.9051931532792628,0.7777773958305493,-0.619222530537967,2.4296088370964926,1.163820340024992,0.24449682744672271,NA,NA,NA,NA,NA,NA,NA,no data
Cognitive and cognitive behavioural therapies group + AD:Cognitive and cognitive behavioural therapies individual,Cognitive and cognitive behavioural therapies group + AD,Cognitive and cognitive behavioural therapies individual,NA,NA,NA,NA,NA,NA,NA,NA,NA,NA,NA,-0.47636625809665656,0.5138504279236323,-1.4834945902674705,0.5307620740741574,-0.9270523720716904,0.3538993430842695,-0.47636625809665656,0.5138504279236323,-1.4834945902674705,0.5307620740741574,-0.9270523720716904,0.3538993430842695,NA,NA,NA,NA,NA,NA,NA,no data
Cognitive and cognitive behavioural therapies group + AD:Cognitive and cognitive behavioural therapies individual + AD,Cognitive and cognitive behavioural therapies group + AD,Cognitive and cognitive behavioural therapies individual + AD,NA,NA,NA,NA,NA,NA,NA,NA,NA,NA,NA,0.006790097838504039,0.564549917848094,-1.0997074086188063,1.1132876042958144,0.012027453417026412,0.99040371197925825,0.006790097838504039,0.564549917848094,-1.0997074086188063,1.1132876042958144,0.012027453417026412,0.99040371197925825,NA,NA,NA,NA,NA,NA,NA,no data
Cognitive and cognitive behavioural therapies group + AD:Cognitive and cognitive behavioural therapies individual + placebo,Cognitive and cognitive behavioural therapies group + AD,Cognitive and cognitive behavioural therapies individual + placebo,NA,NA,NA,NA,NA,NA,NA,NA,NA,NA,NA,-0.02029337782031604,0.669627115919256,-1.3327384080934854,1.2921516524528533,-0.03030548993294206,0.9758234182519009,-0.02029337782031604,0.669627115919256,-1.3327384080934854,1.2921516524528533,-0.03030548993294206,0.9758234182519009,NA,NA,NA,NA,NA,NA,NA,no data
Cognitive and cognitive behavioural therapies group + AD:Counselling individual,Cognitive and cognitive behavioural therapies group + AD,Counselling individual,NA,NA,NA,NA,NA,NA,NA,NA,NA,NA,NA,-0.6528978767836877,0.5824024182233952,-1.794385641010576,0.48858988744320064,-1.1210425237850783,0.2622697621226884,-0.6528978767836877,0.5824024182233952,-1.794385641010576,0.48858988744320064,-1.1210425237850783,0.2622697621226884,NA,NA,NA,NA,NA,NA,NA,no data
Cognitive and cognitive behavioural therapies group + AD:Counselling individual + AD,Cognitive and cognitive behavioural therapies group + AD,Counselling individual + AD,NA,NA,NA,NA,NA,NA,NA,NA,NA,NA,NA,-1.1367119893595046,0.8099164987387858,-2.7241191573723045,0.45069517865329534,-1.4034928182468311,0.16046993207400623,-1.1367119893595046,0.8099164987387858,-2.7241191573723045,0.45069517865329534,-1.4034928182468311,0.16046993207400623,NA,NA,NA,NA,NA,NA,NA,no data
Cognitive and cognitive behavioural therapies group + AD:Counselling individual + placebo,Cognitive and cognitive behavioural therapies group + AD,Counselling individual + placebo,NA,NA,NA,NA,NA,NA,NA,NA,NA,NA,NA,-1.4804814967737192,1.0318797490331162,-3.502928641254856,0.5419656477074177,-1.4347422731776143,0.15136055320620187,-1.4804814967737192,1.0318797490331162,-3.502928641254856,0.5419656477074177,-1.4347422731776143,0.15136055320620187,NA,NA,NA,NA,NA,NA,NA,no data
Cognitive and cognitive behavioural therapies group + AD:Exercise group,Cognitive and cognitive behavioural therapies group + AD,Exercise group,NA,NA,NA,NA,NA,NA,NA,NA,NA,NA,NA,-0.4311425067946111,0.619203087030247,-1.6447582564899155,0.7824732429006933,-0.6962861068125626,0.4862496720735093,-0.4311425067946111,0.619203087030247,-1.6447582564899155,0.7824732429006933,-0.6962861068125626,0.4862496720735093,NA,NA,NA,NA,NA,NA,NA,no data
Cognitive and cognitive behavioural therapies group + AD:Exercise group + AD,Cognitive and cognitive behavioural therapies group + AD,Exercise group + AD,NA,NA,NA,NA,NA,NA,NA,NA,NA,NA,NA,2.116294468621164,0.8195254564486568,0.5100540895680483,3.7225348476742797,2.582341343967452,0.009813247129567425,2.116294468621164,0.8195254564486568,0.5100540895680483,3.7225348476742797,2.582341343967452,0.009813247129567425,NA,NA,NA,NA,NA,NA,NA,no data
Cognitive and cognitive behavioural therapies group + AD:Exercise individual,Cognitive and cognitive behavioural therapies group + AD,Exercise individual,NA,NA,NA,NA,NA,NA,NA,NA,NA,NA,NA,-0.5747670825539553,0.6152409600379528,-1.7806172060421892,0.6310830409342787,-0.9342145921469519,0.35019321006047655,-0.5747670825539553,0.6152409600379528,-1.7806172060421892,0.6310830409342787,-0.9342145921469519,0.35019321006047655,NA,NA,NA,NA,NA,NA,NA,no data
Cognitive and cognitive behavioural therapies group + AD:Exercise individual + AD,Cognitive and cognitive behavioural therapies group + AD,Exercise individual + AD,NA,NA,NA,NA,NA,NA,NA,NA,NA,NA,NA,0.11988663576021086,0.6536249657521673,-1.1611947565102632,1.4009680280306849,0.18341807923791553,0.8544699913152345,0.11988663576021086,0.6536249657521673,-1.1611947565102632,1.4009680280306849,0.18341807923791553,0.8544699913152345,NA,NA,NA,NA,NA,NA,NA,no data
Cognitive and cognitive behavioural therapies group + AD:Interpersonal psychotherapy (IPT) individual,Cognitive and cognitive behavioural therapies group + AD,Interpersonal psychotherapy (IPT) individual,NA,NA,NA,NA,NA,NA,NA,NA,NA,NA,NA,-0.7743161314164007,0.5621185549998822,-1.876048254257867,0.3274159914250656,-1.3774961252018498,0.16835891195183023,-0.7743161314164007,0.5621185549998822,-1.876048254257867,0.3274159914250656,-1.3774961252018498,0.16835891195183023,NA,NA,NA,NA,NA,NA,NA,no data
Cognitive and cognitive behavioural therapies group + AD:Interpersonal psychotherapy (IPT) individual + AD,Cognitive and cognitive behavioural therapies group + AD,Interpersonal psychotherapy (IPT) individual + AD,NA,NA,NA,NA,NA,NA,NA,NA,NA,NA,NA,-0.5195716731563174,0.5792549197306802,-1.6548904536960902,0.6157471073834555,-0.8969654904232629,0.36973733185817725,-0.5195716731563174,0.5792549197306802,-1.6548904536960902,0.6157471073834555,-0.8969654904232629,0.36973733185817725,NA,NA,NA,NA,NA,NA,NA,no data
Cognitive and cognitive behavioural therapies group + AD:Interpersonal psychotherapy (IPT) individual + placebo,Cognitive and cognitive behavioural therapies group + AD,Interpersonal psychotherapy (IPT) individual + placebo,NA,NA,NA,NA,NA,NA,NA,NA,NA,NA,NA,-0.8155334680463868,0.6290200618278469,-2.0483901347821245,0.41732319868935086,-1.296514241018891,0.1947983769364024,-0.8155334680463868,0.6290200618278469,-2.0483901347821245,0.41732319868935086,-1.296514241018891,0.1947983769364024,NA,NA,NA,NA,NA,NA,NA,no data
Cognitive and cognitive behavioural therapies group + AD:Light therapy,Cognitive and cognitive behavioural therapies group + AD,Light therapy,NA,NA,NA,NA,NA,NA,NA,NA,NA,NA,NA,-0.4603895842814474,0.742981497904952,-1.9166065613547747,0.9958273927918799,-0.6196514793163046,0.5354872665638692,-0.4603895842814474,0.742981497904952,-1.9166065613547747,0.9958273927918799,-0.6196514793163046,0.5354872665638692,NA,NA,NA,NA,NA,NA,NA,no data
Cognitive and cognitive behavioural therapies group + AD:Light therapy + AD,Cognitive and cognitive behavioural therapies group + AD,Light therapy + AD,NA,NA,NA,NA,NA,NA,NA,NA,NA,NA,NA,-0.1242032701950122,0.66681818405695,-1.431142895183035,1.1827363547930105,-0.1862625722642329,0.8522388568112206,-0.1242032701950122,0.66681818405695,-1.431142895183035,1.1827363547930105,-0.1862625722642329,0.8522388568112206,NA,NA,NA,NA,NA,NA,NA,no data
Cognitive and cognitive behavioural therapies group + AD:Mindfulness or meditation group,Cognitive and cognitive behavioural therapies group + AD,Mindfulness or meditation group,NA,NA,NA,NA,NA,NA,NA,NA,NA,NA,NA,2.9154757510931457,1.0236646955333721,0.9091298156025767,4.921821686583715,2.848076878898379,0.004398429793176606,2.9154757510931457,1.0236646955333721,0.9091298156025767,4.921821686583715,2.848076878898379,0.004398429793176606,NA,NA,NA,NA,NA,NA,NA,no data
Cognitive and cognitive behavioural therapies group + AD:Mirtazapine,Cognitive and cognitive behavioural therapies group + AD,Mirtazapine,NA,NA,NA,NA,NA,NA,NA,NA,NA,NA,NA,-0.6350017606914746,0.5337949679759578,-1.6812206730530632,0.41121715167011397,-1.189598626415068,0.2342041859971858,-0.6350017606914746,0.5337949679759578,-1.6812206730530632,0.41121715167011397,-1.189598626415068,0.2342041859971858,NA,NA,NA,NA,NA,NA,NA,no data
Cognitive and cognitive behavioural therapies group + AD:Music therapy group,Cognitive and cognitive behavioural therapies group + AD,Music therapy group,NA,NA,NA,NA,NA,NA,NA,NA,NA,NA,NA,-0.5533992523331941,0.8977351673061708,-2.312927847908328,1.20612934324194,-0.6164393158327264,0.5376046117165948,-0.5533992523331941,0.8977351673061708,-2.312927847908328,1.20612934324194,-0.6164393158327264,0.5376046117165948,NA,NA,NA,NA,NA,NA,NA,no data
Cognitive and cognitive behavioural therapies group + AD:No treatment,Cognitive and cognitive behavioural therapies group + AD,No treatment,NA,NA,NA,NA,NA,NA,NA,NA,NA,NA,NA,-1.2156013807732835,0.548575577295989,-2.2907897550716907,-0.14041300647487653,-2.2159232584964212,0.026696758343533432,-1.2156013807732835,0.548575577295989,-2.2907897550716907,-0.14041300647487653,-2.2159232584964212,0.026696758343533432,NA,NA,NA,NA,NA,NA,NA,no data
Cognitive and cognitive behavioural therapies group + AD:Peer support group,Cognitive and cognitive behavioural therapies group + AD,Peer support group,NA,NA,NA,NA,NA,NA,NA,NA,NA,NA,NA,0.026739598573889634,0.7634716613812852,-1.4696373609503888,1.523116558098168,0.03502369495353884,0.9720608466210022,0.026739598573889634,0.7634716613812852,-1.4696373609503888,1.523116558098168,0.03502369495353884,0.9720608466210022,NA,NA,NA,NA,NA,NA,NA,no data
Cognitive and cognitive behavioural therapies group + AD:Peer support group + AD,Cognitive and cognitive behavioural therapies group + AD,Peer support group + AD,NA,NA,NA,NA,NA,NA,NA,NA,NA,NA,NA,0.14767832018443094,0.7627558121457025,-1.3472956006197447,1.6426522409886066,0.1936115304962386,0.8464800690033756,0.14767832018443094,0.7627558121457025,-1.3472956006197447,1.6426522409886066,0.1936115304962386,0.8464800690033756,NA,NA,NA,NA,NA,NA,NA,no data
Cognitive and cognitive behavioural therapies group + AD:Placebo,Cognitive and cognitive behavioural therapies group + AD,Placebo,NA,NA,NA,NA,NA,NA,NA,NA,NA,NA,NA,-1.3303944312426959,0.521285163540833,-2.3520945774578004,-0.30869428502759133,-2.552143287957752,0.010706247802037218,-1.3303944312426959,0.521285163540833,-2.3520945774578004,-0.30869428502759133,-2.552143287957752,0.010706247802037218,NA,NA,NA,NA,NA,NA,NA,no data
Cognitive and cognitive behavioural therapies group + AD:Problem solving group,Cognitive and cognitive behavioural therapies group + AD,Problem solving group,NA,NA,NA,NA,NA,NA,NA,NA,NA,NA,NA,1.664935967152104,0.7883970709460951,0.1197061025808881,3.21016583172332,2.1117987731158636,0.03470371258493125,1.664935967152104,0.7883970709460951,0.1197061025808881,3.21016583172332,2.1117987731158636,0.03470371258493125,NA,NA,NA,NA,NA,NA,NA,no data
Cognitive and cognitive behavioural therapies group + AD:Problem solving individual,Cognitive and cognitive behavioural therapies group + AD,Problem solving individual,NA,NA,NA,NA,NA,NA,NA,NA,NA,NA,NA,-0.3538496665986979,0.6003829371522436,-1.5305786003494697,0.8228792671520739,-0.5893732894493795,0.5556108904662722,-0.3538496665986979,0.6003829371522436,-1.5305786003494697,0.8228792671520739,-0.5893732894493795,0.5556108904662722,NA,NA,NA,NA,NA,NA,NA,no data
Cognitive and cognitive behavioural therapies group + AD:Psychoeducation group,Cognitive and cognitive behavioural therapies group + AD,Psychoeducation group,NA,NA,NA,NA,NA,NA,NA,NA,NA,NA,NA,0.019961323857428326,0.8307662125277485,-1.6083105322697067,1.6482331799845633,0.02402760675195562,0.9808305880569402,0.019961323857428326,0.8307662125277485,-1.6083105322697067,1.6482331799845633,0.02402760675195562,0.9808305880569402,NA,NA,NA,NA,NA,NA,NA,no data
Cognitive and cognitive behavioural therapies group + AD:Psychoeducation group + AD,Cognitive and cognitive behavioural therapies group + AD,Psychoeducation group + AD,NA,NA,NA,NA,NA,NA,NA,NA,NA,NA,NA,-0.8720191056399118,0.7311372801896372,-2.3050218425661706,0.5609836312863472,-1.192688608921342,0.2329913484621325,-0.8720191056399118,0.7311372801896372,-2.3050218425661706,0.5609836312863472,-1.192688608921342,0.2329913484621325,NA,NA,NA,NA,NA,NA,NA,no data
Cognitive and cognitive behavioural therapies group + AD:Relaxation individual + AD,Cognitive and cognitive behavioural therapies group + AD,Relaxation individual + AD,NA,NA,NA,NA,NA,NA,NA,NA,NA,NA,NA,-0.5421317570345519,0.8032558723414963,-2.116484337194188,1.032220823125084,-0.6749178881870282,0.49972793484616995,-0.5421317570345519,0.8032558723414963,-2.116484337194188,1.032220823125084,-0.6749178881870282,0.49972793484616995,NA,NA,NA,NA,NA,NA,NA,no data
Cognitive and cognitive behavioural therapies group + AD:Relaxation individual + placebo,Cognitive and cognitive behavioural therapies group + AD,Relaxation individual + placebo,NA,NA,NA,NA,NA,NA,NA,NA,NA,NA,NA,-1.1745592586390083,0.7968388880660916,-2.736334780729491,0.3872162634514744,-1.4740235149537377,0.14047525996582655,-1.1745592586390083,0.7968388880660916,-2.736334780729491,0.3872162634514744,-1.4740235149537377,0.14047525996582655,NA,NA,NA,NA,NA,NA,NA,no data
Cognitive and cognitive behavioural therapies group + AD:Self-help,Cognitive and cognitive behavioural therapies group + AD,Self-help,NA,NA,NA,NA,NA,NA,NA,NA,NA,NA,NA,-0.6806848959599114,0.5698568267377737,-1.7975837527102294,0.43621396079040653,-1.194484059893761,0.2322886723641812,-0.6806848959599114,0.5698568267377737,-1.7975837527102294,0.43621396079040653,-1.194484059893761,0.2322886723641812,NA,NA,NA,NA,NA,NA,NA,no data
Cognitive and cognitive behavioural therapies group + AD:Self-help with support,Cognitive and cognitive behavioural therapies group + AD,Self-help with support,NA,NA,NA,NA,NA,NA,NA,NA,NA,NA,NA,-0.7014166586257664,0.5664280792711709,-1.81159529382946,0.4087619765779271,-1.2383154795720699,0.2155991062895346,-0.7014166586257664,0.5664280792711709,-1.81159529382946,0.4087619765779271,-1.2383154795720699,0.2155991062895346,NA,NA,NA,NA,NA,NA,NA,no data
Cognitive and cognitive behavioural therapies group + AD:Sham acupuncture,Cognitive and cognitive behavioural therapies group + AD,Sham acupuncture,NA,NA,NA,NA,NA,NA,NA,NA,NA,NA,NA,-1.1797410803323558,0.6416910562027549,-2.437432439691223,0.0779502790265112,-1.838487647488098,0.06599058040518464,-1.1797410803323558,0.6416910562027549,-2.437432439691223,0.0779502790265112,-1.838487647488098,0.06599058040518464,NA,NA,NA,NA,NA,NA,NA,no data
Cognitive and cognitive behavioural therapies group + AD:Short-term psychodynamic psychotherapies individual,Cognitive and cognitive behavioural therapies group + AD,Short-term psychodynamic psychotherapies individual,NA,NA,NA,NA,NA,NA,NA,NA,NA,NA,NA,-0.6206241525258362,0.6025027152106596,-1.8015077749263217,0.5602594698746493,-1.0300769388380941,0.30297388979921763,-0.6206241525258362,0.6025027152106596,-1.8015077749263217,0.5602594698746493,-1.0300769388380941,0.30297388979921763,NA,NA,NA,NA,NA,NA,NA,no data
Cognitive and cognitive behavioural therapies group + AD:Short-term psychodynamic psychotherapies individual + AD,Cognitive and cognitive behavioural therapies group + AD,Short-term psychodynamic psychotherapies individual + AD,NA,NA,NA,NA,NA,NA,NA,NA,NA,NA,NA,-0.82838592484224,0.7257901855659573,-2.2509085488841585,0.5941366991996786,-1.1413572976276616,0.25372126721731253,-0.82838592484224,0.7257901855659573,-2.2509085488841585,0.5941366991996786,-1.1413572976276616,0.25372126721731253,NA,NA,NA,NA,NA,NA,NA,no data
Cognitive and cognitive behavioural therapies group + AD:SNRIs,Cognitive and cognitive behavioural therapies group + AD,SNRIs,NA,NA,NA,NA,NA,NA,NA,NA,NA,NA,NA,-0.6190695467342007,0.5233000312484548,-1.6447187610898568,0.4065796676214555,-1.1830107199826938,0.236804898909744,-0.6190695467342007,0.5233000312484548,-1.6447187610898568,0.4065796676214555,-1.1830107199826938,0.236804898909744,NA,NA,NA,NA,NA,NA,NA,no data
Cognitive and cognitive behavioural therapies group + AD:SSRIs,Cognitive and cognitive behavioural therapies group + AD,SSRIs,NA,NA,NA,NA,NA,NA,NA,NA,NA,NA,NA,-0.8085840800084387,0.5202041861237483,-1.828165549417956,0.2109973894010786,-1.5543590412709394,0.12009879747587003,-0.8085840800084387,0.5202041861237483,-1.828165549417956,0.2109973894010786,-1.5543590412709394,0.12009879747587003,NA,NA,NA,NA,NA,NA,NA,no data
Cognitive and cognitive behavioural therapies group + AD:TAU,Cognitive and cognitive behavioural therapies group + AD,TAU,NA,NA,NA,NA,NA,NA,NA,NA,NA,NA,NA,-0.9850223120254897,0.5567688664782183,-2.0762692380359873,0.10622461398500804,-1.7691763518605892,0.07686444932951396,-0.9850223120254897,0.5567688664782183,-2.0762692380359873,0.10622461398500804,-1.7691763518605892,0.07686444932951396,NA,NA,NA,NA,NA,NA,NA,no data
Cognitive and cognitive behavioural therapies group + AD:TCAs,Cognitive and cognitive behavioural therapies group + AD,TCAs,NA,NA,NA,NA,NA,NA,NA,NA,NA,NA,NA,-0.703051982319427,0.5208503119823962,-1.7238998351413743,0.31779587050252034,-1.349815803399555,0.1770750743484971,-0.703051982319427,0.5208503119823962,-1.7238998351413743,0.31779587050252034,-1.349815803399555,0.1770750743484971,NA,NA,NA,NA,NA,NA,NA,no data
Cognitive and cognitive behavioural therapies group + AD:Trazodone,Cognitive and cognitive behavioural therapies group + AD,Trazodone,NA,NA,NA,NA,NA,NA,NA,NA,NA,NA,NA,-0.930232929993847,0.5473526266500462,-2.0030243650713357,0.14255850508364198,-1.6995130464379737,0.0892225585025578,-0.930232929993847,0.5473526266500462,-2.0030243650713357,0.14255850508364198,-1.6995130464379737,0.0892225585025578,NA,NA,NA,NA,NA,NA,NA,no data
Cognitive and cognitive behavioural therapies group + AD:Waitlist,Cognitive and cognitive behavioural therapies group + AD,Waitlist,NA,NA,NA,NA,NA,NA,NA,NA,NA,NA,NA,-2.0041102609206654,0.5556974210171675,-3.0932571924161048,-0.9149633294252262,-3.6064775273786114,3.103817253506304e-4,-2.0041102609206654,0.5556974210171675,-3.0932571924161048,-0.9149633294252262,-3.6064775273786114,3.103817253506304e-4,NA,NA,NA,NA,NA,NA,NA,no data
Cognitive and cognitive behavioural therapies group + AD:Yoga group,Cognitive and cognitive behavioural therapies group + AD,Yoga group,NA,NA,NA,NA,NA,NA,NA,NA,NA,NA,NA,-0.4459391774051369,0.7102431338161911,-1.8379901399517333,0.9461117851414595,-0.6278683399712311,0.530090192660675,-0.4459391774051369,0.7102431338161911,-1.8379901399517333,0.9461117851414595,-0.6278683399712311,0.530090192660675,NA,NA,NA,NA,NA,NA,NA,no data
Cognitive and cognitive behavioural therapies group + AD:Yoga group + AD,Cognitive and cognitive behavioural therapies group + AD,Yoga group + AD,NA,NA,NA,NA,NA,NA,NA,NA,NA,NA,NA,0.5276013317884098,0.829764442360858,-1.098707090890833,2.1539097544676524,0.6358447106835173,0.5248776423941472,0.5276013317884098,0.829764442360858,-1.098707090890833,2.1539097544676524,0.6358447106835173,0.5248776423941472,NA,NA,NA,NA,NA,NA,NA,no data
Cognitive and cognitive behavioural therapies individual:Cognitive and cognitive behavioural therapies individual + AD,Cognitive and cognitive behavioural therapies individual,Cognitive and cognitive behavioural therapies individual + AD,0.18969704631977916,0.37741458298185554,-0.5500219435648611,0.9294160362044194,0.5026224604810752,0.6152297348543414,NA,0.34924471234119614,0,0,0,0.8328376795786716,0.41198456916239007,0.025362761834136327,1.6403125973232069,2.021526391806184,0.04322530315667783,0.4831563559351606,0.27829276845387857,-0.062287447392385786,1.028600159262707,1.736144128427951,0.08253835337863318,-0.6431406332588925,0.5587244872701465,-1.7382205055889872,0.45193923907120226,-1.1510872494620596,0.2496963430065834,-1.1510872494620596,no
Cognitive and cognitive behavioural therapies individual:Cognitive and cognitive behavioural therapies individual + placebo,Cognitive and cognitive behavioural therapies individual,Cognitive and cognitive behavioural therapies individual + placebo,0.6884178813050118,0.6663566505554243,-0.6176171546423616,1.994452917252385,1.0331072417919127,0.3015537147319904,NA,0,NA,NA,NA,0.26182797475681596,0.6092771469918047,-0.9323332899504375,1.4559892394640694,0.4297354267258243,0.6673881099329368,0.4560728802763405,0.44965172875873644,-0.4252283136769559,1.337374074229637,1.0142802776169229,0.3104490321495706,0.42658990654819584,0.9029118603639654,-1.3430848209792345,2.196264634075626,0.47246018717290594,0.6365983528126338,0.47246018717290594,no
Cognitive and cognitive behavioural therapies individual:Counselling individual,Cognitive and cognitive behavioural therapies individual,Counselling individual,-0.20845751988937677,0.4218736699126012,-1.0353147189438139,0.6183996791650604,-0.49412308649781944,0.6212192543195016,NA,1.2032121868373853,0.005447899047691215,0.0738098844850147,0.16889139676312945,-0.1461720611595842,0.41139457185518663,-0.9524906054310252,0.6601464831118569,-0.3553086772643117,0.7223583555131717,-0.17653161868703116,0.2945349295303719,-0.7538094727556028,0.4007462353815405,-0.5993571593308342,0.548934738756532,-0.062285458729792575,0.5892562151708192,-1.2172064181309825,1.0926355006713975,-0.10570182736509054,0.9158189304481408,-0.10570182736509054,no
Cognitive and cognitive behavioural therapies individual:Counselling individual + AD,Cognitive and cognitive behavioural therapies individual,Counselling individual + AD,NA,NA,NA,NA,NA,NA,NA,NA,NA,NA,NA,-0.660345731262848,0.6809878073696286,-1.9950573076182199,0.6743658450925238,-0.9696880386353578,0.3322020144512244,-0.660345731262848,0.6809878073696286,-1.9950573076182199,0.6743658450925238,-0.9696880386353578,0.3322020144512244,NA,NA,NA,NA,NA,NA,NA,no data
Cognitive and cognitive behavioural therapies individual:Counselling individual + placebo,Cognitive and cognitive behavioural therapies individual,Counselling individual + placebo,NA,NA,NA,NA,NA,NA,NA,NA,NA,NA,NA,-1.0041152386770626,0.9341067794002182,-2.8349308840161913,0.826700406662066,-1.0749469555523365,0.28239847767299014,-1.0041152386770626,0.9341067794002182,-2.8349308840161913,0.826700406662066,-1.0749469555523365,0.28239847767299014,NA,NA,NA,NA,NA,NA,NA,no data
Cognitive and cognitive behavioural therapies individual:Exercise group,Cognitive and cognitive behavioural therapies individual,Exercise group,NA,NA,NA,NA,NA,NA,NA,NA,NA,NA,NA,0.04522375130204548,0.3739745777826493,-0.68775295228552,0.778200454889611,0.12092734102457926,0.9037485860773972,0.04522375130204548,0.3739745777826493,-0.68775295228552,0.778200454889611,0.12092734102457926,0.9037485860773972,NA,NA,NA,NA,NA,NA,NA,no data
Cognitive and cognitive behavioural therapies individual:Exercise group + AD,Cognitive and cognitive behavioural therapies individual,Exercise group + AD,NA,NA,NA,NA,NA,NA,NA,NA,NA,NA,NA,2.5926607267178206,0.6532993647596756,1.3122175006659609,3.8731039527696804,3.9685645916272447,7.230685943547996e-5,2.5926607267178206,0.6532993647596756,1.3122175006659609,3.8731039527696804,3.9685645916272447,7.230685943547996e-5,NA,NA,NA,NA,NA,NA,NA,no data
Cognitive and cognitive behavioural therapies individual:Exercise individual,Cognitive and cognitive behavioural therapies individual,Exercise individual,NA,NA,NA,NA,NA,NA,NA,NA,NA,NA,NA,-0.0984008244572987,0.37020412725644913,-0.8239875808080218,0.6271859318934244,-0.26580153275583046,0.7903920627000074,-0.0984008244572987,0.37020412725644913,-0.8239875808080218,0.6271859318934244,-0.26580153275583046,0.7903920627000074,NA,NA,NA,NA,NA,NA,NA,no data
Cognitive and cognitive behavioural therapies individual:Exercise individual + AD,Cognitive and cognitive behavioural therapies individual,Exercise individual + AD,NA,NA,NA,NA,NA,NA,NA,NA,NA,NA,NA,0.5962528938568674,0.47016059948521693,-0.3252449480839187,1.5177507357976534,1.268189836642437,0.20473016561280968,0.5962528938568674,0.47016059948521693,-0.3252449480839187,1.5177507357976534,1.268189836642437,0.20473016561280968,NA,NA,NA,NA,NA,NA,NA,no data
Cognitive and cognitive behavioural therapies individual:Interpersonal psychotherapy (IPT) individual,Cognitive and cognitive behavioural therapies individual,Interpersonal psychotherapy (IPT) individual,-0.061031307549599526,0.43215302887699164,-0.9080356799584008,0.7859730648592018,-0.14122614784905632,0.8876912900926108,NA,1.7718029775167667,0.034470318811634246,0.1856618399446538,0.43560316091040274,-0.6014386348529688,0.48911312896378484,-1.5600827519876816,0.3572054822817441,-1.2296513817307504,0.21882768021697746,-0.2979498733197441,0.3238532453236519,-0.9326905704305164,0.3367908237910282,-0.9200150920889475,0.35756487257129743,0.5404073273033693,0.6526774803011837,-0.7388170276073011,1.8196316822140397,0.8279852509297451,0.40767885274481147,0.8279852509297451,no
Cognitive and cognitive behavioural therapies individual:Interpersonal psychotherapy (IPT) individual + AD,Cognitive and cognitive behavioural therapies individual,Interpersonal psychotherapy (IPT) individual + AD,NA,NA,NA,NA,NA,NA,NA,NA,NA,NA,NA,-0.0432054150596608,0.38634480675764726,-0.8004273219187361,0.7140164917994145,-0.11183123029983785,0.9109572246371161,-0.0432054150596608,0.38634480675764726,-0.8004273219187361,0.7140164917994145,-0.11183123029983785,0.9109572246371161,NA,NA,NA,NA,NA,NA,NA,no data
Cognitive and cognitive behavioural therapies individual:Interpersonal psychotherapy (IPT) individual + placebo,Cognitive and cognitive behavioural therapies individual,Interpersonal psychotherapy (IPT) individual + placebo,NA,NA,NA,NA,NA,NA,NA,NA,NA,NA,NA,-0.33916720994973026,0.4394156098215825,-1.2004059794447366,0.5220715595452761,-0.7718597208857545,0.44019751588197653,-0.33916720994973026,0.4394156098215825,-1.2004059794447366,0.5220715595452761,-0.7718597208857545,0.44019751588197653,NA,NA,NA,NA,NA,NA,NA,no data
Cognitive and cognitive behavioural therapies individual:Light therapy,Cognitive and cognitive behavioural therapies individual,Light therapy,NA,NA,NA,NA,NA,NA,NA,NA,NA,NA,NA,0.015976673815209175,0.5544127380666164,-1.0706523253655973,1.1026056729960156,0.02881729209708286,0.9770103095079641,0.015976673815209175,0.5544127380666164,-1.0706523253655973,1.1026056729960156,0.02881729209708286,0.9770103095079641,NA,NA,NA,NA,NA,NA,NA,no data
Cognitive and cognitive behavioural therapies individual:Light therapy + AD,Cognitive and cognitive behavioural therapies individual,Light therapy + AD,NA,NA,NA,NA,NA,NA,NA,NA,NA,NA,NA,0.35216298790164435,0.4473407505017122,-0.5246087718988295,1.2289347477021182,0.7872365473225459,0.4311434064552031,0.35216298790164435,0.4473407505017122,-0.5246087718988295,1.2289347477021182,0.7872365473225459,0.4311434064552031,NA,NA,NA,NA,NA,NA,NA,no data
Cognitive and cognitive behavioural therapies individual:Mindfulness or meditation group,Cognitive and cognitive behavioural therapies individual,Mindfulness or meditation group,NA,NA,NA,NA,NA,NA,NA,NA,NA,NA,NA,3.391842009189803,0.8935009058934461,1.640612413484737,5.143071604894869,3.796125988029267,1.4697482571891926e-4,3.391842009189803,0.8935009058934461,1.640612413484737,5.143071604894869,3.796125988029267,1.4697482571891926e-4,NA,NA,NA,NA,NA,NA,NA,no data
Cognitive and cognitive behavioural therapies individual:Mirtazapine,Cognitive and cognitive behavioural therapies individual,Mirtazapine,NA,NA,NA,NA,NA,NA,NA,NA,NA,NA,NA,-0.15863550259481807,0.20056356909310577,-0.551732874628116,0.23446186943847985,-0.790948741648969,0.42897390370411875,-0.15863550259481807,0.20056356909310577,-0.551732874628116,0.23446186943847985,-0.790948741648969,0.42897390370411875,NA,NA,NA,NA,NA,NA,NA,no data
Cognitive and cognitive behavioural therapies individual:Music therapy group,Cognitive and cognitive behavioural therapies individual,Music therapy group,NA,NA,NA,NA,NA,NA,NA,NA,NA,NA,NA,-0.07703299423653753,0.7459107792284652,-1.5389912572045363,1.3849252687314613,-0.10327373780040666,0.9177457183498597,-0.07703299423653753,0.7459107792284652,-1.5389912572045363,1.3849252687314613,-0.10327373780040666,0.9177457183498597,NA,NA,NA,NA,NA,NA,NA,no data
Cognitive and cognitive behavioural therapies individual:No treatment,Cognitive and cognitive behavioural therapies individual,No treatment,-0.8912051218285109,0.35961883514465365,-1.596045086874279,-0.1863651567827428,-2.4781936726702067,0.013204944594242974,NA,1.8874581353645017,0,0,0,-0.6390288915557083,0.2920188346353314,-1.2113752902483155,-0.06668249286310113,-2.188313957055947,0.028646740929745364,-0.7392351226766269,0.2266927964373924,-1.183544839248586,-0.29492540610466805,-3.26095550583932,0.0011103746254987825,-0.25217623027280256,0.46325015528607716,-1.160129850466101,0.6557773899204958,-0.5443629697589043,0.5861917225970441,-0.5443629697589043,no
Cognitive and cognitive behavioural therapies individual:Peer support group,Cognitive and cognitive behavioural therapies individual,Peer support group,NA,NA,NA,NA,NA,NA,NA,NA,NA,NA,NA,0.5031058566705462,0.6650707515777909,-0.8004088635929092,1.8066205769340016,0.7564696770636736,0.44936764615929,0.5031058566705462,0.6650707515777909,-0.8004088635929092,1.8066205769340016,0.7564696770636736,0.44936764615929,NA,NA,NA,NA,NA,NA,NA,no data
Cognitive and cognitive behavioural therapies individual:Peer support group + AD,Cognitive and cognitive behavioural therapies individual,Peer support group + AD,NA,NA,NA,NA,NA,NA,NA,NA,NA,NA,NA,0.6240445782810875,0.6642488658883794,-0.6778592756317123,1.9259484321938873,0.9394740590884986,0.34748740485542606,0.6240445782810875,0.6642488658883794,-0.6778592756317123,1.9259484321938873,0.9394740590884986,0.34748740485542606,NA,NA,NA,NA,NA,NA,NA,no data
Cognitive and cognitive behavioural therapies individual:Placebo,Cognitive and cognitive behavioural therapies individual,Placebo,-0.38098069292441883,0.6021401651681424,-1.561153730298977,0.7991923444501394,-0.6327109782122461,0.5269223994590255,NA,0,NA,NA,NA,-0.8923161125082361,0.17130744089650465,-1.228072526949109,-0.556559698067363,-5.2088578746986745,1.9000658182212555e-7,-0.8540281731460393,0.16476905681404472,-1.176969590268201,-0.5310867560238777,-5.183182993575545,2.181308298752186e-7,0.5113354195838172,0.6260343583344505,-0.7156693758363483,1.7383402150039826,0.8167849140807749,0.41405135491071715,0.8167849140807749,no
Cognitive and cognitive behavioural therapies individual:Problem solving group,Cognitive and cognitive behavioural therapies individual,Problem solving group,NA,NA,NA,NA,NA,NA,NA,NA,NA,NA,NA,2.1413022252487606,0.6071828458694183,0.9512457153141662,3.331358735183355,3.526618447500199,4.209028487469079e-4,2.1413022252487606,0.6071828458694183,0.9512457153141662,3.331358735183355,3.526618447500199,4.209028487469079e-4,NA,NA,NA,NA,NA,NA,NA,no data
Cognitive and cognitive behavioural therapies individual:Problem solving individual,Cognitive and cognitive behavioural therapies individual,Problem solving individual,NA,NA,NA,NA,NA,NA,NA,NA,NA,NA,NA,0.12251659149795868,0.33148668228758904,-0.5271853671403871,0.7722185501363045,0.36959732636156567,0.7116825435170758,0.12251659149795868,0.33148668228758904,-0.5271853671403871,0.7722185501363045,0.36959732636156567,0.7116825435170758,NA,NA,NA,NA,NA,NA,NA,no data
Cognitive and cognitive behavioural therapies individual:Psychoeducation group,Cognitive and cognitive behavioural therapies individual,Psychoeducation group,NA,NA,NA,NA,NA,NA,NA,NA,NA,NA,NA,0.4963275819540849,0.6637973785943098,-0.8046913731228609,1.7973465370310306,0.7477094636998006,0.4546354216150402,0.4963275819540849,0.6637973785943098,-0.8046913731228609,1.7973465370310306,0.7477094636998006,0.4546354216150402,NA,NA,NA,NA,NA,NA,NA,no data
Cognitive and cognitive behavioural therapies individual:Psychoeducation group + AD,Cognitive and cognitive behavioural therapies individual,Psychoeducation group + AD,NA,NA,NA,NA,NA,NA,NA,NA,NA,NA,NA,-0.39565284754325525,0.60901819294082,-1.5893065716369281,0.7980008765504176,-0.6496568610417554,0.5159138951256033,-0.39565284754325525,0.60901819294082,-1.5893065716369281,0.7980008765504176,-0.6496568610417554,0.5159138951256033,NA,NA,NA,NA,NA,NA,NA,no data
Cognitive and cognitive behavioural therapies individual:Relaxation individual + AD,Cognitive and cognitive behavioural therapies individual,Relaxation individual + AD,NA,NA,NA,NA,NA,NA,NA,NA,NA,NA,NA,-0.0657654989378953,0.6389103550677395,-1.3180067842203624,1.1864757863445718,-0.10293384418683058,0.9180154765800566,-0.0657654989378953,0.6389103550677395,-1.3180067842203624,1.1864757863445718,-0.10293384418683058,0.9180154765800566,NA,NA,NA,NA,NA,NA,NA,no data
Cognitive and cognitive behavioural therapies individual:Relaxation individual + placebo,Cognitive and cognitive behavioural therapies individual,Relaxation individual + placebo,NA,NA,NA,NA,NA,NA,NA,NA,NA,NA,NA,-0.6981930005423518,0.6307306502847564,-1.934402359046002,0.5380163579612984,-1.1069590485687324,0.2683116341534815,-0.6981930005423518,0.6307306502847564,-1.934402359046002,0.5380163579612984,-1.1069590485687324,0.2683116341534815,NA,NA,NA,NA,NA,NA,NA,no data
Cognitive and cognitive behavioural therapies individual:Self-help,Cognitive and cognitive behavioural therapies individual,Self-help,-0.3984157910689306,0.43805050874384016,-1.256979011616305,0.46014742947844395,-0.9095202108346669,0.3630755943505246,NA,10.132406411781979,0.5295783117341157,0.7277213146075328,0.9013067617543253,-0.08954135177794717,0.33685467730515933,-0.7497643873199212,0.5706816837640268,-0.2658159669750732,0.7903809456137703,-0.20431863786325488,0.2670306911600692,-0.7276891753038286,0.31905189957731883,-0.7651503914236505,0.4441819961579814,-0.30887443929098346,0.5525932698043835,-1.3919373462067999,0.774188467624833,-0.5589543994995164,0.5761928417042221,-0.5589543994995164,no
Cognitive and cognitive behavioural therapies individual:Self-help with support,Cognitive and cognitive behavioural therapies individual,Self-help with support,-0.0820248696794653,0.36539974883457016,-0.7981952173552043,0.6341454779962736,-0.22447981954306423,0.8223839679311351,NA,1.3111376723727564,0,0,0,-0.36330588882632686,0.35925485879201485,-1.0674324733296987,0.34082069567704487,-1.0112762011011722,0.31188425334549313,-0.22505040052910985,0.2561764607144279,-0.7271470372163285,0.27704623615810875,-0.8784975789792968,0.3796737509773692,0.28128101914686154,0.5124266093930305,-0.7230566799834521,1.2856187182771752,0.5489196189090161,0.5830606137491827,0.5489196189090161,no
Cognitive and cognitive behavioural therapies individual:Sham acupuncture,Cognitive and cognitive behavioural therapies individual,Sham acupuncture,NA,NA,NA,NA,NA,NA,NA,NA,NA,NA,NA,-0.7033748222356992,0.405039659441772,-1.497237967051941,0.09048832258054251,-1.7365579044903763,0.08246523526335972,-0.7033748222356992,0.405039659441772,-1.497237967051941,0.09048832258054251,-1.7365579044903763,0.08246523526335972,NA,NA,NA,NA,NA,NA,NA,no data
Cognitive and cognitive behavioural therapies individual:Short-term psychodynamic psychotherapies individual,Cognitive and cognitive behavioural therapies individual,Short-term psychodynamic psychotherapies individual,0.04866326454594967,0.4290423812637279,-0.7922443505722593,0.8895708796641587,0.11342297794127912,0.9096952234951453,NA,2.568265404887115,0.06345366283034837,0.25190010486371056,0.6106321417961265,-0.40716122449047915,0.5008507250327545,-1.3888106071854514,0.5744881582044932,-0.8129392734009754,0.4162528760320123,-0.1442578944291797,0.32583625911880515,-0.7828852271592984,0.49436943830093905,-0.442731250411824,0.6579601358372666,0.4558244890364288,0.6594913295004612,-0.8367547649009125,1.7484037429737702,0.6911758633456151,0.4894550300951677,0.6911758633456151,no
Cognitive and cognitive behavioural therapies individual:Short-term psychodynamic psychotherapies individual + AD,Cognitive and cognitive behavioural therapies individual,Short-term psychodynamic psychotherapies individual + AD,NA,NA,NA,NA,NA,NA,NA,NA,NA,NA,NA,-0.3520196667455835,0.6008461282672592,-1.529656438399745,0.8256171049085781,-0.585873238063046,0.5579607026739104,-0.3520196667455835,0.6008461282672592,-1.529656438399745,0.8256171049085781,-0.585873238063046,0.5579607026739104,NA,NA,NA,NA,NA,NA,NA,no data
Cognitive and cognitive behavioural therapies individual:SNRIs,Cognitive and cognitive behavioural therapies individual,SNRIs,0.3517872456636312,0.7059998731808542,-1.0319470788606884,1.735521570187951,0.49828230716057753,0.6182850765660018,NA,0,NA,NA,NA,-0.17386312880816585,0.17722428888609332,-0.5212163522106308,0.17349009459429915,-0.9810344276224588,0.3265757643641177,-0.1427032886375441,0.1718912400449716,-0.4796039283836175,0.19419735110852926,-0.8301952362447842,0.40642840818184106,0.5256503744717971,0.7279040249253769,-0.901015298583687,1.9523160475272812,0.7221424205281536,0.4702069197026688,0.7221424205281536,no
Cognitive and cognitive behavioural therapies individual:SSRIs,Cognitive and cognitive behavioural therapies individual,SSRIs,-0.4631980651543884,0.3974481782282763,-1.2421821802028663,0.3157860498940895,-1.1654300875631345,0.24384494426378303,NA,0.034906909855796184,0,0,0,-0.3066603832538392,0.17556432775471723,-0.6507601426230707,0.037439376115392276,-1.7467123713325048,0.08068724333396435,-0.3322178219117822,0.16059415147721803,-0.6469765749348994,-0.017459068888664997,-2.068679455981999,0.03857617629258813,-0.15653768190054917,0.43449728141490307,-1.0081367048543237,0.6950613410532253,-0.36027309858141726,0.7186429146938511,-0.36027309858141726,no
Cognitive and cognitive behavioural therapies individual:TAU,Cognitive and cognitive behavioural therapies individual,TAU,-0.29891201319611993,0.3679305119034948,-1.020042565340355,0.42221853894811534,-0.8124143106525564,0.4165539374119408,NA,2.169167095662963,0.005781957036157971,0.07603918092771628,0.07798712049486468,-0.751181856271575,0.3956397916381288,-1.5266215987332385,0.024257886190088507,-1.898650924775135,0.057610388012313656,-0.5086560539288332,0.2694300083191812,-1.0367291665887555,0.01941705873108901,-1.8878968126158095,0.05903980453979178,0.45226984307545504,0.5402811363697881,-0.606661725735703,1.511201411886613,0.8371009325150768,0.40253583628796713,0.8371009325150768,no
Cognitive and cognitive behavioural therapies individual:TCAs,Cognitive and cognitive behavioural therapies individual,TCAs,-0.21638625906104905,0.26084150641757387,-0.7276262173126671,0.29485369919056903,-0.8295698872197217,0.4067820080801289,NA,10.83796284897289,0.08324372305745135,0.288519883296544,0.5386586880140626,-0.23322279193423537,0.20780732644225175,-0.6405176674846067,0.174072083616136,-1.1223030290948206,0.26173361869471856,-0.22668572422277045,0.16253311547267768,-0.5452447768443085,0.09187332839876755,-1.3947048486920626,0.16310486215141567,0.016836532873186316,0.33349988964505795,-0.6368112396792096,0.6704843054255822,0.050484373146585874,0.9597364019475869,0.050484373146585874,no
Cognitive and cognitive behavioural therapies individual:Trazodone,Cognitive and cognitive behavioural therapies individual,Trazodone,NA,NA,NA,NA,NA,NA,NA,NA,NA,NA,NA,-0.45386667189719043,0.2342900770520692,-0.9130667848543601,0.005333441059979294,-1.9371997209951064,0.052720934362350716,-0.45386667189719043,0.2342900770520692,-0.9130667848543601,0.005333441059979294,-1.9371997209951064,0.052720934362350716,NA,NA,NA,NA,NA,NA,NA,no data
Cognitive and cognitive behavioural therapies individual:Waitlist,Cognitive and cognitive behavioural therapies individual,Waitlist,-1.8275178711323024,0.43320926494767975,-2.6765924281988243,-0.9784433140657802,-4.218556755366297,2.458710844063962e-5,NA,18.955196445679924,1.860233695233433,1.3639038438370328,0.8944880362632264,-1.4005707457198018,0.28216214445069016,-1.9535983866437427,-0.8475431047958609,-4.96370889314871,6.915958055165815e-7,-1.5277440028240088,0.23643326873947915,-1.9911446943004676,-1.06434331134755,-6.461628733422443,1.0358198191669893e-10,-0.42694712541250057,0.5169968500847187,-1.4402423316992026,0.5863480808742014,-0.8258215216253987,0.408905343740592,-0.8258215216253987,no
Cognitive and cognitive behavioural therapies individual:Yoga group,Cognitive and cognitive behavioural therapies individual,Yoga group,NA,NA,NA,NA,NA,NA,NA,NA,NA,NA,NA,0.03042708069151967,0.505514426509425,-0.960362988932373,1.0212171503154124,0.06019033106852861,0.9520040464433703,0.03042708069151967,0.505514426509425,-0.960362988932373,1.0212171503154124,0.06019033106852861,0.9520040464433703,NA,NA,NA,NA,NA,NA,NA,no data
Cognitive and cognitive behavioural therapies individual:Yoga group + AD,Cognitive and cognitive behavioural therapies individual,Yoga group + AD,NA,NA,NA,NA,NA,NA,NA,NA,NA,NA,NA,1.0039675898850664,0.7402291244461904,-0.4468548343370842,2.4547900141072168,1.356293013512802,0.17500595752059958,1.0039675898850664,0.7402291244461904,-0.4468548343370842,2.4547900141072168,1.356293013512802,0.17500595752059958,NA,NA,NA,NA,NA,NA,NA,no data
Cognitive and cognitive behavioural therapies individual + AD:Cognitive and cognitive behavioural therapies individual + placebo,Cognitive and cognitive behavioural therapies individual + AD,Cognitive and cognitive behavioural therapies individual + placebo,0.05223295164891278,0.45230184240313087,-0.834262369602335,0.9387282729001605,0.11548250913901477,0.9080626834028989,NA,3.0786939012277967,0.1717554380003607,0.4144338765115138,0.6751869357323261,-0.5307737128898207,1.139799734592243,-2.764740142278929,1.7031927164992877,-0.4656727816134314,0.6414497378458779,-0.027083475658820078,0.4204103155816023,-0.8510725529278788,0.7969056016102386,-0.064421529765159,0.948634587358501,0.5830066645387334,1.2262627742934278,-1.8204242086585536,2.9864375377360206,0.47543371352413566,0.6344778694202315,0.47543371352413566,no
Cognitive and cognitive behavioural therapies individual + AD:Counselling individual,Cognitive and cognitive behavioural therapies individual + AD,Counselling individual,NA,NA,NA,NA,NA,NA,NA,NA,NA,NA,NA,-0.6596879746221918,0.38965512867783764,-1.4233979932220737,0.10402204397769022,-1.6930047266684745,0.09045456751269544,-0.6596879746221918,0.38965512867783764,-1.4233979932220737,0.10402204397769022,-1.6930047266684745,0.09045456751269544,NA,NA,NA,NA,NA,NA,NA,no data
Cognitive and cognitive behavioural therapies individual + AD:Counselling individual + AD,Cognitive and cognitive behavioural therapies individual + AD,Counselling individual + AD,NA,NA,NA,NA,NA,NA,NA,NA,NA,NA,NA,-1.1435020871980086,0.7178890604985887,-2.5505387906705383,0.2635346162745209,-1.5928674082368979,0.11118993912970103,-1.1435020871980086,0.7178890604985887,-2.5505387906705383,0.2635346162745209,-1.5928674082368979,0.11118993912970103,NA,NA,NA,NA,NA,NA,NA,no data
Cognitive and cognitive behavioural therapies individual + AD:Counselling individual + placebo,Cognitive and cognitive behavioural therapies individual + AD,Counselling individual + placebo,NA,NA,NA,NA,NA,NA,NA,NA,NA,NA,NA,-1.4872715946122232,0.961340618469281,-3.371464583687475,0.3969213944630281,-1.5470807807750484,0.12184376774445117,-1.4872715946122232,0.961340618469281,-3.371464583687475,0.3969213944630281,-1.5470807807750484,0.12184376774445117,NA,NA,NA,NA,NA,NA,NA,no data
Cognitive and cognitive behavioural therapies individual + AD:Exercise group,Cognitive and cognitive behavioural therapies individual + AD,Exercise group,NA,NA,NA,NA,NA,NA,NA,NA,NA,NA,NA,-0.4379326046331151,0.44065644488882866,-1.3016033661706783,0.42573815690444805,-0.9938186760064278,0.32031115209725797,-0.4379326046331151,0.44065644488882866,-1.3016033661706783,0.42573815690444805,-0.9938186760064278,0.32031115209725797,NA,NA,NA,NA,NA,NA,NA,no data
Cognitive and cognitive behavioural therapies individual + AD:Exercise group + AD,Cognitive and cognitive behavioural therapies individual + AD,Exercise group + AD,NA,NA,NA,NA,NA,NA,NA,NA,NA,NA,NA,2.10950437078266,0.6893427354537525,0.7584174362889833,3.4605913052763366,3.060167696398659,0.002212130911511349,2.10950437078266,0.6893427354537525,0.7584174362889833,3.4605913052763366,3.060167696398659,0.002212130911511349,NA,NA,NA,NA,NA,NA,NA,no data
Cognitive and cognitive behavioural therapies individual + AD:Exercise individual,Cognitive and cognitive behavioural therapies individual + AD,Exercise individual,NA,NA,NA,NA,NA,NA,NA,NA,NA,NA,NA,-0.5815571803924593,0.4380755706800698,-1.4401695214322268,0.2770551606473082,-1.32752707367281,0.18433439019656606,-0.5815571803924593,0.4380755706800698,-1.4401695214322268,0.2770551606473082,-1.32752707367281,0.18433439019656606,NA,NA,NA,NA,NA,NA,NA,no data
Cognitive and cognitive behavioural therapies individual + AD:Exercise individual + AD,Cognitive and cognitive behavioural therapies individual + AD,Exercise individual + AD,NA,NA,NA,NA,NA,NA,NA,NA,NA,NA,NA,0.11309653792170682,0.5256351753636699,-0.9171294747984815,1.1433225506418951,0.21516166197107908,0.8296412801975539,0.11309653792170682,0.5256351753636699,-0.9171294747984815,1.1433225506418951,0.21516166197107908,0.8296412801975539,NA,NA,NA,NA,NA,NA,NA,no data
Cognitive and cognitive behavioural therapies individual + AD:Interpersonal psychotherapy (IPT) individual,Cognitive and cognitive behavioural therapies individual + AD,Interpersonal psychotherapy (IPT) individual,NA,NA,NA,NA,NA,NA,NA,NA,NA,NA,NA,-0.7811062292549047,0.40489189691405475,-1.5746797648385562,0.012467306328746708,-1.9291722931681883,0.05370947659223891,-0.7811062292549047,0.40489189691405475,-1.5746797648385562,0.012467306328746708,-1.9291722931681883,0.05370947659223891,NA,NA,NA,NA,NA,NA,NA,no data
Cognitive and cognitive behavioural therapies individual + AD:Interpersonal psychotherapy (IPT) individual + AD,Cognitive and cognitive behavioural therapies individual + AD,Interpersonal psychotherapy (IPT) individual + AD,NA,NA,NA,NA,NA,NA,NA,NA,NA,NA,NA,-0.5263617709948214,0.45051705247895124,-1.4093589682747072,0.3566354262850643,-1.1683503834062168,0.24266545998354824,-0.5263617709948214,0.45051705247895124,-1.4093589682747072,0.3566354262850643,-1.1683503834062168,0.24266545998354824,NA,NA,NA,NA,NA,NA,NA,no data
Cognitive and cognitive behavioural therapies individual + AD:Interpersonal psychotherapy (IPT) individual + placebo,Cognitive and cognitive behavioural therapies individual + AD,Interpersonal psychotherapy (IPT) individual + placebo,NA,NA,NA,NA,NA,NA,NA,NA,NA,NA,NA,-0.8223235658848909,0.4962250786555902,-1.794906848275403,0.1502597165056212,-1.6571584171295632,0.09748745112891441,-0.8223235658848909,0.4962250786555902,-1.794906848275403,0.1502597165056212,-1.6571584171295632,0.09748745112891441,NA,NA,NA,NA,NA,NA,NA,no data
Cognitive and cognitive behavioural therapies individual + AD:Light therapy,Cognitive and cognitive behavioural therapies individual + AD,Light therapy,NA,NA,NA,NA,NA,NA,NA,NA,NA,NA,NA,-0.4671796821199514,0.5966380178722523,-1.6365687089569307,0.7022093447170279,-0.7830203039793224,0.4336151890024834,-0.4671796821199514,0.5966380178722523,-1.6365687089569307,0.7022093447170279,-0.7830203039793224,0.4336151890024834,NA,NA,NA,NA,NA,NA,NA,no data
Cognitive and cognitive behavioural therapies individual + AD:Light therapy + AD,Cognitive and cognitive behavioural therapies individual + AD,Light therapy + AD,NA,NA,NA,NA,NA,NA,NA,NA,NA,NA,NA,-0.13099336803351624,0.49880310977864445,-1.1086294985762382,0.8466427625092056,-0.26261537962673814,0.7928470448078908,-0.13099336803351624,0.49880310977864445,-1.1086294985762382,0.8466427625092056,-0.26261537962673814,0.7928470448078908,NA,NA,NA,NA,NA,NA,NA,no data
Cognitive and cognitive behavioural therapies individual + AD:Mindfulness or meditation group,Cognitive and cognitive behavioural therapies individual + AD,Mindfulness or meditation group,NA,NA,NA,NA,NA,NA,NA,NA,NA,NA,NA,2.9086856532546417,0.9283552262397989,1.0891428449651024,4.728228461544181,3.1331602074735487,0.001729350221571476,2.9086856532546417,0.9283552262397989,1.0891428449651024,4.728228461544181,3.1331602074735487,0.001729350221571476,NA,NA,NA,NA,NA,NA,NA,no data
Cognitive and cognitive behavioural therapies individual + AD:Mirtazapine,Cognitive and cognitive behavioural therapies individual + AD,Mirtazapine,NA,NA,NA,NA,NA,NA,NA,NA,NA,NA,NA,-0.6417918585299787,0.2978804083561564,-1.2256267306081292,-0.05795698645182801,-2.154528597807713,0.031198741753612768,-0.6417918585299787,0.2978804083561564,-1.2256267306081292,-0.05795698645182801,-2.154528597807713,0.031198741753612768,NA,NA,NA,NA,NA,NA,NA,no data
Cognitive and cognitive behavioural therapies individual + AD:Music therapy group,Cognitive and cognitive behavioural therapies individual + AD,Music therapy group,NA,NA,NA,NA,NA,NA,NA,NA,NA,NA,NA,-0.5601893501716981,0.7873261381559458,-2.1033202250443583,0.9829415247009621,-0.7115086404774502,0.47676909840757975,-0.5601893501716981,0.7873261381559458,-2.1033202250443583,0.9829415247009621,-0.7115086404774502,0.47676909840757975,NA,NA,NA,NA,NA,NA,NA,no data
Cognitive and cognitive behavioural therapies individual + AD:No treatment,Cognitive and cognitive behavioural therapies individual + AD,No treatment,NA,NA,NA,NA,NA,NA,NA,NA,NA,NA,NA,-1.2223914786117875,0.33895306638374656,-1.8867272811733447,-0.5580556760502303,-3.60637386070393,3.1050568938637474e-4,-1.2223914786117875,0.33895306638374656,-1.8867272811733447,-0.5580556760502303,-3.60637386070393,3.1050568938637474e-4,NA,NA,NA,NA,NA,NA,NA,no data
Cognitive and cognitive behavioural therapies individual + AD:Peer support group,Cognitive and cognitive behavioural therapies individual + AD,Peer support group,NA,NA,NA,NA,NA,NA,NA,NA,NA,NA,NA,0.019949500735385595,0.7049776252259624,-1.3617812546140764,1.4016802560848476,0.028298062266857472,0.9774244260694236,0.019949500735385595,0.7049776252259624,-1.3617812546140764,1.4016802560848476,0.028298062266857472,0.9774244260694236,NA,NA,NA,NA,NA,NA,NA,no data
Cognitive and cognitive behavioural therapies individual + AD:Peer support group + AD,Cognitive and cognitive behavioural therapies individual + AD,Peer support group + AD,NA,NA,NA,NA,NA,NA,NA,NA,NA,NA,NA,0.1408882223459269,0.7042023170218825,-1.23932295684662,1.5210994015384738,0.2000678199153794,0.8414275405167261,0.1408882223459269,0.7042023170218825,-1.23932295684662,1.5210994015384738,0.2000678199153794,0.8414275405167261,NA,NA,NA,NA,NA,NA,NA,no data
Cognitive and cognitive behavioural therapies individual + AD:Placebo,Cognitive and cognitive behavioural therapies individual + AD,Placebo,NA,NA,NA,NA,NA,NA,NA,NA,NA,NA,NA,-1.3371845290812,0.2754556849908316,-1.8770677510000402,-0.7973013071623597,-4.854445204591466,1.2072424435435501e-6,-1.3371845290812,0.2754556849908316,-1.8770677510000402,-0.7973013071623597,-4.854445204591466,1.2072424435435501e-6,NA,NA,NA,NA,NA,NA,NA,no data
Cognitive and cognitive behavioural therapies individual + AD:Problem solving group,Cognitive and cognitive behavioural therapies individual + AD,Problem solving group,NA,NA,NA,NA,NA,NA,NA,NA,NA,NA,NA,1.6581458693136,0.6589842530175509,0.3665604670201701,2.94973127160703,2.5162147072874563,0.011862289386534051,1.6581458693136,0.6589842530175509,0.3665604670201701,2.94973127160703,2.5162147072874563,0.011862289386534051,NA,NA,NA,NA,NA,NA,NA,no data
Cognitive and cognitive behavioural therapies individual + AD:Problem solving individual,Cognitive and cognitive behavioural therapies individual + AD,Problem solving individual,NA,NA,NA,NA,NA,NA,NA,NA,NA,NA,NA,-0.3606397644372019,0.4132990374701688,-1.1706909927238027,0.449411463849399,-0.872587961115763,0.3828877048224331,-0.3606397644372019,0.4132990374701688,-1.1706909927238027,0.449411463849399,-0.872587961115763,0.3828877048224331,NA,NA,NA,NA,NA,NA,NA,no data
Cognitive and cognitive behavioural therapies individual + AD:Psychoeducation group,Cognitive and cognitive behavioural therapies individual + AD,Psychoeducation group,NA,NA,NA,NA,NA,NA,NA,NA,NA,NA,NA,0.013171226018924287,0.7100186737565547,-1.378439802894817,1.4047822549326656,0.01855053466303666,0.9851996636569794,0.013171226018924287,0.7100186737565547,-1.378439802894817,1.4047822549326656,0.01855053466303666,0.9851996636569794,NA,NA,NA,NA,NA,NA,NA,no data
Cognitive and cognitive behavioural therapies individual + AD:Psychoeducation group + AD,Cognitive and cognitive behavioural therapies individual + AD,Psychoeducation group + AD,NA,NA,NA,NA,NA,NA,NA,NA,NA,NA,NA,-0.8788092034784158,0.6519869305072253,-2.156680105663396,0.3990616987065645,-1.3478938953496045,0.17769251182990647,-0.8788092034784158,0.6519869305072253,-2.156680105663396,0.3990616987065645,-1.3478938953496045,0.17769251182990647,NA,NA,NA,NA,NA,NA,NA,no data
Cognitive and cognitive behavioural therapies individual + AD:Relaxation individual + AD,Cognitive and cognitive behavioural therapies individual + AD,Relaxation individual + AD,NA,NA,NA,NA,NA,NA,NA,NA,NA,NA,NA,-0.5489218548730559,0.676149458357969,-1.87415044142094,0.7763067316748282,-0.8118350877720353,0.416886265508314,-0.5489218548730559,0.676149458357969,-1.87415044142094,0.7763067316748282,-0.8118350877720353,0.416886265508314,NA,NA,NA,NA,NA,NA,NA,no data
Cognitive and cognitive behavioural therapies individual + AD:Relaxation individual + placebo,Cognitive and cognitive behavioural therapies individual + AD,Relaxation individual + placebo,NA,NA,NA,NA,NA,NA,NA,NA,NA,NA,NA,-1.1813493564775124,0.6684207788333444,-2.49143000950908,0.12873129655405524,-1.7673737769484499,0.07716565159337174,-1.1813493564775124,0.6684207788333444,-2.49143000950908,0.12873129655405524,-1.7673737769484499,0.07716565159337174,NA,NA,NA,NA,NA,NA,NA,no data
Cognitive and cognitive behavioural therapies individual + AD:Self-help,Cognitive and cognitive behavioural therapies individual + AD,Self-help,NA,NA,NA,NA,NA,NA,NA,NA,NA,NA,NA,-0.6874749937984155,0.37182762814467896,-1.4162437534189378,0.041293765822106865,-1.8489077781248613,0.06447113037534652,-0.6874749937984155,0.37182762814467896,-1.4162437534189378,0.041293765822106865,-1.8489077781248613,0.06447113037534652,NA,NA,NA,NA,NA,NA,NA,no data
Cognitive and cognitive behavioural therapies individual + AD:Self-help with support,Cognitive and cognitive behavioural therapies individual + AD,Self-help with support,NA,NA,NA,NA,NA,NA,NA,NA,NA,NA,NA,-0.7082067564642704,0.36677113239907544,-1.42706496653543,0.010651453606889016,-1.9309228396243752,0.053492595233548594,-0.7082067564642704,0.36677113239907544,-1.42706496653543,0.010651453606889016,-1.9309228396243752,0.053492595233548594,NA,NA,NA,NA,NA,NA,NA,no data
Cognitive and cognitive behavioural therapies individual + AD:Sham acupuncture,Cognitive and cognitive behavioural therapies individual + AD,Sham acupuncture,NA,NA,NA,NA,NA,NA,NA,NA,NA,NA,NA,-1.1865311781708598,0.4675184769396023,-2.1028505550795,-0.2702118012622198,-2.537934299277214,0.01115089161483813,-1.1865311781708598,0.4675184769396023,-2.1028505550795,-0.2702118012622198,-2.537934299277214,0.01115089161483813,NA,NA,NA,NA,NA,NA,NA,no data
Cognitive and cognitive behavioural therapies individual + AD:Short-term psychodynamic psychotherapies individual,Cognitive and cognitive behavioural therapies individual + AD,Short-term psychodynamic psychotherapies individual,NA,NA,NA,NA,NA,NA,NA,NA,NA,NA,NA,-0.6274142503643403,0.41673350123988395,-1.4441969039457905,0.18936840321711002,-1.5055527057403104,0.13218203712812082,-0.6274142503643403,0.41673350123988395,-1.4441969039457905,0.18936840321711002,-1.5055527057403104,0.13218203712812082,NA,NA,NA,NA,NA,NA,NA,no data
Cognitive and cognitive behavioural therapies individual + AD:Short-term psychodynamic psychotherapies individual + AD,Cognitive and cognitive behavioural therapies individual + AD,Short-term psychodynamic psychotherapies individual + AD,NA,NA,NA,NA,NA,NA,NA,NA,NA,NA,NA,-0.8351760226807441,0.6435846704316676,-2.0965787977288928,0.42622675236740437,-1.2976940891407056,0.19439247561543485,-0.8351760226807441,0.6435846704316676,-2.0965787977288928,0.42622675236740437,-1.2976940891407056,0.19439247561543485,NA,NA,NA,NA,NA,NA,NA,no data
Cognitive and cognitive behavioural therapies individual + AD:SNRIs,Cognitive and cognitive behavioural therapies individual + AD,SNRIs,NA,NA,NA,NA,NA,NA,NA,NA,NA,NA,NA,-0.6258596445727047,0.28003012752242185,-1.1747086091028098,-0.07701068004259948,-2.234972537098147,0.0254191517644591,-0.6258596445727047,0.28003012752242185,-1.1747086091028098,-0.07701068004259948,-2.234972537098147,0.0254191517644591,NA,NA,NA,NA,NA,NA,NA,no data
Cognitive and cognitive behavioural therapies individual + AD:SSRIs,Cognitive and cognitive behavioural therapies individual + AD,SSRIs,-0.33741906025309626,0.43671352568311633,-1.193361842153512,0.5185237216473195,-0.7726324934069728,0.4397399086074144,NA,1.2211477947518317,0.011638292396077988,0.10788091766423749,0.18109830415471923,-1.119631082951604,0.34843623031036364,-1.8025535452688202,-0.436708620634388,-3.213302709521084,0.0013121791258866615,-0.8153741778469428,0.27236708394399295,-1.3492038529513666,-0.2815445027425191,-2.993659020906538,0.0027565381909377884,0.7822120226985079,0.5586828349855352,-0.31278621265387496,1.8772102580508907,1.400100331915084,0.16148327569088064,1.400100331915084,no
Cognitive and cognitive behavioural therapies individual + AD:TAU,Cognitive and cognitive behavioural therapies individual + AD,TAU,-0.3602288179721996,0.6446879963818836,-1.6237940721459796,0.9033364362015806,-0.5587645806868979,0.5763223981525862,NA,0,NA,NA,NA,-1.2607041860098467,0.420651967497314,-2.0851668923304953,-0.436241479689198,-2.997024341786531,0.0027262894333873067,-0.9918124098639938,0.35229171129741926,-1.6822914760589178,-0.3013333436690697,-2.815315768319808,0.004872932766101618,0.9004753680376472,0.7697861329215075,-0.6082777282868701,2.4092284643621644,1.1697734338499257,0.24209215728238806,1.1697734338499257,no
Cognitive and cognitive behavioural therapies individual + AD:TCAs,Cognitive and cognitive behavioural therapies individual + AD,TCAs,-0.28123046352114583,0.4556905700158664,-1.1743675688467716,0.6119066418044798,-0.6171522564343472,0.5371343035174796,NA,0.47298779420177517,0,0,0,-0.9506973109750687,0.34159862508277944,-1.6202183133057169,-0.28117630864442045,-2.7830829551632026,0.005384503694207386,-0.709842080157931,0.2733276359749876,-1.2455544026483811,-0.17412975766748107,-2.597037352720854,0.009403169796065964,0.6694668474539229,0.5695116471678437,-0.44675546977113334,1.7856891646789792,1.1755103706537908,0.23979059060231606,1.1755103706537908,no
Cognitive and cognitive behavioural therapies individual + AD:Trazodone,Cognitive and cognitive behavioural therapies individual + AD,Trazodone,NA,NA,NA,NA,NA,NA,NA,NA,NA,NA,NA,-0.937023027832351,0.321571700182475,-1.5672919786373143,-0.3067540770273879,-2.91388523088518,0.003569611128251911,-0.937023027832351,0.321571700182475,-1.5672919786373143,-0.3067540770273879,-2.91388523088518,0.003569611128251911,NA,NA,NA,NA,NA,NA,NA,no data
Cognitive and cognitive behavioural therapies individual + AD:Waitlist,Cognitive and cognitive behavioural therapies individual + AD,Waitlist,NA,NA,NA,NA,NA,NA,NA,NA,NA,NA,NA,-2.0109003587591694,0.3485540531594039,-2.6940537496170602,-1.3277469679012786,-5.769264022414125,7.961848157493349e-9,-2.0109003587591694,0.3485540531594039,-2.6940537496170602,-1.3277469679012786,-5.769264022414125,7.961848157493349e-9,NA,NA,NA,NA,NA,NA,NA,no data
Cognitive and cognitive behavioural therapies individual + AD:Yoga group,Cognitive and cognitive behavioural therapies individual + AD,Yoga group,NA,NA,NA,NA,NA,NA,NA,NA,NA,NA,NA,-0.4527292752436409,0.5590362616760618,-1.5484202141806311,0.6429616636933493,-0.8098388356531667,0.4180328090301583,-0.4527292752436409,0.5590362616760618,-1.5484202141806311,0.6429616636933493,-0.8098388356531667,0.4180328090301583,NA,NA,NA,NA,NA,NA,NA,no data
Cognitive and cognitive behavioural therapies individual + AD:Yoga group + AD,Cognitive and cognitive behavioural therapies individual + AD,Yoga group + AD,NA,NA,NA,NA,NA,NA,NA,NA,NA,NA,NA,0.5208112339499058,0.7762818458159145,-1.0006732257015616,2.042295693601373,0.6709048224649706,0.5022811640246906,0.5208112339499058,0.7762818458159145,-1.0006732257015616,2.042295693601373,0.6709048224649706,0.5022811640246906,NA,NA,NA,NA,NA,NA,NA,no data
Cognitive and cognitive behavioural therapies individual + placebo:Counselling individual,Cognitive and cognitive behavioural therapies individual + placebo,Counselling individual,NA,NA,NA,NA,NA,NA,NA,NA,NA,NA,NA,-0.6326044989633717,0.527357327167954,-1.6662058671958675,0.40099686926912415,-1.1995746837549832,0.23030456356557627,-0.6326044989633717,0.527357327167954,-1.6662058671958675,0.40099686926912415,-1.1995746837549832,0.23030456356557627,NA,NA,NA,NA,NA,NA,NA,no data
Cognitive and cognitive behavioural therapies individual + placebo:Counselling individual + AD,Cognitive and cognitive behavioural therapies individual + placebo,Counselling individual + AD,NA,NA,NA,NA,NA,NA,NA,NA,NA,NA,NA,-1.1164186115391885,0.8021241453499882,-2.6885530475551365,0.4557158244767594,-1.3918277089789701,0.16397457703208157,-1.1164186115391885,0.8021241453499882,-2.6885530475551365,0.4557158244767594,-1.3918277089789701,0.16397457703208157,NA,NA,NA,NA,NA,NA,NA,no data
Cognitive and cognitive behavioural therapies individual + placebo:Counselling individual + placebo,Cognitive and cognitive behavioural therapies individual + placebo,Counselling individual + placebo,NA,NA,NA,NA,NA,NA,NA,NA,NA,NA,NA,-1.4601881189534032,1.0257749392965314,-3.4706700562183643,0.550293818311558,-1.4234975558622918,0.15459197014065135,-1.4601881189534032,1.0257749392965314,-3.4706700562183643,0.550293818311558,-1.4234975558622918,0.15459197014065135,NA,NA,NA,NA,NA,NA,NA,no data
Cognitive and cognitive behavioural therapies individual + placebo:Exercise group,Cognitive and cognitive behavioural therapies individual + placebo,Exercise group,NA,NA,NA,NA,NA,NA,NA,NA,NA,NA,NA,-0.41084912897429504,0.5672839977200382,-1.522705333511472,0.7010070755628819,-0.7242388832146368,0.46891909091503453,-0.41084912897429504,0.5672839977200382,-1.522705333511472,0.7010070755628819,-0.7242388832146368,0.46891909091503453,NA,NA,NA,NA,NA,NA,NA,no data
Cognitive and cognitive behavioural therapies individual + placebo:Exercise group + AD,Cognitive and cognitive behavioural therapies individual + placebo,Exercise group + AD,NA,NA,NA,NA,NA,NA,NA,NA,NA,NA,NA,2.13658784644148,0.7760188112360784,0.6156189250931801,3.65755676778978,2.753268110908581,0.005900355326891247,2.13658784644148,0.7760188112360784,0.6156189250931801,3.65755676778978,2.753268110908581,0.005900355326891247,NA,NA,NA,NA,NA,NA,NA,no data
Cognitive and cognitive behavioural therapies individual + placebo:Exercise individual,Cognitive and cognitive behavioural therapies individual + placebo,Exercise individual,NA,NA,NA,NA,NA,NA,NA,NA,NA,NA,NA,-0.5544737047336392,0.5646412169707477,-1.6611501541831708,0.5522027447158924,-0.9819929683991965,0.3261033123520177,-0.5544737047336392,0.5646412169707477,-1.6611501541831708,0.5522027447158924,-0.9819929683991965,0.3261033123520177,NA,NA,NA,NA,NA,NA,NA,no data
Cognitive and cognitive behavioural therapies individual + placebo:Exercise individual + AD,Cognitive and cognitive behavioural therapies individual + placebo,Exercise individual + AD,NA,NA,NA,NA,NA,NA,NA,NA,NA,NA,NA,0.1401800135805269,0.6356963097111512,-1.105761858558349,1.3861218857194029,0.22051412197787043,0.8254707753030961,0.1401800135805269,0.6356963097111512,-1.105761858558349,1.3861218857194029,0.22051412197787043,0.8254707753030961,NA,NA,NA,NA,NA,NA,NA,no data
Cognitive and cognitive behavioural therapies individual + placebo:Interpersonal psychotherapy (IPT) individual,Cognitive and cognitive behavioural therapies individual + placebo,Interpersonal psychotherapy (IPT) individual,NA,NA,NA,NA,NA,NA,NA,NA,NA,NA,NA,-0.7540227535960846,0.539516260365231,-1.811455192985672,0.3034096857935027,-1.3975904138378354,0.162236098662668,-0.7540227535960846,0.539516260365231,-1.811455192985672,0.3034096857935027,-1.3975904138378354,0.162236098662668,NA,NA,NA,NA,NA,NA,NA,no data
Cognitive and cognitive behavioural therapies individual + placebo:Interpersonal psychotherapy (IPT) individual + AD,Cognitive and cognitive behavioural therapies individual + placebo,Interpersonal psychotherapy (IPT) individual + AD,NA,NA,NA,NA,NA,NA,NA,NA,NA,NA,NA,-0.4992782953360013,0.5755141882181231,-1.6272653768353282,0.6287087861633256,-0.8675342946484789,0.385649329667885,-0.4992782953360013,0.5755141882181231,-1.6272653768353282,0.6287087861633256,-0.8675342946484789,0.385649329667885,NA,NA,NA,NA,NA,NA,NA,no data
Cognitive and cognitive behavioural therapies individual + placebo:Interpersonal psychotherapy (IPT) individual + placebo,Cognitive and cognitive behavioural therapies individual + placebo,Interpersonal psychotherapy (IPT) individual + placebo,NA,NA,NA,NA,NA,NA,NA,NA,NA,NA,NA,-0.7952400902260708,0.611341483770541,-1.9934473806716089,0.4029672002194673,-1.3008115943994303,0.1933229523124529,-0.7952400902260708,0.611341483770541,-1.9934473806716089,0.4029672002194673,-1.3008115943994303,0.1933229523124529,NA,NA,NA,NA,NA,NA,NA,no data
Cognitive and cognitive behavioural therapies individual + placebo:Light therapy,Cognitive and cognitive behavioural therapies individual + placebo,Light therapy,NA,NA,NA,NA,NA,NA,NA,NA,NA,NA,NA,-0.44009620646113135,0.6948771430857236,-1.802030380589235,0.9218379676669723,-0.6333439095532876,0.5265090849958465,-0.44009620646113135,0.6948771430857236,-1.802030380589235,0.9218379676669723,-0.6333439095532876,0.5265090849958465,NA,NA,NA,NA,NA,NA,NA,no data
Cognitive and cognitive behavioural therapies individual + placebo:Light therapy + AD,Cognitive and cognitive behavioural therapies individual + placebo,Light therapy + AD,NA,NA,NA,NA,NA,NA,NA,NA,NA,NA,NA,-0.10390989237469617,0.6129068742202797,-1.305185291723465,1.0973655069740726,-0.16953618362803807,0.8653749138512795,-0.10390989237469617,0.6129068742202797,-1.305185291723465,1.0973655069740726,-0.16953618362803807,0.8653749138512795,NA,NA,NA,NA,NA,NA,NA,no data
Cognitive and cognitive behavioural therapies individual + placebo:Mindfulness or meditation group,Cognitive and cognitive behavioural therapies individual + placebo,Mindfulness or meditation group,NA,NA,NA,NA,NA,NA,NA,NA,NA,NA,NA,2.9357691289134618,0.9940001360919954,0.9875646615452389,4.883973596281685,2.9534896649569014,0.003142031293329035,2.9357691289134618,0.9940001360919954,0.9875646615452389,4.883973596281685,2.9534896649569014,0.003142031293329035,NA,NA,NA,NA,NA,NA,NA,no data
Cognitive and cognitive behavioural therapies individual + placebo:Mirtazapine,Cognitive and cognitive behavioural therapies individual + placebo,Mirtazapine,NA,NA,NA,NA,NA,NA,NA,NA,NA,NA,NA,-0.6147083828711586,0.46412323296244445,-1.5243732038658426,0.29495643812352557,-1.324450790682351,0.185353375843933,-0.6147083828711586,0.46412323296244445,-1.5243732038658426,0.29495643812352557,-1.324450790682351,0.185353375843933,NA,NA,NA,NA,NA,NA,NA,no data
Cognitive and cognitive behavioural therapies individual + placebo:Music therapy group,Cognitive and cognitive behavioural therapies individual + placebo,Music therapy group,NA,NA,NA,NA,NA,NA,NA,NA,NA,NA,NA,-0.533105874512878,0.8637565005762402,-2.226037507054659,1.1598257580289029,-0.617194630844718,0.5371063567435901,-0.533105874512878,0.8637565005762402,-2.226037507054659,1.1598257580289029,-0.617194630844718,0.5371063567435901,NA,NA,NA,NA,NA,NA,NA,no data
Cognitive and cognitive behavioural therapies individual + placebo:No treatment,Cognitive and cognitive behavioural therapies individual + placebo,No treatment,NA,NA,NA,NA,NA,NA,NA,NA,NA,NA,NA,-1.1953080029529675,0.49100104447455245,-2.157652366494639,-0.2329636394112956,-2.4344306726111613,0.01491523675790374,-1.1953080029529675,0.49100104447455245,-2.157652366494639,-0.2329636394112956,-2.4344306726111613,0.01491523675790374,NA,NA,NA,NA,NA,NA,NA,no data
Cognitive and cognitive behavioural therapies individual + placebo:Peer support group,Cognitive and cognitive behavioural therapies individual + placebo,Peer support group,NA,NA,NA,NA,NA,NA,NA,NA,NA,NA,NA,0.04703297639420567,0.7916295324842856,-1.5045323963732744,1.5985983491616857,0.05941286228497206,0.9526232685355711,0.04703297639420567,0.7916295324842856,-1.5045323963732744,1.5985983491616857,0.05941286228497206,0.9526232685355711,NA,NA,NA,NA,NA,NA,NA,no data
Cognitive and cognitive behavioural therapies individual + placebo:Peer support group + AD,Cognitive and cognitive behavioural therapies individual + placebo,Peer support group + AD,NA,NA,NA,NA,NA,NA,NA,NA,NA,NA,NA,0.16797169800474698,0.7909391682873209,-1.3822405858004665,1.7181839818099605,0.21236993278316021,0.8318184409348872,0.16797169800474698,0.7909391682873209,-1.3822405858004665,1.7181839818099605,0.21236993278316021,0.8318184409348872,NA,NA,NA,NA,NA,NA,NA,no data
Cognitive and cognitive behavioural therapies individual + placebo:Placebo,Cognitive and cognitive behavioural therapies individual + placebo,Placebo,NA,NA,NA,NA,NA,NA,NA,NA,NA,NA,NA,-1.3101010534223798,0.4501608121204199,-2.1924000324297044,-0.42780207441505513,-2.910295650239591,0.0036108700741360215,-1.3101010534223798,0.4501608121204199,-2.1924000324297044,-0.42780207441505513,-2.910295650239591,0.0036108700741360215,NA,NA,NA,NA,NA,NA,NA,no data
Cognitive and cognitive behavioural therapies individual + placebo:Problem solving group,Cognitive and cognitive behavioural therapies individual + placebo,Problem solving group,NA,NA,NA,NA,NA,NA,NA,NA,NA,NA,NA,1.68522934497242,0.7483653800651269,0.21846015276814246,3.1519985371766976,2.2518804181264533,0.024329829909874905,1.68522934497242,0.7483653800651269,0.21846015276814246,3.1519985371766976,2.2518804181264533,0.024329829909874905,NA,NA,NA,NA,NA,NA,NA,no data
Cognitive and cognitive behavioural therapies individual + placebo:Problem solving individual,Cognitive and cognitive behavioural therapies individual + placebo,Problem solving individual,NA,NA,NA,NA,NA,NA,NA,NA,NA,NA,NA,-0.33355628877838184,0.5449266342968493,-1.401592866216835,0.7344802886600714,-0.61211228775556,0.5404634682497722,-0.33355628877838184,0.5449266342968493,-1.401592866216835,0.7344802886600714,-0.61211228775556,0.5404634682497722,NA,NA,NA,NA,NA,NA,NA,no data
Cognitive and cognitive behavioural therapies individual + placebo:Psychoeducation group,Cognitive and cognitive behavioural therapies individual + placebo,Psychoeducation group,NA,NA,NA,NA,NA,NA,NA,NA,NA,NA,NA,0.040254701677744364,0.7939265466950793,-1.5158127362148683,1.596322139570357,0.05070330730886223,0.9595619411897717,0.040254701677744364,0.7939265466950793,-1.5158127362148683,1.596322139570357,0.05070330730886223,0.9595619411897717,NA,NA,NA,NA,NA,NA,NA,no data
Cognitive and cognitive behavioural therapies individual + placebo:Psychoeducation group + AD,Cognitive and cognitive behavioural therapies individual + placebo,Psychoeducation group + AD,NA,NA,NA,NA,NA,NA,NA,NA,NA,NA,NA,-0.8517257278195958,0.7443433036036751,-2.310611795016362,0.6071603393771701,-1.1442646473690807,0.2525138998978714,-0.8517257278195958,0.7443433036036751,-2.310611795016362,0.6071603393771701,-1.1442646473690807,0.2525138998978714,NA,NA,NA,NA,NA,NA,NA,no data
Cognitive and cognitive behavioural therapies individual + placebo:Relaxation individual + AD,Cognitive and cognitive behavioural therapies individual + placebo,Relaxation individual + AD,NA,NA,NA,NA,NA,NA,NA,NA,NA,NA,NA,-0.5218383792142358,0.7640611175726921,-2.019370651644136,0.9756938932156642,-0.6829798915458992,0.49461954900797284,-0.5218383792142358,0.7640611175726921,-2.019370651644136,0.9756938932156642,-0.6829798915458992,0.49461954900797284,NA,NA,NA,NA,NA,NA,NA,no data
Cognitive and cognitive behavioural therapies individual + placebo:Relaxation individual + placebo,Cognitive and cognitive behavioural therapies individual + placebo,Relaxation individual + placebo,NA,NA,NA,NA,NA,NA,NA,NA,NA,NA,NA,-1.1542658808186923,0.7572283972881728,-2.6384062675744984,0.32987450593711354,-1.5243298916844792,0.12742632369935677,-1.1542658808186923,0.7572283972881728,-2.6384062675744984,0.32987450593711354,-1.5243298916844792,0.12742632369935677,NA,NA,NA,NA,NA,NA,NA,no data
Cognitive and cognitive behavioural therapies individual + placebo:Self-help,Cognitive and cognitive behavioural therapies individual + placebo,Self-help,NA,NA,NA,NA,NA,NA,NA,NA,NA,NA,NA,-0.6603915181395954,0.5138372805995505,-1.6674940820287159,0.34671104574952505,-1.2852152676992297,0.19871706981842358,-0.6603915181395954,0.5138372805995505,-1.6674940820287159,0.34671104574952505,-1.2852152676992297,0.19871706981842358,NA,NA,NA,NA,NA,NA,NA,no data
Cognitive and cognitive behavioural therapies individual + placebo:Self-help with support,Cognitive and cognitive behavioural therapies individual + placebo,Self-help with support,NA,NA,NA,NA,NA,NA,NA,NA,NA,NA,NA,-0.6811232808054504,0.509995264299838,-1.6806956311191186,0.31844906950821783,-1.3355482461990122,0.1816969757495254,-0.6811232808054504,0.509995264299838,-1.6806956311191186,0.31844906950821783,-1.3355482461990122,0.1816969757495254,NA,NA,NA,NA,NA,NA,NA,no data
Cognitive and cognitive behavioural therapies individual + placebo:Sham acupuncture,Cognitive and cognitive behavioural therapies individual + placebo,Sham acupuncture,NA,NA,NA,NA,NA,NA,NA,NA,NA,NA,NA,-1.1594477025120398,0.5873744277405847,-2.31068042632341,-0.008214978700669562,-1.9739499163625704,0.04838743809195844,-1.1594477025120398,0.5873744277405847,-2.31068042632341,-0.008214978700669562,-1.9739499163625704,0.04838743809195844,NA,NA,NA,NA,NA,NA,NA,no data
Cognitive and cognitive behavioural therapies individual + placebo:Short-term psychodynamic psychotherapies individual,Cognitive and cognitive behavioural therapies individual + placebo,Short-term psychodynamic psychotherapies individual,NA,NA,NA,NA,NA,NA,NA,NA,NA,NA,NA,-0.6003307747055202,0.5470073395013736,-1.6724454594072862,0.47178390999624575,-1.0974821201718312,0.2724306925726018,-0.6003307747055202,0.5470073395013736,-1.6724454594072862,0.47178390999624575,-1.0974821201718312,0.2724306925726018,NA,NA,NA,NA,NA,NA,NA,no data
Cognitive and cognitive behavioural therapies individual + placebo:Short-term psychodynamic psychotherapies individual + AD,Cognitive and cognitive behavioural therapies individual + placebo,Short-term psychodynamic psychotherapies individual + AD,NA,NA,NA,NA,NA,NA,NA,NA,NA,NA,NA,-0.808092547021924,0.7369414919305431,-2.252471329919003,0.6362862358751551,-1.0965491234656752,0.2728385381793436,-0.808092547021924,0.7369414919305431,-2.252471329919003,0.6362862358751551,-1.0965491234656752,0.2728385381793436,NA,NA,NA,NA,NA,NA,NA,no data
Cognitive and cognitive behavioural therapies individual + placebo:SNRIs,Cognitive and cognitive behavioural therapies individual + placebo,SNRIs,NA,NA,NA,NA,NA,NA,NA,NA,NA,NA,NA,-0.5987761689138846,0.4530025945464258,-1.4866449391280796,0.28909260130031034,-1.3217941268380955,0.1862367145992562,-0.5987761689138846,0.4530025945464258,-1.4866449391280796,0.28909260130031034,-1.3217941268380955,0.1862367145992562,NA,NA,NA,NA,NA,NA,NA,no data
Cognitive and cognitive behavioural therapies individual + placebo:SSRIs,Cognitive and cognitive behavioural therapies individual + placebo,SSRIs,NA,NA,NA,NA,NA,NA,NA,NA,NA,NA,NA,-0.7882907021881227,0.4485483439781582,-1.667429301710396,0.09084789733415077,-1.7574264017938457,0.07884515642299818,-0.7882907021881227,0.4485483439781582,-1.667429301710396,0.09084789733415077,-1.7574264017938457,0.07884515642299818,NA,NA,NA,NA,NA,NA,NA,no data
Cognitive and cognitive behavioural therapies individual + placebo:TAU,Cognitive and cognitive behavioural therapies individual + placebo,TAU,NA,NA,NA,NA,NA,NA,NA,NA,NA,NA,NA,-0.9647289342051737,0.504476881559144,-1.9534854530941743,0.02402758468382693,-1.9123352713875956,0.055833204529753475,-0.9647289342051737,0.504476881559144,-1.9534854530941743,0.02402758468382693,-1.9123352713875956,0.055833204529753475,NA,NA,NA,NA,NA,NA,NA,no data
Cognitive and cognitive behavioural therapies individual + placebo:TCAs,Cognitive and cognitive behavioural therapies individual + placebo,TCAs,-0.5639581513515635,0.6728939343720947,-1.8828060281363275,0.7548897254332005,-0.8381085376818209,0.4019697483345617,NA,0,NA,NA,NA,-0.7772955206501722,0.6002584473204331,-1.953780458814154,0.39918941751380976,-1.2949347470577657,0.19534274060538045,-0.682758604499111,0.4479338277572134,-1.560692774360417,0.19517556536219505,-1.5242398814076081,0.12744879885018784,0.2133373692986087,0.9017186093756155,-1.5539986292671388,1.9806733678643562,0.23658973773019018,0.8129750823126515,0.23658973773019018,no
Cognitive and cognitive behavioural therapies individual + placebo:Trazodone,Cognitive and cognitive behavioural therapies individual + placebo,Trazodone,NA,NA,NA,NA,NA,NA,NA,NA,NA,NA,NA,-0.909939552173531,0.4797797862761875,-1.8502906537851826,0.030411549438120855,-1.896577509519586,0.057883721239514706,-0.909939552173531,0.4797797862761875,-1.8502906537851826,0.030411549438120855,-1.896577509519586,0.057883721239514706,NA,NA,NA,NA,NA,NA,NA,no data
Cognitive and cognitive behavioural therapies individual + placebo:Waitlist,Cognitive and cognitive behavioural therapies individual + placebo,Waitlist,NA,NA,NA,NA,NA,NA,NA,NA,NA,NA,NA,-1.9838168831003493,0.4972729877328657,-2.958454029541394,-1.0091797366593047,-3.9893920080896343,6.624286912663838e-5,-1.9838168831003493,0.4972729877328657,-2.958454029541394,-1.0091797366593047,-3.9893920080896343,6.624286912663838e-5,NA,NA,NA,NA,NA,NA,NA,no data
Cognitive and cognitive behavioural therapies individual + placebo:Yoga group,Cognitive and cognitive behavioural therapies individual + placebo,Yoga group,NA,NA,NA,NA,NA,NA,NA,NA,NA,NA,NA,-0.42564579958482085,0.6621063656474456,-1.723350430188522,0.8720588310188804,-0.6428661944196835,0.5203109266562631,-0.42564579958482085,0.6621063656474456,-1.723350430188522,0.8720588310188804,-0.6428661944196835,0.5203109266562631,NA,NA,NA,NA,NA,NA,NA,no data
Cognitive and cognitive behavioural therapies individual + placebo:Yoga group + AD,Cognitive and cognitive behavioural therapies individual + placebo,Yoga group + AD,NA,NA,NA,NA,NA,NA,NA,NA,NA,NA,NA,0.5478947096087259,0.8557437518179226,-1.1293322239495844,2.225121643167036,0.6402555770285098,0.5220064560808038,0.5478947096087259,0.8557437518179226,-1.1293322239495844,2.225121643167036,0.6402555770285098,0.5220064560808038,NA,NA,NA,NA,NA,NA,NA,no data
Counselling individual:Counselling individual + AD,Counselling individual,Counselling individual + AD,NA,NA,NA,NA,NA,NA,NA,NA,NA,NA,NA,-0.48381411257581686,0.7322796932231748,-1.9190559379032786,0.9514277127516448,-0.6606957929507492,0.5088074223411709,-0.48381411257581686,0.7322796932231748,-1.9190559379032786,0.9514277127516448,-0.6606957929507492,0.5088074223411709,NA,NA,NA,NA,NA,NA,NA,no data
Counselling individual:Counselling individual + placebo,Counselling individual,Counselling individual + placebo,NA,NA,NA,NA,NA,NA,NA,NA,NA,NA,NA,-0.8275836199900315,0.9721340600155826,-2.732931365765272,1.0777641257852093,-0.8513060636685911,0.39459935744132596,-0.8275836199900315,0.9721340600155826,-2.732931365765272,1.0777641257852093,-0.8513060636685911,0.39459935744132596,NA,NA,NA,NA,NA,NA,NA,no data
Counselling individual:Exercise group,Counselling individual,Exercise group,NA,NA,NA,NA,NA,NA,NA,NA,NA,NA,NA,0.22175536998907663,0.44760018813526087,-0.6555248782293869,1.09903561820754,0.4954318069278025,0.6202953473350363,0.22175536998907663,0.44760018813526087,-0.6555248782293869,1.09903561820754,0.4954318069278025,0.6202953473350363,NA,NA,NA,NA,NA,NA,NA,no data
Counselling individual:Exercise group + AD,Counselling individual,Exercise group + AD,NA,NA,NA,NA,NA,NA,NA,NA,NA,NA,NA,2.7691923454048517,0.7046675905144464,1.3880692469239184,4.150315443885785,3.9297853096708875,8.50217400090908e-5,2.7691923454048517,0.7046675905144464,1.3880692469239184,4.150315443885785,3.9297853096708875,8.50217400090908e-5,NA,NA,NA,NA,NA,NA,NA,no data
Counselling individual:Exercise individual,Counselling individual,Exercise individual,NA,NA,NA,NA,NA,NA,NA,NA,NA,NA,NA,0.07813079422973246,0.44703019683728484,-0.7980322915731968,0.9542938800326617,0.1747774418428637,0.8612545142905421,0.07813079422973246,0.44703019683728484,-0.7980322915731968,0.9542938800326617,0.1747774418428637,0.8612545142905421,NA,NA,NA,NA,NA,NA,NA,no data
Counselling individual:Exercise individual + AD,Counselling individual,Exercise individual + AD,NA,NA,NA,NA,NA,NA,NA,NA,NA,NA,NA,0.7727845125438986,0.5365475273863164,-0.27882931712729975,1.824398342215097,1.4402908840310256,0.1497851194135541,0.7727845125438986,0.5365475273863164,-0.27882931712729975,1.824398342215097,1.4402908840310256,0.1497851194135541,NA,NA,NA,NA,NA,NA,NA,no data
Counselling individual:Interpersonal psychotherapy (IPT) individual,Counselling individual,Interpersonal psychotherapy (IPT) individual,NA,NA,NA,NA,NA,NA,NA,NA,NA,NA,NA,-0.12141825463271294,0.4260556576149934,-0.9564719989676282,0.7136354897022024,-0.28498214367671404,0.775657822218727,-0.12141825463271294,0.4260556576149934,-0.9564719989676282,0.7136354897022024,-0.28498214367671404,0.775657822218727,NA,NA,NA,NA,NA,NA,NA,no data
Counselling individual:Interpersonal psychotherapy (IPT) individual + AD,Counselling individual,Interpersonal psychotherapy (IPT) individual + AD,NA,NA,NA,NA,NA,NA,NA,NA,NA,NA,NA,0.13332620362737035,0.47232913061874177,-0.7924218812344782,1.059074288489219,0.28227393777875964,0.7777334679871721,0.13332620362737035,0.47232913061874177,-0.7924218812344782,1.059074288489219,0.28227393777875964,0.7777334679871721,NA,NA,NA,NA,NA,NA,NA,no data
Counselling individual:Interpersonal psychotherapy (IPT) individual + placebo,Counselling individual,Interpersonal psychotherapy (IPT) individual + placebo,NA,NA,NA,NA,NA,NA,NA,NA,NA,NA,NA,-0.1626355912626991,0.5161903852136454,-1.1743501554473006,0.8490789729219024,-0.31506900539301225,0.7527092610251704,-0.1626355912626991,0.5161903852136454,-1.1743501554473006,0.8490789729219024,-0.31506900539301225,0.7527092610251704,NA,NA,NA,NA,NA,NA,NA,no data
Counselling individual:Light therapy,Counselling individual,Light therapy,NA,NA,NA,NA,NA,NA,NA,NA,NA,NA,NA,0.19250829250224033,0.6140668761337007,-1.0110406688188311,1.3960572538233118,0.3134972752712451,0.7539028904584908,0.19250829250224033,0.6140668761337007,-1.0110406688188311,1.3960572538233118,0.3134972752712451,0.7539028904584908,NA,NA,NA,NA,NA,NA,NA,no data
Counselling individual:Light therapy + AD,Counselling individual,Light therapy + AD,NA,NA,NA,NA,NA,NA,NA,NA,NA,NA,NA,0.5286946065886755,0.5195090344169923,-0.4895243905118085,1.5469136036891595,1.0176812558842052,0.3088294578776666,0.5286946065886755,0.5195090344169923,-0.4895243905118085,1.5469136036891595,1.0176812558842052,0.3088294578776666,NA,NA,NA,NA,NA,NA,NA,no data
Counselling individual:Mindfulness or meditation group,Counselling individual,Mindfulness or meditation group,NA,NA,NA,NA,NA,NA,NA,NA,NA,NA,NA,3.5683736278768343,0.9227191584115315,1.7598773095451241,5.3768699462085445,3.867236954329439,1.1007546004044884e-4,3.5683736278768343,0.9227191584115315,1.7598773095451241,5.3768699462085445,3.867236954329439,1.1007546004044884e-4,NA,NA,NA,NA,NA,NA,NA,no data
Counselling individual:Mirtazapine,Counselling individual,Mirtazapine,NA,NA,NA,NA,NA,NA,NA,NA,NA,NA,NA,0.017896116092213088,0.33169507753517274,-0.6322142897259461,0.6680065219103722,0.05395351726410651,0.956972198112304,0.017896116092213088,0.33169507753517274,-0.6322142897259461,0.6680065219103722,0.05395351726410651,0.956972198112304,NA,NA,NA,NA,NA,NA,NA,no data
Counselling individual:Music therapy group,Counselling individual,Music therapy group,NA,NA,NA,NA,NA,NA,NA,NA,NA,NA,NA,0.09949862445049362,0.7806725735136929,-1.4305915033545418,1.629588752255529,0.1274524401474294,0.8985823133783507,0.09949862445049362,0.7806725735136929,-1.4305915033545418,1.629588752255529,0.1274524401474294,0.8985823133783507,NA,NA,NA,NA,NA,NA,NA,no data
Counselling individual:No treatment,Counselling individual,No treatment,-1.3726953516361844,0.5902286614420822,-2.52952227070595,-0.21586843256641863,-2.325700938145451,0.02003451041509258,NA,0,NA,NA,NA,-0.21582298132766795,0.38625127719997715,-0.9728615736222199,0.541215610966884,-0.558763152557624,0.5763233729413402,-0.5627035039895958,0.3231971541085738,-1.1961582859482418,0.07075127796905023,-1.7410533998717173,0.08167421866527648,-1.1568723703085164,0.7053792752316485,-2.5393903452035134,0.22564560458648053,-1.6400713926966404,0.10099032369130871,-1.6400713926966404,no
Counselling individual:Peer support group,Counselling individual,Peer support group,NA,NA,NA,NA,NA,NA,NA,NA,NA,NA,NA,0.6796374753575773,0.7193534729737574,-0.730269423824794,2.0895443745399485,0.9447893155335765,0.34476644769158576,0.6796374753575773,0.7193534729737574,-0.730269423824794,2.0895443745399485,0.9447893155335765,0.34476644769158576,NA,NA,NA,NA,NA,NA,NA,no data
Counselling individual:Peer support group + AD,Counselling individual,Peer support group + AD,NA,NA,NA,NA,NA,NA,NA,NA,NA,NA,NA,0.8005761969681187,0.7185936753890594,-0.6078415263127039,2.2089939202489415,1.1140874521817528,0.265241671156028,0.8005761969681187,0.7185936753890594,-0.6078415263127039,2.2089939202489415,1.1140874521817528,0.265241671156028,NA,NA,NA,NA,NA,NA,NA,no data
Counselling individual:Placebo,Counselling individual,Placebo,NA,NA,NA,NA,NA,NA,NA,NA,NA,NA,NA,-0.6774965544590081,0.3110127671475913,-1.287070376800429,-0.06792273211758726,-2.1783560870268124,0.02937953650620826,-0.6774965544590081,0.3110127671475913,-1.287070376800429,-0.06792273211758726,-2.1783560870268124,0.02937953650620826,NA,NA,NA,NA,NA,NA,NA,no data
Counselling individual:Problem solving group,Counselling individual,Problem solving group,NA,NA,NA,NA,NA,NA,NA,NA,NA,NA,NA,2.3178338439357917,0.6518693305586087,1.0401934334146836,3.5954742544569,3.555672487229246,3.7701349939656353e-4,2.3178338439357917,0.6518693305586087,1.0401934334146836,3.5954742544569,3.555672487229246,3.7701349939656353e-4,NA,NA,NA,NA,NA,NA,NA,no data
Counselling individual:Problem solving individual,Counselling individual,Problem solving individual,0.6134771907497175,0.45417562498493047,-0.2766906768767159,1.503645058376151,1.3507488227050333,0.1767759069113211,NA,1.5839439684681165,0.05738359283577954,0.2395487274768529,0.3686645361785541,-0.07727956440773275,0.4968733168174417,-1.051133370248878,0.8965742414334127,-0.15553172567752588,0.8764021447742064,0.29904821018498984,0.3352311664982038,-0.35799280264683975,0.9560892230168194,0.8920656551979399,0.37235774231787416,0.6907567551574503,0.6731705514174087,-0.628633281073639,2.0101467913885394,1.0261244400887897,0.3048329315073637,1.0261244400887897,no
Counselling individual:Psychoeducation group,Counselling individual,Psychoeducation group,NA,NA,NA,NA,NA,NA,NA,NA,NA,NA,NA,0.672859200641116,0.7026334295320381,-0.7042770155755405,2.0499954168577723,0.9576248045716356,0.3382519866996923,0.672859200641116,0.7026334295320381,-0.7042770155755405,2.0499954168577723,0.9576248045716356,0.3382519866996923,NA,NA,NA,NA,NA,NA,NA,no data
Counselling individual:Psychoeducation group + AD,Counselling individual,Psychoeducation group + AD,NA,NA,NA,NA,NA,NA,NA,NA,NA,NA,NA,-0.2191212288562241,0.6673737648651988,-1.527149772218916,1.0889073145064678,-0.32833359714175137,0.7426594440612744,-0.2191212288562241,0.6673737648651988,-1.527149772218916,1.0889073145064678,-0.32833359714175137,0.7426594440612744,NA,NA,NA,NA,NA,NA,NA,no data
Counselling individual:Relaxation individual + AD,Counselling individual,Relaxation individual + AD,NA,NA,NA,NA,NA,NA,NA,NA,NA,NA,NA,0.11076611974913586,0.6916558603820455,-1.244854456295737,1.4663866957940088,0.16014628964171965,0.8727658378431845,0.11076611974913586,0.6916558603820455,-1.244854456295737,1.4663866957940088,0.16014628964171965,0.8727658378431845,NA,NA,NA,NA,NA,NA,NA,no data
Counselling individual:Relaxation individual + placebo,Counselling individual,Relaxation individual + placebo,NA,NA,NA,NA,NA,NA,NA,NA,NA,NA,NA,-0.5216613818553206,0.6841023198486825,-1.8624772904990385,0.8191545267883973,-0.7625487689775816,0.4457325477096584,-0.5216613818553206,0.6841023198486825,-1.8624772904990385,0.8191545267883973,-0.7625487689775816,0.4457325477096584,NA,NA,NA,NA,NA,NA,NA,no data
Counselling individual:Self-help,Counselling individual,Self-help,0.4268112678711767,0.5925104192258895,-0.7344878142762954,1.5881103500186486,0.7203439028613242,0.47131327991654326,NA,0,NA,NA,NA,-0.2553427823694003,0.4192045751744812,-1.0769686518657968,0.5662830871269964,-0.6091125848593651,0.5424498164699321,-0.027787019176223726,0.3422147152610026,-0.6985155360674183,0.6429414977149709,-0.08119761640007483,0.9352847950959516,0.682154050240577,0.7258106314586861,-0.7404086470147218,2.1047167474958757,0.9398512789343262,0.34729385137792324,0.9398512789343262,no
Counselling individual:Self-help with support,Counselling individual,Self-help with support,NA,NA,NA,NA,NA,NA,NA,NA,NA,NA,NA,-0.048518781842078695,0.364628397134678,-0.7631773079666152,0.6661397442824578,-0.13306364019738692,0.8941430503036218,-0.048518781842078695,0.364628397134678,-0.7631773079666152,0.6661397442824578,-0.13306364019738692,0.8941430503036218,NA,NA,NA,NA,NA,NA,NA,no data
Counselling individual:Sham acupuncture,Counselling individual,Sham acupuncture,NA,NA,NA,NA,NA,NA,NA,NA,NA,NA,NA,-0.5268432035486681,0.47857100275052095,-1.4648251329849082,0.41113872588757194,-1.1008673749991313,0.2709543831077162,-0.5268432035486681,0.47857100275052095,-1.4648251329849082,0.41113872588757194,-1.1008673749991313,0.2709543831077162,NA,NA,NA,NA,NA,NA,NA,no data
Counselling individual:Short-term psychodynamic psychotherapies individual,Counselling individual,Short-term psychodynamic psychotherapies individual,NA,NA,NA,NA,NA,NA,NA,NA,NA,NA,NA,0.032273724257851466,0.42927832369601227,-0.8090963295300596,0.8736437780457625,0.07518135083080896,0.9400704222369161,0.032273724257851466,0.42927832369601227,-0.8090963295300596,0.8736437780457625,0.07518135083080896,0.9400704222369161,NA,NA,NA,NA,NA,NA,NA,no data
Counselling individual:Short-term psychodynamic psychotherapies individual + AD,Counselling individual,Short-term psychodynamic psychotherapies individual + AD,NA,NA,NA,NA,NA,NA,NA,NA,NA,NA,NA,-0.17548804805855234,0.659445803665987,-1.467978072999958,1.1170019768828534,-0.26611443591418776,0.7901510774897705,-0.17548804805855234,0.659445803665987,-1.467978072999958,1.1170019768828534,-0.26611443591418776,0.7901510774897705,NA,NA,NA,NA,NA,NA,NA,no data
Counselling individual:SNRIs,Counselling individual,SNRIs,NA,NA,NA,NA,NA,NA,NA,NA,NA,NA,NA,0.03382833004948704,0.31538538130146726,-0.5843156585518209,0.651972318650795,0.10726029821005424,0.9145824802238155,0.03382833004948704,0.31538538130146726,-0.5843156585518209,0.651972318650795,0.10726029821005424,0.9145824802238155,NA,NA,NA,NA,NA,NA,NA,no data
Counselling individual:SSRIs,Counselling individual,SSRIs,NA,NA,NA,NA,NA,NA,NA,NA,NA,NA,NA,-0.15568620322475102,0.3091065101461427,-0.7615238304980554,0.45015142404855335,-0.503665235491624,0.6144966419306456,-0.15568620322475102,0.3091065101461427,-0.7615238304980554,0.45015142404855335,-0.503665235491624,0.6144966419306456,NA,NA,NA,NA,NA,NA,NA,no data
Counselling individual:TAU,Counselling individual,TAU,-0.430165889763031,0.5995926435158443,-1.605345876449249,0.7450140969231871,-0.7174302327004181,0.4731086706526077,NA,0,NA,NA,NA,-0.2776443580053602,0.4469616691813357,-1.1536731320706841,0.5983844160599638,-0.6211815847965204,0.5344801544671133,-0.332124435241802,0.35835178656957944,-1.0344810307137617,0.3702321602301578,-0.9268111606786004,0.3540245892461752,-0.1525215317576708,0.7478543119322667,-1.6182890488278963,1.3132459853125549,-0.20394551361694188,0.8383960777334547,-0.20394551361694188,no
Counselling individual:TCAs,Counselling individual,TCAs,NA,NA,NA,NA,NA,NA,NA,NA,NA,NA,NA,-0.05015410553573929,0.31051266256036264,-0.6587477408976887,0.5584395298262101,-0.16152032294653845,0.8716836061114108,-0.05015410553573929,0.31051266256036264,-0.6587477408976887,0.5584395298262101,-0.16152032294653845,0.8716836061114108,NA,NA,NA,NA,NA,NA,NA,no data
Counselling individual:Trazodone,Counselling individual,Trazodone,NA,NA,NA,NA,NA,NA,NA,NA,NA,NA,NA,-0.2773350532101593,0.35309138468058526,-0.969381450435484,0.4147113440151654,-0.7854483718458412,0.4321907292385254,-0.2773350532101593,0.35309138468058526,-0.969381450435484,0.4147113440151654,-0.7854483718458412,0.4321907292385254,NA,NA,NA,NA,NA,NA,NA,no data
Counselling individual:Waitlist,Counselling individual,Waitlist,NA,NA,NA,NA,NA,NA,NA,NA,NA,NA,NA,-1.3512123841369776,0.3349079072994211,-2.007619820581522,-0.6948049476924334,-4.0345789235992555,5.470030226746411e-5,-1.3512123841369776,0.3349079072994211,-2.007619820581522,-0.6948049476924334,-4.0345789235992555,5.470030226746411e-5,NA,NA,NA,NA,NA,NA,NA,no data
Counselling individual:Yoga group,Counselling individual,Yoga group,NA,NA,NA,NA,NA,NA,NA,NA,NA,NA,NA,0.20695869937855083,0.5644888201703092,-0.8994190578307621,1.3133364565878638,0.36663028918112195,0.7138948116972227,0.20695869937855083,0.5644888201703092,-0.8994190578307621,1.3133364565878638,0.36663028918112195,0.7138948116972227,NA,NA,NA,NA,NA,NA,NA,no data
Counselling individual:Yoga group + AD,Counselling individual,Yoga group + AD,NA,NA,NA,NA,NA,NA,NA,NA,NA,NA,NA,1.1804992085720976,0.78936016567441,-0.36661828698031607,2.727616704124511,1.4955140377061058,0.1347803390961245,1.1804992085720976,0.78936016567441,-0.36661828698031607,2.727616704124511,1.4955140377061058,0.1347803390961245,NA,NA,NA,NA,NA,NA,NA,no data
Counselling individual + AD:Counselling individual + placebo,Counselling individual + AD,Counselling individual + placebo,-0.3437695074142182,0.6393833603835446,-1.5969378660801594,0.909398851251723,-0.5376578883879656,0.590813257281541,NA,0,NA,NA,NA,NA,NA,NA,NA,NA,NA,-0.34376950741421464,0.6393833603835445,-1.5969378660801556,0.9093988512517264,-0.5376578883879601,0.5908132572815447,NA,NA,NA,NA,NA,NA,NA,no data
Counselling individual + AD:Exercise group,Counselling individual + AD,Exercise group,NA,NA,NA,NA,NA,NA,NA,NA,NA,NA,NA,0.7055694825648935,0.7597389216677051,-0.7834914415571055,2.1946304066868922,0.9286999289388728,0.35304461760600275,0.7055694825648935,0.7597389216677051,-0.7834914415571055,2.1946304066868922,0.9286999289388728,0.35304461760600275,NA,NA,NA,NA,NA,NA,NA,no data
Counselling individual + AD:Exercise group + AD,Counselling individual + AD,Exercise group + AD,NA,NA,NA,NA,NA,NA,NA,NA,NA,NA,NA,3.2530064579806686,0.9256983574654379,1.438671016800526,5.0673418991608115,3.514110651430127,4.412289745725412e-4,3.2530064579806686,0.9256983574654379,1.438671016800526,5.0673418991608115,3.514110651430127,4.412289745725412e-4,NA,NA,NA,NA,NA,NA,NA,no data
Counselling individual + AD:Exercise individual,Counselling individual + AD,Exercise individual,NA,NA,NA,NA,NA,NA,NA,NA,NA,NA,NA,0.5619449068055493,0.7561770567112814,-0.920134890284064,2.044024703895163,0.7431393240751385,0.4573973337822305,0.5619449068055493,0.7561770567112814,-0.920134890284064,2.044024703895163,0.7431393240751385,0.4573973337822305,NA,NA,NA,NA,NA,NA,NA,no data
Counselling individual + AD:Exercise individual + AD,Counselling individual + AD,Exercise individual + AD,NA,NA,NA,NA,NA,NA,NA,NA,NA,NA,NA,1.2565986251197154,0.8007411390475332,-0.31282516835302876,2.8260224185924594,1.5692944496574965,0.11657934500748612,1.2565986251197154,0.8007411390475332,-0.31282516835302876,2.8260224185924594,1.5692944496574965,0.11657934500748612,NA,NA,NA,NA,NA,NA,NA,no data
Counselling individual + AD:Interpersonal psychotherapy (IPT) individual,Counselling individual + AD,Interpersonal psychotherapy (IPT) individual,NA,NA,NA,NA,NA,NA,NA,NA,NA,NA,NA,0.3623958579431039,0.7279201126240449,-1.0643013464223636,1.7890930623085715,0.4978511400608512,0.6185889675793168,0.3623958579431039,0.7279201126240449,-1.0643013464223636,1.7890930623085715,0.4978511400608512,0.6185889675793168,NA,NA,NA,NA,NA,NA,NA,no data
Counselling individual + AD:Interpersonal psychotherapy (IPT) individual + AD,Counselling individual + AD,Interpersonal psychotherapy (IPT) individual + AD,NA,NA,NA,NA,NA,NA,NA,NA,NA,NA,NA,0.6171403162031872,0.7477910150768267,-0.8485031413100412,2.0827837737164154,0.825284476224662,0.40921010307651307,0.6171403162031872,0.7477910150768267,-0.8485031413100412,2.0827837737164154,0.825284476224662,0.40921010307651307,NA,NA,NA,NA,NA,NA,NA,no data
Counselling individual + AD:Interpersonal psychotherapy (IPT) individual + placebo,Counselling individual + AD,Interpersonal psychotherapy (IPT) individual + placebo,NA,NA,NA,NA,NA,NA,NA,NA,NA,NA,NA,0.32117852131311775,0.7805500067244533,-1.2086713799993074,1.851028422625543,0.41147718729890287,0.6807226655884616,0.32117852131311775,0.7805500067244533,-1.2086713799993074,1.851028422625543,0.41147718729890287,0.6807226655884616,NA,NA,NA,NA,NA,NA,NA,no data
Counselling individual + AD:Light therapy,Counselling individual + AD,Light therapy,NA,NA,NA,NA,NA,NA,NA,NA,NA,NA,NA,0.6763224050780572,0.8583690827038485,-1.0060500824641685,2.358694892620283,0.7879156166105759,0.4307460658882558,0.6763224050780572,0.8583690827038485,-1.0060500824641685,2.358694892620283,0.7879156166105759,0.4307460658882558,NA,NA,NA,NA,NA,NA,NA,no data
Counselling individual + AD:Light therapy + AD,Counselling individual + AD,Light therapy + AD,NA,NA,NA,NA,NA,NA,NA,NA,NA,NA,NA,1.0125087191644924,0.7934621821210491,-0.5426485808873247,2.5676660192163094,1.276064243487821,0.20193281012451747,1.0125087191644924,0.7934621821210491,-0.5426485808873247,2.5676660192163094,1.276064243487821,0.20193281012451747,NA,NA,NA,NA,NA,NA,NA,no data
Counselling individual + AD:Mindfulness or meditation group,Counselling individual + AD,Mindfulness or meditation group,NA,NA,NA,NA,NA,NA,NA,NA,NA,NA,NA,4.05218774045265,1.1155012013885408,1.865845561019949,6.238529919885352,3.632616204633948,2.8056216006664265e-4,4.05218774045265,1.1155012013885408,1.865845561019949,6.238529919885352,3.632616204633948,2.8056216006664265e-4,NA,NA,NA,NA,NA,NA,NA,no data
Counselling individual + AD:Mirtazapine,Counselling individual + AD,Mirtazapine,NA,NA,NA,NA,NA,NA,NA,NA,NA,NA,NA,0.50171022866803,0.6853839784656695,-0.841617684705458,1.8450381420415178,0.7320133595640511,0.4641604136457296,0.50171022866803,0.6853839784656695,-0.841617684705458,1.8450381420415178,0.7320133595640511,0.4641604136457296,NA,NA,NA,NA,NA,NA,NA,no data
Counselling individual + AD:Music therapy group,Counselling individual + AD,Music therapy group,NA,NA,NA,NA,NA,NA,NA,NA,NA,NA,NA,0.5833127370263105,1.001190267649504,-1.378984129238734,2.545609603291355,0.5826192641641981,0.5601496341259474,0.5833127370263105,1.001190267649504,-1.378984129238734,2.545609603291355,0.5826192641641981,0.5601496341259474,NA,NA,NA,NA,NA,NA,NA,no data
Counselling individual + AD:No treatment,Counselling individual + AD,No treatment,NA,NA,NA,NA,NA,NA,NA,NA,NA,NA,NA,-0.07888939141377893,0.7052578857577378,-1.4611694473118086,1.3033906644842508,-0.11185892849538179,0.9109352624709179,-0.07888939141377893,0.7052578857577378,-1.4611694473118086,1.3033906644842508,-0.11185892849538179,0.9109352624709179,NA,NA,NA,NA,NA,NA,NA,no data
Counselling individual + AD:Peer support group,Counselling individual + AD,Peer support group,NA,NA,NA,NA,NA,NA,NA,NA,NA,NA,NA,1.1634515879333942,0.9133682593873304,-0.626717305087811,2.9536204809545996,1.273803393073693,0.20273310237254225,1.1634515879333942,0.9133682593873304,-0.626717305087811,2.9536204809545996,1.273803393073693,0.20273310237254225,NA,NA,NA,NA,NA,NA,NA,no data
Counselling individual + AD:Peer support group + AD,Counselling individual + AD,Peer support group + AD,NA,NA,NA,NA,NA,NA,NA,NA,NA,NA,NA,1.2843903095439355,0.9127699756707556,-0.5046059689402465,3.0733865880281175,1.4071347040091804,0.15938744913872474,1.2843903095439355,0.9127699756707556,-0.5046059689402465,3.0733865880281175,1.4071347040091804,0.15938744913872474,NA,NA,NA,NA,NA,NA,NA,no data
Counselling individual + AD:Placebo,Counselling individual + AD,Placebo,NA,NA,NA,NA,NA,NA,NA,NA,NA,NA,NA,-0.19368244188319128,0.6751498243265763,-1.516951781731825,1.1295868979654424,-0.28687327598193263,0.7742093535094048,-0.19368244188319128,0.6751498243265763,-1.516951781731825,1.1295868979654424,-0.28687327598193263,0.7742093535094048,NA,NA,NA,NA,NA,NA,NA,no data
Counselling individual + AD:Problem solving group,Counselling individual + AD,Problem solving group,NA,NA,NA,NA,NA,NA,NA,NA,NA,NA,NA,2.8016479565116086,0.9042284076610136,1.0293928436980204,4.573903069325197,3.098385245115987,0.0019457830958424704,2.8016479565116086,0.9042284076610136,1.0293928436980204,4.573903069325197,3.098385245115987,0.0019457830958424704,NA,NA,NA,NA,NA,NA,NA,no data
Counselling individual + AD:Problem solving individual,Counselling individual + AD,Problem solving individual,NA,NA,NA,NA,NA,NA,NA,NA,NA,NA,NA,0.7828623227608067,0.7442011212586942,-0.6757450721605591,2.2414697176821727,1.0519499371846195,0.2928225189986576,0.7828623227608067,0.7442011212586942,-0.6757450721605591,2.2414697176821727,1.0519499371846195,0.2928225189986576,NA,NA,NA,NA,NA,NA,NA,no data
Counselling individual + AD:Psychoeducation group,Counselling individual + AD,Psychoeducation group,NA,NA,NA,NA,NA,NA,NA,NA,NA,NA,NA,1.156673313216933,0.9416082100829127,-0.6888448660928006,3.0021914925266664,1.2284018988269896,0.2192961354330221,1.156673313216933,0.9416082100829127,-0.6888448660928006,3.0021914925266664,1.2284018988269896,0.2192961354330221,NA,NA,NA,NA,NA,NA,NA,no data
Counselling individual + AD:Psychoeducation group + AD,Counselling individual + AD,Psychoeducation group + AD,NA,NA,NA,NA,NA,NA,NA,NA,NA,NA,NA,0.26469288371959276,0.878591018682693,-1.4573138700388428,1.9866996374780284,0.301269735395722,0.7632088171065041,0.26469288371959276,0.878591018682693,-1.4573138700388428,1.9866996374780284,0.301269735395722,0.7632088171065041,NA,NA,NA,NA,NA,NA,NA,no data
Counselling individual + AD:Relaxation individual + AD,Counselling individual + AD,Relaxation individual + AD,NA,NA,NA,NA,NA,NA,NA,NA,NA,NA,NA,0.5945802323249527,0.8402794851701731,-1.0523372955564447,2.24149776020635,0.7075981775332032,0.47919482493370835,0.5945802323249527,0.8402794851701731,-1.0523372955564447,2.24149776020635,0.7075981775332032,0.47919482493370835,NA,NA,NA,NA,NA,NA,NA,no data
Counselling individual + AD:Relaxation individual + placebo,Counselling individual + AD,Relaxation individual + placebo,NA,NA,NA,NA,NA,NA,NA,NA,NA,NA,NA,-0.03784726927950377,0.835276613754011,-1.6749593493659385,1.599264810806931,-0.045311060619075104,0.9638593713952439,-0.03784726927950377,0.835276613754011,-1.6749593493659385,1.599264810806931,-0.045311060619075104,0.9638593713952439,NA,NA,NA,NA,NA,NA,NA,no data
Counselling individual + AD:Self-help,Counselling individual + AD,Self-help,NA,NA,NA,NA,NA,NA,NA,NA,NA,NA,NA,0.45602709339959313,0.7223777943673912,-0.9598073667919744,1.8718615535911607,0.6312861454980773,0.5278534440740129,0.45602709339959313,0.7223777943673912,-0.9598073667919744,1.8718615535911607,0.6312861454980773,0.5278534440740129,NA,NA,NA,NA,NA,NA,NA,no data
Counselling individual + AD:Self-help with support,Counselling individual + AD,Self-help with support,NA,NA,NA,NA,NA,NA,NA,NA,NA,NA,NA,0.43529533073373816,0.7200389499479528,-0.9759550786302877,1.846545740097764,0.60454414412609625,0.5454819294100284,0.43529533073373816,0.7200389499479528,-0.9759550786302877,1.846545740097764,0.60454414412609625,0.5454819294100284,NA,NA,NA,NA,NA,NA,NA,no data
Counselling individual + AD:Sham acupuncture,Counselling individual + AD,Sham acupuncture,NA,NA,NA,NA,NA,NA,NA,NA,NA,NA,NA,-0.043029090972851236,0.7751051518024415,-1.5622072727370877,1.4761490907913852,-0.0555138755984149,0.9557290758680757,-0.043029090972851236,0.7751051518024415,-1.5622072727370877,1.4761490907913852,-0.0555138755984149,0.9557290758680757,NA,NA,NA,NA,NA,NA,NA,no data
Counselling individual + AD:Short-term psychodynamic psychotherapies individual,Counselling individual + AD,Short-term psychodynamic psychotherapies individual,NA,NA,NA,NA,NA,NA,NA,NA,NA,NA,NA,0.5160878368336683,0.7471274289454571,-0.9482550157614356,1.9804306894287722,0.6907628027552238,0.4897146149451907,0.5160878368336683,0.7471274289454571,-0.9482550157614356,1.9804306894287722,0.6907628027552238,0.4897146149451907,NA,NA,NA,NA,NA,NA,NA,no data
Counselling individual + AD:Short-term psychodynamic psychotherapies individual + AD,Counselling individual + AD,Short-term psychodynamic psychotherapies individual + AD,0.21089626008329518,0.6664873700143059,-1.095394981295565,1.5171875014621552,0.3164294922479452,0.7516765345160223,NA,0,NA,NA,NA,0.6097747171477365,1.1723375671893546,-1.6879646922667035,2.9075141265621767,0.520135781888875,0.602968940491893,0.3083260645172645,0.5793997544720206,-0.8272765868992458,1.4439287159337748,0.5321473855269879,0.5946239203623529,-0.39887845706444125,1.3485476579758093,-3.041983298132866,2.2442263840039836,-0.2957837305232237,0.7673952485237269,-0.2957837305232237,no
Counselling individual + AD:SNRIs,Counselling individual + AD,SNRIs,NA,NA,NA,NA,NA,NA,NA,NA,NA,NA,NA,0.5176424426253039,0.6775715143237018,-0.8103733223994167,1.8456582076500245,0.7639672443165997,0.44488676279537387,0.5176424426253039,0.6775715143237018,-0.8103733223994167,1.8456582076500245,0.7639672443165997,0.44488676279537387,NA,NA,NA,NA,NA,NA,NA,no data
Counselling individual + AD:SSRIs,Counselling individual + AD,SSRIs,NA,NA,NA,NA,NA,NA,NA,NA,NA,NA,NA,0.32812790935106584,0.6752095011975925,-0.9952583950154696,1.6515142137176013,0.4859645913884184,0.6269922711245305,0.32812790935106584,0.6752095011975925,-0.9952583950154696,1.6515142137176013,0.4859645913884184,0.6269922711245305,NA,NA,NA,NA,NA,NA,NA,no data
Counselling individual + AD:TAU,Counselling individual + AD,TAU,NA,NA,NA,NA,NA,NA,NA,NA,NA,NA,NA,0.15168967733401484,0.7156065731461919,-1.2508734331326488,1.5542527878006784,0.21197356623920505,0.832127656796614,0.15168967733401484,0.7156065731461919,-1.2508734331326488,1.5542527878006784,0.21197356623920505,0.832127656796614,NA,NA,NA,NA,NA,NA,NA,no data
Counselling individual + AD:TCAs,Counselling individual + AD,TCAs,NA,NA,NA,NA,NA,NA,NA,NA,NA,NA,NA,0.43366000704007757,0.6750518861324488,-0.8894173774753553,1.7567373915555105,0.642409888704453,0.5206070807272645,0.43366000704007757,0.6750518861324488,-0.8894173774753553,1.7567373915555105,0.642409888704453,0.5206070807272645,NA,NA,NA,NA,NA,NA,NA,no data
Counselling individual + AD:Trazodone,Counselling individual + AD,Trazodone,NA,NA,NA,NA,NA,NA,NA,NA,NA,NA,NA,0.20647905936565758,0.6960790784825845,-1.1578108648520375,1.5707689835833527,0.2966316123388897,0.7667477733924882,0.20647905936565758,0.6960790784825845,-1.1578108648520375,1.5707689835833527,0.2966316123388897,0.7667477733924882,NA,NA,NA,NA,NA,NA,NA,no data
Counselling individual + AD:Waitlist,Counselling individual + AD,Waitlist,NA,NA,NA,NA,NA,NA,NA,NA,NA,NA,NA,-0.8673982715611608,0.7105340917013915,-2.260019501083768,0.5252229579614462,-1.2207693926186627,0.22217334555565477,-0.8673982715611608,0.7105340917013915,-2.260019501083768,0.5252229579614462,-1.2207693926186627,0.22217334555565477,NA,NA,NA,NA,NA,NA,NA,no data
Counselling individual + AD:Yoga group,Counselling individual + AD,Yoga group,NA,NA,NA,NA,NA,NA,NA,NA,NA,NA,NA,0.6907728119543677,0.8334893464088253,-0.9428362885047585,2.324381912413494,0.8287722151826337,0.4072333132917914,0.6907728119543677,0.8334893464088253,-0.9428362885047585,2.324381912413494,0.8287722151826337,0.4072333132917914,NA,NA,NA,NA,NA,NA,NA,no data
Counselling individual + AD:Yoga group + AD,Counselling individual + AD,Yoga group + AD,NA,NA,NA,NA,NA,NA,NA,NA,NA,NA,NA,1.6643133211479144,0.9694646096327433,-0.23580239801844471,3.5644290403142733,1.7167344786091745,0.08602769739527887,1.6643133211479144,0.9694646096327433,-0.23580239801844471,3.5644290403142733,1.7167344786091745,0.08602769739527887,NA,NA,NA,NA,NA,NA,NA,no data
Counselling individual + placebo:Exercise group,Counselling individual + placebo,Exercise group,NA,NA,NA,NA,NA,NA,NA,NA,NA,NA,NA,1.0493389899791081,0.992982532893787,-0.8968710117700736,2.99554899172829,1.0567547315470747,0.29062353908504895,1.0493389899791081,0.992982532893787,-0.8968710117700736,2.99554899172829,1.0567547315470747,0.29062353908504895,NA,NA,NA,NA,NA,NA,NA,no data
Counselling individual + placebo:Exercise group + AD,Counselling individual + placebo,Exercise group + AD,NA,NA,NA,NA,NA,NA,NA,NA,NA,NA,NA,3.596775965394883,1.1250460126366224,1.3917262996767095,5.801825631113057,3.197003433633432,0.0013886327354802708,3.596775965394883,1.1250460126366224,1.3917262996767095,5.801825631113057,3.197003433633432,0.0013886327354802708,NA,NA,NA,NA,NA,NA,NA,no data
Counselling individual + placebo:Exercise individual,Counselling individual + placebo,Exercise individual,NA,NA,NA,NA,NA,NA,NA,NA,NA,NA,NA,0.905714414219764,0.9902599772947961,-1.0351594766094876,2.8465883050490155,0.9146228616590214,0.36038965264302025,0.905714414219764,0.9902599772947961,-1.0351594766094876,2.8465883050490155,0.9146228616590214,0.36038965264302025,NA,NA,NA,NA,NA,NA,NA,no data
Counselling individual + placebo:Exercise individual + AD,Counselling individual + placebo,Exercise individual + AD,NA,NA,NA,NA,NA,NA,NA,NA,NA,NA,NA,1.60036813253393,1.0246938339321139,-0.40799487715327976,3.60873114222114,1.5618012713053513,0.11833481222741614,1.60036813253393,1.0246938339321139,-0.40799487715327976,3.60873114222114,1.5618012713053513,0.11833481222741614,NA,NA,NA,NA,NA,NA,NA,no data
Counselling individual + placebo:Interpersonal psychotherapy (IPT) individual,Counselling individual + placebo,Interpersonal psychotherapy (IPT) individual,NA,NA,NA,NA,NA,NA,NA,NA,NA,NA,NA,0.7061653653573186,0.9688543605196581,-1.1927542875257962,2.605085018240433,0.7288663746928457,0.4660834051830514,0.7061653653573186,0.9688543605196581,-1.1927542875257962,2.605085018240433,0.7288663746928457,0.4660834051830514,NA,NA,NA,NA,NA,NA,NA,no data
Counselling individual + placebo:Interpersonal psychotherapy (IPT) individual + AD,Counselling individual + placebo,Interpersonal psychotherapy (IPT) individual + AD,NA,NA,NA,NA,NA,NA,NA,NA,NA,NA,NA,0.9609098236174018,0.9838711723416762,-0.9674422395994837,2.889261886834287,0.9766622405760452,0.3287363945581375,0.9609098236174018,0.9838711723416762,-0.9674422395994837,2.889261886834287,0.9766622405760452,0.3287363945581375,NA,NA,NA,NA,NA,NA,NA,no data
Counselling individual + placebo:Interpersonal psychotherapy (IPT) individual + placebo,Counselling individual + placebo,Interpersonal psychotherapy (IPT) individual + placebo,NA,NA,NA,NA,NA,NA,NA,NA,NA,NA,NA,0.6649480287273324,1.0089942490088322,-1.3126443599380173,2.642540417392682,0.6590206330517071,0.5098825192158982,0.6649480287273324,1.0089942490088322,-1.3126443599380173,2.642540417392682,0.6590206330517071,0.5098825192158982,NA,NA,NA,NA,NA,NA,NA,no data
Counselling individual + placebo:Light therapy,Counselling individual + placebo,Light therapy,NA,NA,NA,NA,NA,NA,NA,NA,NA,NA,NA,1.0200919124922718,1.0703310533088348,-1.0777184035278644,3.117902228512408,0.9530620543417356,0.34055863057397584,1.0200919124922718,1.0703310533088348,-1.0777184035278644,3.117902228512408,0.9530620543417356,0.34055863057397584,NA,NA,NA,NA,NA,NA,NA,no data
Counselling individual + placebo:Light therapy + AD,Counselling individual + placebo,Light therapy + AD,NA,NA,NA,NA,NA,NA,NA,NA,NA,NA,NA,1.356278226578707,1.019015856594808,-0.6409561520223488,3.3535126051797626,1.3309687163366732,0.18319930476450835,1.356278226578707,1.019015856594808,-0.6409561520223488,3.3535126051797626,1.3309687163366732,0.18319930476450835,NA,NA,NA,NA,NA,NA,NA,no data
Counselling individual + placebo:Mindfulness or meditation group,Counselling individual + placebo,Mindfulness or meditation group,NA,NA,NA,NA,NA,NA,NA,NA,NA,NA,NA,4.395957247866865,1.2857503691753822,1.8759328311740378,6.915981664559692,3.4189819060182094,6.28559060232482e-4,4.395957247866865,1.2857503691753822,1.8759328311740378,6.915981664559692,3.4189819060182094,6.28559060232482e-4,NA,NA,NA,NA,NA,NA,NA,no data
Counselling individual + placebo:Mirtazapine,Counselling individual + placebo,Mirtazapine,NA,NA,NA,NA,NA,NA,NA,NA,NA,NA,NA,0.8454797360822446,0.937316531099704,-0.9916269069871924,2.6825863791516813,0.9020215775884032,0.36704540556413556,0.8454797360822446,0.937316531099704,-0.9916269069871924,2.6825863791516813,0.9020215775884032,0.36704540556413556,NA,NA,NA,NA,NA,NA,NA,no data
Counselling individual + placebo:Music therapy group,Counselling individual + placebo,Music therapy group,NA,NA,NA,NA,NA,NA,NA,NA,NA,NA,NA,0.9270822444405251,1.1879364602416405,-1.4012304335550874,3.2553949224361376,0.7804139997958691,0.4351472300749506,0.9270822444405251,1.1879364602416405,-1.4012304335550874,3.2553949224361376,0.7804139997958691,0.4351472300749506,NA,NA,NA,NA,NA,NA,NA,no data
Counselling individual + placebo:No treatment,Counselling individual + placebo,No treatment,NA,NA,NA,NA,NA,NA,NA,NA,NA,NA,NA,0.2648801160004357,0.9519452541815773,-1.6008982974492827,2.1306585294501543,0.2782514171239427,0.7808193674552059,0.2648801160004357,0.9519452541815773,-1.6008982974492827,2.1306585294501543,0.2782514171239427,0.7808193674552059,NA,NA,NA,NA,NA,NA,NA,no data
Counselling individual + placebo:Peer support group,Counselling individual + placebo,Peer support group,NA,NA,NA,NA,NA,NA,NA,NA,NA,NA,NA,1.5072210953476088,1.1149227142683904,-0.6779872701640772,3.692429460859295,1.3518615021998577,0.1764196250319193,1.5072210953476088,1.1149227142683904,-0.6779872701640772,3.692429460859295,1.3518615021998577,0.1764196250319193,NA,NA,NA,NA,NA,NA,NA,no data
Counselling individual + placebo:Peer support group + AD,Counselling individual + placebo,Peer support group + AD,NA,NA,NA,NA,NA,NA,NA,NA,NA,NA,NA,1.6281598169581502,1.11443264041455,-0.5560880214502437,3.812407655366544,1.4609764268502603,0.144021910767031,1.6281598169581502,1.11443264041455,-0.5560880214502437,3.812407655366544,1.4609764268502603,0.144021910767031,NA,NA,NA,NA,NA,NA,NA,no data
Counselling individual + placebo:Placebo,Counselling individual + placebo,Placebo,NA,NA,NA,NA,NA,NA,NA,NA,NA,NA,NA,0.15008706553102336,0.929859326362628,-1.6724037248284032,1.9725778558904499,0.16140835637808312,0.8717717855321784,0.15008706553102336,0.929859326362628,-1.6724037248284032,1.9725778558904499,0.16140835637808312,0.8717717855321784,NA,NA,NA,NA,NA,NA,NA,no data
Counselling individual + placebo:Problem solving group,Counselling individual + placebo,Problem solving group,NA,NA,NA,NA,NA,NA,NA,NA,NA,NA,NA,3.145417463925823,1.1074475584679058,0.9748601345619128,5.315974793289733,2.8402405512341726,0.00450795261887752,3.145417463925823,1.1074475584679058,0.9748601345619128,5.315974793289733,2.8402405512341726,0.00450795261887752,NA,NA,NA,NA,NA,NA,NA,no data
Counselling individual + placebo:Problem solving individual,Counselling individual + placebo,Problem solving individual,NA,NA,NA,NA,NA,NA,NA,NA,NA,NA,NA,1.1266318301750213,0.9811454481462222,-0.7963779117869849,3.049641572137028,1.1482821760052817,0.2508520947703147,1.1266318301750213,0.9811454481462222,-0.7963779117869849,3.049641572137028,1.1482821760052817,0.2508520947703147,NA,NA,NA,NA,NA,NA,NA,no data
Counselling individual + placebo:Psychoeducation group,Counselling individual + placebo,Psychoeducation group,NA,NA,NA,NA,NA,NA,NA,NA,NA,NA,NA,1.5004428206311475,1.1381727034290097,-0.7303346862762989,3.731220327538594,1.3182909905594424,0.18740625575289102,1.5004428206311475,1.1381727034290097,-0.7303346862762989,3.731220327538594,1.3182909905594424,0.18740625575289102,NA,NA,NA,NA,NA,NA,NA,no data
Counselling individual + placebo:Psychoeducation group + AD,Counselling individual + placebo,Psychoeducation group + AD,NA,NA,NA,NA,NA,NA,NA,NA,NA,NA,NA,0.6084623911338074,1.0866155068124352,-1.5212648672613027,2.7381896495289175,0.5599610785223558,0.5755059859994457,0.6084623911338074,1.0866155068124352,-1.5212648672613027,2.7381896495289175,0.5599610785223558,0.5755059859994457,NA,NA,NA,NA,NA,NA,NA,no data
Counselling individual + placebo:Relaxation individual + AD,Counselling individual + placebo,Relaxation individual + AD,NA,NA,NA,NA,NA,NA,NA,NA,NA,NA,NA,0.9383497397391674,1.0558791099047298,-1.1311352877023122,3.007834767180647,0.888690505321043,0.3741694352276179,0.9383497397391674,1.0558791099047298,-1.1311352877023122,3.007834767180647,0.888690505321043,0.3741694352276179,NA,NA,NA,NA,NA,NA,NA,no data
Counselling individual + placebo:Relaxation individual + placebo,Counselling individual + placebo,Relaxation individual + placebo,NA,NA,NA,NA,NA,NA,NA,NA,NA,NA,NA,0.30592223813471087,1.051902135666489,-1.7557680630323729,2.3676125393017946,0.29082766139730043,0.7711831285694728,0.30592223813471087,1.051902135666489,-1.7557680630323729,2.3676125393017946,0.29082766139730043,0.7711831285694728,NA,NA,NA,NA,NA,NA,NA,no data
Counselling individual + placebo:Self-help,Counselling individual + placebo,Self-help,NA,NA,NA,NA,NA,NA,NA,NA,NA,NA,NA,0.7997966008138078,0.9646972371321741,-1.0909752399505492,2.690568441578165,0.8290648817357676,0.407067694355783,0.7997966008138078,0.9646972371321741,-1.0909752399505492,2.690568441578165,0.8290648817357676,0.407067694355783,NA,NA,NA,NA,NA,NA,NA,no data
Counselling individual + placebo:Self-help with support,Counselling individual + placebo,Self-help with support,NA,NA,NA,NA,NA,NA,NA,NA,NA,NA,NA,0.7790648381479528,0.9629471278203721,-1.108276851396264,2.6664065276921693,0.8090421744248448,0.4184908878213547,0.7790648381479528,0.9629471278203721,-1.108276851396264,2.6664065276921693,0.8090421744248448,0.4184908878213547,NA,NA,NA,NA,NA,NA,NA,no data
Counselling individual + placebo:Sham acupuncture,Counselling individual + placebo,Sham acupuncture,NA,NA,NA,NA,NA,NA,NA,NA,NA,NA,NA,0.3007404164413634,1.0047880761066184,-1.668608024822899,2.270088857705626,0.29930731026056856,0.7647055773358098,0.3007404164413634,1.0047880761066184,-1.668608024822899,2.270088857705626,0.29930731026056856,0.7647055773358098,NA,NA,NA,NA,NA,NA,NA,no data
Counselling individual + placebo:Short-term psychodynamic psychotherapies individual,Counselling individual + placebo,Short-term psychodynamic psychotherapies individual,NA,NA,NA,NA,NA,NA,NA,NA,NA,NA,NA,0.859857344247883,0.9833669084416063,-1.067506379886162,2.787221068381928,0.8744013418252445,0.38189972691243046,0.859857344247883,0.9833669084416063,-1.067506379886162,2.787221068381928,0.8744013418252445,0.38189972691243046,NA,NA,NA,NA,NA,NA,NA,no data
Counselling individual + placebo:Short-term psychodynamic psychotherapies individual + AD,Counselling individual + placebo,Short-term psychodynamic psychotherapies individual + AD,NA,NA,NA,NA,NA,NA,NA,NA,NA,NA,NA,0.6520955719314792,0.8628529173721273,-1.0390650700732051,2.3432562139361632,0.7557436021859637,0.44980293645699404,0.6520955719314792,0.8628529173721273,-1.0390650700732051,2.3432562139361632,0.7557436021859637,0.44980293645699404,NA,NA,NA,NA,NA,NA,NA,no data
Counselling individual + placebo:SNRIs,Counselling individual + placebo,SNRIs,NA,NA,NA,NA,NA,NA,NA,NA,NA,NA,NA,0.8614119500395185,0.9316191488791264,-0.9645280290714275,2.6873519291504646,0.9246395923440631,0.35515341114810034,0.8614119500395185,0.9316191488791264,-0.9645280290714275,2.6873519291504646,0.9246395923440631,0.35515341114810034,NA,NA,NA,NA,NA,NA,NA,no data
Counselling individual + placebo:SSRIs,Counselling individual + placebo,SSRIs,NA,NA,NA,NA,NA,NA,NA,NA,NA,NA,NA,0.6718974167652805,0.929902657294222,-1.1506783006594867,2.4944731341900477,0.7225459691881401,0.46995887346986437,0.6718974167652805,0.929902657294222,-1.1506783006594867,2.4944731341900477,0.7225459691881401,0.46995887346986437,NA,NA,NA,NA,NA,NA,NA,no data
Counselling individual + placebo:TAU,Counselling individual + placebo,TAU,NA,NA,NA,NA,NA,NA,NA,NA,NA,NA,NA,0.4954591847482295,0.9596373528919087,-1.3853954651392653,2.376313834635724,0.5162983529717157,0.6056460463935729,0.4954591847482295,0.9596373528919087,-1.3853954651392653,2.376313834635724,0.5162983529717157,0.6056460463935729,NA,NA,NA,NA,NA,NA,NA,no data
Counselling individual + placebo:TCAs,Counselling individual + placebo,TCAs,NA,NA,NA,NA,NA,NA,NA,NA,NA,NA,NA,0.7774295144542922,0.929788218093954,-1.04492190625953,2.5997809351681145,0.8361361214578586,0.40307832953767814,0.7774295144542922,0.929788218093954,-1.04492190625953,2.5997809351681145,0.8361361214578586,0.40307832953767814,NA,NA,NA,NA,NA,NA,NA,no data
Counselling individual + placebo:Trazodone,Counselling individual + placebo,Trazodone,NA,NA,NA,NA,NA,NA,NA,NA,NA,NA,NA,0.5502485667798722,0.9451651522546297,-1.3022410910815183,2.4027382246412627,0.5821718727857139,0.5604509171557708,0.5502485667798722,0.9451651522546297,-1.3022410910815183,2.4027382246412627,0.5821718727857139,0.5604509171557708,NA,NA,NA,NA,NA,NA,NA,no data
Counselling individual + placebo:Waitlist,Counselling individual + placebo,Waitlist,NA,NA,NA,NA,NA,NA,NA,NA,NA,NA,NA,-0.5236287641469461,0.9558607518908153,-2.39708141208832,1.3498238837944279,-0.5478086249604257,0.5838233157168897,-0.5236287641469461,0.9558607518908153,-2.39708141208832,1.3498238837944279,-0.5478086249604257,0.5838233157168897,NA,NA,NA,NA,NA,NA,NA,no data
Counselling individual + placebo:Yoga group,Counselling individual + placebo,Yoga group,NA,NA,NA,NA,NA,NA,NA,NA,NA,NA,NA,1.0345423193685823,1.050483494450229,-1.0243674961076477,3.0934521348448123,0.9848249161782503,0.3247100795570631,1.0345423193685823,1.050483494450229,-1.0243674961076477,3.0934521348448123,0.9848249161782503,0.3247100795570631,NA,NA,NA,NA,NA,NA,NA,no data
Counselling individual + placebo:Yoga group + AD,Counselling individual + placebo,Yoga group + AD,NA,NA,NA,NA,NA,NA,NA,NA,NA,NA,NA,2.008082828562129,1.161323689100382,-0.26806977646781016,4.284235433592068,1.7291327537783097,0.08378533826238313,2.008082828562129,1.161323689100382,-0.26806977646781016,4.284235433592068,1.7291327537783097,0.08378533826238313,NA,NA,NA,NA,NA,NA,NA,no data
Exercise group:Exercise group + AD,Exercise group,Exercise group + AD,NA,NA,NA,NA,NA,NA,NA,NA,NA,NA,NA,2.547436975415775,0.730391235948737,1.1158964583325541,3.978977492498996,3.487770457851672,4.8706603608137235e-4,2.547436975415775,0.730391235948737,1.1158964583325541,3.978977492498996,3.487770457851672,4.8706603608137235e-4,NA,NA,NA,NA,NA,NA,NA,no data
Exercise group:Exercise individual,Exercise group,Exercise individual,-0.014384755842369963,0.6063556878862881,-1.2028200659205044,1.1740505542357644,-0.023723296622340885,0.9810733232162248,NA,0,NA,NA,NA,-0.2996581019809597,0.6662515698550583,-1.6054871835401456,1.0061709795782263,-0.4497671983664515,0.6528783118989305,-0.14362457575934418,0.44844152348198363,-1.0225538109563048,0.7353046594376165,-0.32027492602413826,0.7487599290121565,0.28527334613858973,0.9008653476332538,-1.4803902901427428,2.0509369824199224,0.31666591115759707,0.7514971175180882,0.31666591115759707,no
Exercise group:Exercise individual + AD,Exercise group,Exercise individual + AD,NA,NA,NA,NA,NA,NA,NA,NA,NA,NA,NA,0.5510291425548219,0.5661016006741051,-0.5585096063568993,1.6605678914665432,0.9733749946982395,0.33036696198317356,0.5510291425548219,0.5661016006741051,-0.5585096063568993,1.6605678914665432,0.9733749946982395,0.33036696198317356,NA,NA,NA,NA,NA,NA,NA,no data
Exercise group:Interpersonal psychotherapy (IPT) individual,Exercise group,Interpersonal psychotherapy (IPT) individual,NA,NA,NA,NA,NA,NA,NA,NA,NA,NA,NA,-0.3431736246217896,0.4754827804854573,-1.27510274964225,0.588755500398671,-0.7217372294143165,0.4704560482282928,-0.3431736246217896,0.4754827804854573,-1.27510274964225,0.588755500398671,-0.7217372294143165,0.4704560482282928,NA,NA,NA,NA,NA,NA,NA,no data
Exercise group:Interpersonal psychotherapy (IPT) individual + AD,Exercise group,Interpersonal psychotherapy (IPT) individual + AD,NA,NA,NA,NA,NA,NA,NA,NA,NA,NA,NA,-0.08842916636170628,0.5150792030086268,-1.0979658534442096,0.921107520720797,-0.1716807159853923,0.8636885471172804,-0.08842916636170628,0.5150792030086268,-1.0979658534442096,0.921107520720797,-0.1716807159853923,0.8636885471172804,NA,NA,NA,NA,NA,NA,NA,no data
Exercise group:Interpersonal psychotherapy (IPT) individual + placebo,Exercise group,Interpersonal psychotherapy (IPT) individual + placebo,NA,NA,NA,NA,NA,NA,NA,NA,NA,NA,NA,-0.38439096125177574,0.5552886896155923,-1.4727367939207772,0.7039548714172257,-0.692236251953694,0.48878897611461175,-0.38439096125177574,0.5552886896155923,-1.4727367939207772,0.7039548714172257,-0.692236251953694,0.48878897611461175,NA,NA,NA,NA,NA,NA,NA,no data
Exercise group:Light therapy,Exercise group,Light therapy,NA,NA,NA,NA,NA,NA,NA,NA,NA,NA,NA,-0.029247077486836304,0.6433969111946478,-1.2902818511926613,1.2317876962189886,-0.04545728612922753,0.9637428204116126,-0.029247077486836304,0.6433969111946478,-1.2902818511926613,1.2317876962189886,-0.04545728612922753,0.9637428204116126,NA,NA,NA,NA,NA,NA,NA,no data
Exercise group:Light therapy + AD,Exercise group,Light therapy + AD,NA,NA,NA,NA,NA,NA,NA,NA,NA,NA,NA,0.3069392365995989,0.5539728012779828,-0.7788275023200115,1.3927059755192093,0.5540691454372996,0.5795315252364404,0.3069392365995989,0.5539728012779828,-0.7788275023200115,1.3927059755192093,0.5540691454372996,0.5795315252364404,NA,NA,NA,NA,NA,NA,NA,no data
Exercise group:Mindfulness or meditation group,Exercise group,Mindfulness or meditation group,NA,NA,NA,NA,NA,NA,NA,NA,NA,NA,NA,3.3466182578877577,0.9435270090239946,1.4973393017599301,5.195897214015585,3.5469236448775052,3.8975753505531534e-4,3.3466182578877577,0.9435270090239946,1.4973393017599301,5.195897214015585,3.5469236448775052,3.8975753505531534e-4,NA,NA,NA,NA,NA,NA,NA,no data
Exercise group:Mirtazapine,Exercise group,Mirtazapine,NA,NA,NA,NA,NA,NA,NA,NA,NA,NA,NA,-0.20385925389686355,0.38385539935231616,-0.9562020118986426,0.5484835041049155,-0.5310834607011852,0.5953609448733532,-0.20385925389686355,0.38385539935231616,-0.9562020118986426,0.5484835041049155,-0.5310834607011852,0.5953609448733532,NA,NA,NA,NA,NA,NA,NA,no data
Exercise group:Music therapy group,Exercise group,Music therapy group,NA,NA,NA,NA,NA,NA,NA,NA,NA,NA,NA,-0.12225674553858301,0.8051597596095897,-1.7003408761743062,1.4558273850971402,-0.15184159923474508,0.8793118710750685,-0.12225674553858301,0.8051597596095897,-1.7003408761743062,1.4558273850971402,-0.15184159923474508,0.8793118710750685,NA,NA,NA,NA,NA,NA,NA,no data
Exercise group:No treatment,Exercise group,No treatment,-0.3677203970227386,0.6564153936457762,-1.654270927466142,0.9188301334206647,-0.5601946581118311,0.5753466702768901,NA,0,NA,NA,NA,-0.9920932552376949,0.4633365825447008,-1.900216269745178,-0.08397024073021164,-2.1411934490235978,0.032258441114931674,-0.7844588739786724,0.37853529806606057,-1.5263744250652853,-0.04254332289205953,-2.072353299643331,0.038232505166016416,0.62437285821495625,0.8034687036464716,-0.9503968636372137,2.199142580067126,0.7770966751801225,0.4371017354347014,0.7770966751801225,no
Exercise group:Peer support group,Exercise group,Peer support group,NA,NA,NA,NA,NA,NA,NA,NA,NA,NA,NA,0.4578821053685007,0.7494593420024434,-1.011031212833375,1.9267954235703764,0.6109498937528861,0.5412327524154141,0.4578821053685007,0.7494593420024434,-1.011031212833375,1.9267954235703764,0.6109498937528861,0.5412327524154141,NA,NA,NA,NA,NA,NA,NA,no data
Exercise group:Peer support group + AD,Exercise group,Peer support group + AD,NA,NA,NA,NA,NA,NA,NA,NA,NA,NA,NA,0.578820826979042,0.7487300959254182,-0.8886631951759971,2.0463048491340814,0.7730700690796046,0.4394809136092156,0.578820826979042,0.7487300959254182,-0.8886631951759971,2.0463048491340814,0.7730700690796046,0.4394809136092156,NA,NA,NA,NA,NA,NA,NA,no data
Exercise group:Placebo,Exercise group,Placebo,-0.15823231426606743,0.6076750124135628,-1.3492534529015807,1.0327888243694456,-0.26038970014185797,0.7945631871049896,NA,0,NA,NA,NA,-1.3186447581103706,0.45715874366239606,-2.2146594309062455,-0.42263008531449586,-2.8844351691633996,0.003921164864885366,-0.8992519244480848,0.36532188717831915,-1.6152696660817951,-0.18323418281437442,-2.4615331191726444,0.01383446242220008,1.160412443844303,0.7604360838484744,-0.33001489304338705,2.6508397807319932,1.5259828781027815,0.127014128640749,1.5259828781027815,no
Exercise group:Problem solving group,Exercise group,Problem solving group,NA,NA,NA,NA,NA,NA,NA,NA,NA,NA,NA,2.096078473946715,0.6998190742073576,0.7244582928061312,3.467698655087299,2.9951719682988287,0.002742901523869443,2.096078473946715,0.6998190742073576,0.7244582928061312,3.467698655087299,2.9951719682988287,0.002742901523869443,NA,NA,NA,NA,NA,NA,NA,no data
Exercise group:Problem solving individual,Exercise group,Problem solving individual,NA,NA,NA,NA,NA,NA,NA,NA,NA,NA,NA,0.0772928401959132,0.4736032751055401,-0.8509525219711603,1.0055382023629869,0.16320165898069197,0.8703596600431156,0.0772928401959132,0.4736032751055401,-0.8509525219711603,1.0055382023629869,0.16320165898069197,0.8703596600431156,NA,NA,NA,NA,NA,NA,NA,no data
Exercise group:Psychoeducation group,Exercise group,Psychoeducation group,NA,NA,NA,NA,NA,NA,NA,NA,NA,NA,NA,0.4511038306520394,0.7297440015197342,-0.9791681302607818,1.8813757915648606,0.6181672335950547,0.5364651066889146,0.4511038306520394,0.7297440015197342,-0.9791681302607818,1.8813757915648606,0.6181672335950547,0.5364651066889146,NA,NA,NA,NA,NA,NA,NA,no data
Exercise group:Psychoeducation group + AD,Exercise group,Psychoeducation group + AD,NA,NA,NA,NA,NA,NA,NA,NA,NA,NA,NA,-0.4408765988453007,0.6989944036009653,-1.8108804552982471,0.9291272576076457,-0.6307297977981864,0.5282172121707626,-0.4408765988453007,0.6989944036009653,-1.8108804552982471,0.9291272576076457,-0.6307297977981864,0.5282172121707626,NA,NA,NA,NA,NA,NA,NA,no data
Exercise group:Relaxation individual + AD,Exercise group,Relaxation individual + AD,NA,NA,NA,NA,NA,NA,NA,NA,NA,NA,NA,-0.11098925023994077,0.7187066197683306,-1.5196283404363913,1.2976498399565097,-0.1544291470081593,0.8772713733208735,-0.11098925023994077,0.7187066197683306,-1.5196283404363913,1.2976498399565097,-0.1544291470081593,0.8772713733208735,NA,NA,NA,NA,NA,NA,NA,no data
Exercise group:Relaxation individual + placebo,Exercise group,Relaxation individual + placebo,NA,NA,NA,NA,NA,NA,NA,NA,NA,NA,NA,-0.7434167518443973,0.7114335660783219,-2.1378009187508047,0.65096741506201,-1.0449559695958377,0.29604331990206145,-0.7434167518443973,0.7114335660783219,-2.1378009187508047,0.65096741506201,-1.0449559695958377,0.29604331990206145,NA,NA,NA,NA,NA,NA,NA,no data
Exercise group:Self-help,Exercise group,Self-help,NA,NA,NA,NA,NA,NA,NA,NA,NA,NA,NA,-0.24954238916530036,0.4379141376466695,-1.1078383272736883,0.6087535489430874,-0.5698431900516611,0.5687840589775663,-0.24954238916530036,0.4379141376466695,-1.1078383272736883,0.6087535489430874,-0.5698431900516611,0.5687840589775663,NA,NA,NA,NA,NA,NA,NA,no data
Exercise group:Self-help with support,Exercise group,Self-help with support,NA,NA,NA,NA,NA,NA,NA,NA,NA,NA,NA,-0.27027415183115533,0.434568497201819,-1.1220127551624155,0.581464451500105,-0.6219368260042942,0.5339834089342909,-0.27027415183115533,0.434568497201819,-1.1220127551624155,0.581464451500105,-0.6219368260042942,0.5339834089342909,NA,NA,NA,NA,NA,NA,NA,no data
Exercise group:Sham acupuncture,Exercise group,Sham acupuncture,NA,NA,NA,NA,NA,NA,NA,NA,NA,NA,NA,-0.7485985735377447,0.5254801329097168,-1.7785207086321102,0.28132356155662075,-1.4245991934891324,0.15427309331045308,-0.7485985735377447,0.5254801329097168,-1.7785207086321102,0.28132356155662075,-1.4245991934891324,0.15427309331045308,NA,NA,NA,NA,NA,NA,NA,no data
Exercise group:Short-term psychodynamic psychotherapies individual,Exercise group,Short-term psychodynamic psychotherapies individual,NA,NA,NA,NA,NA,NA,NA,NA,NA,NA,NA,-0.18948164573122517,0.48303124196039665,-1.136205483381255,0.7572421919188046,-0.39227617029947853,0.6948541688735153,-0.18948164573122517,0.48303124196039665,-1.136205483381255,0.7572421919188046,-0.39227617029947853,0.6948541688735153,NA,NA,NA,NA,NA,NA,NA,no data
Exercise group:Short-term psychodynamic psychotherapies individual + AD,Exercise group,Short-term psychodynamic psychotherapies individual + AD,NA,NA,NA,NA,NA,NA,NA,NA,NA,NA,NA,-0.39724341804762897,0.6910165053810334,-1.7516108813171827,0.9571240452219247,-0.5748682049621737,0.5653804346625602,-0.39724341804762897,0.6910165053810334,-1.7516108813171827,0.9571240452219247,-0.5748682049621737,0.5653804346625602,NA,NA,NA,NA,NA,NA,NA,no data
Exercise group:SNRIs,Exercise group,SNRIs,NA,NA,NA,NA,NA,NA,NA,NA,NA,NA,NA,-0.1879270399395896,0.3697278499254235,-0.9125803098748496,0.5367262299956704,-0.5082847829220755,0.6112536401630781,-0.1879270399395896,0.3697278499254235,-0.9125803098748496,0.5367262299956704,-0.5082847829220755,0.6112536401630781,NA,NA,NA,NA,NA,NA,NA,no data
Exercise group:SSRIs,Exercise group,SSRIs,-0.15823231426606743,0.6076750124135628,-1.3492534529015807,1.0327888243694456,-0.26038970014185797,0.7945631871049896,NA,0,NA,NA,NA,-0.5000597012763391,0.45448470517674694,-1.3908333549470675,0.39071395239438933,-1.1002783934871214,0.27121084321055505,-0.37744157321382765,0.36395299015671717,-1.090776325986654,0.33589317955899867,-1.0370613332543368,0.2997072740895121,0.3418273870102717,0.758831514864412,-1.145455052457946,1.8291098264784895,0.4504654594786425,0.6523748543506198,0.4504654594786425,no
Exercise group:TAU,Exercise group,TAU,-1.615128996269228,0.6592025769698098,-2.9071423056460475,-0.3231156868924081,-2.4501254283525014,0.014280645901731153,NA,0,NA,NA,NA,0.050207505688899375,0.4973476463197513,-0.9245759688935777,1.0249909802713766,0.10095052436745687,0.919589735284756,-0.5538798052308787,0.39702490677384933,-1.3320343234729957,0.22427471301123836,-1.3950757138427488,0.16299300890349652,-1.6653365019581272,0.8257740119327045,-3.283823824715377,-0.04684917920087783,-2.0166976411142397,0.04372707625711439,-2.0166976411142397,YES
Exercise group:TCAs,Exercise group,TCAs,NA,NA,NA,NA,NA,NA,NA,NA,NA,NA,NA,-0.2719094755248159,0.36753070064086385,-0.9922564119936811,0.44843746094404924,-0.7398279247167296,0.4594044125708974,-0.2719094755248159,0.36753070064086385,-0.9922564119936811,0.44843746094404924,-0.7398279247167296,0.4594044125708974,NA,NA,NA,NA,NA,NA,NA,no data
Exercise group:Trazodone,Exercise group,Trazodone,NA,NA,NA,NA,NA,NA,NA,NA,NA,NA,NA,-0.4990904231992359,0.40230138340013355,-1.2875866455941374,0.28940579919566567,-1.240588384213521,0.21475784517963342,-0.4990904231992359,0.40230138340013355,-1.2875866455941374,0.28940579919566567,-1.240588384213521,0.21475784517963342,NA,NA,NA,NA,NA,NA,NA,no data
Exercise group:Waitlist,Exercise group,Waitlist,NA,NA,NA,NA,NA,NA,NA,NA,NA,NA,NA,-1.5729677541260543,0.4206856532771138,-2.397496483361902,-0.74843902489020675,-3.739057279164949,1.8471164032950478e-4,-1.5729677541260543,0.4206856532771138,-2.397496483361902,-0.74843902489020675,-3.739057279164949,1.8471164032950478e-4,NA,NA,NA,NA,NA,NA,NA,no data
Exercise group:Yoga group,Exercise group,Yoga group,NA,NA,NA,NA,NA,NA,NA,NA,NA,NA,NA,-0.014796670610525808,0.6086377113450658,-1.20770466447974,1.1781113232586884,-0.024311130143128558,0.9806044351854483,-0.014796670610525808,0.6086377113450658,-1.20770466447974,1.1781113232586884,-0.024311130143128558,0.9806044351854483,NA,NA,NA,NA,NA,NA,NA,no data
Exercise group:Yoga group + AD,Exercise group,Yoga group + AD,NA,NA,NA,NA,NA,NA,NA,NA,NA,NA,NA,0.9587438385830209,0.8168900522033923,-0.6423312430646722,2.559818920230714,1.1736510145973835,0.24053483859353855,0.9587438385830209,0.8168900522033923,-0.6423312430646722,2.559818920230714,1.1736510145973835,0.24053483859353855,NA,NA,NA,NA,NA,NA,NA,no data
Exercise group + AD:Exercise individual,Exercise group + AD,Exercise individual,NA,NA,NA,NA,NA,NA,NA,NA,NA,NA,NA,-2.69106155117512,0.7260215638151462,-4.114037668252255,-1.2680854340979855,-3.7065862576229165,2.1007170951089013e-4,-2.69106155117512,0.7260215638151462,-4.114037668252255,-1.2680854340979855,-3.7065862576229165,2.1007170951089013e-4,NA,NA,NA,NA,NA,NA,NA,no data
Exercise group + AD:Exercise individual + AD,Exercise group + AD,Exercise individual + AD,NA,NA,NA,NA,NA,NA,NA,NA,NA,NA,NA,-1.996407832860954,0.785904737971514,-3.536752814564509,-0.45606285115739875,-2.54026695145502,0.011076788685600783,-1.996407832860954,0.785904737971514,-3.536752814564509,-0.45606285115739875,-2.54026695145502,0.011076788685600783,NA,NA,NA,NA,NA,NA,NA,no data
Exercise group + AD:Interpersonal psychotherapy (IPT) individual,Exercise group + AD,Interpersonal psychotherapy (IPT) individual,NA,NA,NA,NA,NA,NA,NA,NA,NA,NA,NA,-2.8906106000375655,0.7128047839574535,-4.287682304602028,-1.4935388954731028,-4.055262626029321,5.007800529093673e-5,-2.8906106000375655,0.7128047839574535,-4.287682304602028,-1.4935388954731028,-4.055262626029321,5.007800529093673e-5,NA,NA,NA,NA,NA,NA,NA,no data
Exercise group + AD:Interpersonal psychotherapy (IPT) individual + AD,Exercise group + AD,Interpersonal psychotherapy (IPT) individual + AD,NA,NA,NA,NA,NA,NA,NA,NA,NA,NA,NA,-2.6358661417774822,0.7394569322061857,-4.085175097020082,-1.1865571865348823,-3.564597242889209,3.644153303077319e-4,-2.6358661417774822,0.7394569322061857,-4.085175097020082,-1.1865571865348823,-3.564597242889209,3.644153303077319e-4,NA,NA,NA,NA,NA,NA,NA,no data
Exercise group + AD:Interpersonal psychotherapy (IPT) individual + placebo,Exercise group + AD,Interpersonal psychotherapy (IPT) individual + placebo,NA,NA,NA,NA,NA,NA,NA,NA,NA,NA,NA,-2.9318279366675517,0.7667004289513599,-4.434533164343628,-1.429122708991476,-3.823954997230801,1.3132789580886866e-4,-2.9318279366675517,0.7667004289513599,-4.434533164343628,-1.429122708991476,-3.823954997230801,1.3132789580886866e-4,NA,NA,NA,NA,NA,NA,NA,no data
Exercise group + AD:Light therapy,Exercise group + AD,Light therapy,NA,NA,NA,NA,NA,NA,NA,NA,NA,NA,NA,-2.5766840529026123,0.8268370862133841,-4.197254962962885,-0.95611314284234,-3.1163140791167177,0.0018312711504684291,-2.5766840529026123,0.8268370862133841,-4.197254962962885,-0.95611314284234,-3.1163140791167177,0.0018312711504684291,NA,NA,NA,NA,NA,NA,NA,no data
Exercise group + AD:Light therapy + AD,Exercise group + AD,Light therapy + AD,NA,NA,NA,NA,NA,NA,NA,NA,NA,NA,NA,-2.240497738816177,0.7594116258605399,-3.7289171749438412,-0.752078302688513,-2.9503073992017437,0.003174579040469848,-2.240497738816177,0.7594116258605399,-3.7289171749438412,-0.752078302688513,-2.9503073992017437,0.003174579040469848,NA,NA,NA,NA,NA,NA,NA,no data
Exercise group + AD:Mindfulness or meditation group,Exercise group + AD,Mindfulness or meditation group,NA,NA,NA,NA,NA,NA,NA,NA,NA,NA,NA,0.7991812824719808,1.0969225514632297,-1.3507474122257328,2.9491099771696945,0.7285667355511293,0.4662667325832422,0.7991812824719808,1.0969225514632297,-1.3507474122257328,2.9491099771696945,0.7285667355511293,0.4662667325832422,NA,NA,NA,NA,NA,NA,NA,no data
Exercise group + AD:Mirtazapine,Exercise group + AD,Mirtazapine,NA,NA,NA,NA,NA,NA,NA,NA,NA,NA,NA,-2.7512962293126395,0.64595619826584,-4.0173471135041,-1.4852453451211787,-4.259261288457143,2.0510360521146436e-5,-2.7512962293126395,0.64595619826584,-4.0173471135041,-1.4852453451211787,-4.259261288457143,2.0510360521146436e-5,NA,NA,NA,NA,NA,NA,NA,no data
Exercise group + AD:Music therapy group,Exercise group + AD,Music therapy group,NA,NA,NA,NA,NA,NA,NA,NA,NA,NA,NA,-2.669693720954359,0.9804479107252011,-4.591336314693295,-0.7480511272154231,-2.7229327450753456,0.006470522878803617,-2.669693720954359,0.9804479107252011,-4.591336314693295,-0.7480511272154231,-2.7229327450753456,0.006470522878803617,NA,NA,NA,NA,NA,NA,NA,no data
Exercise group + AD:No treatment,Exercise group + AD,No treatment,NA,NA,NA,NA,NA,NA,NA,NA,NA,NA,NA,-3.3318958493944484,0.6754885928221122,-4.655829163293429,-2.0079625354954675,-4.932571600468008,8.115401620358585e-7,-3.3318958493944484,0.6754885928221122,-4.655829163293429,-2.0079625354954675,-4.932571600468008,8.115401620358585e-7,NA,NA,NA,NA,NA,NA,NA,no data
Exercise group + AD:Peer support group,Exercise group + AD,Peer support group,NA,NA,NA,NA,NA,NA,NA,NA,NA,NA,NA,-2.0895548700472752,0.921899569418671,-3.8964448234708535,-0.28266491662369697,-2.2665753834388935,0.023416177285616454,-2.0895548700472752,0.921899569418671,-3.8964448234708535,-0.28266491662369697,-2.2665753834388935,0.023416177285616454,NA,NA,NA,NA,NA,NA,NA,no data
Exercise group + AD:Peer support group + AD,Exercise group + AD,Peer support group + AD,NA,NA,NA,NA,NA,NA,NA,NA,NA,NA,NA,-1.968616148436734,0.9213068258316984,-3.774344345777779,-0.1628879510956891,-2.1367649660682693,0.032617112963652994,-1.968616148436734,0.9213068258316984,-3.774344345777779,-0.1628879510956891,-2.1367649660682693,0.032617112963652994,NA,NA,NA,NA,NA,NA,NA,no data
Exercise group + AD:Placebo,Exercise group + AD,Placebo,NA,NA,NA,NA,NA,NA,NA,NA,NA,NA,NA,-3.4466888998638607,0.635768760658474,-4.692772773250135,-2.2006050264775867,-5.4212932643844916,5.916939825212626e-8,-3.4466888998638607,0.635768760658474,-4.692772773250135,-2.2006050264775867,-5.4212932643844916,5.916939825212626e-8,NA,NA,NA,NA,NA,NA,NA,no data
Exercise group + AD:Problem solving group,Exercise group + AD,Problem solving group,NA,NA,NA,NA,NA,NA,NA,NA,NA,NA,NA,-0.45135850146906087,0.8813588225046448,-2.1787900510347944,1.2760730480966727,-0.5121166203186015,0.6085693931595879,-0.45135850146906087,0.8813588225046448,-2.1787900510347944,1.2760730480966727,-0.5121166203186015,0.6085693931595879,NA,NA,NA,NA,NA,NA,NA,no data
Exercise group + AD:Problem solving individual,Exercise group + AD,Problem solving individual,NA,NA,NA,NA,NA,NA,NA,NA,NA,NA,NA,-2.4701441352198628,0.7148390747430683,-3.8712029764582123,-1.0690852939815134,-3.4555247782274585,5.492227081674317e-4,-2.4701441352198628,0.7148390747430683,-3.8712029764582123,-1.0690852939815134,-3.4555247782274585,5.492227081674317e-4,NA,NA,NA,NA,NA,NA,NA,no data
Exercise group + AD:Psychoeducation group,Exercise group + AD,Psychoeducation group,NA,NA,NA,NA,NA,NA,NA,NA,NA,NA,NA,-2.0963331447637366,0.9195227973818114,-3.898564710595608,-0.29410157893186506,-2.279805515135348,0.022619225770649558,-2.0963331447637366,0.9195227973818114,-3.898564710595608,-0.29410157893186506,-2.279805515135348,0.022619225770649558,NA,NA,NA,NA,NA,NA,NA,no data
Exercise group + AD:Psychoeducation group + AD,Exercise group + AD,Psychoeducation group + AD,NA,NA,NA,NA,NA,NA,NA,NA,NA,NA,NA,-2.9883135742610767,0.8794362530938894,-4.711976957023952,-1.2646501914982022,-3.3979877037682704,6.7883471160143e-4,-2.9883135742610767,0.8794362530938894,-4.711976957023952,-1.2646501914982022,-3.3979877037682704,6.7883471160143e-4,NA,NA,NA,NA,NA,NA,NA,no data
Exercise group + AD:Relaxation individual + AD,Exercise group + AD,Relaxation individual + AD,NA,NA,NA,NA,NA,NA,NA,NA,NA,NA,NA,-2.6584262256557167,0.8881926270407772,-4.399251785989656,-0.9176006653217774,-2.9930739624724083,0.0027618280892008286,-2.6584262256557167,0.8881926270407772,-4.399251785989656,-0.9176006653217774,-2.9930739624724083,0.0027618280892008286,NA,NA,NA,NA,NA,NA,NA,no data
Exercise group + AD:Relaxation individual + placebo,Exercise group + AD,Relaxation individual + placebo,NA,NA,NA,NA,NA,NA,NA,NA,NA,NA,NA,-3.2908537272601732,0.8823063381721806,-5.020142373409064,-1.561565081111282,-3.729831221747348,1.9160807607753006e-4,-3.2908537272601732,0.8823063381721806,-5.020142373409064,-1.561565081111282,-3.729831221747348,1.9160807607753006e-4,NA,NA,NA,NA,NA,NA,NA,no data
Exercise group + AD:Self-help,Exercise group + AD,Self-help,NA,NA,NA,NA,NA,NA,NA,NA,NA,NA,NA,-2.7969793645810763,0.6942927040908639,-4.157768059328094,-1.4361906698340585,-4.028530543531433,5.612656973706312e-5,-2.7969793645810763,0.6942927040908639,-4.157768059328094,-1.4361906698340585,-4.028530543531433,5.612656973706312e-5,NA,NA,NA,NA,NA,NA,NA,no data
Exercise group + AD:Self-help with support,Exercise group + AD,Self-help with support,NA,NA,NA,NA,NA,NA,NA,NA,NA,NA,NA,-2.8177111272469313,0.6921402176785743,-4.17428102614865,-1.4611412283452128,-4.071011993346498,4.680933912085518e-5,-2.8177111272469313,0.6921402176785743,-4.17428102614865,-1.4611412283452128,-4.071011993346498,4.680933912085518e-5,NA,NA,NA,NA,NA,NA,NA,no data
Exercise group + AD:Sham acupuncture,Exercise group + AD,Sham acupuncture,NA,NA,NA,NA,NA,NA,NA,NA,NA,NA,NA,-3.2960355489535207,0.7427360926570966,-4.751771540579434,-1.840299557327607,-4.437694063260261,9.092773178673894e-6,-3.2960355489535207,0.7427360926570966,-4.751771540579434,-1.840299557327607,-4.437694063260261,9.092773178673894e-6,NA,NA,NA,NA,NA,NA,NA,no data
Exercise group + AD:Short-term psychodynamic psychotherapies individual,Exercise group + AD,Short-term psychodynamic psychotherapies individual,NA,NA,NA,NA,NA,NA,NA,NA,NA,NA,NA,-2.736918621147001,0.7180950556801121,-4.144359067756305,-1.329478174537697,-3.811359790738079,1.3820443820291323e-4,-2.736918621147001,0.7180950556801121,-4.144359067756305,-1.329478174537697,-3.811359790738079,1.3820443820291323e-4,NA,NA,NA,NA,NA,NA,NA,no data
Exercise group + AD:Short-term psychodynamic psychotherapies individual + AD,Exercise group + AD,Short-term psychodynamic psychotherapies individual + AD,NA,NA,NA,NA,NA,NA,NA,NA,NA,NA,NA,-2.944680393463405,0.8726802996776627,-4.655102350849245,-1.234258436077565,-3.374294566465023,7.400513030771724e-4,-2.944680393463405,0.8726802996776627,-4.655102350849245,-1.234258436077565,-3.374294566465023,7.400513030771724e-4,NA,NA,NA,NA,NA,NA,NA,no data
Exercise group + AD:SNRIs,Exercise group + AD,SNRIs,NA,NA,NA,NA,NA,NA,NA,NA,NA,NA,NA,-2.7353640153553656,0.6377847097773625,-3.9853990764093266,-1.4853289543014045,-4.28885166643494,1.7959926258295276e-5,-2.7353640153553656,0.6377847097773625,-3.9853990764093266,-1.4853289543014045,-4.28885166643494,1.7959926258295276e-5,NA,NA,NA,NA,NA,NA,NA,no data
Exercise group + AD:SSRIs,Exercise group + AD,SSRIs,-2.924878548629608,0.6332531709409023,-4.1660319567695625,-1.6837251404896536,-4.618813900740134,3.859397968329381e-6,NA,0,NA,NA,NA,NA,NA,NA,NA,NA,NA,-2.9248785486296036,0.6332531709409029,-4.16603195676956,-1.6837251404896478,-4.618813900740123,3.859397968329596e-6,NA,NA,NA,NA,NA,NA,NA,no data
Exercise group + AD:TAU,Exercise group + AD,TAU,NA,NA,NA,NA,NA,NA,NA,NA,NA,NA,NA,-3.1013167806466546,0.6910021406328154,-4.455656089527054,-1.7469774717662552,-4.488143521243637,7.184652222402712e-6,-3.1013167806466546,0.6910021406328154,-4.455656089527054,-1.7469774717662552,-4.488143521243637,7.184652222402712e-6,NA,NA,NA,NA,NA,NA,NA,no data
Exercise group + AD:TCAs,Exercise group + AD,TCAs,NA,NA,NA,NA,NA,NA,NA,NA,NA,NA,NA,-2.819346450940592,0.6375859097429433,-4.068991871086966,-1.5697010307942179,-4.421908338716697,9.783296149159137e-6,-2.819346450940592,0.6375859097429433,-4.068991871086966,-1.5697010307942179,-4.421908338716697,9.783296149159137e-6,NA,NA,NA,NA,NA,NA,NA,no data
Exercise group + AD:Trazodone,Exercise group + AD,Trazodone,NA,NA,NA,NA,NA,NA,NA,NA,NA,NA,NA,-3.046527398615012,0.6568554038815518,-4.333940333273365,-1.7591144639566594,-4.6380487708743585,3.5171380384795328e-6,-3.046527398615012,0.6568554038815518,-4.333940333273365,-1.7591144639566594,-4.6380487708743585,3.5171380384795328e-6,NA,NA,NA,NA,NA,NA,NA,no data
Exercise group + AD:Waitlist,Exercise group + AD,Waitlist,NA,NA,NA,NA,NA,NA,NA,NA,NA,NA,NA,-4.12040472954183,0.6811923783011126,-5.4555172575551945,-2.785292201528466,-6.048812142933955,1.4591768340252415e-9,-4.12040472954183,0.6811923783011126,-5.4555172575551945,-2.785292201528466,-6.048812142933955,1.4591768340252415e-9,NA,NA,NA,NA,NA,NA,NA,no data
Exercise group + AD:Yoga group,Exercise group + AD,Yoga group,NA,NA,NA,NA,NA,NA,NA,NA,NA,NA,NA,-2.5622336460263018,0.8060488164094749,-4.14206029597001,-0.9824069960825932,-3.17875740757205,0.0014790782426301133,-2.5622336460263018,0.8060488164094749,-4.14206029597001,-0.9824069960825932,-3.17875740757205,0.0014790782426301133,NA,NA,NA,NA,NA,NA,NA,no data
Exercise group + AD:Yoga group + AD,Exercise group + AD,Yoga group + AD,NA,NA,NA,NA,NA,NA,NA,NA,NA,NA,NA,-1.588693136832755,0.9775064542848066,-3.5045705818864246,0.32718430822091427,-1.625250789771126,0.1041091323025241,-1.588693136832755,0.9775064542848066,-3.5045705818864246,0.32718430822091427,-1.625250789771126,0.1041091323025241,NA,NA,NA,NA,NA,NA,NA,no data
Exercise individual:Exercise individual + AD,Exercise individual,Exercise individual + AD,0.30737418543697564,0.6806699624641269,-1.0267144263509433,1.6414627972248945,0.45157595073570633,0.6515744984227696,NA,0,NA,NA,NA,1.2528388617183839,0.8171719477733445,-0.34878872509381686,2.8544664485305846,1.533139830768981,0.1252414055691538,0.6946537183141661,0.5230016615684304,-0.3304107022145635,1.7197181388428957,1.3282055667490005,0.18411020590261112,-0.9454646762814083,1.063523196751532,-3.0299318386373164,1.1390024860744996,-0.8889929990895108,0.37400684233367426,-0.8889929990895108,no
Exercise individual:Interpersonal psychotherapy (IPT) individual,Exercise individual,Interpersonal psychotherapy (IPT) individual,NA,NA,NA,NA,NA,NA,NA,NA,NA,NA,NA,-0.1995490488624454,0.47057554608457364,-1.121860171193478,0.7227620734685871,-0.42405316324401965,0.6715270421306662,-0.1995490488624454,0.47057554608457364,-1.121860171193478,0.7227620734685871,-0.42405316324401965,0.6715270421306662,NA,NA,NA,NA,NA,NA,NA,no data
Exercise individual:Interpersonal psychotherapy (IPT) individual + AD,Exercise individual,Interpersonal psychotherapy (IPT) individual + AD,NA,NA,NA,NA,NA,NA,NA,NA,NA,NA,NA,0.055195409397637896,0.5100013305964045,-0.9443888306388203,1.0547796494340962,0.10822601057352423,0.9138164126787582,0.055195409397637896,0.5100013305964045,-0.9443888306388203,1.0547796494340962,0.10822601057352423,0.9138164126787582,NA,NA,NA,NA,NA,NA,NA,no data
Exercise individual:Interpersonal psychotherapy (IPT) individual + placebo,Exercise individual,Interpersonal psychotherapy (IPT) individual + placebo,NA,NA,NA,NA,NA,NA,NA,NA,NA,NA,NA,-0.24076638549243157,0.5505955515515932,-1.3199138365815208,0.8383810655966577,-0.4372835647036111,0.6619057130896117,-0.24076638549243157,0.5505955515515932,-1.3199138365815208,0.8383810655966577,-0.4372835647036111,0.6619057130896117,NA,NA,NA,NA,NA,NA,NA,no data
Exercise individual:Light therapy,Exercise individual,Light therapy,NA,NA,NA,NA,NA,NA,NA,NA,NA,NA,NA,0.11437749827250787,0.638536454587807,-1.1371309555354892,1.365885952080505,0.1791244610244559,0.857839975500825,0.11437749827250787,0.638536454587807,-1.1371309555354892,1.365885952080505,0.1791244610244559,0.857839975500825,NA,NA,NA,NA,NA,NA,NA,no data
Exercise individual:Light therapy + AD,Exercise individual,Light therapy + AD,NA,NA,NA,NA,NA,NA,NA,NA,NA,NA,NA,0.45056381235894305,0.5483444423466198,-0.6241715457631316,1.5252991704810177,0.8216802753225178,0.41125888809581074,0.45056381235894305,0.5483444423466198,-0.6241715457631316,1.5252991704810177,0.8216802753225178,0.41125888809581074,NA,NA,NA,NA,NA,NA,NA,no data
Exercise individual:Mindfulness or meditation group,Exercise individual,Mindfulness or meditation group,NA,NA,NA,NA,NA,NA,NA,NA,NA,NA,NA,3.490242833647102,0.939115003297209,1.6496112498433586,5.330874417450845,3.716523345269693,2.0198298584247796e-4,3.490242833647102,0.939115003297209,1.6496112498433586,5.330874417450845,3.716523345269693,2.0198298584247796e-4,NA,NA,NA,NA,NA,NA,NA,no data
Exercise individual:Mirtazapine,Exercise individual,Mirtazapine,NA,NA,NA,NA,NA,NA,NA,NA,NA,NA,NA,-0.06023467813751937,0.3757913520452021,-0.7967721938477277,0.6763028375726889,-0.16028755800179786,0.8726545594331391,-0.06023467813751937,0.3757913520452021,-0.7967721938477277,0.6763028375726889,-0.16028755800179786,0.8726545594331391,NA,NA,NA,NA,NA,NA,NA,no data
Exercise individual:Music therapy group,Exercise individual,Music therapy group,NA,NA,NA,NA,NA,NA,NA,NA,NA,NA,NA,0.021367830220761164,0.7999850068312055,-1.5465739713404305,1.5893096317819528,0.026710288365778975,0.9786908071318093,0.021367830220761164,0.7999850068312055,-1.5465739713404305,1.5893096317819528,0.026710288365778975,0.9786908071318093,NA,NA,NA,NA,NA,NA,NA,no data
Exercise individual:No treatment,Exercise individual,No treatment,-0.6329983634483647,0.5059545988262164,-1.62465115496016,0.35865442806343073,-1.251097163494278,0.21089903030478044,NA,4.166338827030824,0.5974834440465991,0.7729705324568324,0.7599811149510712,-0.6495752244332305,0.5343734455788066,-1.6969279320622657,0.39777748319580475,-1.2155829033189385,0.22414385016893773,-0.6408342982193282,0.36739997896313625,-1.3609250249078486,0.07925642846919212,-1.7442415212648326,0.08111698395093242,0.01657686098486577,0.7358974353897175,-1.4257556086943717,1.4589093306641032,0.022526048043756228,0.9820283339351423,0.022526048043756228,no
Exercise individual:Peer support group,Exercise individual,Peer support group,NA,NA,NA,NA,NA,NA,NA,NA,NA,NA,NA,0.6015066811278449,0.7461891725530261,-0.8609972227298297,2.0640105849855193,0.8061048099503217,0.42018241840818554,0.6015066811278449,0.7461891725530261,-0.8609972227298297,2.0640105849855193,0.8061048099503217,0.42018241840818554,NA,NA,NA,NA,NA,NA,NA,no data
Exercise individual:Peer support group + AD,Exercise individual,Peer support group + AD,NA,NA,NA,NA,NA,NA,NA,NA,NA,NA,NA,0.7224454027383862,0.7454567274262941,-0.7386229350502418,2.1835137405270144,0.9691312401628529,0.3324797125332834,0.7224454027383862,0.7454567274262941,-0.7386229350502418,2.1835137405270144,0.9691312401628529,0.3324797125332834,NA,NA,NA,NA,NA,NA,NA,no data
Exercise individual:Placebo,Exercise individual,Placebo,-0.14384755842369745,0.607057037104329,-1.333657487709777,1.0459623708623824,-0.23695888463768153,0.81268868722214,NA,0,NA,NA,NA,-1.0786299682670768,0.44109786632183656,-1.9431658999153396,-0.2140940366188141,-2.445330278428688,0.01447195450742717,-0.7556273486887406,0.35684305960002405,-1.4550268936378674,-0.05622780373961367,-2.117534104588452,0.0342145440129586,0.9347824098433793,0.7503902811014835,-0.5359555154644152,2.405520335151174,1.245728300839971,0.21286415997508507,1.245728300839971,no
Exercise individual:Problem solving group,Exercise individual,Problem solving group,NA,NA,NA,NA,NA,NA,NA,NA,NA,NA,NA,2.2397030497060593,0.697308809968255,0.8730028960657952,3.606403203346323,3.211924211610093,0.0013184915291943843,2.2397030497060593,0.697308809968255,0.8730028960657952,3.606403203346323,3.211924211610093,0.0013184915291943843,NA,NA,NA,NA,NA,NA,NA,no data
Exercise individual:Problem solving individual,Exercise individual,Problem solving individual,NA,NA,NA,NA,NA,NA,NA,NA,NA,NA,NA,0.22091741595525738,0.470476520511607,-0.7011996198192121,1.1430344517297268,0.46956097982323686,0.6386687081681508,0.22091741595525738,0.470476520511607,-0.7011996198192121,1.1430344517297268,0.46956097982323686,0.6386687081681508,NA,NA,NA,NA,NA,NA,NA,no data
Exercise individual:Psychoeducation group,Exercise individual,Psychoeducation group,NA,NA,NA,NA,NA,NA,NA,NA,NA,NA,NA,0.5947284064113836,0.7240304416350085,-0.8243451829038624,2.0138019957266295,0.8214135376246964,0.41141075503797575,0.5947284064113836,0.7240304416350085,-0.8243451829038624,2.0138019957266295,0.8214135376246964,0.41141075503797575,NA,NA,NA,NA,NA,NA,NA,no data
Exercise individual:Psychoeducation group + AD,Exercise individual,Psychoeducation group + AD,NA,NA,NA,NA,NA,NA,NA,NA,NA,NA,NA,-0.29725202308595655,0.6953728663332485,-1.6601577969255084,1.0656537507535953,-0.42747141494517615,0.6690360011012042,-0.29725202308595655,0.6953728663332485,-1.6601577969255084,1.0656537507535953,-0.42747141494517615,0.6690360011012042,NA,NA,NA,NA,NA,NA,NA,no data
Exercise individual:Relaxation individual + AD,Exercise individual,Relaxation individual + AD,NA,NA,NA,NA,NA,NA,NA,NA,NA,NA,NA,0.0326353255194034,0.7146319653084788,-1.3680175886862922,1.433288239725099,0.04566731842916654,0.9635754127354947,0.0326353255194034,0.7146319653084788,-1.3680175886862922,1.433288239725099,0.04566731842916654,0.9635754127354947,NA,NA,NA,NA,NA,NA,NA,no data
Exercise individual:Relaxation individual + placebo,Exercise individual,Relaxation individual + placebo,NA,NA,NA,NA,NA,NA,NA,NA,NA,NA,NA,-0.5997921760850531,0.7073158466844154,-1.9861057612809616,0.7865214091108554,-0.8479835124529079,0.39644715295215793,-0.5997921760850531,0.7073158466844154,-1.9861057612809616,0.7865214091108554,-0.8479835124529079,0.39644715295215793,NA,NA,NA,NA,NA,NA,NA,no data
Exercise individual:Self-help,Exercise individual,Self-help,NA,NA,NA,NA,NA,NA,NA,NA,NA,NA,NA,-0.10591781340595618,0.43411444240285785,-0.956766485684245,0.7449308588723327,-0.24398592412565842,0.8072417214646712,-0.10591781340595618,0.43411444240285785,-0.956766485684245,0.7449308588723327,-0.24398592412565842,0.8072417214646712,NA,NA,NA,NA,NA,NA,NA,no data
Exercise individual:Self-help with support,Exercise individual,Self-help with support,NA,NA,NA,NA,NA,NA,NA,NA,NA,NA,NA,-0.12664957607181115,0.4302228178926386,-0.969870804468717,0.7165716523250947,-0.2943813549736368,0.7684665126084851,-0.12664957607181115,0.4302228178926386,-0.969870804468717,0.7165716523250947,-0.2943813549736368,0.7684665126084851,NA,NA,NA,NA,NA,NA,NA,no data
Exercise individual:Sham acupuncture,Exercise individual,Sham acupuncture,NA,NA,NA,NA,NA,NA,NA,NA,NA,NA,NA,-0.6049739977784006,0.5204539002082461,-1.625044897799966,0.415096902243165,-1.1623968953567951,0.2450742838137323,-0.6049739977784006,0.5204539002082461,-1.625044897799966,0.415096902243165,-1.1623968953567951,0.2450742838137323,NA,NA,NA,NA,NA,NA,NA,no data
Exercise individual:Short-term psychodynamic psychotherapies individual,Exercise individual,Short-term psychodynamic psychotherapies individual,NA,NA,NA,NA,NA,NA,NA,NA,NA,NA,NA,-0.04585706997188099,0.47886680764779077,-0.9844187663532205,0.8927046264094585,-0.09576163818313572,0.9237098855840464,-0.04585706997188099,0.47886680764779077,-0.9844187663532205,0.8927046264094585,-0.09576163818313572,0.9237098855840464,NA,NA,NA,NA,NA,NA,NA,no data
Exercise individual:Short-term psychodynamic psychotherapies individual + AD,Exercise individual,Short-term psychodynamic psychotherapies individual + AD,NA,NA,NA,NA,NA,NA,NA,NA,NA,NA,NA,-0.2536188422882848,0.6872880421666395,-1.600678651939944,1.0934409673633745,-0.36901390207337914,0.7121173625835668,-0.2536188422882848,0.6872880421666395,-1.600678651939944,1.0934409673633745,-0.36901390207337914,0.7121173625835668,NA,NA,NA,NA,NA,NA,NA,no data
Exercise individual:SNRIs,Exercise individual,SNRIs,NA,NA,NA,NA,NA,NA,NA,NA,NA,NA,NA,-0.044302464180245416,0.3613160293875955,-0.7524688688169482,0.6638639404564574,-0.12261416758989321,0.9024126349890033,-0.044302464180245416,0.3613160293875955,-0.7524688688169482,0.6638639404564574,-0.12261416758989321,0.9024126349890033,NA,NA,NA,NA,NA,NA,NA,no data
Exercise individual:SSRIs,Exercise individual,SSRIs,-0.09198649333944339,0.4528833926780655,-0.9796216321847624,0.7956486455058756,-0.2031129752749235,0.8390467303081137,NA,0.07921531538251705,0,0,0,-0.4601869904622014,0.5721514471746494,-1.581583220626985,0.6612092397025824,-0.8043097552836027,0.4212181051161127,-0.23381699745448348,0.3551024255308331,-0.9298049623177328,0.46217096740876584,-0.6584494518868935,0.5102493677859663,0.36820049712275804,0.7296990104609162,-1.0619832829351536,1.7983842771806695,0.5045922933213014,0.6138452238413031,0.5045922933213014,no
Exercise individual:TAU,Exercise individual,TAU,NA,NA,NA,NA,NA,NA,NA,NA,NA,NA,NA,-0.4102552294715345,0.42783025915953654,-1.2487871289206636,0.4282766699775945,-0.9589205547954279,0.33759876896767727,-0.4102552294715345,0.42783025915953654,-1.2487871289206636,0.4282766699775945,-0.9589205547954279,0.33759876896767727,NA,NA,NA,NA,NA,NA,NA,no data
Exercise individual:TCAs,Exercise individual,TCAs,NA,NA,NA,NA,NA,NA,NA,NA,NA,NA,NA,-0.12828489976547175,0.35969787634821515,-0.833279782723515,0.5767099831925715,-0.3566462528716242,0.721356646723392,-0.12828489976547175,0.35969787634821515,-0.833279782723515,0.5767099831925715,-0.3566462528716242,0.721356646723392,NA,NA,NA,NA,NA,NA,NA,no data
Exercise individual:Trazodone,Exercise individual,Trazodone,NA,NA,NA,NA,NA,NA,NA,NA,NA,NA,NA,-0.35546584743989174,0.3945323906684834,-1.1287351238846055,0.41780342900482204,-0.9009801371127006,0.3675988807100186,-0.35546584743989174,0.3945323906684834,-1.1287351238846055,0.41780342900482204,-0.9009801371127006,0.3675988807100186,NA,NA,NA,NA,NA,NA,NA,no data
Exercise individual:Waitlist,Exercise individual,Waitlist,NA,NA,NA,NA,NA,NA,NA,NA,NA,NA,NA,-1.42934317836671,0.4164964089978362,-2.245661139692733,-0.6130252170406872,-3.4318259353206955,5.995322251256194e-4,-1.42934317836671,0.4164964089978362,-2.245661139692733,-0.6130252170406872,-3.4318259353206955,5.995322251256194e-4,NA,NA,NA,NA,NA,NA,NA,no data
Exercise individual:Yoga group,Exercise individual,Yoga group,NA,NA,NA,NA,NA,NA,NA,NA,NA,NA,NA,0.12882790514881837,0.604849392835977,-1.0566551208806154,1.3143109311782522,0.21299170781139215,0.8313334305015789,0.12882790514881837,0.604849392835977,-1.0566551208806154,1.3143109311782522,0.21299170781139215,0.8313334305015789,NA,NA,NA,NA,NA,NA,NA,no data
Exercise individual:Yoga group + AD,Exercise individual,Yoga group + AD,NA,NA,NA,NA,NA,NA,NA,NA,NA,NA,NA,1.102368414342365,0.8138908608096637,-0.4928283601908774,2.6975651888756076,1.3544425517270486,0.17559522980216852,1.102368414342365,0.8138908608096637,-0.4928283601908774,2.6975651888756076,1.3544425517270486,0.17559522980216852,NA,NA,NA,NA,NA,NA,NA,no data
Exercise individual + AD:Interpersonal psychotherapy (IPT) individual,Exercise individual + AD,Interpersonal psychotherapy (IPT) individual,NA,NA,NA,NA,NA,NA,NA,NA,NA,NA,NA,-0.8942027671766115,0.5425164987967648,-1.9575155658370378,0.16911003148381476,-1.648249904214607,0.09930140002296142,-0.8942027671766115,0.5425164987967648,-1.9575155658370378,0.16911003148381476,-1.648249904214607,0.09930140002296142,NA,NA,NA,NA,NA,NA,NA,no data
Exercise individual + AD:Interpersonal psychotherapy (IPT) individual + AD,Exercise individual + AD,Interpersonal psychotherapy (IPT) individual + AD,NA,NA,NA,NA,NA,NA,NA,NA,NA,NA,NA,-0.6394583089165282,0.5712274112742339,-1.7590434619960758,0.4801268441630193,-1.1194461195237322,0.2629498649795665,-0.6394583089165282,0.5712274112742339,-1.7590434619960758,0.4801268441630193,-1.1194461195237322,0.2629498649795665,NA,NA,NA,NA,NA,NA,NA,no data
Exercise individual + AD:Interpersonal psychotherapy (IPT) individual + placebo,Exercise individual + AD,Interpersonal psychotherapy (IPT) individual + placebo,NA,NA,NA,NA,NA,NA,NA,NA,NA,NA,NA,-0.9354201038065977,0.6126955183162605,-2.136281253195569,0.26544104558237347,-1.526729143338949,0.12682837738872377,-0.9354201038065977,0.6126955183162605,-2.136281253195569,0.26544104558237347,-1.526729143338949,0.12682837738872377,NA,NA,NA,NA,NA,NA,NA,no data
Exercise individual + AD:Light therapy,Exercise individual + AD,Light therapy,NA,NA,NA,NA,NA,NA,NA,NA,NA,NA,NA,-0.5802762200416582,0.7059941386982842,-1.9639993051866707,0.8034468651033542,-0.8219278153095926,0.41111798113291437,-0.5802762200416582,0.7059941386982842,-1.9639993051866707,0.8034468651033542,-0.8219278153095926,0.41111798113291437,NA,NA,NA,NA,NA,NA,NA,no data
Exercise individual + AD:Light therapy + AD,Exercise individual + AD,Light therapy + AD,NA,NA,NA,NA,NA,NA,NA,NA,NA,NA,NA,-0.24408990595522306,0.6255055225030546,-1.470058202192118,0.9818783902816719,-0.39022821889479176,0.6963677967525637,-0.24408990595522306,0.6255055225030546,-1.470058202192118,0.9818783902816719,-0.39022821889479176,0.6963677967525637,NA,NA,NA,NA,NA,NA,NA,no data
Exercise individual + AD:Mindfulness or meditation group,Exercise individual + AD,Mindfulness or meditation group,NA,NA,NA,NA,NA,NA,NA,NA,NA,NA,NA,2.795589115332935,0.9883279392723512,0.8585019494444373,4.7326762812214325,2.8286047618882106,0.004675139685561581,2.795589115332935,0.9883279392723512,0.8585019494444373,4.7326762812214325,2.8286047618882106,0.004675139685561581,NA,NA,NA,NA,NA,NA,NA,no data
Exercise individual + AD:Mirtazapine,Exercise individual + AD,Mirtazapine,NA,NA,NA,NA,NA,NA,NA,NA,NA,NA,NA,-0.7548883964516855,0.4813033110439227,-1.698225551737653,0.18844875883428203,-1.5684255211425213,0.11678185894817136,-0.7548883964516855,0.4813033110439227,-1.698225551737653,0.18844875883428203,-1.5684255211425213,0.11678185894817136,NA,NA,NA,NA,NA,NA,NA,no data
Exercise individual + AD:Music therapy group,Exercise individual + AD,Music therapy group,NA,NA,NA,NA,NA,NA,NA,NA,NA,NA,NA,-0.673285888093405,0.8572229215805767,-2.3534119411135377,1.006840164926728,-0.7854268372245315,0.43220335089953255,-0.673285888093405,0.8572229215805767,-2.3534119411135377,1.006840164926728,-0.7854268372245315,0.43220335089953255,NA,NA,NA,NA,NA,NA,NA,no data
Exercise individual + AD:No treatment,Exercise individual + AD,No treatment,-0.3803755544782573,0.6809772292367877,-1.7150663980742373,0.9543152891177226,-0.5585730890070542,0.5764531103020487,NA,0,NA,NA,NA,-2.2740447247270508,0.6750494585806895,-3.597117351328465,-0.9509720981256367,-3.3687083158444326,7.552130370918364e-4,-1.3354880165334944,0.47941409102208143,-2.2751223686177813,-0.39585366444920767,-2.7856670080062016,0.005341771490470745,1.8936691702487933,0.9588648279445308,0.014328641435317868,3.7730096990622686,1.9749073227643092,0.04827866624572493,1.9749073227643092,YES
Exercise individual + AD:Peer support group,Exercise individual + AD,Peer support group,NA,NA,NA,NA,NA,NA,NA,NA,NA,NA,NA,-0.09314703718632122,0.7781403717720021,-1.6182741407760532,1.4319800664034108,-0.11970467098912281,0.9047171000553316,-0.09314703718632122,0.7781403717720021,-1.6182741407760532,1.4319800664034108,-0.11970467098912281,0.9047171000553316,NA,NA,NA,NA,NA,NA,NA,no data
Exercise individual + AD:Peer support group + AD,Exercise individual + AD,Peer support group + AD,NA,NA,NA,NA,NA,NA,NA,NA,NA,NA,NA,0.027791684424220087,0.777438029306015,-1.495958853227364,1.5515422220758042,0.03574778101481414,0.9714834711382901,0.027791684424220087,0.777438029306015,-1.495958853227364,1.5515422220758042,0.03574778101481414,0.9714834711382901,NA,NA,NA,NA,NA,NA,NA,no data
Exercise individual + AD:Placebo,Exercise individual + AD,Placebo,NA,NA,NA,NA,NA,NA,NA,NA,NA,NA,NA,-1.4502810670029067,0.4672501667750483,-2.366074565652335,-0.5344875683534784,-3.1038642040787674,0.001910109794829805,-1.4502810670029067,0.4672501667750483,-2.366074565652335,-0.5344875683534784,-3.1038642040787674,0.001910109794829805,NA,NA,NA,NA,NA,NA,NA,no data
Exercise individual + AD:Problem solving group,Exercise individual + AD,Problem solving group,NA,NA,NA,NA,NA,NA,NA,NA,NA,NA,NA,1.5450493313918932,0.7569660215160854,0.06142319169979449,3.028675471083992,2.041107906399021,0.041240102689025906,1.5450493313918932,0.7569660215160854,0.06142319169979449,3.028675471083992,2.041107906399021,0.041240102689025906,NA,NA,NA,NA,NA,NA,NA,no data
Exercise individual + AD:Problem solving individual,Exercise individual + AD,Problem solving individual,NA,NA,NA,NA,NA,NA,NA,NA,NA,NA,NA,-0.47373630235890873,0.5564190546523275,-1.5642976097892944,0.616825005071477,-0.8514020114838047,0.3945460747652967,-0.47373630235890873,0.5564190546523275,-1.5642976097892944,0.616825005071477,-0.8514020114838047,0.3945460747652967,NA,NA,NA,NA,NA,NA,NA,no data
Exercise individual + AD:Psychoeducation group,Exercise individual + AD,Psychoeducation group,NA,NA,NA,NA,NA,NA,NA,NA,NA,NA,NA,-0.09992531190278253,0.7868133238212232,-1.6420510891486306,1.4422004653430656,-0.12700002513618744,0.8989403786550286,-0.09992531190278253,0.7868133238212232,-1.6420510891486306,1.4422004653430656,-0.12700002513618744,0.8989403786550286,NA,NA,NA,NA,NA,NA,NA,no data
Exercise individual + AD:Psychoeducation group + AD,Exercise individual + AD,Psychoeducation group + AD,NA,NA,NA,NA,NA,NA,NA,NA,NA,NA,NA,-0.9919057414001227,0.7355853377598245,-2.4336265109651096,0.4498150281648641,-1.3484577390040218,0.1775112039381077,-0.9919057414001227,0.7355853377598245,-2.4336265109651096,0.4498150281648641,-1.3484577390040218,0.1775112039381077,NA,NA,NA,NA,NA,NA,NA,no data
Exercise individual + AD:Relaxation individual + AD,Exercise individual + AD,Relaxation individual + AD,NA,NA,NA,NA,NA,NA,NA,NA,NA,NA,NA,-0.6620183927947627,0.7733138774288024,-2.1776857413002366,0.8536489557107114,-0.8560798042263421,0.39195363871466865,-0.6620183927947627,0.7733138774288024,-2.1776857413002366,0.8536489557107114,-0.8560798042263421,0.39195363871466865,NA,NA,NA,NA,NA,NA,NA,no data
Exercise individual + AD:Relaxation individual + placebo,Exercise individual + AD,Relaxation individual + placebo,NA,NA,NA,NA,NA,NA,NA,NA,NA,NA,NA,-1.2944458943992192,0.7665897048261483,-2.7969341067776603,0.2080423179792219,-1.6885771961844716,0.09130048378241795,-1.2944458943992192,0.7665897048261483,-2.7969341067776603,0.2080423179792219,-1.6885771961844716,0.09130048378241795,NA,NA,NA,NA,NA,NA,NA,no data
Exercise individual + AD:Self-help,Exercise individual + AD,Self-help,NA,NA,NA,NA,NA,NA,NA,NA,NA,NA,NA,-0.8005715317201223,0.5247524657536256,-1.8290674653958163,0.22792440195557173,-1.5256174748419296,0.12710515754939058,-0.8005715317201223,0.5247524657536256,-1.8290674653958163,0.22792440195557173,-1.5256174748419296,0.12710515754939058,NA,NA,NA,NA,NA,NA,NA,no data
Exercise individual + AD:Self-help with support,Exercise individual + AD,Self-help with support,NA,NA,NA,NA,NA,NA,NA,NA,NA,NA,NA,-0.8213032943859773,0.5212871941438083,-1.8430074205097804,0.20040083173782586,-1.5755293888140345,0.11513430034228887,-0.8213032943859773,0.5212871941438083,-1.8430074205097804,0.20040083173782586,-1.5755293888140345,0.11513430034228887,NA,NA,NA,NA,NA,NA,NA,no data
Exercise individual + AD:Sham acupuncture,Exercise individual + AD,Sham acupuncture,NA,NA,NA,NA,NA,NA,NA,NA,NA,NA,NA,-1.2996277160925667,0.5999690569905651,-2.4755454596325333,-0.12370997255260008,-2.1661579058951435,0.030299122539550638,-1.2996277160925667,0.5999690569905651,-2.4755454596325333,-0.12370997255260008,-2.1661579058951435,0.030299122539550638,NA,NA,NA,NA,NA,NA,NA,no data
Exercise individual + AD:Short-term psychodynamic psychotherapies individual,Exercise individual + AD,Short-term psychodynamic psychotherapies individual,NA,NA,NA,NA,NA,NA,NA,NA,NA,NA,NA,-0.7405107882860471,0.5618667013374468,-1.8417492870197656,0.3607277104476714,-1.3179474535923958,0.18752123874627594,-0.7405107882860471,0.5618667013374468,-1.8417492870197656,0.3607277104476714,-1.3179474535923958,0.18752123874627594,NA,NA,NA,NA,NA,NA,NA,no data
Exercise individual + AD:Short-term psychodynamic psychotherapies individual + AD,Exercise individual + AD,Short-term psychodynamic psychotherapies individual + AD,NA,NA,NA,NA,NA,NA,NA,NA,NA,NA,NA,-0.9482725606024509,0.7288018295738394,-2.3766978984340743,0.4801527772291725,-1.3011391054780215,0.19321084437862418,-0.9482725606024509,0.7288018295738394,-2.3766978984340743,0.4801527772291725,-1.3011391054780215,0.19321084437862418,NA,NA,NA,NA,NA,NA,NA,no data
Exercise individual + AD:SNRIs,Exercise individual + AD,SNRIs,NA,NA,NA,NA,NA,NA,NA,NA,NA,NA,NA,-0.7389561824944115,0.4699714829624755,-1.6600833628617429,0.1821709978729198,-1.5723425979729346,0.11587111892120427,-0.7389561824944115,0.4699714829624755,-1.6600833628617429,0.1821709978729198,-1.5723425979729346,0.11587111892120427,NA,NA,NA,NA,NA,NA,NA,no data
Exercise individual + AD:SSRIs,Exercise individual + AD,SSRIs,-0.334269426662711,0.6807755925893048,-1.668565069691661,1.0000262163662388,-0.4910126483696773,0.6234175016689351,NA,0,NA,NA,NA,-1.4500105290144405,0.6377947141477511,-2.7000651982740513,-0.19995585975482966,-2.2734752998886285,0.02299755295104984,-0.9284707157686496,0.46544245472384926,-1.8407211639033085,-0.016220267633990537,-1.9948131210323705,0.04606326576937425,1.1157411023517296,0.932865212589756,-0.7126411167544926,2.944123321457952,1.1960367771184073,0.23168220756970548,1.1960367771184073,no
Exercise individual + AD:TAU,Exercise individual + AD,TAU,NA,NA,NA,NA,NA,NA,NA,NA,NA,NA,NA,-1.1049089477857006,0.5189831095429795,-2.122097151074546,-0.0877207444968553,-2.12898826082932,0.03325523165524153,-1.1049089477857006,0.5189831095429795,-2.122097151074546,-0.0877207444968553,-2.12898826082932,0.03325523165524153,NA,NA,NA,NA,NA,NA,NA,no data
Exercise individual + AD:TCAs,Exercise individual + AD,TCAs,NA,NA,NA,NA,NA,NA,NA,NA,NA,NA,NA,-0.8229386180796379,0.4681504466793123,-1.7404966329174287,0.09461939675815301,-1.757850759124361,0.0787729060250991,-0.8229386180796379,0.4681504466793123,-1.7404966329174287,0.09461939675815301,-1.757850759124361,0.0787729060250991,NA,NA,NA,NA,NA,NA,NA,no data
Exercise individual + AD:Trazodone,Exercise individual + AD,Trazodone,NA,NA,NA,NA,NA,NA,NA,NA,NA,NA,NA,-1.0501195657540578,0.49612737504153587,-2.022511352579864,-0.07772777892825167,-2.116632982943426,0.03429100859541099,-1.0501195657540578,0.49612737504153587,-2.022511352579864,-0.07772777892825167,-2.116632982943426,0.03429100859541099,NA,NA,NA,NA,NA,NA,NA,no data
Exercise individual + AD:Waitlist,Exercise individual + AD,Waitlist,NA,NA,NA,NA,NA,NA,NA,NA,NA,NA,NA,-2.123996896680876,0.510124729824618,-3.123822994760353,-1.1241707986013996,-4.163681492977435,3.131568838886956e-5,-2.123996896680876,0.510124729824618,-3.123822994760353,-1.1241707986013996,-4.163681492977435,3.131568838886956e-5,NA,NA,NA,NA,NA,NA,NA,no data
Exercise individual + AD:Yoga group,Exercise individual + AD,Yoga group,NA,NA,NA,NA,NA,NA,NA,NA,NA,NA,NA,-0.5658258131653477,0.6738742610228711,-1.8865950948787182,0.7549434685480227,-0.8396608178897988,0.4010985888222023,-0.5658258131653477,0.6738742610228711,-1.8865950948787182,0.7549434685480227,-0.8396608178897988,0.4010985888222023,NA,NA,NA,NA,NA,NA,NA,no data
Exercise individual + AD:Yoga group + AD,Exercise individual + AD,Yoga group + AD,NA,NA,NA,NA,NA,NA,NA,NA,NA,NA,NA,0.407714696028199,0.8432807896872758,-1.245085280613357,2.060514672669755,0.48348628477520145,0.6287504957881553,0.407714696028199,0.8432807896872758,-1.245085280613357,2.060514672669755,0.48348628477520145,0.6287504957881553,NA,NA,NA,NA,NA,NA,NA,no data
Interpersonal psychotherapy (IPT) individual:Interpersonal psychotherapy (IPT) individual + AD,Interpersonal psychotherapy (IPT) individual,Interpersonal psychotherapy (IPT) individual + AD,0.30001826224155864,0.6081383828210015,-0.8919110657040361,1.4919475901871533,0.4933388036615106,0.621773214728781,NA,0,NA,NA,NA,0.21200994936618428,0.5908378110691863,-0.9460108810339016,1.37003077976627,0.3588293528177028,0.7197227526516908,0.2547444582600833,0.4237697242298614,-0.5758289389689156,1.085317855489082,0.6011388820261843,0.5477474879090882,0.08800831287537436,0.847892452879002,-1.573830357530794,1.7498469832815426,0.10379655176378076,0.9173308029833943,0.10379655176378076,no
Interpersonal psychotherapy (IPT) individual:Interpersonal psychotherapy (IPT) individual + placebo,Interpersonal psychotherapy (IPT) individual,Interpersonal psychotherapy (IPT) individual + placebo,0.12414548782409296,0.6086932428208462,-1.068871345737659,1.3171623213858452,0.20395410872111833,0.8383893609885771,NA,0,NA,NA,NA,-0.27397797912849137,0.7221614700170965,-1.6893884513845023,1.1414324931275197,-0.3793860383080327,0.7044012168189815,-0.04121733662998617,0.46541927531722393,-0.9534223539624767,0.8709876807025043,-0.08855958232905792,0.9294319304525065,0.3981234669525843,0.9444705673725421,-1.4530048295557083,2.249251763460877,0.4215308350583532,0.6733674997568595,0.4215308350583532,no
Interpersonal psychotherapy (IPT) individual:Light therapy,Interpersonal psychotherapy (IPT) individual,Light therapy,NA,NA,NA,NA,NA,NA,NA,NA,NA,NA,NA,0.31392654713495327,0.6230682413180338,-0.907264765759104,1.5351178600290105,0.5038397503151106,0.6143739918969128,0.31392654713495327,0.6230682413180338,-0.907264765759104,1.5351178600290105,0.5038397503151106,0.6143739918969128,NA,NA,NA,NA,NA,NA,NA,no data
Interpersonal psychotherapy (IPT) individual:Light therapy + AD,Interpersonal psychotherapy (IPT) individual,Light therapy + AD,NA,NA,NA,NA,NA,NA,NA,NA,NA,NA,NA,0.6501128612213884,0.5299697635968234,-0.3886087883235918,1.6888345107663687,1.226698022938464,0.21993611108049313,0.6501128612213884,0.5299697635968234,-0.3886087883235918,1.6888345107663687,1.226698022938464,0.21993611108049313,NA,NA,NA,NA,NA,NA,NA,no data
Interpersonal psychotherapy (IPT) individual:Mindfulness or meditation group,Interpersonal psychotherapy (IPT) individual,Mindfulness or meditation group,NA,NA,NA,NA,NA,NA,NA,NA,NA,NA,NA,3.6897918825095464,0.9437414795739103,1.8400925718281396,5.539491193190953,3.909748551240378,9.239224566450278e-5,3.6897918825095464,0.9437414795739103,1.8400925718281396,5.539491193190953,3.909748551240378,9.239224566450278e-5,NA,NA,NA,NA,NA,NA,NA,no data
Interpersonal psychotherapy (IPT) individual:Mirtazapine,Interpersonal psychotherapy (IPT) individual,Mirtazapine,NA,NA,NA,NA,NA,NA,NA,NA,NA,NA,NA,0.13931437072492603,0.3479703506610913,-0.5426949842585861,0.8213237257084381,0.40036276211536326,0.6888893472592335,0.13931437072492603,0.3479703506610913,-0.5426949842585861,0.8213237257084381,0.40036276211536326,0.6888893472592335,NA,NA,NA,NA,NA,NA,NA,no data
Interpersonal psychotherapy (IPT) individual:Music therapy group,Interpersonal psychotherapy (IPT) individual,Music therapy group,NA,NA,NA,NA,NA,NA,NA,NA,NA,NA,NA,0.22091687908320656,0.8054110764107735,-1.3576598234315467,1.7994935815979598,0.27429083800001675,0.7838611248344759,0.22091687908320656,0.8054110764107735,-1.3576598234315467,1.7994935815979598,0.27429083800001675,0.7838611248344759,NA,NA,NA,NA,NA,NA,NA,no data
Interpersonal psychotherapy (IPT) individual:No treatment,Interpersonal psychotherapy (IPT) individual,No treatment,NA,NA,NA,NA,NA,NA,NA,NA,NA,NA,NA,-0.44128524935688285,0.37906956537362596,-1.184247945124441,0.3016774464106754,-1.1641273519859994,0.24437240559778622,-0.44128524935688285,0.37906956537362596,-1.184247945124441,0.3016774464106754,-1.1641273519859994,0.24437240559778622,NA,NA,NA,NA,NA,NA,NA,no data
Interpersonal psychotherapy (IPT) individual:Peer support group,Interpersonal psychotherapy (IPT) individual,Peer support group,NA,NA,NA,NA,NA,NA,NA,NA,NA,NA,NA,0.8010557299902903,0.7030320847600793,-0.5768618361155753,2.1789732960961556,1.13942983166076,0.25452391934272084,0.8010557299902903,0.7030320847600793,-0.5768618361155753,2.1789732960961556,1.13942983166076,0.25452391934272084,NA,NA,NA,NA,NA,NA,NA,no data
Interpersonal psychotherapy (IPT) individual:Peer support group + AD,Interpersonal psychotherapy (IPT) individual,Peer support group + AD,NA,NA,NA,NA,NA,NA,NA,NA,NA,NA,NA,0.9219944516008316,0.7022546286297113,-0.454399328489953,2.298388231691616,1.312906193868586,0.18921455951440358,0.9219944516008316,0.7022546286297113,-0.454399328489953,2.298388231691616,1.312906193868586,0.18921455951440358,NA,NA,NA,NA,NA,NA,NA,no data
Interpersonal psychotherapy (IPT) individual:Placebo,Interpersonal psychotherapy (IPT) individual,Placebo,-0.5128586250905639,0.6018834393936959,-1.692528489193304,0.6668112390121762,-0.8520896099204678,0.39416435826822355,NA,0,NA,NA,NA,-0.5743448087586843,0.3912906079427948,-1.3412603078153444,0.1925706902979757,-1.467821606499309,0.14215268681574408,-0.5560782998262952,0.3280585808163399,-1.1990613030456438,0.08690470339305345,-1.6950579327708843,0.09006443139203145,0.06148618366812042,0.7178941526998439,-1.3455605003354714,1.4685328676717122,0.08564797949235865,0.9317462564399678,0.08564797949235865,no
Interpersonal psychotherapy (IPT) individual:Problem solving group,Interpersonal psychotherapy (IPT) individual,Problem solving group,NA,NA,NA,NA,NA,NA,NA,NA,NA,NA,NA,2.4392520985685047,0.6805075555718478,1.1054817984402938,3.7730223986967157,3.5844599793146146,3.3777635031239007e-4,2.4392520985685047,0.6805075555718478,1.1054817984402938,3.7730223986967157,3.5844599793146146,3.3777635031239007e-4,NA,NA,NA,NA,NA,NA,NA,no data
Interpersonal psychotherapy (IPT) individual:Problem solving individual,Interpersonal psychotherapy (IPT) individual,Problem solving individual,NA,NA,NA,NA,NA,NA,NA,NA,NA,NA,NA,0.4204664648177028,0.44813259785178344,-0.45785728727016417,1.2987902169055698,0.9382635113653771,0.3481090065604985,0.4204664648177028,0.44813259785178344,-0.45785728727016417,1.2987902169055698,0.9382635113653771,0.3481090065604985,NA,NA,NA,NA,NA,NA,NA,no data
Interpersonal psychotherapy (IPT) individual:Psychoeducation group,Interpersonal psychotherapy (IPT) individual,Psychoeducation group,NA,NA,NA,NA,NA,NA,NA,NA,NA,NA,NA,0.794277455273829,0.7300212813778938,-0.6365379641746234,2.2250928747222813,1.0880195900243532,0.2765864593750475,0.794277455273829,0.7300212813778938,-0.6365379641746234,2.2250928747222813,1.0880195900243532,0.2765864593750475,NA,NA,NA,NA,NA,NA,NA,no data
Interpersonal psychotherapy (IPT) individual:Psychoeducation group + AD,Interpersonal psychotherapy (IPT) individual,Psychoeducation group + AD,NA,NA,NA,NA,NA,NA,NA,NA,NA,NA,NA,-0.09770297422351115,0.6418083591973871,-1.355624243227136,1.1602182947801136,-0.15223075988865822,0.8790049338059256,-0.09770297422351115,0.6418083591973871,-1.355624243227136,1.1602182947801136,-0.15223075988865822,0.8790049338059256,NA,NA,NA,NA,NA,NA,NA,no data
Interpersonal psychotherapy (IPT) individual:Relaxation individual + AD,Interpersonal psychotherapy (IPT) individual,Relaxation individual + AD,NA,NA,NA,NA,NA,NA,NA,NA,NA,NA,NA,0.2321843743818488,0.697591834080845,-1.1350704963258482,1.5994392450895458,0.33283700157955204,0.7392573258972008,0.2321843743818488,0.697591834080845,-1.1350704963258482,1.5994392450895458,0.33283700157955204,0.7392573258972008,NA,NA,NA,NA,NA,NA,NA,no data
Interpersonal psychotherapy (IPT) individual:Relaxation individual + placebo,Interpersonal psychotherapy (IPT) individual,Relaxation individual + placebo,NA,NA,NA,NA,NA,NA,NA,NA,NA,NA,NA,-0.4002431272226077,0.6901313445038978,-1.7528757070524517,0.9523894526072363,-0.5799521068128317,0.5619469154900154,-0.4002431272226077,0.6901313445038978,-1.7528757070524517,0.9523894526072363,-0.5799521068128317,0.5619469154900154,NA,NA,NA,NA,NA,NA,NA,no data
Interpersonal psychotherapy (IPT) individual:Self-help,Interpersonal psychotherapy (IPT) individual,Self-help,NA,NA,NA,NA,NA,NA,NA,NA,NA,NA,NA,0.09363123545648921,0.40843141886129775,-0.7068796356662476,0.894142106579226,0.22924591775415334,0.818677785494335,0.09363123545648921,0.40843141886129775,-0.7068796356662476,0.894142106579226,0.22924591775415334,0.818677785494335,NA,NA,NA,NA,NA,NA,NA,no data
Interpersonal psychotherapy (IPT) individual:Self-help with support,Interpersonal psychotherapy (IPT) individual,Self-help with support,NA,NA,NA,NA,NA,NA,NA,NA,NA,NA,NA,0.07289947279063425,0.40344639871081944,-0.7178409383749585,0.863639883956227,0.18069184165127922,0.8566094628001695,0.07289947279063425,0.40344639871081944,-0.7178409383749585,0.863639883956227,0.18069184165127922,0.8566094628001695,NA,NA,NA,NA,NA,NA,NA,no data
Interpersonal psychotherapy (IPT) individual:Sham acupuncture,Interpersonal psychotherapy (IPT) individual,Sham acupuncture,NA,NA,NA,NA,NA,NA,NA,NA,NA,NA,NA,-0.40542494891595515,0.49994546747942564,-1.38530005940967,0.5744501615777597,-0.8109383428556429,0.4174010796175094,-0.40542494891595515,0.49994546747942564,-1.38530005940967,0.5744501615777597,-0.8109383428556429,0.4174010796175094,NA,NA,NA,NA,NA,NA,NA,no data
Interpersonal psychotherapy (IPT) individual:Short-term psychodynamic psychotherapies individual,Interpersonal psychotherapy (IPT) individual,Short-term psychodynamic psychotherapies individual,NA,NA,NA,NA,NA,NA,NA,NA,NA,NA,NA,0.1536919788905644,0.4503514008744255,-0.7289805472104696,1.0363645049915984,0.341271235289039,0.732899400389982,0.1536919788905644,0.4503514008744255,-0.7289805472104696,1.0363645049915984,0.341271235289039,0.732899400389982,NA,NA,NA,NA,NA,NA,NA,no data
Interpersonal psychotherapy (IPT) individual:Short-term psychodynamic psychotherapies individual + AD,Interpersonal psychotherapy (IPT) individual,Short-term psychodynamic psychotherapies individual + AD,NA,NA,NA,NA,NA,NA,NA,NA,NA,NA,NA,-0.054069793425839396,0.647973359466332,-1.324074240921276,1.2159346540695972,-0.08344446980099773,0.9334981299946016,-0.054069793425839396,0.647973359466332,-1.324074240921276,1.2159346540695972,-0.08344446980099773,0.9334981299946016,NA,NA,NA,NA,NA,NA,NA,no data
Interpersonal psychotherapy (IPT) individual:SNRIs,Interpersonal psychotherapy (IPT) individual,SNRIs,NA,NA,NA,NA,NA,NA,NA,NA,NA,NA,NA,0.15524658468219998,0.3318469315406515,-0.49516144951760566,0.8056546188820056,0.4678258857523357,0.6399091075550543,0.15524658468219998,0.3318469315406515,-0.49516144951760566,0.8056546188820056,0.4678258857523357,0.6399091075550543,NA,NA,NA,NA,NA,NA,NA,no data
Interpersonal psychotherapy (IPT) individual:SSRIs,Interpersonal psychotherapy (IPT) individual,SSRIs,NA,NA,NA,NA,NA,NA,NA,NA,NA,NA,NA,-0.03426794859203808,0.327232457934603,-0.675631780716378,0.6070958835323018,-0.10472050605348718,0.9165975899497802,-0.03426794859203808,0.327232457934603,-0.675631780716378,0.6070958835323018,-0.10472050605348718,0.9165975899497802,NA,NA,NA,NA,NA,NA,NA,no data
Interpersonal psychotherapy (IPT) individual:TAU,Interpersonal psychotherapy (IPT) individual,TAU,NA,NA,NA,NA,NA,NA,NA,NA,NA,NA,NA,-0.21070618060908908,0.4000773242203283,-0.9948433271120867,0.5734309658939085,-0.5266636418840128,0.598427188224239,-0.21070618060908908,0.4000773242203283,-0.9948433271120867,0.5734309658939085,-0.5266636418840128,0.598427188224239,NA,NA,NA,NA,NA,NA,NA,no data
Interpersonal psychotherapy (IPT) individual:TCAs,Interpersonal psychotherapy (IPT) individual,TCAs,-0.014653103574016316,0.6026016029257532,-1.1957305423345987,1.1664243351865662,-0.02431640324697532,0.9806002291007181,NA,0,NA,NA,NA,0.10717595560701096,0.3895908228143582,-0.6564080258164565,0.8707599370304785,0.2750987685818277,0.7832403576260705,0.07126414909697365,0.32716999216089776,-0.5699772523606377,0.712505550554585,0.21781994316253464,0.8275694052310352,-0.12182905918102728,0.7175720877165274,-1.5282445074166373,1.2845863890545826,-0.16977954029498865,0.8651835177934413,-0.16977954029498865,no
Interpersonal psychotherapy (IPT) individual:Trazodone,Interpersonal psychotherapy (IPT) individual,Trazodone,NA,NA,NA,NA,NA,NA,NA,NA,NA,NA,NA,-0.15591679857744634,0.36853877515156586,-0.8782395247810203,0.5664059276261276,-0.4230675551394117,0.6722459733855062,-0.15591679857744634,0.36853877515156586,-0.8782395247810203,0.5664059276261276,-0.4230675551394117,0.6722459733855062,NA,NA,NA,NA,NA,NA,NA,no data
Interpersonal psychotherapy (IPT) individual:Waitlist,Interpersonal psychotherapy (IPT) individual,Waitlist,NA,NA,NA,NA,NA,NA,NA,NA,NA,NA,NA,-1.2297941295042647,0.38771151058373354,-1.9896947266400022,-0.46989353236852716,-3.1719309226922414,0.0015142902154273643,-1.2297941295042647,0.38771151058373354,-1.9896947266400022,-0.46989353236852716,-3.1719309226922414,0.0015142902154273643,NA,NA,NA,NA,NA,NA,NA,no data
Interpersonal psychotherapy (IPT) individual:Yoga group,Interpersonal psychotherapy (IPT) individual,Yoga group,NA,NA,NA,NA,NA,NA,NA,NA,NA,NA,NA,0.32837695401126377,0.5857434425699547,-0.8196590976063527,1.4764130056288802,0.5606156725724609,0.5750595650338586,0.32837695401126377,0.5857434425699547,-0.8196590976063527,1.4764130056288802,0.5606156725724609,0.5750595650338586,NA,NA,NA,NA,NA,NA,NA,no data
Interpersonal psychotherapy (IPT) individual:Yoga group + AD,Interpersonal psychotherapy (IPT) individual,Yoga group + AD,NA,NA,NA,NA,NA,NA,NA,NA,NA,NA,NA,1.3019174632048105,0.7745154383717789,-0.21610490147412764,2.819939827883749,1.680944496008704,0.09277369604264493,1.3019174632048105,0.7745154383717789,-0.21610490147412764,2.819939827883749,1.680944496008704,0.09277369604264493,NA,NA,NA,NA,NA,NA,NA,no data
Interpersonal psychotherapy (IPT) individual + AD:Interpersonal psychotherapy (IPT) individual + placebo,Interpersonal psychotherapy (IPT) individual + AD,Interpersonal psychotherapy (IPT) individual + placebo,-0.17587277441746568,0.609061435425612,-1.3696112522239328,1.0178657033890013,-0.28876031905478605,0.7727647999057449,NA,0,NA,NA,NA,-0.5031141348600113,0.7999343977829825,-2.070956744509394,1.064728474789371,-0.6289442437459768,0.5293855592431801,-0.29596179489006946,0.48458718913151283,-1.245735232957334,0.653811643177195,-0.6107503490145877,0.5413648681313218,0.32724136044254565,1.0054107980716787,-1.6433275934456169,2.2978103143307083,0.3254802525198418,0.7448176259161372,0.3254802525198418,no
Interpersonal psychotherapy (IPT) individual + AD:Light therapy,Interpersonal psychotherapy (IPT) individual + AD,Light therapy,NA,NA,NA,NA,NA,NA,NA,NA,NA,NA,NA,0.059182088874869976,0.6532362895691439,-1.2211375120752297,1.3395016898249696,0.09059828705154271,0.927811793071024,0.059182088874869976,0.6532362895691439,-1.2211375120752297,1.3395016898249696,0.09059828705154271,0.927811793071024,NA,NA,NA,NA,NA,NA,NA,no data
Interpersonal psychotherapy (IPT) individual + AD:Light therapy + AD,Interpersonal psychotherapy (IPT) individual + AD,Light therapy + AD,NA,NA,NA,NA,NA,NA,NA,NA,NA,NA,NA,0.39536840296130515,0.5645792150184277,-0.711186524894708,1.5019233308173183,0.7002886263682244,0.4837470732185784,0.39536840296130515,0.5645792150184277,-0.711186524894708,1.5019233308173183,0.7002886263682244,0.4837470732185784,NA,NA,NA,NA,NA,NA,NA,no data
Interpersonal psychotherapy (IPT) individual + AD:Mindfulness or meditation group,Interpersonal psychotherapy (IPT) individual + AD,Mindfulness or meditation group,NA,NA,NA,NA,NA,NA,NA,NA,NA,NA,NA,3.435047424249464,0.9650999793331851,1.543486223276071,5.326608625222857,3.5592658769123955,3.718928940438494e-4,3.435047424249464,0.9650999793331851,1.543486223276071,5.326608625222857,3.5592658769123955,3.718928940438494e-4,NA,NA,NA,NA,NA,NA,NA,no data
Interpersonal psychotherapy (IPT) individual + AD:Mirtazapine,Interpersonal psychotherapy (IPT) individual + AD,Mirtazapine,NA,NA,NA,NA,NA,NA,NA,NA,NA,NA,NA,-0.11543008753515727,0.3997115500111667,-0.8988503297617245,0.66799015469141,-0.28878346780805436,0.7727470841399021,-0.11543008753515727,0.3997115500111667,-0.8988503297617245,0.66799015469141,-0.28878346780805436,0.7727470841399021,NA,NA,NA,NA,NA,NA,NA,no data
Interpersonal psychotherapy (IPT) individual + AD:Music therapy group,Interpersonal psychotherapy (IPT) individual + AD,Music therapy group,NA,NA,NA,NA,NA,NA,NA,NA,NA,NA,NA,-0.03382757917687673,0.830335469461423,-1.6612551944074234,1.59360003605367,-0.04073965333411347,0.9675034490332293,-0.03382757917687673,0.830335469461423,-1.6612551944074234,1.59360003605367,-0.04073965333411347,0.9675034490332293,NA,NA,NA,NA,NA,NA,NA,no data
Interpersonal psychotherapy (IPT) individual + AD:No treatment,Interpersonal psychotherapy (IPT) individual + AD,No treatment,NA,NA,NA,NA,NA,NA,NA,NA,NA,NA,NA,-0.6960297076169661,0.429492404162298,-1.537819351408591,0.14575993617465854,-1.620586769106045,0.10510629167050421,-0.6960297076169661,0.429492404162298,-1.537819351408591,0.14575993617465854,-1.620586769106045,0.10510629167050421,NA,NA,NA,NA,NA,NA,NA,no data
Interpersonal psychotherapy (IPT) individual + AD:Peer support group,Interpersonal psychotherapy (IPT) individual + AD,Peer support group,NA,NA,NA,NA,NA,NA,NA,NA,NA,NA,NA,0.546311271730207,0.7168075783354586,-0.8586057656526651,1.951228309113079,0.7621449441129359,0.44597350111122175,0.546311271730207,0.7168075783354586,-0.8586057656526651,1.951228309113079,0.7621449441129359,0.44597350111122175,NA,NA,NA,NA,NA,NA,NA,no data
Interpersonal psychotherapy (IPT) individual + AD:Peer support group + AD,Interpersonal psychotherapy (IPT) individual + AD,Peer support group + AD,NA,NA,NA,NA,NA,NA,NA,NA,NA,NA,NA,0.6672499933407483,0.7160450792994077,-0.7361725733932176,2.0706725600747142,0.9318547290257179,0.35141160625136253,0.6672499933407483,0.7160450792994077,-0.7361725733932176,2.0706725600747142,0.9318547290257179,0.35141160625136253,NA,NA,NA,NA,NA,NA,NA,no data
Interpersonal psychotherapy (IPT) individual + AD:Placebo,Interpersonal psychotherapy (IPT) individual + AD,Placebo,NA,NA,NA,NA,NA,NA,NA,NA,NA,NA,NA,-0.8108227580863785,0.3828223163416253,-1.5611407105941633,-0.06050480557859372,-2.118013301405375,0.03417394119969378,-0.8108227580863785,0.3828223163416253,-1.5611407105941633,-0.06050480557859372,-2.118013301405375,0.03417394119969378,NA,NA,NA,NA,NA,NA,NA,no data
Interpersonal psychotherapy (IPT) individual + AD:Problem solving group,Interpersonal psychotherapy (IPT) individual + AD,Problem solving group,NA,NA,NA,NA,NA,NA,NA,NA,NA,NA,NA,2.1845076403084214,0.7104186259948869,0.7921127194120128,3.5769025612048297,3.0749582856856907,0.002105319972233694,2.1845076403084214,0.7104186259948869,0.7921127194120128,3.5769025612048297,3.0749582856856907,0.002105319972233694,NA,NA,NA,NA,NA,NA,NA,no data
Interpersonal psychotherapy (IPT) individual + AD:Problem solving individual,Interpersonal psychotherapy (IPT) individual + AD,Problem solving individual,NA,NA,NA,NA,NA,NA,NA,NA,NA,NA,NA,0.16572200655761948,0.4917350852930319,-0.7980610505514544,1.1295050636666932,0.3370148104418122,0.7361057354355026,0.16572200655761948,0.4917350852930319,-0.7980610505514544,1.1295050636666932,0.3370148104418122,0.7361057354355026,NA,NA,NA,NA,NA,NA,NA,no data
Interpersonal psychotherapy (IPT) individual + AD:Psychoeducation group,Interpersonal psychotherapy (IPT) individual + AD,Psychoeducation group,NA,NA,NA,NA,NA,NA,NA,NA,NA,NA,NA,0.5395329970137457,0.7574305652039552,-0.9450036315758232,2.024069625603315,0.712320075000491,0.476266595560969,0.5395329970137457,0.7574305652039552,-0.9450036315758232,2.024069625603315,0.712320075000491,0.476266595560969,NA,NA,NA,NA,NA,NA,NA,no data
Interpersonal psychotherapy (IPT) individual + AD:Psychoeducation group + AD,Interpersonal psychotherapy (IPT) individual + AD,Psychoeducation group + AD,-0.12552816753665047,0.6265966400520666,-1.3536350148725087,1.1025786797992079,-0.20033329180670326,0.8412199271621528,NA,0,NA,NA,NA,-1.5684036286898702,1.4504786570168529,-4.411289556786927,1.2744822994071867,-1.0813007286267482,0.27956336343374966,-0.35244743248359445,0.5752181792799859,-1.4798543471250705,0.7749594821578816,-0.6127195648175814,0.5400617836768575,1.4428754611532197,1.580035342574954,-1.6539369045940957,4.539687826900535,0.9131918902534121,0.36114162839944713,0.9131918902534121,no
Interpersonal psychotherapy (IPT) individual + AD:Relaxation individual + AD,Interpersonal psychotherapy (IPT) individual + AD,Relaxation individual + AD,NA,NA,NA,NA,NA,NA,NA,NA,NA,NA,NA,-0.022560083878234494,0.724172998420236,-1.4419130793582782,1.3967929116018092,-0.031152892923995666,0.9751476076624039,-0.022560083878234494,0.724172998420236,-1.4419130793582782,1.3967929116018092,-0.031152892923995666,0.9751476076624039,NA,NA,NA,NA,NA,NA,NA,no data
Interpersonal psychotherapy (IPT) individual + AD:Relaxation individual + placebo,Interpersonal psychotherapy (IPT) individual + AD,Relaxation individual + placebo,NA,NA,NA,NA,NA,NA,NA,NA,NA,NA,NA,-0.654987585482691,0.7170041508313156,-2.060289897877794,0.750314726912412,-0.913505988386928,0.36097648553103817,-0.654987585482691,0.7170041508313156,-2.060289897877794,0.750314726912412,-0.913505988386928,0.36097648553103817,NA,NA,NA,NA,NA,NA,NA,no data
Interpersonal psychotherapy (IPT) individual + AD:Self-help,Interpersonal psychotherapy (IPT) individual + AD,Self-help,NA,NA,NA,NA,NA,NA,NA,NA,NA,NA,NA,-0.16111322280359408,0.456728684725772,-1.056284995572456,0.7340585499652679,-0.3527547714686003,0.7242722938022534,-0.16111322280359408,0.456728684725772,-1.056284995572456,0.7340585499652679,-0.3527547714686003,0.7242722938022534,NA,NA,NA,NA,NA,NA,NA,no data
Interpersonal psychotherapy (IPT) individual + AD:Self-help with support,Interpersonal psychotherapy (IPT) individual + AD,Self-help with support,NA,NA,NA,NA,NA,NA,NA,NA,NA,NA,NA,-0.18184498546944905,0.45274065613805153,-1.0692003658370628,0.7055103948981647,-0.40165375696677025,0.6879388614996962,-0.18184498546944905,0.45274065613805153,-1.0692003658370628,0.7055103948981647,-0.40165375696677025,0.6879388614996962,NA,NA,NA,NA,NA,NA,NA,no data
Interpersonal psychotherapy (IPT) individual + AD:Sham acupuncture,Interpersonal psychotherapy (IPT) individual + AD,Sham acupuncture,NA,NA,NA,NA,NA,NA,NA,NA,NA,NA,NA,-0.6601694071760384,0.5383319897829854,-1.7152807188764738,0.3949419045243969,-1.2263239408123763,0.2200767955274776,-0.6601694071760384,0.5383319897829854,-1.7152807188764738,0.3949419045243969,-1.2263239408123763,0.2200767955274776,NA,NA,NA,NA,NA,NA,NA,no data
Interpersonal psychotherapy (IPT) individual + AD:Short-term psychodynamic psychotherapies individual,Interpersonal psychotherapy (IPT) individual + AD,Short-term psychodynamic psychotherapies individual,NA,NA,NA,NA,NA,NA,NA,NA,NA,NA,NA,-0.10105247936951889,0.4951316111798574,-1.0714926048893287,0.869387646150291,-0.20409215870648867,0.8382814818234378,-0.10105247936951889,0.4951316111798574,-1.0714926048893287,0.869387646150291,-0.20409215870648867,0.8382814818234378,NA,NA,NA,NA,NA,NA,NA,no data
Interpersonal psychotherapy (IPT) individual + AD:Short-term psychodynamic psychotherapies individual + AD,Interpersonal psychotherapy (IPT) individual + AD,Short-term psychodynamic psychotherapies individual + AD,NA,NA,NA,NA,NA,NA,NA,NA,NA,NA,NA,-0.3088142516859227,0.6664757107749484,-1.6150826413755548,0.9974541380037094,-0.46335409782128023,0.6431105750209205,-0.3088142516859227,0.6664757107749484,-1.6150826413755548,0.9974541380037094,-0.46335409782128023,0.6431105750209205,NA,NA,NA,NA,NA,NA,NA,no data
Interpersonal psychotherapy (IPT) individual + AD:SNRIs,Interpersonal psychotherapy (IPT) individual + AD,SNRIs,-0.378871538360042,0.683718562500398,-1.7189352964223197,0.9611922197022356,-0.5541337607896546,0.5794873065941177,NA,0,NA,NA,NA,0.028310007796677885,0.462448586482327,-0.8780725664101393,0.9346925820034951,0.06121763288762865,0.9511858870559169,-0.09949787357788331,0.3830558905131438,-0.8502736230495632,0.6512778758937966,-0.25974766618154704,0.7950584218939929,-0.40718154615671986,0.825427021514993,-2.024988780192274,1.2106256878788344,-0.4932980573005434,0.6218020008579389,-0.4932980573005434,no
Interpersonal psychotherapy (IPT) individual + AD:SSRIs,Interpersonal psychotherapy (IPT) individual + AD,SSRIs,NA,NA,NA,NA,NA,NA,NA,NA,NA,NA,NA,-0.2890124068521214,0.38182060719802974,-1.0373670455154744,0.4593422318112317,-0.7569324478660897,0.44909033441641444,-0.2890124068521214,0.38182060719802974,-1.0373670455154744,0.4593422318112317,-0.7569324478660897,0.44909033441641444,NA,NA,NA,NA,NA,NA,NA,no data
Interpersonal psychotherapy (IPT) individual + AD:TAU,Interpersonal psychotherapy (IPT) individual + AD,TAU,NA,NA,NA,NA,NA,NA,NA,NA,NA,NA,NA,-0.4654506388691724,0.4455707366598647,-1.3387532352874878,0.40785195754914294,-1.0446167141907334,0.2962001515037185,-0.4654506388691724,0.4455707366598647,-1.3387532352874878,0.40785195754914294,-1.0446167141907334,0.2962001515037185,NA,NA,NA,NA,NA,NA,NA,no data
Interpersonal psychotherapy (IPT) individual + AD:TCAs,Interpersonal psychotherapy (IPT) individual + AD,TCAs,NA,NA,NA,NA,NA,NA,NA,NA,NA,NA,NA,-0.18348030916310964,0.3829228523284531,-0.9339953085842271,0.5670346902580078,-0.47915737608088466,0.6318266745710018,-0.18348030916310964,0.3829228523284531,-0.9339953085842271,0.5670346902580078,-0.47915737608088466,0.6318266745710018,NA,NA,NA,NA,NA,NA,NA,no data
Interpersonal psychotherapy (IPT) individual + AD:Trazodone,Interpersonal psychotherapy (IPT) individual + AD,Trazodone,NA,NA,NA,NA,NA,NA,NA,NA,NA,NA,NA,-0.41066125683752963,0.4175822045554284,-1.2291073383510067,0.40778482467594745,-0.9834261430626168,0.325397748752127,-0.41066125683752963,0.4175822045554284,-1.2291073383510067,0.40778482467594745,-0.9834261430626168,0.325397748752127,NA,NA,NA,NA,NA,NA,NA,no data
Interpersonal psychotherapy (IPT) individual + AD:Waitlist,Interpersonal psychotherapy (IPT) individual + AD,Waitlist,NA,NA,NA,NA,NA,NA,NA,NA,NA,NA,NA,-1.484538587764348,0.43809166439138286,-2.3431824718986665,-0.6258947036300293,-3.3886483319118557,7.023802782780977e-4,-1.484538587764348,0.43809166439138286,-2.3431824718986665,-0.6258947036300293,-3.3886483319118557,7.023802782780977e-4,NA,NA,NA,NA,NA,NA,NA,no data
Interpersonal psychotherapy (IPT) individual + AD:Yoga group,Interpersonal psychotherapy (IPT) individual + AD,Yoga group,NA,NA,NA,NA,NA,NA,NA,NA,NA,NA,NA,0.07363249575118047,0.6194324347109674,-1.140432767138274,1.2876977586406348,0.11887090766491432,0.9053776306270573,0.07363249575118047,0.6194324347109674,-1.140432767138274,1.2876977586406348,0.11887090766491432,0.9053776306270573,NA,NA,NA,NA,NA,NA,NA,no data
Interpersonal psychotherapy (IPT) individual + AD:Yoga group + AD,Interpersonal psychotherapy (IPT) individual + AD,Yoga group + AD,NA,NA,NA,NA,NA,NA,NA,NA,NA,NA,NA,1.0471730049447272,0.7870407590673245,-0.49539853719229443,2.589744547081749,1.330519408150691,0.18334719610371533,1.0471730049447272,0.7870407590673245,-0.49539853719229443,2.589744547081749,1.330519408150691,0.18334719610371533,NA,NA,NA,NA,NA,NA,NA,no data
Interpersonal psychotherapy (IPT) individual + placebo:Light therapy,Interpersonal psychotherapy (IPT) individual + placebo,Light therapy,NA,NA,NA,NA,NA,NA,NA,NA,NA,NA,NA,0.35514388376493944,0.6841176371940477,-0.9857020463240331,1.695989813853912,0.5191269227052598,0.603672234972565,0.35514388376493944,0.6841176371940477,-0.9857020463240331,1.695989813853912,0.5191269227052598,0.603672234972565,NA,NA,NA,NA,NA,NA,NA,no data
Interpersonal psychotherapy (IPT) individual + placebo:Light therapy + AD,Interpersonal psychotherapy (IPT) individual + placebo,Light therapy + AD,NA,NA,NA,NA,NA,NA,NA,NA,NA,NA,NA,0.6913301978513746,0.6004758046108843,-0.48558075277366886,1.868241148476418,1.1513040034966355,0.24960719070221166,0.6913301978513746,0.6004758046108843,-0.48558075277366886,1.868241148476418,1.1513040034966355,0.24960719070221166,NA,NA,NA,NA,NA,NA,NA,no data
Interpersonal psychotherapy (IPT) individual + placebo:Mindfulness or meditation group,Interpersonal psychotherapy (IPT) individual + placebo,Mindfulness or meditation group,NA,NA,NA,NA,NA,NA,NA,NA,NA,NA,NA,3.7310092191395334,0.9873633256315232,1.7958126612460548,5.666205777033012,3.778760181064208,1.5761112059538263e-4,3.7310092191395334,0.9873633256315232,1.7958126612460548,5.666205777033012,3.778760181064208,1.5761112059538263e-4,NA,NA,NA,NA,NA,NA,NA,no data
Interpersonal psychotherapy (IPT) individual + placebo:Mirtazapine,Interpersonal psychotherapy (IPT) individual + placebo,Mirtazapine,NA,NA,NA,NA,NA,NA,NA,NA,NA,NA,NA,0.1805317073549122,0.4477395426478329,-0.6970216706892756,1.0580850853991,0.40320697673314154,0.6867959676529048,0.1805317073549122,0.4477395426478329,-0.6970216706892756,1.0580850853991,0.40320697673314154,0.6867959676529048,NA,NA,NA,NA,NA,NA,NA,no data
Interpersonal psychotherapy (IPT) individual + placebo:Music therapy group,Interpersonal psychotherapy (IPT) individual + placebo,Music therapy group,NA,NA,NA,NA,NA,NA,NA,NA,NA,NA,NA,0.26213421571319273,0.856110599478215,-1.4158117260471035,1.940080157473489,0.30619199887603205,0.759458464016751,0.26213421571319273,0.856110599478215,-1.4158117260471035,1.940080157473489,0.30619199887603205,0.759458464016751,NA,NA,NA,NA,NA,NA,NA,no data
Interpersonal psychotherapy (IPT) individual + placebo:No treatment,Interpersonal psychotherapy (IPT) individual + placebo,No treatment,NA,NA,NA,NA,NA,NA,NA,NA,NA,NA,NA,-0.4000679127268967,0.47742234125178684,-1.3357985069951899,0.5356626815413966,-0.8379748456637592,0.4020448310584299,-0.4000679127268967,0.47742234125178684,-1.3357985069951899,0.5356626815413966,-0.8379748456637592,0.4020448310584299,NA,NA,NA,NA,NA,NA,NA,no data
Interpersonal psychotherapy (IPT) individual + placebo:Peer support group,Interpersonal psychotherapy (IPT) individual + placebo,Peer support group,NA,NA,NA,NA,NA,NA,NA,NA,NA,NA,NA,0.8422730666202765,0.7575903117839193,-0.6425766595126756,2.3271227927532285,1.1117790889339019,0.2662331449031198,0.8422730666202765,0.7575903117839193,-0.6425766595126756,2.3271227927532285,1.1117790889339019,0.2662331449031198,NA,NA,NA,NA,NA,NA,NA,no data
Interpersonal psychotherapy (IPT) individual + placebo:Peer support group + AD,Interpersonal psychotherapy (IPT) individual + placebo,Peer support group + AD,NA,NA,NA,NA,NA,NA,NA,NA,NA,NA,NA,0.9632117882308178,0.7568688999678919,-0.5202239967246989,2.4466475731863344,1.2726269876747207,0.20315043727327745,0.9632117882308178,0.7568688999678919,-0.5202239967246989,2.4466475731863344,1.2726269876747207,0.20315043727327745,NA,NA,NA,NA,NA,NA,NA,no data
Interpersonal psychotherapy (IPT) individual + placebo:Placebo,Interpersonal psychotherapy (IPT) individual + placebo,Placebo,NA,NA,NA,NA,NA,NA,NA,NA,NA,NA,NA,-0.514860963196309,0.4331179616171625,-1.3637565690233489,0.3340346426307308,-1.1887314977054682,0.23454534181193132,-0.514860963196309,0.4331179616171625,-1.3637565690233489,0.3340346426307308,-1.1887314977054682,0.23454534181193132,NA,NA,NA,NA,NA,NA,NA,no data
Interpersonal psychotherapy (IPT) individual + placebo:Problem solving group,Interpersonal psychotherapy (IPT) individual + placebo,Problem solving group,NA,NA,NA,NA,NA,NA,NA,NA,NA,NA,NA,2.480469435198491,0.7401002007047588,1.0298996968662983,3.9310391735306833,3.351531904513023,8.036577811569346e-4,2.480469435198491,0.7401002007047588,1.0298996968662983,3.9310391735306833,3.351531904513023,8.036577811569346e-4,NA,NA,NA,NA,NA,NA,NA,no data
Interpersonal psychotherapy (IPT) individual + placebo:Problem solving individual,Interpersonal psychotherapy (IPT) individual + placebo,Problem solving individual,NA,NA,NA,NA,NA,NA,NA,NA,NA,NA,NA,0.46168380144768895,0.5330354736383981,-0.5830465293658205,1.5064141322611984,0.8661408560603363,0.38641292250542336,0.46168380144768895,0.5330354736383981,-0.5830465293658205,1.5064141322611984,0.8661408560603363,0.38641292250542336,NA,NA,NA,NA,NA,NA,NA,no data
Interpersonal psychotherapy (IPT) individual + placebo:Psychoeducation group,Interpersonal psychotherapy (IPT) individual + placebo,Psychoeducation group,NA,NA,NA,NA,NA,NA,NA,NA,NA,NA,NA,0.8354947919038151,0.7856013160620404,-0.7042554937850516,2.375245077592682,1.0635099188630108,0.2875507694676151,0.8354947919038151,0.7856013160620404,-0.7042554937850516,2.375245077592682,1.0635099188630108,0.2875507694676151,NA,NA,NA,NA,NA,NA,NA,no data
Interpersonal psychotherapy (IPT) individual + placebo:Psychoeducation group + AD,Interpersonal psychotherapy (IPT) individual + placebo,Psychoeducation group + AD,NA,NA,NA,NA,NA,NA,NA,NA,NA,NA,NA,-0.056485637593524984,0.6922845246299267,-1.413338372922613,1.300367097735563,-0.08159309587877962,0.9349702916799487,-0.056485637593524984,0.6922845246299267,-1.413338372922613,1.300367097735563,-0.08159309587877962,0.9349702916799487,NA,NA,NA,NA,NA,NA,NA,no data
Interpersonal psychotherapy (IPT) individual + placebo:Relaxation individual + AD,Interpersonal psychotherapy (IPT) individual + placebo,Relaxation individual + AD,NA,NA,NA,NA,NA,NA,NA,NA,NA,NA,NA,0.27340171101183497,0.7521741042530005,-1.2008324434277216,1.7476358654513915,0.36348195114129306,0.7162448932036958,0.27340171101183497,0.7521741042530005,-1.2008324434277216,1.7476358654513915,0.36348195114129306,0.7162448932036958,NA,NA,NA,NA,NA,NA,NA,no data
Interpersonal psychotherapy (IPT) individual + placebo:Relaxation individual + placebo,Interpersonal psychotherapy (IPT) individual + placebo,Relaxation individual + placebo,NA,NA,NA,NA,NA,NA,NA,NA,NA,NA,NA,-0.3590257905926215,0.7452611676749324,-1.819710838311755,1.101659257126512,-0.481744932065508,0.6299871529081598,-0.3590257905926215,0.7452611676749324,-1.819710838311755,1.101659257126512,-0.481744932065508,0.6299871529081598,NA,NA,NA,NA,NA,NA,NA,no data
Interpersonal psychotherapy (IPT) individual + placebo:Self-help,Interpersonal psychotherapy (IPT) individual + placebo,Self-help,NA,NA,NA,NA,NA,NA,NA,NA,NA,NA,NA,0.13484857208647538,0.501950872595244,-0.8489570602086558,1.1186542043816066,0.2686489444460288,0.7881998441395748,0.13484857208647538,0.501950872595244,-0.8489570602086558,1.1186542043816066,0.2686489444460288,0.7881998441395748,NA,NA,NA,NA,NA,NA,NA,no data
Interpersonal psychotherapy (IPT) individual + placebo:Self-help with support,Interpersonal psychotherapy (IPT) individual + placebo,Self-help with support,NA,NA,NA,NA,NA,NA,NA,NA,NA,NA,NA,0.11411680942062041,0.49846534510493967,-0.86285731452639,1.0910909333676309,0.2289362952535766,0.8189184300787213,0.11411680942062041,0.49846534510493967,-0.86285731452639,1.0910909333676309,0.2289362952535766,0.8189184300787213,NA,NA,NA,NA,NA,NA,NA,no data
Interpersonal psychotherapy (IPT) individual + placebo:Sham acupuncture,Interpersonal psychotherapy (IPT) individual + placebo,Sham acupuncture,NA,NA,NA,NA,NA,NA,NA,NA,NA,NA,NA,-0.364207612285969,0.5755271677364805,-1.492220133173813,0.763804908601875,-0.6328243612171763,0.5268483463372988,-0.364207612285969,0.5755271677364805,-1.492220133173813,0.763804908601875,-0.6328243612171763,0.5268483463372988,NA,NA,NA,NA,NA,NA,NA,no data
Interpersonal psychotherapy (IPT) individual + placebo:Short-term psychodynamic psychotherapies individual,Interpersonal psychotherapy (IPT) individual + placebo,Short-term psychodynamic psychotherapies individual,NA,NA,NA,NA,NA,NA,NA,NA,NA,NA,NA,0.19490931552055057,0.5367676218253561,-0.857135891324363,1.2469545223654641,0.36311675219480116,0.716517671045345,0.19490931552055057,0.5367676218253561,-0.857135891324363,1.2469545223654641,0.36311675219480116,0.716517671045345,NA,NA,NA,NA,NA,NA,NA,no data
Interpersonal psychotherapy (IPT) individual + placebo:Short-term psychodynamic psychotherapies individual + AD,Interpersonal psychotherapy (IPT) individual + placebo,Short-term psychodynamic psychotherapies individual + AD,NA,NA,NA,NA,NA,NA,NA,NA,NA,NA,NA,-0.012852456795853229,0.7066915632680635,-1.3979424689795663,1.3722375553878599,-0.01818679812224957,0.9854898344683817,-0.012852456795853229,0.7066915632680635,-1.3979424689795663,1.3722375553878599,-0.01818679812224957,0.9854898344683817,NA,NA,NA,NA,NA,NA,NA,no data
Interpersonal psychotherapy (IPT) individual + placebo:SNRIs,Interpersonal psychotherapy (IPT) individual + placebo,SNRIs,NA,NA,NA,NA,NA,NA,NA,NA,NA,NA,NA,0.19646392131218615,0.4354562201897192,-0.6570145871036068,1.0499424297279791,0.45116802149844343,0.6518684555785819,0.19646392131218615,0.4354562201897192,-0.6570145871036068,1.0499424297279791,0.45116802149844343,0.6518684555785819,NA,NA,NA,NA,NA,NA,NA,no data
Interpersonal psychotherapy (IPT) individual + placebo:SSRIs,Interpersonal psychotherapy (IPT) individual + placebo,SSRIs,NA,NA,NA,NA,NA,NA,NA,NA,NA,NA,NA,0.00694938803794809,0.4322267567463747,-0.8401994883395009,0.854098264415397,0.016078106987777032,0.9871720793512893,0.00694938803794809,0.4322267567463747,-0.8401994883395009,0.854098264415397,0.016078106987777032,0.9871720793512893,NA,NA,NA,NA,NA,NA,NA,no data
Interpersonal psychotherapy (IPT) individual + placebo:TAU,Interpersonal psychotherapy (IPT) individual + placebo,TAU,NA,NA,NA,NA,NA,NA,NA,NA,NA,NA,NA,-0.1694888439791029,0.49344184499481164,-1.1366170886339293,0.7976394006757236,-0.34348291637261735,0.7312351907266275,-0.1694888439791029,0.49344184499481164,-1.1366170886339293,0.7976394006757236,-0.34348291637261735,0.7312351907266275,NA,NA,NA,NA,NA,NA,NA,no data
Interpersonal psychotherapy (IPT) individual + placebo:TCAs,Interpersonal psychotherapy (IPT) individual + placebo,TCAs,0.6726322713581624,0.6725755461057369,-0.6455915758914402,1.990856118607765,1.000084340343258,0.3172696937961942,NA,0,NA,NA,NA,-0.27578991456160773,0.5599590901749387,-1.373289564120304,0.8217097349970884,-0.4925179703314527,0.6223532213440649,0.11248148572695982,0.4303362406473997,-0.7309620471843051,0.9559250186382248,0.2613804627696291,0.7937991219445728,0.9484221859197701,0.8751640119937378,-0.7668677581535355,2.6637121299930757,1.083707936937604,0.27849431539140723,1.083707936937604,no
Interpersonal psychotherapy (IPT) individual + placebo:Trazodone,Interpersonal psychotherapy (IPT) individual + placebo,Trazodone,NA,NA,NA,NA,NA,NA,NA,NA,NA,NA,NA,-0.11469946194746017,0.46405209647185425,-1.024224857982601,0.7948259340876807,-0.24716936486120786,0.8047771531531331,-0.11469946194746017,0.46405209647185425,-1.024224857982601,0.7948259340876807,-0.24716936486120786,0.8047771531531331,NA,NA,NA,NA,NA,NA,NA,no data
Interpersonal psychotherapy (IPT) individual + placebo:Waitlist,Interpersonal psychotherapy (IPT) individual + placebo,Waitlist,NA,NA,NA,NA,NA,NA,NA,NA,NA,NA,NA,-1.1885767928742785,0.4847452829393733,-2.138660089111128,-0.2384934966374288,-2.45196154497275,0.0142079844975593,-1.1885767928742785,0.4847452829393733,-2.138660089111128,-0.2384934966374288,-2.45196154497275,0.0142079844975593,NA,NA,NA,NA,NA,NA,NA,no data
Interpersonal psychotherapy (IPT) individual + placebo:Yoga group,Interpersonal psychotherapy (IPT) individual + placebo,Yoga group,NA,NA,NA,NA,NA,NA,NA,NA,NA,NA,NA,0.36959429064124993,0.651546295681195,-0.9074129831543771,1.646601564436877,0.5672571436460048,0.5705394893227871,0.36959429064124993,0.651546295681195,-0.9074129831543771,1.646601564436877,0.5672571436460048,0.5705394893227871,NA,NA,NA,NA,NA,NA,NA,no data
Interpersonal psychotherapy (IPT) individual + placebo:Yoga group + AD,Interpersonal psychotherapy (IPT) individual + placebo,Yoga group + AD,NA,NA,NA,NA,NA,NA,NA,NA,NA,NA,NA,1.3431347998347967,0.824356192785001,-0.27257364845636256,2.958843248125956,1.629313652994049,0.10324663734873922,1.3431347998347967,0.824356192785001,-0.27257364845636256,2.958843248125956,1.629313652994049,0.10324663734873922,NA,NA,NA,NA,NA,NA,NA,no data
Light therapy:Light therapy + AD,Light therapy,Light therapy + AD,0.38550347451373573,0.628913959446425,-0.8471452353757412,1.6181521844032127,0.6129669547374317,0.5398981899743784,NA,0,NA,NA,NA,0.03781237789631137,1.546937062985696,-2.9941285519058214,3.069753307698444,0.02444338480282504,0.9804989425836413,0.3361863140864352,0.5826059174688873,-0.8057003013324988,1.4780729295053692,0.577038962369256,0.5639131355197267,0.34769109661742437,1.6698943215740902,-2.925241631655739,3.620623824890588,0.20821143717027601,0.8350638787141839,0.20821143717027601,no
Light therapy:Mindfulness or meditation group,Light therapy,Mindfulness or meditation group,NA,NA,NA,NA,NA,NA,NA,NA,NA,NA,NA,3.375865335374594,1.0411553484542049,1.3352383500931029,5.416492320656085,3.242422315158554,0.001185182545547814,3.375865335374594,1.0411553484542049,1.3352383500931029,5.416492320656085,3.242422315158554,0.001185182545547814,NA,NA,NA,NA,NA,NA,NA,no data
Light therapy:Mirtazapine,Light therapy,Mirtazapine,NA,NA,NA,NA,NA,NA,NA,NA,NA,NA,NA,-0.17461217641002724,0.5454288534318009,-1.2436330852653326,0.8944087324452781,-0.32013740254366707,0.7488641733266976,-0.17461217641002724,0.5454288534318009,-1.2436330852653326,0.8944087324452781,-0.32013740254366707,0.7488641733266976,NA,NA,NA,NA,NA,NA,NA,no data
Light therapy:Music therapy group,Light therapy,Music therapy group,NA,NA,NA,NA,NA,NA,NA,NA,NA,NA,NA,-0.09300966805174671,0.9176292722835317,-1.8915299928871674,1.705510656783674,-0.10135865415484295,0.9192657565937339,-0.09300966805174671,0.9176292722835317,-1.8915299928871674,1.705510656783674,-0.10135865415484295,0.9192657565937339,NA,NA,NA,NA,NA,NA,NA,no data
Light therapy:No treatment,Light therapy,No treatment,NA,NA,NA,NA,NA,NA,NA,NA,NA,NA,NA,-0.7552117964918361,0.5805602593521133,-1.893088995677211,0.38266540269353877,-1.300832746172858,0.19331571055991761,-0.7552117964918361,0.5805602593521133,-1.893088995677211,0.38266540269353877,-1.300832746172858,0.19331571055991761,NA,NA,NA,NA,NA,NA,NA,no data
Light therapy:Peer support group,Light therapy,Peer support group,NA,NA,NA,NA,NA,NA,NA,NA,NA,NA,NA,0.487129182855337,0.854574951982583,-1.1878069451205715,2.1620653108312453,0.5700251121627364,0.568660665924667,0.487129182855337,0.854574951982583,-1.1878069451205715,2.1620653108312453,0.5700251121627364,0.568660665924667,NA,NA,NA,NA,NA,NA,NA,no data
Light therapy:Peer support group + AD,Light therapy,Peer support group + AD,NA,NA,NA,NA,NA,NA,NA,NA,NA,NA,NA,0.6080679044658783,0.8539354775308171,-1.0656148766155353,2.281750685547292,0.7120771070715166,0.47641702959630755,0.6080679044658783,0.8539354775308171,-1.0656148766155353,2.281750685547292,0.7120771070715166,0.47641702959630755,NA,NA,NA,NA,NA,NA,NA,no data
Light therapy:Placebo,Light therapy,Placebo,-0.7599925640413652,0.6293976807323459,-1.9935893502298023,0.473604222147072,-1.2074918407024688,0.22724278544564844,NA,0,NA,NA,NA,-1.1441600137538352,0.9935798315708539,-3.0915406993980814,0.8032206718904109,-1.151553179118897,0.2495047306789139,-0.8700048469612485,0.5316956087657033,-1.9121090908801257,0.17209939695762877,-1.6362836792669926,0.10178023023030142,0.3841674497124701,1.1761557389290003,-1.9210554387984642,2.6893903382234043,0.3266297455320759,0.7439479427815563,0.3266297455320759,no
Light therapy:Problem solving group,Light therapy,Problem solving group,NA,NA,NA,NA,NA,NA,NA,NA,NA,NA,NA,2.1253255514335514,0.8108312114409881,0.5361255794682336,3.714525523398869,2.621168896121399,0.008762883694239755,2.1253255514335514,0.8108312114409881,0.5361255794682336,3.714525523398869,2.621168896121399,0.008762883694239755,NA,NA,NA,NA,NA,NA,NA,no data
Light therapy:Problem solving individual,Light therapy,Problem solving individual,NA,NA,NA,NA,NA,NA,NA,NA,NA,NA,NA,0.10653991768274951,0.625503373956402,-1.1194241674800873,1.3325040028455863,0.1703266874627209,0.8647532243442451,0.10653991768274951,0.625503373956402,-1.1194241674800873,1.3325040028455863,0.1703266874627209,0.8647532243442451,NA,NA,NA,NA,NA,NA,NA,no data
Light therapy:Psychoeducation group,Light therapy,Psychoeducation group,NA,NA,NA,NA,NA,NA,NA,NA,NA,NA,NA,0.4803509081388757,0.8522250586617748,-1.1899795135607374,2.1506813298384886,0.5636432574432361,0.5729969412625937,0.4803509081388757,0.8522250586617748,-1.1899795135607374,2.1506813298384886,0.5636432574432361,0.5729969412625937,NA,NA,NA,NA,NA,NA,NA,no data
Light therapy:Psychoeducation group + AD,Light therapy,Psychoeducation group + AD,NA,NA,NA,NA,NA,NA,NA,NA,NA,NA,NA,-0.4116295213584644,0.8084342644311168,-1.9961315635115833,1.1728725207946544,-0.5091688211015178,0.61063389560205406,-0.4116295213584644,0.8084342644311168,-1.9961315635115833,1.1728725207946544,-0.5091688211015178,0.61063389560205406,NA,NA,NA,NA,NA,NA,NA,no data
Light therapy:Relaxation individual + AD,Light therapy,Relaxation individual + AD,NA,NA,NA,NA,NA,NA,NA,NA,NA,NA,NA,-0.08174217275310447,0.8175059668827498,-1.684024424989888,1.520540079483679,-0.0999896955673576,0.9203525061917323,-0.08174217275310447,0.8175059668827498,-1.684024424989888,1.520540079483679,-0.0999896955673576,0.9203525061917323,NA,NA,NA,NA,NA,NA,NA,no data
Light therapy:Relaxation individual + placebo,Light therapy,Relaxation individual + placebo,NA,NA,NA,NA,NA,NA,NA,NA,NA,NA,NA,-0.714169674357561,0.8111048752709517,-2.3039060175734782,0.8755666688583565,-0.8804899293929046,0.37859395832710596,-0.714169674357561,0.8111048752709517,-2.3039060175734782,0.8755666688583565,-0.8804899293929046,0.37859395832710596,NA,NA,NA,NA,NA,NA,NA,no data
Light therapy:Self-help,Light therapy,Self-help,NA,NA,NA,NA,NA,NA,NA,NA,NA,NA,NA,-0.22029531167846406,0.6022166593258449,-1.400618274847147,0.9600276514902188,-0.36580740214838126,0.71450879604153,-0.22029531167846406,0.6022166593258449,-1.400618274847147,0.9600276514902188,-0.36580740214838126,0.71450879604153,NA,NA,NA,NA,NA,NA,NA,no data
Light therapy:Self-help with support,Light therapy,Self-help with support,NA,NA,NA,NA,NA,NA,NA,NA,NA,NA,NA,-0.24102707434431903,0.5997774867565921,-1.4165693471251886,0.9345151984365505,-0.4018608228323433,0.6877864565502065,-0.24102707434431903,0.5997774867565921,-1.4165693471251886,0.9345151984365505,-0.4018608228323433,0.6877864565502065,NA,NA,NA,NA,NA,NA,NA,no data
Light therapy:Sham acupuncture,Light therapy,Sham acupuncture,NA,NA,NA,NA,NA,NA,NA,NA,NA,NA,NA,-0.7193514960509084,0.657848463826435,-2.0087107924357213,0.5700078003339044,-1.0934911846821613,0.2741781973680644,-0.7193514960509084,0.657848463826435,-2.0087107924357213,0.5700078003339044,-1.0934911846821613,0.2741781973680644,NA,NA,NA,NA,NA,NA,NA,no data
Light therapy:Short-term psychodynamic psychotherapies individual,Light therapy,Short-term psychodynamic psychotherapies individual,NA,NA,NA,NA,NA,NA,NA,NA,NA,NA,NA,-0.16023456824438886,0.6297283138335953,-1.3944793834033717,1.074010246914594,-0.2544503156749128,0.7991476834331651,-0.16023456824438886,0.6297283138335953,-1.3944793834033717,1.074010246914594,-0.2544503156749128,0.7991476834331651,NA,NA,NA,NA,NA,NA,NA,no data
Light therapy:Short-term psychodynamic psychotherapies individual + AD,Light therapy,Short-term psychodynamic psychotherapies individual + AD,NA,NA,NA,NA,NA,NA,NA,NA,NA,NA,NA,-0.36799634056079267,0.80107248309349,-1.938069556430104,1.2020768753085187,-0.45937957966014076,0.6459616096973304,-0.36799634056079267,0.80107248309349,-1.938069556430104,1.2020768753085187,-0.45937957966014076,0.6459616096973304,NA,NA,NA,NA,NA,NA,NA,no data
Light therapy:SNRIs,Light therapy,SNRIs,NA,NA,NA,NA,NA,NA,NA,NA,NA,NA,NA,-0.1586799624527533,0.5343353816342756,-1.2059580661213984,0.8885981412158919,-0.2969669759981594,0.7664917217312908,-0.1586799624527533,0.5343353816342756,-1.2059580661213984,0.8885981412158919,-0.2969669759981594,0.7664917217312908,NA,NA,NA,NA,NA,NA,NA,no data
Light therapy:SSRIs,Light therapy,SSRIs,-0.50666170936091,0.6274958796928372,-1.7365310340061493,0.7232076152843292,-0.8074343206985262,0.4194163002962956,NA,0,NA,NA,NA,0.05495866839253844,1.000866616929718,-1.9067038541181551,2.016621190903232,0.054911081519664375,0.956209303424363,-0.34819449572699135,0.5316483693486985,-1.3902061520898885,0.6938171606359058,-0.6549338167886243,0.5125103664318311,-0.5616203777534485,1.181306507184239,-2.876938586537363,1.753697831030466,-0.47542307973239417,0.6344854472693193,-0.47542307973239417,no
Light therapy:TAU,Light therapy,TAU,NA,NA,NA,NA,NA,NA,NA,NA,NA,NA,NA,-0.5246327277440423,0.5984195778152775,-1.6975135479056505,0.6482480924175658,-0.8766971322351823,0.38065116483353745,-0.5246327277440423,0.5984195778152775,-1.6975135479056505,0.6482480924175658,-0.8766971322351823,0.38065116483353745,NA,NA,NA,NA,NA,NA,NA,no data
Light therapy:TCAs,Light therapy,TCAs,NA,NA,NA,NA,NA,NA,NA,NA,NA,NA,NA,-0.24266239803797962,0.5355151511955032,-1.2922528075566873,0.806928011480728,-0.4531382492096655,0.6504491944342616,-0.24266239803797962,0.5355151511955032,-1.2922528075566873,0.806928011480728,-0.4531382492096655,0.6504491944342616,NA,NA,NA,NA,NA,NA,NA,no data
Light therapy:Trazodone,Light therapy,Trazodone,NA,NA,NA,NA,NA,NA,NA,NA,NA,NA,NA,-0.4698433457123996,0.5584382832205385,-1.5643622684130332,0.624675576988234,-0.8413523209812768,0.4001505876093813,-0.4698433457123996,0.5584382832205385,-1.5643622684130332,0.624675576988234,-0.8413523209812768,0.4001505876093813,NA,NA,NA,NA,NA,NA,NA,no data
Light therapy:Waitlist,Light therapy,Waitlist,NA,NA,NA,NA,NA,NA,NA,NA,NA,NA,NA,-1.543720676639218,0.5870919312131698,-2.6943997174310974,-0.39304163584733853,-2.629436029633835,0.008552662132374838,-1.543720676639218,0.5870919312131698,-2.6943997174310974,-0.39304163584733853,-2.629436029633835,0.008552662132374838,NA,NA,NA,NA,NA,NA,NA,no data
Light therapy:Yoga group,Light therapy,Yoga group,NA,NA,NA,NA,NA,NA,NA,NA,NA,NA,NA,0.014450406876310495,0.728129664570957,-1.412657511757995,1.441558325510616,0.019845925223806467,0.9841662820558976,0.014450406876310495,0.728129664570957,-1.412657511757995,1.441558325510616,0.019845925223806467,0.9841662820558976,NA,NA,NA,NA,NA,NA,NA,no data
Light therapy:Yoga group + AD,Light therapy,Yoga group + AD,NA,NA,NA,NA,NA,NA,NA,NA,NA,NA,NA,0.9879909160698572,0.9142857324874757,-0.8039761911844172,2.7799580233241317,1.0806150429383312,0.2798683882133251,0.9879909160698572,0.9142857324874757,-0.8039761911844172,2.7799580233241317,1.0806150429383312,0.2798683882133251,NA,NA,NA,NA,NA,NA,NA,no data
Light therapy + AD:Mindfulness or meditation group,Light therapy + AD,Mindfulness or meditation group,NA,NA,NA,NA,NA,NA,NA,NA,NA,NA,NA,3.039679021288158,0.988361718611893,1.1025256491107367,4.976832393465579,3.0754722325316712,0.002101694972759986,3.039679021288158,0.988361718611893,1.1025256491107367,4.976832393465579,3.0754722325316712,0.002101694972759986,NA,NA,NA,NA,NA,NA,NA,no data
Light therapy + AD:Mirtazapine,Light therapy + AD,Mirtazapine,NA,NA,NA,NA,NA,NA,NA,NA,NA,NA,NA,-0.5107984904964624,0.43602321086574175,-1.3653882802168296,0.3437912992239047,-1.1714938053005282,0.24140034637466928,-0.5107984904964624,0.43602321086574175,-1.3653882802168296,0.3437912992239047,-1.1714938053005282,0.24140034637466928,NA,NA,NA,NA,NA,NA,NA,no data
Light therapy + AD:Music therapy group,Light therapy + AD,Music therapy group,NA,NA,NA,NA,NA,NA,NA,NA,NA,NA,NA,-0.4291959821381819,0.8572618669661343,-2.109398366711372,1.251006402435008,-0.5006591319139325,0.6166110389701016,-0.4291959821381819,0.8572618669661343,-2.109398366711372,1.251006402435008,-0.5006591319139325,0.6166110389701016,NA,NA,NA,NA,NA,NA,NA,no data
Light therapy + AD:No treatment,Light therapy + AD,No treatment,NA,NA,NA,NA,NA,NA,NA,NA,NA,NA,NA,-1.0913981105782713,0.4794837243761786,-2.031168941528711,-0.1516272796278315,-2.276194279583129,0.022834384150742112,-1.0913981105782713,0.4794837243761786,-2.031168941528711,-0.1516272796278315,-2.276194279583129,0.022834384150742112,NA,NA,NA,NA,NA,NA,NA,no data
Light therapy + AD:Peer support group,Light therapy + AD,Peer support group,NA,NA,NA,NA,NA,NA,NA,NA,NA,NA,NA,0.15094286876890184,0.7892549226428405,-1.3959683542320116,1.6978540917698153,0.19124729468074236,0.8483318515816295,0.15094286876890184,0.7892549226428405,-1.3959683542320116,1.6978540917698153,0.19124729468074236,0.8483318515816295,NA,NA,NA,NA,NA,NA,NA,no data
Light therapy + AD:Peer support group + AD,Light therapy + AD,Peer support group + AD,NA,NA,NA,NA,NA,NA,NA,NA,NA,NA,NA,0.27188159037944315,0.7885624795447135,-1.273672469087798,1.8174356498466844,0.3447812918215655,0.7302587986337719,0.27188159037944315,0.7885624795447135,-1.273672469087798,1.8174356498466844,0.3447812918215655,0.7302587986337719,NA,NA,NA,NA,NA,NA,NA,no data
Light therapy + AD:Placebo,Light therapy + AD,Placebo,-1.145496038555101,0.6343380345448743,-2.388775740286979,0.097783663176777,-1.8058132670177551,0.07094751243110413,NA,0,NA,NA,NA,-1.2532894381684374,0.5587870934407274,-2.3484920163380805,-0.15808685999879413,-2.242874706449136,0.024904895249140382,-1.2061911610476836,0.4193022357192877,-2.0280084416946114,-0.3843738804007557,-2.8766628419677645,0.004019047644629443,0.10779339961333645,0.8453565862203892,-1.549075063472355,1.7646618626990278,0.12751234374985293,0.8985349040309872,0.12751234374985293,no
Light therapy + AD:Problem solving group,Light therapy + AD,Problem solving group,NA,NA,NA,NA,NA,NA,NA,NA,NA,NA,NA,1.7891392373471162,0.7417971166060318,0.33524360496363537,3.243034869730597,2.411898344297997,0.015869705556796974,1.7891392373471162,0.7417971166060318,0.33524360496363537,3.243034869730597,2.411898344297997,0.015869705556796974,NA,NA,NA,NA,NA,NA,NA,no data
Light therapy + AD:Problem solving individual,Light therapy + AD,Problem solving individual,NA,NA,NA,NA,NA,NA,NA,NA,NA,NA,NA,-0.22964639640368567,0.5330111237433595,-1.274329002299892,0.8150362094925208,-0.4308472866210923,0.6665794141924493,-0.22964639640368567,0.5330111237433595,-1.274329002299892,0.8150362094925208,-0.4308472866210923,0.6665794141924493,NA,NA,NA,NA,NA,NA,NA,no data
Light therapy + AD:Psychoeducation group,Light therapy + AD,Psychoeducation group,NA,NA,NA,NA,NA,NA,NA,NA,NA,NA,NA,0.14416459405244053,0.7868557541339605,-1.3980443450782254,1.6863735331831065,0.1832160383844595,0.8546285105586438,0.14416459405244053,0.7868557541339605,-1.3980443450782254,1.6863735331831065,0.1832160383844595,0.8546285105586438,NA,NA,NA,NA,NA,NA,NA,no data
Light therapy + AD:Psychoeducation group + AD,Light therapy + AD,Psychoeducation group + AD,NA,NA,NA,NA,NA,NA,NA,NA,NA,NA,NA,-0.7478158354448996,0.7388446398936411,-2.195924719806902,0.7002930489171024,-1.0121421948091143,0.31147007008239846,-0.7478158354448996,0.7388446398936411,-2.195924719806902,0.7002930489171024,-1.0121421948091143,0.31147007008239846,NA,NA,NA,NA,NA,NA,NA,no data
Light therapy + AD:Relaxation individual + AD,Light therapy + AD,Relaxation individual + AD,NA,NA,NA,NA,NA,NA,NA,NA,NA,NA,NA,-0.41792848683953965,0.7491590249072207,-1.8862531943508374,1.050396220671758,-0.5578635148809664,0.5769375872079029,-0.41792848683953965,0.7491590249072207,-1.8862531943508374,1.050396220671758,-0.5578635148809664,0.5769375872079029,NA,NA,NA,NA,NA,NA,NA,no data
Light therapy + AD:Relaxation individual + placebo,Light therapy + AD,Relaxation individual + placebo,NA,NA,NA,NA,NA,NA,NA,NA,NA,NA,NA,-1.0503559884439961,0.7421691988324166,-2.5049808885904787,0.40426891170248647,-1.4152513875493893,0.15699480257423606,-1.0503559884439961,0.7421691988324166,-2.5049808885904787,0.40426891170248647,-1.4152513875493893,0.15699480257423606,NA,NA,NA,NA,NA,NA,NA,no data
Light therapy + AD:Self-help,Light therapy + AD,Self-help,NA,NA,NA,NA,NA,NA,NA,NA,NA,NA,NA,-0.5564816257648992,0.5054426113145141,-1.5471309401932238,0.43416768866342537,-1.1009788516200623,0.2709058615742735,-0.5564816257648992,0.5054426113145141,-1.5471309401932238,0.43416768866342537,-1.1009788516200623,0.2709058615742735,NA,NA,NA,NA,NA,NA,NA,no data
Light therapy + AD:Self-help with support,Light therapy + AD,Self-help with support,NA,NA,NA,NA,NA,NA,NA,NA,NA,NA,NA,-0.5772133884307542,0.502526607191326,-1.56214743979886,0.40772066293735154,-1.1486225409175057,0.2507116582530318,-0.5772133884307542,0.502526607191326,-1.56214743979886,0.40772066293735154,-1.1486225409175057,0.2507116582530318,NA,NA,NA,NA,NA,NA,NA,no data
Light therapy + AD:Sham acupuncture,Light therapy + AD,Sham acupuncture,NA,NA,NA,NA,NA,NA,NA,NA,NA,NA,NA,-1.0555378101373436,0.5706946932727118,-2.1740788551199914,0.06300323484530446,-1.849566541585038,0.06437604889736641,-1.0555378101373436,0.5706946932727118,-2.1740788551199914,0.06300323484530446,-1.849566541585038,0.06437604889736641,NA,NA,NA,NA,NA,NA,NA,no data
Light therapy + AD:Short-term psychodynamic psychotherapies individual,Light therapy + AD,Short-term psychodynamic psychotherapies individual,NA,NA,NA,NA,NA,NA,NA,NA,NA,NA,NA,-0.49642088233082404,0.5379562369810911,-1.5507957320724566,0.5579539674108085,-0.9227904580429152,0.35611641437799973,-0.49642088233082404,0.5379562369810911,-1.5507957320724566,0.5579539674108085,-0.9227904580429152,0.35611641437799973,NA,NA,NA,NA,NA,NA,NA,no data
Light therapy + AD:Short-term psychodynamic psychotherapies individual + AD,Light therapy + AD,Short-term psychodynamic psychotherapies individual + AD,NA,NA,NA,NA,NA,NA,NA,NA,NA,NA,NA,-0.7041826546472278,0.7310403631090269,-2.1369954375860036,0.7286301282915482,-0.9632609773452503,0.33541657110625467,-0.7041826546472278,0.7310403631090269,-2.1369954375860036,0.7286301282915482,-0.9632609773452503,0.33541657110625467,NA,NA,NA,NA,NA,NA,NA,no data
Light therapy + AD:SNRIs,Light therapy + AD,SNRIs,-0.39337366390306056,0.6408887335410355,-1.649492499740977,0.862745171934856,-0.6137940071587688,0.5393514578838764,NA,0,NA,NA,NA,-0.5707600408317239,0.5542024838829935,-1.6569769493850308,0.515456867721583,-1.029876367266925,0.30306804588017877,-0.49486627653918847,0.41920412969204607,-1.3164912729060565,0.32675871982767957,-1.1804899844443923,0.2378053915751376,0.17738637692866338,0.8472772639000247,-1.4832465452350234,1.8380192990923503,0.20936048267382076,0.8341668394032365,0.20936048267382076,no
Light therapy + AD:SSRIs,Light therapy + AD,SSRIs,-0.8921651838746456,0.6318179242507901,-2.1305055601930496,0.3461751924437586,-1.4120605788963259,0.15793212479752083,NA,0,NA,NA,NA,-0.5210367782331492,0.5601923005192915,-1.6189935116675986,0.5769199552013003,-0.9301034265379128,0.3523175368285757,-0.6843808098134265,0.41916159054169133,-1.5059224309776664,0.13716081135081326,-1.6327374102407304,0.10252423579491039,-0.3711284056414964,0.8443987819541625,-2.026119606861145,1.2838627955781519,-0.43951793106878595,0.6602862922906643,-0.43951793106878595,no
Light therapy + AD:TAU,Light therapy + AD,TAU,NA,NA,NA,NA,NA,NA,NA,NA,NA,NA,NA,-0.8608190418304775,0.5009071377173616,-1.842578991355551,0.12094090769459587,-1.7185202146514376,0.08570177053104282,-0.8608190418304775,0.5009071377173616,-1.842578991355551,0.12094090769459587,-1.7185202146514376,0.08570177053104282,NA,NA,NA,NA,NA,NA,NA,no data
Light therapy + AD:TCAs,Light therapy + AD,TCAs,NA,NA,NA,NA,NA,NA,NA,NA,NA,NA,NA,-0.5788487121244148,0.42372854193105336,-1.4093413935309493,0.25164396928211974,-1.366083836331709,0.17191265100208125,-0.5788487121244148,0.42372854193105336,-1.4093413935309493,0.25164396928211974,-1.366083836331709,0.17191265100208125,NA,NA,NA,NA,NA,NA,NA,no data
Light therapy + AD:Trazodone,Light therapy + AD,Trazodone,NA,NA,NA,NA,NA,NA,NA,NA,NA,NA,NA,-0.8060296597988348,0.4521532369851801,-1.6922337197829915,0.08017440018532196,-1.78264710692595,0.0746437664741033,-0.8060296597988348,0.4521532369851801,-1.6922337197829915,0.08017440018532196,-1.78264710692595,0.0746437664741033,NA,NA,NA,NA,NA,NA,NA,no data
Light therapy + AD:Waitlist,Light therapy + AD,Waitlist,NA,NA,NA,NA,NA,NA,NA,NA,NA,NA,NA,-1.8799069907256531,0.487332170550818,-2.8350604935129873,-0.9247534879383189,-3.8575474888120898,1.1453043215374956e-4,-1.8799069907256531,0.487332170550818,-2.8350604935129873,-0.9247534879383189,-3.8575474888120898,1.1453043215374956e-4,NA,NA,NA,NA,NA,NA,NA,no data
Light therapy + AD:Yoga group,Light therapy + AD,Yoga group,NA,NA,NA,NA,NA,NA,NA,NA,NA,NA,NA,-0.3217359072101247,0.6503579482267376,-1.5964140627938952,0.9529422483736458,-0.4947058894065461,0.6208077436866746,-0.3217359072101247,0.6503579482267376,-1.5964140627938952,0.9529422483736458,-0.4947058894065461,0.6208077436866746,NA,NA,NA,NA,NA,NA,NA,no data
Light therapy + AD:Yoga group + AD,Light therapy + AD,Yoga group + AD,NA,NA,NA,NA,NA,NA,NA,NA,NA,NA,NA,0.651804601983422,0.8535475294265,-1.0211178147856597,2.3247270187525038,0.7636418354129273,0.44508071126719373,0.651804601983422,0.8535475294265,-1.0211178147856597,2.3247270187525038,0.7636418354129273,0.44508071126719373,NA,NA,NA,NA,NA,NA,NA,no data
Mindfulness or meditation group:Mirtazapine,Mindfulness or meditation group,Mirtazapine,NA,NA,NA,NA,NA,NA,NA,NA,NA,NA,NA,-3.5504775117846203,0.9039594890342726,-5.322205553775024,-1.7787494697942166,-3.9276953833160193,8.576374079751317e-5,-3.5504775117846203,0.9039594890342726,-5.322205553775024,-1.7787494697942166,-3.9276953833160193,8.576374079751317e-5,NA,NA,NA,NA,NA,NA,NA,no data
Mindfulness or meditation group:Music therapy group,Mindfulness or meditation group,Music therapy group,NA,NA,NA,NA,NA,NA,NA,NA,NA,NA,NA,-3.46887500342634,1.1189046033904828,-5.661887728207759,-1.275862278644921,-3.1002419624649167,0.0019336261240231742,-3.46887500342634,1.1189046033904828,-5.661887728207759,-1.275862278644921,-3.1002419624649167,0.0019336261240231742,NA,NA,NA,NA,NA,NA,NA,no data
Mindfulness or meditation group:No treatment,Mindfulness or meditation group,No treatment,-4.13107713186643,0.8642651473221649,-5.825005693711077,-2.437148570021783,-4.77987240913988,1.7540647661770313e-6,NA,0,NA,NA,NA,NA,NA,NA,NA,NA,NA,-4.131077131866429,0.864265147322165,-5.825005693711076,-2.4371485700217823,-4.779872409139879,1.754064766177039e-6,NA,NA,NA,NA,NA,NA,NA,no data
Mindfulness or meditation group:Peer support group,Mindfulness or meditation group,Peer support group,NA,NA,NA,NA,NA,NA,NA,NA,NA,NA,NA,-2.888736152519256,1.1073239143125095,-5.059051143791692,-0.718421161246821,-2.608754417006111,0.009087243251389225,-2.888736152519256,1.1073239143125095,-5.059051143791692,-0.718421161246821,-2.608754417006111,0.009087243251389225,NA,NA,NA,NA,NA,NA,NA,no data
Mindfulness or meditation group:Peer support group + AD,Mindfulness or meditation group,Peer support group + AD,NA,NA,NA,NA,NA,NA,NA,NA,NA,NA,NA,-2.7677974309087148,1.1068304759257983,-4.937145300714606,-0.5984495611028233,-2.5006516274261563,0.012396505407488954,-2.7677974309087148,1.1068304759257983,-4.937145300714606,-0.5984495611028233,-2.5006516274261563,0.012396505407488954,NA,NA,NA,NA,NA,NA,NA,no data
Mindfulness or meditation group:Placebo,Mindfulness or meditation group,Placebo,NA,NA,NA,NA,NA,NA,NA,NA,NA,NA,NA,-4.245870182335842,0.8965811917691251,-6.003137027419326,-2.488603337252357,-4.735622631072522,2.1838360711164753e-6,-4.245870182335842,0.8965811917691251,-6.003137027419326,-2.488603337252357,-4.735622631072522,2.1838360711164753e-6,NA,NA,NA,NA,NA,NA,NA,no data
Mindfulness or meditation group:Problem solving group,Mindfulness or meditation group,Problem solving group,NA,NA,NA,NA,NA,NA,NA,NA,NA,NA,NA,-1.2505397839410417,1.0700554865215748,-3.347809998982813,0.8467304311007298,-1.1686681669248447,0.24253735218601213,-1.2505397839410417,1.0700554865215748,-3.347809998982813,0.8467304311007298,-1.1686681669248447,0.24253735218601213,NA,NA,NA,NA,NA,NA,NA,no data
Mindfulness or meditation group:Problem solving individual,Mindfulness or meditation group,Problem solving individual,NA,NA,NA,NA,NA,NA,NA,NA,NA,NA,NA,-3.2693254176918436,0.9388496830881402,-5.109436983441442,-1.4292138519422457,-3.4822671579736966,4.971873939875955e-4,-3.2693254176918436,0.9388496830881402,-5.109436983441442,-1.4292138519422457,-3.4822671579736966,4.971873939875955e-4,NA,NA,NA,NA,NA,NA,NA,no data
Mindfulness or meditation group:Psychoeducation group,Mindfulness or meditation group,Psychoeducation group,NA,NA,NA,NA,NA,NA,NA,NA,NA,NA,NA,-2.8955144272357174,1.065922877485926,-4.984684877405432,-0.8063439770660024,-2.7164389548191763,0.006598836313525794,-2.8955144272357174,1.065922877485926,-4.984684877405432,-0.8063439770660024,-2.7164389548191763,0.006598836313525794,NA,NA,NA,NA,NA,NA,NA,no data
Mindfulness or meditation group:Psychoeducation group + AD,Mindfulness or meditation group,Psychoeducation group + AD,NA,NA,NA,NA,NA,NA,NA,NA,NA,NA,NA,-3.7874948567330575,1.0741954219394274,-5.892879196092142,-1.6821105173739732,-3.5258899632013416,4.220622927847669e-4,-3.7874948567330575,1.0741954219394274,-5.892879196092142,-1.6821105173739732,-3.5258899632013416,4.220622927847669e-4,NA,NA,NA,NA,NA,NA,NA,no data
Mindfulness or meditation group:Relaxation individual + AD,Mindfulness or meditation group,Relaxation individual + AD,NA,NA,NA,NA,NA,NA,NA,NA,NA,NA,NA,-3.4576075081276976,1.089030721661973,-5.592068500642828,-1.3231465156125668,-3.174940283457782,0.0014986733995956728,-3.4576075081276976,1.089030721661973,-5.592068500642828,-1.3231465156125668,-3.174940283457782,0.0014986733995956728,NA,NA,NA,NA,NA,NA,NA,no data
Mindfulness or meditation group:Relaxation individual + placebo,Mindfulness or meditation group,Relaxation individual + placebo,NA,NA,NA,NA,NA,NA,NA,NA,NA,NA,NA,-4.090035009732154,1.0842480408889812,-6.215122120182668,-1.9649478992816394,-3.772231865301514,1.617937970408461e-4,-4.090035009732154,1.0842480408889812,-6.215122120182668,-1.9649478992816394,-3.772231865301514,1.617937970408461e-4,NA,NA,NA,NA,NA,NA,NA,no data
Mindfulness or meditation group:Self-help,Mindfulness or meditation group,Self-help,NA,NA,NA,NA,NA,NA,NA,NA,NA,NA,NA,-3.596160647053057,0.9182706942684074,-5.395938135877726,-1.7963831582283882,-3.9162315311806215,8.994387264754605e-5,-3.596160647053057,0.9182706942684074,-5.395938135877726,-1.7963831582283882,-3.9162315311806215,8.994387264754605e-5,NA,NA,NA,NA,NA,NA,NA,no data
Mindfulness or meditation group:Self-help with support,Mindfulness or meditation group,Self-help with support,NA,NA,NA,NA,NA,NA,NA,NA,NA,NA,NA,-3.616892409718912,0.916066841525018,-5.412350426539309,-1.821434392898516,-3.9482843890492827,7.871326421764096e-5,-3.616892409718912,0.916066841525018,-5.412350426539309,-1.821434392898516,-3.9482843890492827,7.871326421764096e-5,NA,NA,NA,NA,NA,NA,NA,no data
Mindfulness or meditation group:Sham acupuncture,Mindfulness or meditation group,Sham acupuncture,NA,NA,NA,NA,NA,NA,NA,NA,NA,NA,NA,-4.0952168314255015,0.9698750825134426,-5.996137062654662,-2.194296600196341,-4.222416788781396,2.4169664113791895e-5,-4.0952168314255015,0.9698750825134426,-5.996137062654662,-2.194296600196341,-4.222416788781396,2.4169664113791895e-5,NA,NA,NA,NA,NA,NA,NA,no data
Mindfulness or meditation group:Short-term psychodynamic psychotherapies individual,Mindfulness or meditation group,Short-term psychodynamic psychotherapies individual,NA,NA,NA,NA,NA,NA,NA,NA,NA,NA,NA,-3.536099903618982,0.9452111358854035,-5.388679687740567,-1.6835201194973965,-3.7410688145422943,1.8323933618534955e-4,-3.536099903618982,0.9452111358854035,-5.388679687740567,-1.6835201194973965,-3.7410688145422943,1.8323933618534955e-4,NA,NA,NA,NA,NA,NA,NA,no data
Mindfulness or meditation group:Short-term psychodynamic psychotherapies individual + AD,Mindfulness or meditation group,Short-term psychodynamic psychotherapies individual + AD,NA,NA,NA,NA,NA,NA,NA,NA,NA,NA,NA,-3.7438616759353858,1.0692423257919421,-5.839538125233435,-1.6481852266373367,-3.5014155216521825,4.6279366638277895e-4,-3.7438616759353858,1.0692423257919421,-5.839538125233435,-1.6481852266373367,-3.5014155216521825,4.6279366638277895e-4,NA,NA,NA,NA,NA,NA,NA,no data
Mindfulness or meditation group:SNRIs,Mindfulness or meditation group,SNRIs,NA,NA,NA,NA,NA,NA,NA,NA,NA,NA,NA,-3.5345452978273464,0.8980679007849051,-5.294726039037251,-1.7743645566174424,-3.9357216695287502,8.294706132603781e-5,-3.5345452978273464,0.8980679007849051,-5.294726039037251,-1.7743645566174424,-3.9357216695287502,8.294706132603781e-5,NA,NA,NA,NA,NA,NA,NA,no data
Mindfulness or meditation group:SSRIs,Mindfulness or meditation group,SSRIs,NA,NA,NA,NA,NA,NA,NA,NA,NA,NA,NA,-3.7240598311015845,0.8956726552719427,-5.479545977371951,-1.9685736848312176,-4.157835799922787,3.212768107574986e-5,-3.7240598311015845,0.8956726552719427,-5.479545977371951,-1.9685736848312176,-4.157835799922787,3.212768107574986e-5,NA,NA,NA,NA,NA,NA,NA,no data
Mindfulness or meditation group:TAU,Mindfulness or meditation group,TAU,NA,NA,NA,NA,NA,NA,NA,NA,NA,NA,NA,-3.9004980631186355,0.9223598505465442,-5.708290150975609,-2.092705975261662,-4.228824640195902,2.349153557601677e-5,-3.9004980631186355,0.9223598505465442,-5.708290150975609,-2.092705975261662,-4.228824640195902,2.349153557601677e-5,NA,NA,NA,NA,NA,NA,NA,no data
Mindfulness or meditation group:TCAs,Mindfulness or meditation group,TCAs,NA,NA,NA,NA,NA,NA,NA,NA,NA,NA,NA,-3.6185277334125727,0.8968491538489052,-5.376319774521648,-1.860735692303497,-4.034711654555674,5.466939143064396e-5,-3.6185277334125727,0.8968491538489052,-5.376319774521648,-1.860735692303497,-4.034711654555674,5.466939143064396e-5,NA,NA,NA,NA,NA,NA,NA,no data
Mindfulness or meditation group:Trazodone,Mindfulness or meditation group,Trazodone,NA,NA,NA,NA,NA,NA,NA,NA,NA,NA,NA,-3.8457086810869927,0.9119617159982515,-5.63312079972291,-2.058296562451075,-4.21696285449593,2.476147443146595e-5,-3.8457086810869927,0.9119617159982515,-5.63312079972291,-2.058296562451075,-4.21696285449593,2.476147443146595e-5,NA,NA,NA,NA,NA,NA,NA,no data
Mindfulness or meditation group:Waitlist,Mindfulness or meditation group,Waitlist,NA,NA,NA,NA,NA,NA,NA,NA,NA,NA,NA,-4.919586012013811,0.9122765076903349,-6.7076151110288444,-3.1315569129987777,-5.392647920386574,6.94269045878008e-8,-4.919586012013811,0.9122765076903349,-6.7076151110288444,-3.1315569129987777,-5.392647920386574,6.94269045878008e-8,NA,NA,NA,NA,NA,NA,NA,no data
Mindfulness or meditation group:Yoga group,Mindfulness or meditation group,Yoga group,NA,NA,NA,NA,NA,NA,NA,NA,NA,NA,NA,-3.3614149284982826,1.0162067061881312,-5.353143473475096,-1.3696863835214694,-3.307806283927417,9.402982738612951e-4,-3.3614149284982826,1.0162067061881312,-5.353143473475096,-1.3696863835214694,-3.307806283927417,9.402982738612951e-4,NA,NA,NA,NA,NA,NA,NA,no data
Mindfulness or meditation group:Yoga group + AD,Mindfulness or meditation group,Yoga group + AD,NA,NA,NA,NA,NA,NA,NA,NA,NA,NA,NA,-2.387874419304736,1.1540304602923201,-4.6497325585398634,-0.12601628006960786,-2.06916065170401,0.03853101376631517,-2.387874419304736,1.1540304602923201,-4.6497325585398634,-0.12601628006960786,-2.06916065170401,0.03853101376631517,NA,NA,NA,NA,NA,NA,NA,no data
Mirtazapine:Music therapy group,Mirtazapine,Music therapy group,NA,NA,NA,NA,NA,NA,NA,NA,NA,NA,NA,0.08160250835828053,0.7584073968204099,-1.4048486750184996,1.5680536917350607,0.10759719472726072,0.9143152223565053,0.08160250835828053,0.7584073968204099,-1.4048486750184996,1.5680536917350607,0.10759719472726072,0.9143152223565053,NA,NA,NA,NA,NA,NA,NA,no data
Mirtazapine:No treatment,Mirtazapine,No treatment,NA,NA,NA,NA,NA,NA,NA,NA,NA,NA,NA,-0.5805996200818089,0.2649311475446021,-1.099855127652096,-0.06134411251152172,-2.1915113623401448,0.028414808414482115,-0.5805996200818089,0.2649311475446021,-1.099855127652096,-0.06134411251152172,-2.1915113623401448,0.028414808414482115,NA,NA,NA,NA,NA,NA,NA,no data
Mirtazapine:Peer support group,Mirtazapine,Peer support group,NA,NA,NA,NA,NA,NA,NA,NA,NA,NA,NA,0.6617413592653643,0.680598200235206,-0.6722066011384193,1.9956893196691479,0.9722937248977075,0.3309044447348872,0.6617413592653643,0.680598200235206,-0.6722066011384193,1.9956893196691479,0.9722937248977075,0.3309044447348872,NA,NA,NA,NA,NA,NA,NA,no data
Mirtazapine:Peer support group + AD,Mirtazapine,Peer support group + AD,NA,NA,NA,NA,NA,NA,NA,NA,NA,NA,NA,0.7826800808759056,0.6797950877971626,-0.5496938080737768,2.115053969825588,1.151347067558455,0.24958948083029017,0.7826800808759056,0.6797950877971626,-0.5496938080737768,2.115053969825588,1.151347067558455,0.24958948083029017,NA,NA,NA,NA,NA,NA,NA,no data
Mirtazapine:Placebo,Mirtazapine,Placebo,-0.8410415433903092,0.25165208302275804,-1.3342705627493985,-0.34781252403122,-3.342080595113731,8.315291275440382e-4,NA,108.99002847096358,0.9986189076474047,0.9993092152319044,0.9541242435647949,-0.6417639694525752,0.15270230924813638,-0.9410549959350201,-0.3424729429701303,-4.202712929571544,2.637349678188896e-5,-0.6953926705512212,0.13054791952524003,-0.951261891077325,-0.4395234500251175,-5.326723498008519,1.000002137272015e-7,-0.19927757393773404,0.2943582275721312,-0.7762090985321561,0.37765395065668805,-0.6769899913495774,0.4984123046362886,-0.6769899913495774,no
Mirtazapine:Problem solving group,Mirtazapine,Problem solving group,NA,NA,NA,NA,NA,NA,NA,NA,NA,NA,NA,2.2999377278435786,0.6247788365786613,1.0753937098465667,3.524481745840591,3.681203000470088,2.3213608596929226e-4,2.2999377278435786,0.6247788365786613,1.0753937098465667,3.524481745840591,3.681203000470088,2.3213608596929226e-4,NA,NA,NA,NA,NA,NA,NA,no data
Mirtazapine:Problem solving individual,Mirtazapine,Problem solving individual,NA,NA,NA,NA,NA,NA,NA,NA,NA,NA,NA,0.28115209409277675,0.3523948063208062,-0.40952903463497103,0.9718332228205245,0.7978326838245938,0.42496759179333826,0.28115209409277675,0.3523948063208062,-0.40952903463497103,0.9718332228205245,0.7978326838245938,0.42496759179333826,NA,NA,NA,NA,NA,NA,NA,no data
Mirtazapine:Psychoeducation group,Mirtazapine,Psychoeducation group,NA,NA,NA,NA,NA,NA,NA,NA,NA,NA,NA,0.654963084548903,0.6778095962815607,-0.6735193125385899,1.9834454816363958,0.9662936142273687,0.33389728052235024,0.654963084548903,0.6778095962815607,-0.6735193125385899,1.9834454816363958,0.9662936142273687,0.33389728052235024,NA,NA,NA,NA,NA,NA,NA,no data
Mirtazapine:Psychoeducation group + AD,Mirtazapine,Psychoeducation group + AD,NA,NA,NA,NA,NA,NA,NA,NA,NA,NA,NA,-0.23701734494843718,0.6217316801331256,-1.4555890460569403,0.9815543561600659,-0.38122127683390183,0.7030390624363646,-0.23701734494843718,0.6217316801331256,-1.4555890460569403,0.9815543561600659,-0.38122127683390183,0.7030390624363646,NA,NA,NA,NA,NA,NA,NA,no data
Mirtazapine:Relaxation individual + AD,Mirtazapine,Relaxation individual + AD,NA,NA,NA,NA,NA,NA,NA,NA,NA,NA,NA,0.09287000365692277,0.633484209069045,-1.148736230893247,1.3344762382070925,0.1466019236586853,0.8834462352305652,0.09287000365692277,0.633484209069045,-1.148736230893247,1.3344762382070925,0.1466019236586853,0.8834462352305652,NA,NA,NA,NA,NA,NA,NA,no data
Mirtazapine:Relaxation individual + placebo,Mirtazapine,Relaxation individual + placebo,NA,NA,NA,NA,NA,NA,NA,NA,NA,NA,NA,-0.5395574979475337,0.6252044940196964,-1.7649357891987258,0.6858207933036584,-0.8630096282233947,0.3881321732414724,-0.5395574979475337,0.6252044940196964,-1.7649357891987258,0.6858207933036584,-0.8630096282233947,0.3881321732414724,NA,NA,NA,NA,NA,NA,NA,no data
Mirtazapine:Self-help,Mirtazapine,Self-help,NA,NA,NA,NA,NA,NA,NA,NA,NA,NA,NA,-0.045683135268436814,0.3091806303500784,-0.651666035471982,0.5602997649351084,-0.1477554891349785,0.8825357381921559,-0.045683135268436814,0.3091806303500784,-0.651666035471982,0.5602997649351084,-0.1477554891349785,0.8825357381921559,NA,NA,NA,NA,NA,NA,NA,no data
Mirtazapine:Self-help with support,Mirtazapine,Self-help with support,NA,NA,NA,NA,NA,NA,NA,NA,NA,NA,NA,-0.06641489793429178,0.3044304844622843,-0.6630876832764494,0.5302578874078658,-0.21816112815245964,0.8273035708390019,-0.06641489793429178,0.3044304844622843,-0.6630876832764494,0.5302578874078658,-0.21816112815245964,0.8273035708390019,NA,NA,NA,NA,NA,NA,NA,no data
Mirtazapine:Sham acupuncture,Mirtazapine,Sham acupuncture,NA,NA,NA,NA,NA,NA,NA,NA,NA,NA,NA,-0.5447393196408812,0.40724374757507426,-1.3429223978171474,0.25344375853538514,-1.3376247588441121,0.18101878933219273,-0.5447393196408812,0.40724374757507426,-1.3429223978171474,0.25344375853538514,-1.3376247588441121,0.18101878933219273,NA,NA,NA,NA,NA,NA,NA,no data
Mirtazapine:Short-term psychodynamic psychotherapies individual,Mirtazapine,Short-term psychodynamic psychotherapies individual,NA,NA,NA,NA,NA,NA,NA,NA,NA,NA,NA,0.014377608165638378,0.36005707119034447,-0.6913212837464109,0.7200765000776876,0.03993147008085739,0.9681477616079368,0.014377608165638378,0.36005707119034447,-0.6913212837464109,0.7200765000776876,0.03993147008085739,0.9681477616079368,NA,NA,NA,NA,NA,NA,NA,no data
Mirtazapine:Short-term psychodynamic psychotherapies individual + AD,Mirtazapine,Short-term psychodynamic psychotherapies individual + AD,NA,NA,NA,NA,NA,NA,NA,NA,NA,NA,NA,-0.19338416415076543,0.6120876483503892,-1.3930539102993453,1.0062855819978145,-0.31594194830094463,0.7520465712817958,-0.19338416415076543,0.6120876483503892,-1.3930539102993453,1.0062855819978145,-0.31594194830094463,0.7520465712817958,NA,NA,NA,NA,NA,NA,NA,no data
Mirtazapine:SNRIs,Mirtazapine,SNRIs,-0.17930673477349698,0.35002151615969784,-0.8653363002606091,0.5067228307136151,-0.512273464616638,0.608459633798075,NA,6.359060492728222,0.07957901963603557,0.28209753567877116,0.685488131102533,0.05246016856438368,0.15139941205870272,-0.24427722635121274,0.3491975634799801,0.3465017984616947,0.7289656328530926,0.015932213957273955,0.1389574096921436,-0.2564193044243045,0.2882837323388524,0.1146553752878047,0.908718285943404,-0.23176690333788066,0.3813618278570294,-0.979222351016022,0.5156885443402607,-0.607734928900039,0.5433632929398386,-0.607734928900039,no
Mirtazapine:SSRIs,Mirtazapine,SSRIs,-0.1423431871677035,0.19881336708989802,-0.5320102263090444,0.24732385197363738,-0.7159638672752812,0.4740136601976936,NA,34.78828134750384,0.07315373319731333,0.270469468142549,0.7700375042938411,-0.19539064114541263,0.16611437792112368,-0.5209688391850905,0.13018755689426523,-1.1762415968483488,0.23949834652484464,-0.1735823193169641,0.12747482720658582,-0.42342838957733886,0.07626375094341067,-1.3616988006240358,0.17329295993860233,0.05304745397770913,0.2590767096551607,-0.4547335661795462,0.5608284741349645,0.20475578081996243,0.8377629367619344,0.20475578081996243,no
Mirtazapine:TAU,Mirtazapine,TAU,NA,NA,NA,NA,NA,NA,NA,NA,NA,NA,NA,-0.3500205513340151,0.30164509808744316,-0.9412340796984555,0.2411929770304253,-1.1603720847886894,0.2458973471607723,-0.3500205513340151,0.30164509808744316,-0.9412340796984555,0.2411929770304253,-1.1603720847886894,0.2458973471607723,NA,NA,NA,NA,NA,NA,NA,no data
Mirtazapine:TCAs,Mirtazapine,TCAs,0.11583209499347817,0.24554083231546522,-0.3654190930788222,0.5970832830657785,0.47174269917216766,0.637110455398581,NA,1.435556483989238,0,0,0,-0.1483890678486605,0.16229925846397195,-0.4664897691556029,0.16971163345828197,-0.9142929502761757,0.36056293391040045,-0.06805022162795238,0.1353950288227781,-0.33341960180635993,0.19731915855045518,-0.5026050233869738,0.6152419967696503,0.26422116284213865,0.2943320397648319,-0.31265903459314276,0.84110136027742,0.8976975902903689,0.3693467945003038,0.8976975902903689,no
Mirtazapine:Trazodone,Mirtazapine,Trazodone,0,0.5909238025205172,-1.1581893705476727,1.1581893705476727,0,1,NA,0,NA,NA,NA,-0.3363770035660125,0.22060396640994923,-0.7687528325761968,0.09599882544417171,-1.5248003426235854,0.12730890444023377,-0.29523116930237236,0.20667182343807208,-0.7003004998602146,0.10983816125546986,-1.4285022718195377,0.15314734118839882,0.3363770035660125,0.6307591064591214,-0.8998881280145308,1.5726421351465558,0.5332891750930474,0.5938334198295159,0.5332891750930474,no
Mirtazapine:Waitlist,Mirtazapine,Waitlist,NA,NA,NA,NA,NA,NA,NA,NA,NA,NA,NA,-1.3691085002291907,0.27852877209605204,-1.9150148621956173,-0.8232021382627641,-4.915501152452023,8.855562960096517e-7,-1.3691085002291907,0.27852877209605204,-1.9150148621956173,-0.8232021382627641,-4.915501152452023,8.855562960096517e-7,NA,NA,NA,NA,NA,NA,NA,no data
Mirtazapine:Yoga group,Mirtazapine,Yoga group,NA,NA,NA,NA,NA,NA,NA,NA,NA,NA,NA,0.18906258328633774,0.5122538384161291,-0.8149364909516756,1.1930616575243511,0.36907987624048383,0.7120681881373909,0.18906258328633774,0.5122538384161291,-0.8149364909516756,1.1930616575243511,0.36907987624048383,0.7120681881373909,NA,NA,NA,NA,NA,NA,NA,no data
Mirtazapine:Yoga group + AD,Mirtazapine,Yoga group + AD,NA,NA,NA,NA,NA,NA,NA,NA,NA,NA,NA,1.1626030924798845,0.7542108208170493,-0.3156229530719239,2.640829138031693,1.5414829121921334,0.1231992986094087,1.1626030924798845,0.7542108208170493,-0.3156229530719239,2.640829138031693,1.5414829121921334,0.1231992986094087,NA,NA,NA,NA,NA,NA,NA,no data
Music therapy group:No treatment,Music therapy group,No treatment,-0.6622021284400906,0.710628782566968,-2.0550089486488927,0.7306046917687113,-0.9318537958004623,0.3514120886057402,NA,0,NA,NA,NA,NA,NA,NA,NA,NA,NA,-0.6622021284400894,0.7106287825669678,-2.055008948648891,0.7306046917687121,-0.931853795800461,0.3514120886057409,NA,NA,NA,NA,NA,NA,NA,no data
Music therapy group:Peer support group,Music therapy group,Peer support group,NA,NA,NA,NA,NA,NA,NA,NA,NA,NA,NA,0.5801388509070837,0.9920712035661484,-1.3642849781818711,2.5245626799960386,0.584775416141188,0.5586987365714788,0.5801388509070837,0.9920712035661484,-1.3642849781818711,2.5245626799960386,0.584775416141188,0.5586987365714788,NA,NA,NA,NA,NA,NA,NA,no data
Music therapy group:Peer support group + AD,Music therapy group,Peer support group + AD,NA,NA,NA,NA,NA,NA,NA,NA,NA,NA,NA,0.701077572517625,0.9915204103672989,-1.2422667217386552,2.6444218667739054,0.7070732636334918,0.47952095001065675,0.701077572517625,0.9915204103672989,-1.2422667217386552,2.6444218667739054,0.7070732636334918,0.47952095001065675,NA,NA,NA,NA,NA,NA,NA,no data
Music therapy group:Placebo,Music therapy group,Placebo,NA,NA,NA,NA,NA,NA,NA,NA,NA,NA,NA,-0.7769951789095018,0.749597795601716,-2.246179861179482,0.6921895033604784,-1.0365494448736916,0.29994588459430743,-0.7769951789095018,0.749597795601716,-2.246179861179482,0.6921895033604784,-1.0365494448736916,0.29994588459430743,NA,NA,NA,NA,NA,NA,NA,no data
Music therapy group:Problem solving group,Music therapy group,Problem solving group,NA,NA,NA,NA,NA,NA,NA,NA,NA,NA,NA,2.218335219485298,0.9502935156948783,0.3557941539813885,4.080876284989207,2.334368469159969,0.0195764363400026,2.218335219485298,0.9502935156948783,0.3557941539813885,4.080876284989207,2.334368469159969,0.0195764363400026,NA,NA,NA,NA,NA,NA,NA,no data
Music therapy group:Problem solving individual,Music therapy group,Problem solving individual,NA,NA,NA,NA,NA,NA,NA,NA,NA,NA,NA,0.19954958573449622,0.7996735266166491,-1.3677817258242682,1.7668808972932606,0.24953881689540677,0.8029440187875042,0.19954958573449622,0.7996735266166491,-1.3677817258242682,1.7668808972932606,0.24953881689540677,0.8029440187875042,NA,NA,NA,NA,NA,NA,NA,no data
Music therapy group:Psychoeducation group,Music therapy group,Psychoeducation group,NA,NA,NA,NA,NA,NA,NA,NA,NA,NA,NA,0.5733605761906224,0.9456376697682276,-1.2800551989794844,2.4267763513607292,0.6063216330321856,0.5443011960770707,0.5733605761906224,0.9456376697682276,-1.2800551989794844,2.4267763513607292,0.6063216330321856,0.5443011960770707,NA,NA,NA,NA,NA,NA,NA,no data
Music therapy group:Psychoeducation group + AD,Music therapy group,Psychoeducation group + AD,NA,NA,NA,NA,NA,NA,NA,NA,NA,NA,NA,-0.3186198533067177,0.9549527874468099,-2.190292923638598,1.5530532170251627,-0.333649848971685,0.738643797582994,-0.3186198533067177,0.9549527874468099,-2.190292923638598,1.5530532170251627,-0.333649848971685,0.738643797582994,NA,NA,NA,NA,NA,NA,NA,no data
Music therapy group:Relaxation individual + AD,Music therapy group,Relaxation individual + AD,NA,NA,NA,NA,NA,NA,NA,NA,NA,NA,NA,0.011267495298642238,0.9716104849477519,-1.8930540622004475,1.915589052797732,0.011596720571874174,0.9907473630887141,0.011267495298642238,0.9716104849477519,-1.8930540622004475,1.915589052797732,0.011596720571874174,0.9907473630887141,NA,NA,NA,NA,NA,NA,NA,no data
Music therapy group:Relaxation individual + placebo,Music therapy group,Relaxation individual + placebo,NA,NA,NA,NA,NA,NA,NA,NA,NA,NA,NA,-0.6211600063058142,0.9662467779549906,-2.514968891275466,1.2726488786638375,-0.6428585538163097,0.520315884888171,-0.6211600063058142,0.9662467779549906,-2.514968891275466,1.2726488786638375,-0.6428585538163097,0.520315884888171,NA,NA,NA,NA,NA,NA,NA,no data
Music therapy group:Self-help,Music therapy group,Self-help,NA,NA,NA,NA,NA,NA,NA,NA,NA,NA,NA,-0.12728564362671735,0.7754096270288305,-1.647060585868861,1.3924892986154263,-0.16415277704823328,0.8696108751871151,-0.12728564362671735,0.7754096270288305,-1.647060585868861,1.3924892986154263,-0.16415277704823328,0.8696108751871151,NA,NA,NA,NA,NA,NA,NA,no data
Music therapy group:Self-help with support,Music therapy group,Self-help with support,NA,NA,NA,NA,NA,NA,NA,NA,NA,NA,NA,-0.14801740629257232,0.7727984730047219,-1.6626745806893761,1.3666397681042315,-0.19153428929157304,0.8481070188154531,-0.14801740629257232,0.7727984730047219,-1.6626745806893761,1.3666397681042315,-0.19153428929157304,0.8481070188154531,NA,NA,NA,NA,NA,NA,NA,no data
Music therapy group:Sham acupuncture,Music therapy group,Sham acupuncture,NA,NA,NA,NA,NA,NA,NA,NA,NA,NA,NA,-0.6263418279991617,0.8358807913914902,-2.26463807449532,1.0119544184969966,-0.7493195614131662,0.45366462036666905,-0.6263418279991617,0.8358807913914902,-2.26463807449532,1.0119544184969966,-0.7493195614131662,0.45366462036666905,NA,NA,NA,NA,NA,NA,NA,no data
Music therapy group:Short-term psychodynamic psychotherapies individual,Music therapy group,Short-term psychodynamic psychotherapies individual,NA,NA,NA,NA,NA,NA,NA,NA,NA,NA,NA,-0.06722490019264216,0.8071326490352018,-1.6491758230480449,1.5147260226627606,-0.08328854033224749,0.9336221121244236,-0.06722490019264216,0.8071326490352018,-1.6491758230480449,1.5147260226627606,-0.08328854033224749,0.9336221121244236,NA,NA,NA,NA,NA,NA,NA,no data
Music therapy group:Short-term psychodynamic psychotherapies individual + AD,Music therapy group,Short-term psychodynamic psychotherapies individual + AD,NA,NA,NA,NA,NA,NA,NA,NA,NA,NA,NA,-0.27498667250904596,0.9493777820245054,-2.135732932999594,1.585759587981502,-0.2896493658432255,0.7720844965832048,-0.27498667250904596,0.9493777820245054,-2.135732932999594,1.585759587981502,-0.2896493658432255,0.7720844965832048,NA,NA,NA,NA,NA,NA,NA,no data
Music therapy group:SNRIs,Music therapy group,SNRIs,NA,NA,NA,NA,NA,NA,NA,NA,NA,NA,NA,-0.06567029440100658,0.751375389640234,-1.538338996965615,1.4069984081636018,-0.08740011358696506,0.930353479096164,-0.06567029440100658,0.751375389640234,-1.538338996965615,1.4069984081636018,-0.08740011358696506,0.930353479096164,NA,NA,NA,NA,NA,NA,NA,no data
Music therapy group:SSRIs,Music therapy group,SSRIs,NA,NA,NA,NA,NA,NA,NA,NA,NA,NA,NA,-0.25518482767524464,0.7485108730931702,-1.722239180974489,1.2118695256239997,-0.34092334106077943,0.7331612927172566,-0.25518482767524464,0.7485108730931702,-1.722239180974489,1.2118695256239997,-0.34092334106077943,0.7331612927172566,NA,NA,NA,NA,NA,NA,NA,no data
Music therapy group:TAU,Music therapy group,TAU,NA,NA,NA,NA,NA,NA,NA,NA,NA,NA,NA,-0.43162305969229564,0.7802478552595009,-1.960880755015538,1.0976346356309468,-0.5531871145595691,0.5801352893830146,-0.43162305969229564,0.7802478552595009,-1.960880755015538,1.0976346356309468,-0.5531871145595691,0.5801352893830146,NA,NA,NA,NA,NA,NA,NA,no data
Music therapy group:TCAs,Music therapy group,TCAs,NA,NA,NA,NA,NA,NA,NA,NA,NA,NA,NA,-0.1496527299862329,0.7499182798787509,-1.6194655498968127,1.3201600899243469,-0.19955871726507216,0.8418257171195666,-0.1496527299862329,0.7499182798787509,-1.6194655498968127,1.3201600899243469,-0.19955871726507216,0.8418257171195666,NA,NA,NA,NA,NA,NA,NA,no data
Music therapy group:Trazodone,Music therapy group,Trazodone,NA,NA,NA,NA,NA,NA,NA,NA,NA,NA,NA,-0.3768336776606529,0.767927856756924,-1.881944619629257,1.1282772643079513,-0.49071494717235387,0.6236280731768507,-0.3768336776606529,0.767927856756924,-1.881944619629257,1.1282772643079513,-0.49071494717235387,0.6236280731768507,NA,NA,NA,NA,NA,NA,NA,no data
Music therapy group:Waitlist,Music therapy group,Waitlist,NA,NA,NA,NA,NA,NA,NA,NA,NA,NA,NA,-1.4507110085874713,0.7683016648559866,-2.9565546009673676,0.05513258379242503,-1.8882049524901108,0.058998441223539234,-1.4507110085874713,0.7683016648559866,-2.9565546009673676,0.05513258379242503,-1.8882049524901108,0.058998441223539234,NA,NA,NA,NA,NA,NA,NA,no data
Music therapy group:Yoga group,Music therapy group,Yoga group,NA,NA,NA,NA,NA,NA,NA,NA,NA,NA,NA,0.1074600749280572,0.8892216211038383,-1.6353822767097874,1.8503024265659018,0.12084734826247395,0.9038119464056938,0.1074600749280572,0.8892216211038383,-1.6353822767097874,1.8503024265659018,0.12084734826247395,0.9038119464056938,NA,NA,NA,NA,NA,NA,NA,no data
Music therapy group:Yoga group + AD,Music therapy group,Yoga group + AD,NA,NA,NA,NA,NA,NA,NA,NA,NA,NA,NA,1.081000584121604,1.043946993395408,-0.9650979247022691,3.127099092945477,1.0354937472502126,0.3004383850366985,1.081000584121604,1.043946993395408,-0.9650979247022691,3.127099092945477,1.0354937472502126,0.3004383850366985,NA,NA,NA,NA,NA,NA,NA,no data
No treatment:Peer support group,No treatment,Peer support group,NA,NA,NA,NA,NA,NA,NA,NA,NA,NA,NA,1.2423409793471731,0.6922514039946581,-0.11444684072964328,2.5991287994239896,1.7946384394140715,0.07271132457717906,1.2423409793471731,0.6922514039946581,-0.11444684072964328,2.5991287994239896,1.7946384394140715,0.07271132457717906,NA,NA,NA,NA,NA,NA,NA,no data
No treatment:Peer support group + AD,No treatment,Peer support group + AD,NA,NA,NA,NA,NA,NA,NA,NA,NA,NA,NA,1.3632797009577144,0.6914618265402117,0.008039424254617789,2.718519977660811,1.9715906918231492,0.04865635064380755,1.3632797009577144,0.6914618265402117,0.008039424254617789,2.718519977660811,1.9715906918231492,0.04865635064380755,NA,NA,NA,NA,NA,NA,NA,no data
No treatment:Placebo,No treatment,Placebo,NA,NA,NA,NA,NA,NA,NA,NA,NA,NA,NA,-0.11479305046941235,0.2385447307285176,-0.5823321313991119,0.35274603046028713,-0.4812223272290837,0.6303584939918845,-0.11479305046941235,0.2385447307285176,-0.5823321313991119,0.35274603046028713,-0.4812223272290837,0.6303584939918845,NA,NA,NA,NA,NA,NA,NA,no data
No treatment:Problem solving group,No treatment,Problem solving group,NA,NA,NA,NA,NA,NA,NA,NA,NA,NA,NA,2.8805373479253875,0.6309235289312968,1.6439499542211313,4.1171247416296435,4.565588721670671,4.980944745598772e-6,2.8805373479253875,0.6309235289312968,1.6439499542211313,4.1171247416296435,4.565588721670671,4.980944745598772e-6,NA,NA,NA,NA,NA,NA,NA,no data
No treatment:Problem solving individual,No treatment,Problem solving individual,NA,NA,NA,NA,NA,NA,NA,NA,NA,NA,NA,0.8617517141745856,0.3667212600312364,0.1429912521482144,1.5805121762009569,2.3498820714708053,0.01877935978908269,0.8617517141745856,0.3667212600312364,0.1429912521482144,1.5805121762009569,2.3498820714708053,0.01877935978908269,NA,NA,NA,NA,NA,NA,NA,no data
No treatment:Psychoeducation group,No treatment,Psychoeducation group,1.235562704630712,0.6238888810293645,0.012762967458163521,2.458362441803261,1.9804211009372967,0.04765623085771025,NA,0,NA,NA,NA,NA,NA,NA,NA,NA,NA,1.2355627046307118,0.6238888810293645,0.012762967458163299,2.4583624418032604,1.9804211009372963,0.047656230857710306,NA,NA,NA,NA,NA,NA,NA,no data
No treatment:Psychoeducation group + AD,No treatment,Psychoeducation group + AD,NA,NA,NA,NA,NA,NA,NA,NA,NA,NA,NA,0.3435822751333717,0.6379197125342821,-0.9067173864619655,1.593881936728709,0.5385979902837811,0.5901642745874558,0.3435822751333717,0.6379197125342821,-0.9067173864619655,1.593881936728709,0.5385979902837811,0.5901642745874558,NA,NA,NA,NA,NA,NA,NA,no data
No treatment:Relaxation individual + AD,No treatment,Relaxation individual + AD,NA,NA,NA,NA,NA,NA,NA,NA,NA,NA,NA,0.6734696237387316,0.6625961574351263,-0.6251949811287472,1.9721342286062105,1.0164103974669818,0.30943399641155683,0.6734696237387316,0.6625961574351263,-0.6251949811287472,1.9721342286062105,1.0164103974669818,0.30943399641155683,NA,NA,NA,NA,NA,NA,NA,no data
No treatment:Relaxation individual + placebo,No treatment,Relaxation individual + placebo,NA,NA,NA,NA,NA,NA,NA,NA,NA,NA,NA,0.04104212213427516,0.6547057119773662,-1.242157493814016,1.3242417380825664,0.06268789378714636,0.9500150377910576,0.04104212213427516,0.6547057119773662,-1.242157493814016,1.3242417380825664,0.06268789378714636,0.9500150377910576,NA,NA,NA,NA,NA,NA,NA,no data
No treatment:Self-help,No treatment,Self-help,0.14978481875888464,0.6484255376819905,-1.1211058817538362,1.4206755192716054,0.23099771686096685,0.817316575750703,NA,0,NA,NA,NA,0.6492800769093153,0.3533453582639312,-0.043264099392392064,1.3418242532110227,1.8375225872482972,0.06613278514629636,0.5349164848133721,0.3102689528076878,-0.07319948821065358,1.1430324578373976,1.7240412873179942,0.08470038998546085,-0.4994952581504307,0.7384501473524427,-1.9468309513395141,0.9478404350386528,-0.6764102626849837,0.49878020320924904,-0.6764102626849837,no
No treatment:Self-help with support,No treatment,Self-help with support,0.3234307882490834,0.6490676024874455,-0.94871833615807,1.5955799126562369,0.49830061924149,0.618272171467611,NA,0,NA,NA,NA,0.567645759051714,0.34361480666761435,-0.10582688657150363,1.2411184046749315,1.651982825061463,0.09853805210490599,0.5141847221475171,0.3036843974685215,-0.08102575955753166,1.1093952038525658,1.6931548885412036,0.09042598877810677,-0.2442149708026306,0.7344112526098865,-1.6836345757589557,1.1952046341536944,-0.33253162983922263,0.7394878600620693,-0.33253162983922263,no
No treatment:Sham acupuncture,No treatment,Sham acupuncture,NA,NA,NA,NA,NA,NA,NA,NA,NA,NA,NA,0.035860300440927695,0.4401175193112096,-0.8267541863741548,0.8984747872560102,0.0814789206688468,0.9350610880025004,0.035860300440927695,0.4401175193112096,-0.8267541863741548,0.8984747872560102,0.0814789206688468,0.9350610880025004,NA,NA,NA,NA,NA,NA,NA,no data
No treatment:Short-term psychodynamic psychotherapies individual,No treatment,Short-term psychodynamic psychotherapies individual,NA,NA,NA,NA,NA,NA,NA,NA,NA,NA,NA,0.5949772282474473,0.3827137919202432,-0.15512802030298556,1.34508247679788,1.5546270889851792,0.12003490834124854,0.5949772282474473,0.3827137919202432,-0.15512802030298556,1.34508247679788,1.5546270889851792,0.12003490834124854,NA,NA,NA,NA,NA,NA,NA,no data
No treatment:Short-term psychodynamic psychotherapies individual + AD,No treatment,Short-term psychodynamic psychotherapies individual + AD,NA,NA,NA,NA,NA,NA,NA,NA,NA,NA,NA,0.38721545593104345,0.6295434110441935,-0.8466669564200708,1.6210978682821577,0.6150734788706432,0.5385061957986997,0.38721545593104345,0.6295434110441935,-0.8466669564200708,1.6210978682821577,0.6150734788706432,0.5385061957986997,NA,NA,NA,NA,NA,NA,NA,no data
No treatment:SNRIs,No treatment,SNRIs,NA,NA,NA,NA,NA,NA,NA,NA,NA,NA,NA,0.5965318340390828,0.24407316432660595,0.11815722236620896,1.0749064457119566,2.444069734929298,0.014522619144376947,0.5965318340390828,0.24407316432660595,0.11815722236620896,1.0749064457119566,2.444069734929298,0.014522619144376947,NA,NA,NA,NA,NA,NA,NA,no data
No treatment:SSRIs,No treatment,SSRIs,0.058141320338494215,0.4468630058592714,-0.8176940771689888,0.9339767178459771,0.13010994326257655,0.8964794434090749,NA,0.002883491080307751,0,0,0,0.5405540298738692,0.27646441210767486,-0.001306260864212594,1.0824143206119512,1.9552391056514686,0.050554854870358976,0.40701730076484477,0.2351069129695869,-0.05378378117193838,0.8678183827016279,1.731200906106474,0.0834159378199457,-0.482412709535375,0.5254703770600446,-1.5123157235157445,0.5474903044449946,-0.9180588109160919,0.35858807717813196,-0.9180588109160919,no
No treatment:TAU,No treatment,TAU,NA,NA,NA,NA,NA,NA,NA,NA,NA,NA,NA,0.23057906874779377,0.3221699070745745,-0.400862346020988,0.8620204835165756,0.7157064135553179,0.47417264977484025,0.23057906874779377,0.3221699070745745,-0.400862346020988,0.8620204835165756,0.7157064135553179,0.47417264977484025,NA,NA,NA,NA,NA,NA,NA,no data
No treatment:TCAs,No treatment,TCAs,NA,NA,NA,NA,NA,NA,NA,NA,NA,NA,NA,0.5125493984538565,0.2395499110492291,0.04304020029759403,0.982058596610119,2.1396351023838376,0.03238426750066995,0.5125493984538565,0.2395499110492291,0.04304020029759403,0.982058596610119,2.1396351023838376,0.03238426750066995,NA,NA,NA,NA,NA,NA,NA,no data
No treatment:Trazodone,No treatment,Trazodone,NA,NA,NA,NA,NA,NA,NA,NA,NA,NA,NA,0.2853684507794365,0.2910668764574075,-0.28511214416965136,0.8558490457285244,0.9804222804486487,0.3268777161418489,0.2853684507794365,0.2910668764574075,-0.28511214416965136,0.8558490457285244,0.9804222804486487,0.3268777161418489,NA,NA,NA,NA,NA,NA,NA,no data
No treatment:Waitlist,No treatment,Waitlist,NA,NA,NA,NA,NA,NA,NA,NA,NA,NA,NA,-0.7885088801473819,0.29205167626272893,-1.3609196472468819,-0.21609811304788185,-2.699895067330623,0.006936134908929014,-0.7885088801473819,0.29205167626272893,-1.3609196472468819,-0.21609811304788185,-2.699895067330623,0.006936134908929014,NA,NA,NA,NA,NA,NA,NA,no data
No treatment:Yoga group,No treatment,Yoga group,NA,NA,NA,NA,NA,NA,NA,NA,NA,NA,NA,0.7696622033681466,0.5345295359715186,-0.27799643580893707,1.8173208425452303,1.4398871373295947,0.14989933276234524,0.7696622033681466,0.5345295359715186,-0.27799643580893707,1.8173208425452303,1.4398871373295947,0.14989933276234524,NA,NA,NA,NA,NA,NA,NA,no data
No treatment:Yoga group + AD,No treatment,Yoga group + AD,NA,NA,NA,NA,NA,NA,NA,NA,NA,NA,NA,1.7432027125616933,0.7647431323043712,0.24433371582077656,3.24207170930261,2.2794617420217524,0.022639631706141486,1.7432027125616933,0.7647431323043712,0.24433371582077656,3.24207170930261,2.2794617420217524,0.022639631706141486,NA,NA,NA,NA,NA,NA,NA,no data
Peer support group:Peer support group + AD,Peer support group,Peer support group + AD,0.12093872161054439,0.6153868261746354,-1.0851972942521513,1.3270747374732401,0.19652471659545118,0.8441994888074686,NA,0,NA,NA,NA,NA,NA,NA,NA,NA,NA,0.12093872161054131,0.6153868261746355,-1.0851972942521546,1.3270747374732372,0.19652471659544613,0.8441994888074726,NA,NA,NA,NA,NA,NA,NA,no data
Peer support group:Placebo,Peer support group,Placebo,NA,NA,NA,NA,NA,NA,NA,NA,NA,NA,NA,-1.3571340298165855,0.670831621239444,-2.6719398471365103,-0.042328212496660855,-2.0230621020951776,0.043066745193884454,-1.3571340298165855,0.670831621239444,-2.6719398471365103,-0.042328212496660855,-2.0230621020951776,0.043066745193884454,NA,NA,NA,NA,NA,NA,NA,no data
Peer support group:Problem solving group,Peer support group,Problem solving group,NA,NA,NA,NA,NA,NA,NA,NA,NA,NA,NA,1.6381963685782144,0.8943415364408219,-0.11468083272401253,3.391073569880441,1.8317346358502862,0.06699096574837027,1.6381963685782144,0.8943415364408219,-0.11468083272401253,3.391073569880441,1.8317346358502862,0.06699096574837027,NA,NA,NA,NA,NA,NA,NA,no data
Peer support group:Problem solving individual,Peer support group,Problem solving individual,NA,NA,NA,NA,NA,NA,NA,NA,NA,NA,NA,-0.3805892651725875,0.7339867257318096,-1.8191768127374124,1.0579982823922374,-0.5185233626577199,0.6040931640706225,-0.3805892651725875,0.7339867257318096,-1.8191768127374124,1.0579982823922374,-0.5185233626577199,0.6040931640706225,NA,NA,NA,NA,NA,NA,NA,no data
Peer support group:Psychoeducation group,Peer support group,Psychoeducation group,NA,NA,NA,NA,NA,NA,NA,NA,NA,NA,NA,-0.006778274716461308,0.9319062947553514,-1.8332810494031173,1.8197244999701947,-0.007273558247871664,0.9941965913431848,-0.006778274716461308,0.9319062947553514,-1.8332810494031173,1.8197244999701947,-0.007273558247871664,0.9941965913431848,NA,NA,NA,NA,NA,NA,NA,no data
Peer support group:Psychoeducation group + AD,Peer support group,Psychoeducation group + AD,NA,NA,NA,NA,NA,NA,NA,NA,NA,NA,NA,-0.8987587042138014,0.8442976754735546,-2.5535517403728547,0.7560343319452518,-1.0645045347420865,0.28710020121266355,-0.8987587042138014,0.8442976754735546,-2.5535517403728547,0.7560343319452518,-1.0645045347420865,0.28710020121266355,NA,NA,NA,NA,NA,NA,NA,no data
Peer support group:Relaxation individual + AD,Peer support group,Relaxation individual + AD,NA,NA,NA,NA,NA,NA,NA,NA,NA,NA,NA,-0.5688713556084415,0.90746726595401,-2.3474745140273314,1.2097318028104485,-0.6268781001267231,0.530739143668362,-0.5688713556084415,0.90746726595401,-2.3474745140273314,1.2097318028104485,-0.6268781001267231,0.530739143668362,NA,NA,NA,NA,NA,NA,NA,no data
Peer support group:Relaxation individual + placebo,Peer support group,Relaxation individual + placebo,NA,NA,NA,NA,NA,NA,NA,NA,NA,NA,NA,-1.201298857212898,0.9017921356173788,-2.96877896456442,0.5661812501386241,-1.3321239005821146,0.18281947770800963,-1.201298857212898,0.9017921356173788,-2.96877896456442,0.5661812501386241,-1.3321239005821146,0.18281947770800963,NA,NA,NA,NA,NA,NA,NA,no data
Peer support group:Self-help,Peer support group,Self-help,NA,NA,NA,NA,NA,NA,NA,NA,NA,NA,NA,-0.7074244945338011,0.7092345488670112,-2.097498666904656,0.6826496778370537,-0.9974478762546161,0.3185471623612054,-0.7074244945338011,0.7092345488670112,-2.097498666904656,0.6826496778370537,-0.9974478762546161,0.3185471623612054,NA,NA,NA,NA,NA,NA,NA,no data
Peer support group:Self-help with support,Peer support group,Self-help with support,NA,NA,NA,NA,NA,NA,NA,NA,NA,NA,NA,-0.728156257199656,0.7064825626395712,-2.1128366356787778,0.6565241212794659,-1.0306783149453926,0.30269169710156674,-0.728156257199656,0.7064825626395712,-2.1128366356787778,0.6565241212794659,-1.0306783149453926,0.30269169710156674,NA,NA,NA,NA,NA,NA,NA,no data
Peer support group:Sham acupuncture,Peer support group,Sham acupuncture,NA,NA,NA,NA,NA,NA,NA,NA,NA,NA,NA,-1.2064806789062454,0.7681433811063888,-2.712014040837592,0.29905268302510124,-1.5706451537322383,0.11626509544918215,-1.2064806789062454,0.7681433811063888,-2.712014040837592,0.29905268302510124,-1.5706451537322383,0.11626509544918215,NA,NA,NA,NA,NA,NA,NA,no data
Peer support group:Short-term psychodynamic psychotherapies individual,Peer support group,Short-term psychodynamic psychotherapies individual,NA,NA,NA,NA,NA,NA,NA,NA,NA,NA,NA,-0.6473637510997259,0.7357216621543538,-2.089351711568204,0.7946242093687526,-0.8799030725887605,0.37891182007995117,-0.6473637510997259,0.7357216621543538,-2.089351711568204,0.7946242093687526,-0.8799030725887605,0.37891182007995117,NA,NA,NA,NA,NA,NA,NA,no data
Peer support group:Short-term psychodynamic psychotherapies individual + AD,Peer support group,Short-term psychodynamic psychotherapies individual + AD,NA,NA,NA,NA,NA,NA,NA,NA,NA,NA,NA,-0.8551255234161297,0.8396715046914563,-2.5008514314559385,0.7906003846236793,-1.0184048388427234,0.3084856035755552,-0.8551255234161297,0.8396715046914563,-2.5008514314559385,0.7906003846236793,-1.0184048388427234,0.3084856035755552,NA,NA,NA,NA,NA,NA,NA,no data
Peer support group:SNRIs,Peer support group,SNRIs,NA,NA,NA,NA,NA,NA,NA,NA,NA,NA,NA,-0.6458091453080903,0.6723985165298787,-1.9636860209648124,0.6720677303486318,-0.9604559341400527,0.33682579866015355,-0.6458091453080903,0.6723985165298787,-1.9636860209648124,0.6720677303486318,-0.9604559341400527,0.33682579866015355,NA,NA,NA,NA,NA,NA,NA,no data
Peer support group:SSRIs,Peer support group,SSRIs,NA,NA,NA,NA,NA,NA,NA,NA,NA,NA,NA,-0.8353236785823284,0.6699919683008291,-2.1484838063830547,0.47783644921839796,-1.2467667048319968,0.212483052110812,-0.8353236785823284,0.6699919683008291,-2.1484838063830547,0.47783644921839796,-1.2467667048319968,0.212483052110812,NA,NA,NA,NA,NA,NA,NA,no data
Peer support group:TAU,Peer support group,TAU,NA,NA,NA,NA,NA,NA,NA,NA,NA,NA,NA,-1.0117619105993794,0.6987620575034021,-2.3813103770691537,0.35778655587039476,-1.4479348151991684,0.1476352817146449,-1.0117619105993794,0.6987620575034021,-2.3813103770691537,0.35778655587039476,-1.4479348151991684,0.1476352817146449,NA,NA,NA,NA,NA,NA,NA,no data
Peer support group:TCAs,Peer support group,TCAs,NA,NA,NA,NA,NA,NA,NA,NA,NA,NA,NA,-0.7297915808933166,0.670493765682506,-2.0439352134896662,0.5843520517030327,-1.0884390254552934,0.2764013407695299,-0.7297915808933166,0.670493765682506,-2.0439352134896662,0.5843520517030327,-1.0884390254552934,0.2764013407695299,NA,NA,NA,NA,NA,NA,NA,no data
Peer support group:Trazodone,Peer support group,Trazodone,NA,NA,NA,NA,NA,NA,NA,NA,NA,NA,NA,-0.9569725285677366,0.6912826775116332,-2.311861679626954,0.39791662249148096,-1.3843432790945818,0.16625336791621137,-0.9569725285677366,0.6912826775116332,-2.311861679626954,0.39791662249148096,-1.3843432790945818,0.16625336791621137,NA,NA,NA,NA,NA,NA,NA,no data
Peer support group:Waitlist,Peer support group,Waitlist,NA,NA,NA,NA,NA,NA,NA,NA,NA,NA,NA,-2.030849859494555,0.6979086373244558,-3.3987256531499144,-0.6629740658391954,-2.90990790324668,0.003615352729407777,-2.030849859494555,0.6979086373244558,-3.3987256531499144,-0.6629740658391954,-2.90990790324668,0.003615352729407777,NA,NA,NA,NA,NA,NA,NA,no data
Peer support group:Yoga group,Peer support group,Yoga group,NA,NA,NA,NA,NA,NA,NA,NA,NA,NA,NA,-0.4726787759790265,0.8262700233337718,-2.0921382632182888,1.1467807112602357,-0.5720633238900499,0.5672790751087684,-0.4726787759790265,0.8262700233337718,-2.0921382632182888,1.1467807112602357,-0.5720633238900499,0.5672790751087684,NA,NA,NA,NA,NA,NA,NA,no data
Peer support group:Yoga group + AD,Peer support group,Yoga group + AD,NA,NA,NA,NA,NA,NA,NA,NA,NA,NA,NA,0.5008617332145202,0.9310133576557177,-1.3238909169163942,2.3256143833454344,0.5379748089497717,0.5905944401028378,0.5008617332145202,0.9310133576557177,-1.3238909169163942,2.3256143833454344,0.5379748089497717,0.5905944401028378,NA,NA,NA,NA,NA,NA,NA,no data
Peer support group + AD:Placebo,Peer support group + AD,Placebo,NA,NA,NA,NA,NA,NA,NA,NA,NA,NA,NA,-1.4780727514271268,0.6700168022404298,-2.7912815528550645,-0.16486394999918885,-2.2060234108826617,0.027382360577778098,-1.4780727514271268,0.6700168022404298,-2.7912815528550645,-0.16486394999918885,-2.2060234108826617,0.027382360577778098,NA,NA,NA,NA,NA,NA,NA,no data
Peer support group + AD:Problem solving group,Peer support group + AD,Problem solving group,NA,NA,NA,NA,NA,NA,NA,NA,NA,NA,NA,1.517257646967673,0.8937305158900419,-0.23442197606121118,3.2689372699965573,1.6976679435150286,0.08957045131415363,1.517257646967673,0.8937305158900419,-0.23442197606121118,3.2689372699965573,1.6976679435150286,0.08957045131415363,NA,NA,NA,NA,NA,NA,NA,no data
Peer support group + AD:Problem solving individual,Peer support group + AD,Problem solving individual,NA,NA,NA,NA,NA,NA,NA,NA,NA,NA,NA,-0.5015279867831288,0.7332420915224745,-1.9386560781160007,0.9356001045497431,-0.683986902254583,0.49398343654592447,-0.5015279867831288,0.7332420915224745,-1.9386560781160007,0.9356001045497431,-0.683986902254583,0.49398343654592447,NA,NA,NA,NA,NA,NA,NA,no data
Peer support group + AD:Psychoeducation group,Peer support group + AD,Psychoeducation group,NA,NA,NA,NA,NA,NA,NA,NA,NA,NA,NA,-0.12771699632700262,0.931319920024477,-1.9530704976597006,1.6976365050056954,-0.1371354714754152,0.8909237151382202,-0.12771699632700262,0.931319920024477,-1.9530704976597006,1.6976365050056954,-0.1371354714754152,0.8909237151382202,NA,NA,NA,NA,NA,NA,NA,no data
Peer support group + AD:Psychoeducation group + AD,Peer support group + AD,Psychoeducation group + AD,NA,NA,NA,NA,NA,NA,NA,NA,NA,NA,NA,-1.0196974258243428,0.8436504110351624,-2.6732218469956734,0.6338269953469882,-1.2086729437767594,0.22678852021753204,-1.0196974258243428,0.8436504110351624,-2.6732218469956734,0.6338269953469882,-1.2086729437767594,0.22678852021753204,NA,NA,NA,NA,NA,NA,NA,no data
Peer support group + AD:Relaxation individual + AD,Peer support group + AD,Relaxation individual + AD,NA,NA,NA,NA,NA,NA,NA,NA,NA,NA,NA,-0.6898100772189828,0.9068650891989373,-2.467232990885603,1.0876128364476374,-0.7606534703285512,0.44686407338394274,-0.6898100772189828,0.9068650891989373,-2.467232990885603,1.0876128364476374,-0.7606534703285512,0.44686407338394274,NA,NA,NA,NA,NA,NA,NA,no data
Peer support group + AD:Relaxation individual + placebo,Peer support group + AD,Relaxation individual + placebo,NA,NA,NA,NA,NA,NA,NA,NA,NA,NA,NA,-1.3222375788234393,0.9011861667220061,-3.0885300089642795,0.44405485131740097,-1.4672191248041173,0.1423164559857629,-1.3222375788234393,0.9011861667220061,-3.0885300089642795,0.44405485131740097,-1.4672191248041173,0.1423164559857629,NA,NA,NA,NA,NA,NA,NA,no data
Peer support group + AD:Self-help,Peer support group + AD,Self-help,NA,NA,NA,NA,NA,NA,NA,NA,NA,NA,NA,-0.8283632161443424,0.7084638992470564,-2.216926943015386,0.5602005107267014,-1.169238428414931,0.24230758242776795,-0.8283632161443424,0.7084638992470564,-2.216926943015386,0.5602005107267014,-1.169238428414931,0.24230758242776795,NA,NA,NA,NA,NA,NA,NA,no data
Peer support group + AD:Self-help with support,Peer support group + AD,Self-help with support,NA,NA,NA,NA,NA,NA,NA,NA,NA,NA,NA,-0.8490949788101974,0.7057089077966398,-2.2322590216607088,0.5340690640403141,-1.2031801914775835,0.22890659855830484,-0.8490949788101974,0.7057089077966398,-2.2322590216607088,0.5340690640403141,-1.2031801914775835,0.22890659855830484,NA,NA,NA,NA,NA,NA,NA,no data
Peer support group + AD:Sham acupuncture,Peer support group + AD,Sham acupuncture,NA,NA,NA,NA,NA,NA,NA,NA,NA,NA,NA,-1.3274194005167868,0.7674318895949694,-2.831558264710446,0.17671946367687208,-1.7296901764368486,0.08368564476729962,-1.3274194005167868,0.7674318895949694,-2.831558264710446,0.17671946367687208,-1.7296901764368486,0.08368564476729962,NA,NA,NA,NA,NA,NA,NA,no data
Peer support group + AD:Short-term psychodynamic psychotherapies individual,Peer support group + AD,Short-term psychodynamic psychotherapies individual,NA,NA,NA,NA,NA,NA,NA,NA,NA,NA,NA,-0.7683024727102672,0.7349787856754204,-2.208834422035074,0.6722294766145398,-1.0453396583470411,0.29586601455842576,-0.7683024727102672,0.7349787856754204,-2.208834422035074,0.6722294766145398,-1.0453396583470411,0.29586601455842576,NA,NA,NA,NA,NA,NA,NA,no data
Peer support group + AD:Short-term psychodynamic psychotherapies individual + AD,Peer support group + AD,Short-term psychodynamic psychotherapies individual + AD,NA,NA,NA,NA,NA,NA,NA,NA,NA,NA,NA,-0.976064245026671,0.8390206713904997,-2.620514543236666,0.6683860531833239,-1.1633375413850655,0.2446925797981761,-0.976064245026671,0.8390206713904997,-2.620514543236666,0.6683860531833239,-1.1633375413850655,0.2446925797981761,NA,NA,NA,NA,NA,NA,NA,no data
Peer support group + AD:SNRIs,Peer support group + AD,SNRIs,NA,NA,NA,NA,NA,NA,NA,NA,NA,NA,NA,-0.7667478669186316,0.6715855986107296,-2.0830314527314346,0.5495357188941712,-1.141697898979309,0.2535796144508113,-0.7667478669186316,0.6715855986107296,-2.0830314527314346,0.5495357188941712,-1.141697898979309,0.2535796144508113,NA,NA,NA,NA,NA,NA,NA,no data
Peer support group + AD:SSRIs,Peer support group + AD,SSRIs,NA,NA,NA,NA,NA,NA,NA,NA,NA,NA,NA,-0.9562624001928697,0.6691761269033509,-2.267823508237442,0.3552987078517025,-1.4290145176248683,0.15300006082830744,-0.9562624001928697,0.6691761269033509,-2.267823508237442,0.3552987078517025,-1.4290145176248683,0.15300006082830744,NA,NA,NA,NA,NA,NA,NA,no data
Peer support group + AD:TAU,Peer support group + AD,TAU,NA,NA,NA,NA,NA,NA,NA,NA,NA,NA,NA,-1.1327006322099207,0.6979798451503727,-2.5007159906394945,0.23531472621965333,-1.622827134737525,0.10462636341302632,-1.1327006322099207,0.6979798451503727,-2.5007159906394945,0.23531472621965333,-1.622827134737525,0.10462636341302632,NA,NA,NA,NA,NA,NA,NA,no data
Peer support group + AD:TCAs,Peer support group + AD,TCAs,NA,NA,NA,NA,NA,NA,NA,NA,NA,NA,NA,-0.850730302503858,0.6696785356041044,-2.1632761135074263,0.46181550849971065,-1.270356234034633,0.20395776555399686,-0.850730302503858,0.6696785356041044,-2.1632761135074263,0.46181550849971065,-1.270356234034633,0.20395776555399686,NA,NA,NA,NA,NA,NA,NA,no data
Peer support group + AD:Trazodone,Peer support group + AD,Trazodone,NA,NA,NA,NA,NA,NA,NA,NA,NA,NA,NA,-1.077911250178278,0.6904919923195367,-2.431250686737877,0.27542818638132127,-1.5610771191673087,0.11850555599615278,-1.077911250178278,0.6904919923195367,-2.431250686737877,0.27542818638132127,-1.5610771191673087,0.11850555599615278,NA,NA,NA,NA,NA,NA,NA,no data
Peer support group + AD:Waitlist,Peer support group + AD,Waitlist,NA,NA,NA,NA,NA,NA,NA,NA,NA,NA,NA,-2.1517885811050963,0.6971254673886397,-3.518129389892482,-0.7854477723177109,-3.0866589757012823,0.002024196749240863,-2.1517885811050963,0.6971254673886397,-3.518129389892482,-0.7854477723177109,-3.0866589757012823,0.002024196749240863,NA,NA,NA,NA,NA,NA,NA,no data
Peer support group + AD:Yoga group,Peer support group + AD,Yoga group,NA,NA,NA,NA,NA,NA,NA,NA,NA,NA,NA,-0.5936174975895678,0.8256086256149109,-2.211780669120406,1.0245456739412702,-0.7190059298949829,0.47213726601150574,-0.5936174975895678,0.8256086256149109,-2.211780669120406,1.0245456739412702,-0.7190059298949829,0.47213726601150574,NA,NA,NA,NA,NA,NA,NA,no data
Peer support group + AD:Yoga group + AD,Peer support group + AD,Yoga group + AD,NA,NA,NA,NA,NA,NA,NA,NA,NA,NA,NA,0.3799230116039789,0.9304264201768584,-1.4436792622071946,2.2035252854151524,0.40833214036609355,0.6830298460527293,0.3799230116039789,0.9304264201768584,-1.4436792622071946,2.2035252854151524,0.40833214036609355,0.6830298460527293,NA,NA,NA,NA,NA,NA,NA,no data
Problem solving group:Placebo,Problem solving group,Placebo,NA,NA,NA,NA,NA,NA,NA,NA,NA,NA,NA,-2.9953303983948,0.6141883286384986,-4.199117402251107,-1.7915433945384922,-4.876892410239536,1.0777017761634009e-6,-2.9953303983948,0.6141883286384986,-4.199117402251107,-1.7915433945384922,-4.876892410239536,1.0777017761634009e-6,NA,NA,NA,NA,NA,NA,NA,no data
Problem solving individual:Placebo,Problem solving individual,Placebo,-0.9199503047931845,0.6381971917333789,-2.1707938156252102,0.3308932060388412,-1.4414828468526297,0.14944831988291743,NA,0,NA,NA,NA,-0.9976429582562134,0.38966425260615245,-1.76137085942699,-0.23391505708543692,-2.560262974044393,0.010459298416299098,-0.976544764643998,0.3325734291002953,-1.6283767078955618,-0.3247128213924342,-2.9363282787979372,0.003321226458141125,0.0776926534630289,0.7477525561945493,-1.3878754260260502,1.543260732952108,0.10390155515939811,0.9172474729505288,0.10390155515939811,no
Psychoeducation group:Placebo,Psychoeducation group,Placebo,NA,NA,NA,NA,NA,NA,NA,NA,NA,NA,NA,-1.3503557551001242,0.6679378147929742,-2.6594898160067384,-0.04122169419351018,-2.021678852721737,0.04320953995303006,-1.3503557551001242,0.6679378147929742,-2.6594898160067384,-0.04122169419351018,-2.021678852721737,0.04320953995303006,NA,NA,NA,NA,NA,NA,NA,no data
Psychoeducation group + AD:Placebo,Psychoeducation group + AD,Placebo,NA,NA,NA,NA,NA,NA,NA,NA,NA,NA,NA,-0.45837532560278405,0.611017650716486,-1.6559479149253706,0.7391972637198025,-0.7501834440711952,0.45314422860126613,-0.45837532560278405,0.611017650716486,-1.6559479149253706,0.7391972637198025,-0.7501834440711952,0.45314422860126613,NA,NA,NA,NA,NA,NA,NA,no data
Relaxation individual + AD:Placebo,Relaxation individual + AD,Placebo,-0.5058217293948983,0.7175306501592712,-1.9121559615106787,0.900512502720882,-0.7049479061035517,0.4808426557346997,NA,0,NA,NA,NA,-1.6409904999638554,1.246757090594206,-4.08458949499844,0.8026084950707293,-1.3162070722066295,0.1881045506477629,-0.788262674208144,0.6218926975537147,-2.007149963661885,0.43062461524559703,-1.2675219974585077,0.20496870316450166,1.135168770568957,1.4384899988755278,-1.6842198193481395,3.9545573604860538,0.7891391469223437,0.4300306839602816,0.7891391469223437,no
Relaxation individual + placebo:Placebo,Relaxation individual + placebo,Placebo,0.12556698668819496,0.7096313843192651,-1.265284968876866,1.516418942253256,0.17694677752823576,0.8595501951474216,NA,0,NA,NA,NA,-0.9880039906273841,1.2203230679169503,-3.3797932532480326,1.4037852719932644,-0.8096249399873043,0.41815576964936524,-0.1558351726036875,0.6134505807047657,-1.3581762170802096,1.0465058718728346,-0.25403052422683425,0.7994719764826363,1.113570977315579,1.4116533185244577,-1.6532186856488067,3.8803606402799646,0.7888416813836051,0.4302045446059298,0.7888416813836051,no
Self-help:Placebo,Self-help,Placebo,NA,NA,NA,NA,NA,NA,NA,NA,NA,NA,NA,-0.6497095352827844,0.2870919885440547,-1.2123994930791173,-0.0870195774864515,-2.2630709361751675,0.02363131683307089,-0.6497095352827844,0.2870919885440547,-1.2123994930791173,-0.0870195774864515,-2.2630709361751675,0.02363131683307089,NA,NA,NA,NA,NA,NA,NA,no data
Self-help with support:Placebo,Self-help with support,Placebo,NA,NA,NA,NA,NA,NA,NA,NA,NA,NA,NA,-0.6289777726169294,0.28204672837591704,-1.181779202191078,-0.07617634304278087,-2.230048106704561,0.025744249348239448,-0.6289777726169294,0.28204672837591704,-1.181779202191078,-0.07617634304278087,-2.230048106704561,0.025744249348239448,NA,NA,NA,NA,NA,NA,NA,no data
Sham acupuncture:Placebo,Sham acupuncture,Placebo,NA,NA,NA,NA,NA,NA,NA,NA,NA,NA,NA,-0.15065335091034004,0.39101055274454816,-0.9170199518647535,0.6157132500440734,-0.38529228905175783,0.700020873842391,-0.15065335091034004,0.39101055274454816,-0.9170199518647535,0.6157132500440734,-0.38529228905175783,0.700020873842391,NA,NA,NA,NA,NA,NA,NA,no data
Short-term psychodynamic psychotherapies individual:Placebo,Short-term psychodynamic psychotherapies individual,Placebo,NA,NA,NA,NA,NA,NA,NA,NA,NA,NA,NA,-0.7097702787168596,0.34140857135108904,-1.3789187825782672,-0.04062177485545193,-2.0789468638939477,0.03762223463763732,-0.7097702787168596,0.34140857135108904,-1.3789187825782672,-0.04062177485545193,-2.0789468638939477,0.03762223463763732,NA,NA,NA,NA,NA,NA,NA,no data
Short-term psychodynamic psychotherapies individual + AD:Placebo,Short-term psychodynamic psychotherapies individual + AD,Placebo,NA,NA,NA,NA,NA,NA,NA,NA,NA,NA,NA,-0.5020085064004558,0.6009150448536718,-1.6797803520819232,0.6757633392810116,-0.835406786200035,0.40348871020782834,-0.5020085064004558,0.6009150448536718,-1.6797803520819232,0.6757633392810116,-0.835406786200035,0.40348871020782834,NA,NA,NA,NA,NA,NA,NA,no data
SNRIs:Placebo,SNRIs,Placebo,-0.7409489750414716,0.10481542804621888,-0.94638343903621,-0.5355145110467332,-7.069083138359617,1.559606939798079e-12,NA,1165.7385595495969,0.676890931365345,0.8227338156204259,0.9725495912116318,-0.6756389345860819,0.11504065081594515,-0.9011144669433828,-0.4501634022287811,-5.873045134863191,4.278619201922216e-9,-0.7113248845084952,0.07747897501467998,-0.8631808850963466,-0.5594688839206438,-9.180876287711861,4.275974373389551e-20,-0.06531004045538968,0.15562976995635608,-0.3703387844921013,0.2397187035813219,-0.41965004814763174,0.6747411211775656,-0.41965004814763174,no
SSRIs:Placebo,SSRIs,Placebo,-0.5103978403918055,0.06583026341112264,-0.6394227857703907,-0.38137289501322025,-7.753240135228883,8.957699479576432e-15,NA,1523.5293369293388,0.34650846872219626,0.5886496995006422,0.9461776035338642,-0.5537327861568128,0.110098904179647,-0.7695226730862472,-0.33794289922737825,-5.029412329602245,4.919853864116971e-7,-0.5218103512342571,0.05650078337955622,-0.6325498517564866,-0.41107085071202765,-9.235453387059845,2.5719445135262418e-20,0.04333494576500729,0.1282785729665593,-0.2080864372376423,0.2947563287676569,0.337819050858199,0.7354995525203167,0.337819050858199,no
TAU:Placebo,TAU,Placebo,NA,NA,NA,NA,NA,NA,NA,NA,NA,NA,NA,-0.3453721192172061,0.27904805567040725,-0.8922962582871322,0.20155201985271998,-1.2376797193137816,0.21583484196735508,-0.3453721192172061,0.27904805567040725,-0.8922962582871322,0.20155201985271998,-1.2376797193137816,0.21583484196735508,NA,NA,NA,NA,NA,NA,NA,no data
TCAs:Placebo,TCAs,Placebo,-0.5857391572527629,0.11807386584717602,-0.8171596818286417,-0.35431863267688407,-4.960785801753031,7.02085780112161e-7,NA,172.6788467819875,0.19296575205364042,0.43927867243202284,0.8436403734263506,-0.6607235099787,0.10576452041670363,-0.8680181608375903,-0.4534288591198097,-6.247118668675497,4.18093415591354e-10,-0.6273424489232688,0.07878046279871655,-0.7817493186941508,-0.47293557915238693,-7.963172931925061,1.6768285086896842e-15,0.07498435272593706,0.15851678641415942,-0.23570283959084348,0.3856715450427176,0.47303730047885406,0.6361865677308007,0.47303730047885406,no
Trazodone:Placebo,Trazodone,Placebo,-0.3441063588323868,0.41218548613186967,-1.1519750666009851,0.4637623489362115,-0.8348337590962569,0.40381131522744557,NA,1.312551270037732,0.0033143318857362714,0.05757023437277524,0.23812499913146012,-0.4129702741234821,0.19703289006745717,-0.7991476424255377,-0.026792905821426405,-2.0959458798076582,0.0360869921391481,-0.40016150124884886,0.17776677850789505,-0.748577984772032,-0.0517450177256657,-2.2510477188575297,0.024382515189595683,0.06886391529109526,0.456857565052939,-0.8265604582773298,0.9642882888595203,0.15073388416609793,0.8801856429098578,0.15073388416609793,no
Waitlist:Placebo,Waitlist,Placebo,NA,NA,NA,NA,NA,NA,NA,NA,NA,NA,NA,0.6737158296779695,0.25388380272183775,0.1761127200850955,1.1713189392708436,2.653638485225115,0.007962908798738675,0.6737158296779695,0.25388380272183775,0.1761127200850955,1.1713189392708436,2.653638485225115,0.007962908798738675,NA,NA,NA,NA,NA,NA,NA,no data
Yoga group:Placebo,Yoga group,Placebo,NA,NA,NA,NA,NA,NA,NA,NA,NA,NA,NA,-0.884455253837559,0.4997784670369857,-1.8640030494786894,0.0950925418035714,-1.7696945990514346,0.07677803011414906,-0.884455253837559,0.4997784670369857,-1.8640030494786894,0.0950925418035714,-1.7696945990514346,0.07677803011414906,NA,NA,NA,NA,NA,NA,NA,no data
Yoga group + AD:Placebo,Yoga group + AD,Placebo,NA,NA,NA,NA,NA,NA,NA,NA,NA,NA,NA,-1.8579957630311057,0.7454093614443453,-3.3189712652010215,-0.3970202608611897,-2.492584422914884,0.012681717860593073,-1.8579957630311057,0.7454093614443453,-3.3189712652010215,-0.3970202608611897,-2.492584422914884,0.012681717860593073,NA,NA,NA,NA,NA,NA,NA,no data
Problem solving group:Problem solving individual,Problem solving group,Problem solving individual,NA,NA,NA,NA,NA,NA,NA,NA,NA,NA,NA,-2.018785633750802,0.6544818259273207,-3.301546441104363,-0.7360248263972407,-3.0845556801984984,0.0020385644776307514,-2.018785633750802,0.6544818259273207,-3.301546441104363,-0.7360248263972407,-3.0845556801984984,0.0020385644776307514,NA,NA,NA,NA,NA,NA,NA,no data
Problem solving group:Psychoeducation group,Problem solving group,Psychoeducation group,NA,NA,NA,NA,NA,NA,NA,NA,NA,NA,NA,-1.6449746432946757,0.8873003072416878,-3.384051288959708,0.09410200237035671,-1.8539096964908501,0.06375208043533821,-1.6449746432946757,0.8873003072416878,-3.384051288959708,0.09410200237035671,-1.8539096964908501,0.06375208043533821,NA,NA,NA,NA,NA,NA,NA,no data
Problem solving group:Psychoeducation group + AD,Problem solving group,Psychoeducation group + AD,NA,NA,NA,NA,NA,NA,NA,NA,NA,NA,NA,-2.536955072792016,0.8528612469813553,-4.208532400685392,-0.8653777448986397,-2.9746398746236817,0.002933326898189007,-2.536955072792016,0.8528612469813553,-4.208532400685392,-0.8653777448986397,-2.9746398746236817,0.002933326898189007,NA,NA,NA,NA,NA,NA,NA,no data
Problem solving group:Relaxation individual + AD,Problem solving group,Relaxation individual + AD,NA,NA,NA,NA,NA,NA,NA,NA,NA,NA,NA,-2.207067724186656,0.8711668675357812,-3.9145234090813625,-0.499612039291949,-2.533461505979514,0.011294214444805469,-2.207067724186656,0.8711668675357812,-3.9145234090813625,-0.499612039291949,-2.533461505979514,0.011294214444805469,NA,NA,NA,NA,NA,NA,NA,no data
Problem solving group:Relaxation individual + placebo,Problem solving group,Relaxation individual + placebo,NA,NA,NA,NA,NA,NA,NA,NA,NA,NA,NA,-2.8394952257911124,0.8651808288694628,-4.535218490489771,-1.1437719610924537,-3.2819673425976146,0.001030855432922979,-2.8394952257911124,0.8651808288694628,-4.535218490489771,-1.1437719610924537,-3.2819673425976146,0.001030855432922979,NA,NA,NA,NA,NA,NA,NA,no data
Problem solving group:Self-help,Problem solving group,Self-help,NA,NA,NA,NA,NA,NA,NA,NA,NA,NA,NA,-2.3456208631120155,0.6099810502328156,-3.5411617528202513,-1.1500799734037797,-3.8453995615384224,1.2035615676943421e-4,-2.3456208631120155,0.6099810502328156,-3.5411617528202513,-1.1500799734037797,-3.8453995615384224,1.2035615676943421e-4,NA,NA,NA,NA,NA,NA,NA,no data
Problem solving group:Self-help with support,Problem solving group,Self-help with support,NA,NA,NA,NA,NA,NA,NA,NA,NA,NA,NA,-2.3663526257778704,0.6199133129338611,-3.581360392665146,-1.1513448588905948,-3.81723150060876,1.3495752865843528e-4,-2.3663526257778704,0.6199133129338611,-3.581360392665146,-1.1513448588905948,-3.81723150060876,1.3495752865843528e-4,NA,NA,NA,NA,NA,NA,NA,no data
Problem solving group:Sham acupuncture,Problem solving group,Sham acupuncture,NA,NA,NA,NA,NA,NA,NA,NA,NA,NA,NA,-2.84467704748446,0.6934390063327012,-4.203792525371796,-1.4855615695971234,-4.102274347860421,4.091087723639128e-5,-2.84467704748446,0.6934390063327012,-4.203792525371796,-1.4855615695971234,-4.102274347860421,4.091087723639128e-5,NA,NA,NA,NA,NA,NA,NA,no data
Problem solving group:Short-term psychodynamic psychotherapies individual,Problem solving group,Short-term psychodynamic psychotherapies individual,NA,NA,NA,NA,NA,NA,NA,NA,NA,NA,NA,-2.2855601196779403,0.678040773877166,-3.614495616526852,-0.9566246228290285,-3.3708299083677122,7.494211339573963e-4,-2.2855601196779403,0.678040773877166,-3.614495616526852,-0.9566246228290285,-3.3708299083677122,7.494211339573963e-4,NA,NA,NA,NA,NA,NA,NA,no data
Problem solving group:Short-term psychodynamic psychotherapies individual + AD,Problem solving group,Short-term psychodynamic psychotherapies individual + AD,NA,NA,NA,NA,NA,NA,NA,NA,NA,NA,NA,-2.493321891994344,0.846621134267767,-4.152668823709616,-0.8339749602790718,-2.9450267552685063,0.003229267368654722,-2.493321891994344,0.846621134267767,-4.152668823709616,-0.8339749602790718,-2.9450267552685063,0.003229267368654722,NA,NA,NA,NA,NA,NA,NA,no data
Problem solving group:SNRIs,Problem solving group,SNRIs,NA,NA,NA,NA,NA,NA,NA,NA,NA,NA,NA,-2.2840055138863047,0.6163200489452914,-3.491970612769039,-1.0760404150035705,-3.7058757341983664,2.1066157351735848e-4,-2.2840055138863047,0.6163200489452914,-3.491970612769039,-1.0760404150035705,-3.7058757341983664,2.1066157351735848e-4,NA,NA,NA,NA,NA,NA,NA,no data
Problem solving group:SSRIs,Problem solving group,SSRIs,NA,NA,NA,NA,NA,NA,NA,NA,NA,NA,NA,-2.4735200471605427,0.6130120679889312,-3.6750016225072666,-1.272038471813819,-4.035026676188055,5.459609435522003e-5,-2.4735200471605427,0.6130120679889312,-3.6750016225072666,-1.272038471813819,-4.035026676188055,5.459609435522003e-5,NA,NA,NA,NA,NA,NA,NA,no data
Problem solving group:TAU,Problem solving group,TAU,NA,NA,NA,NA,NA,NA,NA,NA,NA,NA,NA,-2.6499582791775937,0.6526627073044978,-3.929153679546816,-1.3707628788083714,-4.0602262846025665,4.902517942004982e-5,-2.6499582791775937,0.6526627073044978,-3.929153679546816,-1.3707628788083714,-4.0602262846025665,4.902517942004982e-5,NA,NA,NA,NA,NA,NA,NA,no data
Problem solving group:TCAs,Problem solving group,TCAs,NA,NA,NA,NA,NA,NA,NA,NA,NA,NA,NA,-2.367987949471531,0.6137653515261149,-3.5709459334212816,-1.1650299655217802,-3.858132336052496,1.1425678201767716e-4,-2.367987949471531,0.6137653515261149,-3.5709459334212816,-1.1650299655217802,-3.858132336052496,1.1425678201767716e-4,NA,NA,NA,NA,NA,NA,NA,no data
Problem solving group:Trazodone,Problem solving group,Trazodone,NA,NA,NA,NA,NA,NA,NA,NA,NA,NA,NA,-2.595168897145951,0.6363889509843706,-3.842468321234543,-1.347869473057359,-4.07796033091355,4.543251566834108e-5,-2.595168897145951,0.6363889509843706,-3.842468321234543,-1.347869473057359,-4.07796033091355,4.543251566834108e-5,NA,NA,NA,NA,NA,NA,NA,no data
Problem solving group:Waitlist,Problem solving group,Waitlist,-3.6690462280727854,0.5592587216586354,-4.765173180563622,-2.5729192755819494,-6.560552542106488,5.3608760888461743e-11,NA,5.667499644599187,1.4622959532083786,1.2092542963365391,0.8235553484413635,NA,NA,NA,NA,NA,NA,-3.6690462280727694,0.5592587216586354,-4.765173180563606,-2.5729192755819335,-6.560552542106459,5.360876088847228e-11,NA,NA,NA,NA,NA,NA,NA,no data
Problem solving group:Yoga group,Problem solving group,Yoga group,NA,NA,NA,NA,NA,NA,NA,NA,NA,NA,NA,-2.110875144557241,0.7476145083206337,-3.576172655185303,-0.6455776339291786,-2.8234807124047117,0.004750528418598608,-2.110875144557241,0.7476145083206337,-3.576172655185303,-0.6455776339291786,-2.8234807124047117,0.004750528418598608,NA,NA,NA,NA,NA,NA,NA,no data
Problem solving group:Yoga group + AD,Problem solving group,Yoga group + AD,NA,NA,NA,NA,NA,NA,NA,NA,NA,NA,NA,-1.1373346353636942,0.9515602113778487,-3.0023583787855985,0.72768910805821,-1.1952313913134789,0.23199663699581946,-1.1373346353636942,0.9515602113778487,-3.0023583787855985,0.72768910805821,-1.1952313913134789,0.23199663699581946,NA,NA,NA,NA,NA,NA,NA,no data
Problem solving individual:Psychoeducation group,Problem solving individual,Psychoeducation group,NA,NA,NA,NA,NA,NA,NA,NA,NA,NA,NA,0.3738109904561262,0.723686270721623,-1.0445880362643578,1.7922100171766102,0.516537352689282,0.6054791576613157,0.3738109904561262,0.723686270721623,-1.0445880362643578,1.7922100171766102,0.516537352689282,0.6054791576613157,NA,NA,NA,NA,NA,NA,NA,no data
Problem solving individual:Psychoeducation group + AD,Problem solving individual,Psychoeducation group + AD,NA,NA,NA,NA,NA,NA,NA,NA,NA,NA,NA,-0.5181694390412139,0.6821747099142667,-1.8552073016372352,0.8188684235548074,-0.7595846511318716,0.4475028966885973,-0.5181694390412139,0.6821747099142667,-1.8552073016372352,0.8188684235548074,-0.7595846511318716,0.4475028966885973,NA,NA,NA,NA,NA,NA,NA,no data
Problem solving individual:Relaxation individual + AD,Problem solving individual,Relaxation individual + AD,NA,NA,NA,NA,NA,NA,NA,NA,NA,NA,NA,-0.18828209043585398,0.7020048987280326,-1.5641864089134856,1.1876222280417776,-0.2682062344251494,0.7885405763730337,-0.18828209043585398,0.7020048987280326,-1.5641864089134856,1.1876222280417776,-0.2682062344251494,0.7885405763730337,NA,NA,NA,NA,NA,NA,NA,no data
Problem solving individual:Relaxation individual + placebo,Problem solving individual,Relaxation individual + placebo,NA,NA,NA,NA,NA,NA,NA,NA,NA,NA,NA,-0.8207095920403105,0.6945578966750335,-2.1820180547012678,0.540598870620647,-1.1816287684139601,0.23735303338499483,-0.8207095920403105,0.6945578966750335,-2.1820180547012678,0.540598870620647,-1.1816287684139601,0.23735303338499483,NA,NA,NA,NA,NA,NA,NA,no data
Problem solving individual:Self-help,Problem solving individual,Self-help,NA,NA,NA,NA,NA,NA,NA,NA,NA,NA,NA,-0.32683522936121356,0.3609819754923703,-1.0343469003943797,0.3806764416719526,-0.9054059525144393,0.3652503634121665,-0.32683522936121356,0.3609819754923703,-1.0343469003943797,0.3806764416719526,-0.9054059525144393,0.3652503634121665,NA,NA,NA,NA,NA,NA,NA,no data
Problem solving individual:Self-help with support,Problem solving individual,Self-help with support,NA,NA,NA,NA,NA,NA,NA,NA,NA,NA,NA,-0.34756699202706853,0.38561317524359767,-1.103354927468652,0.4082209434145151,-0.9013358835768649,0.36740976026933814,-0.34756699202706853,0.38561317524359767,-1.103354927468652,0.4082209434145151,-0.9013358835768649,0.36740976026933814,NA,NA,NA,NA,NA,NA,NA,no data
Problem solving individual:Sham acupuncture,Problem solving individual,Sham acupuncture,NA,NA,NA,NA,NA,NA,NA,NA,NA,NA,NA,-0.8258914137336579,0.48934692281364883,-1.7849937583939113,0.1332109309265953,-1.6877421216525574,0.09146074228694286,-0.8258914137336579,0.48934692281364883,-1.7849937583939113,0.1332109309265953,-1.6877421216525574,0.09146074228694286,NA,NA,NA,NA,NA,NA,NA,no data
Problem solving individual:Short-term psychodynamic psychotherapies individual,Problem solving individual,Short-term psychodynamic psychotherapies individual,NA,NA,NA,NA,NA,NA,NA,NA,NA,NA,NA,-0.26677448592713837,0.4510992937036805,-1.150912855037808,0.6173638831835312,-0.5913875052581616,0.5542608102997344,-0.26677448592713837,0.4510992937036805,-1.150912855037808,0.6173638831835312,-0.5913875052581616,0.5542608102997344,NA,NA,NA,NA,NA,NA,NA,no data
Problem solving individual:Short-term psychodynamic psychotherapies individual + AD,Problem solving individual,Short-term psychodynamic psychotherapies individual + AD,NA,NA,NA,NA,NA,NA,NA,NA,NA,NA,NA,-0.4745362582435422,0.6740538530629252,-1.7956575338873288,0.8465850174002445,-0.7040034799700827,0.4814306064368233,-0.4745362582435422,0.6740538530629252,-1.7956575338873288,0.8465850174002445,-0.7040034799700827,0.4814306064368233,NA,NA,NA,NA,NA,NA,NA,no data
Problem solving individual:SNRIs,Problem solving individual,SNRIs,NA,NA,NA,NA,NA,NA,NA,NA,NA,NA,NA,-0.2652198801355028,0.33726751851829223,-0.9262520695865512,0.39581230931554556,-0.7863783660540029,0.4316458538736682,-0.2652198801355028,0.33726751851829223,-0.9262520695865512,0.39581230931554556,-0.7863783660540029,0.4316458538736682,NA,NA,NA,NA,NA,NA,NA,no data
Problem solving individual:SSRIs,Problem solving individual,SSRIs,NA,NA,NA,NA,NA,NA,NA,NA,NA,NA,NA,-0.45473441340974086,0.33164035380637724,-1.104737562690361,0.19526873587087945,-1.3711673148052124,0.17032280466123378,-0.45473441340974086,0.33164035380637724,-1.104737562690361,0.19526873587087945,-1.3711673148052124,0.17032280466123378,NA,NA,NA,NA,NA,NA,NA,no data
Problem solving individual:TAU,Problem solving individual,TAU,NA,NA,NA,NA,NA,NA,NA,NA,NA,NA,NA,-0.6311726454267919,0.39900843920796286,-1.4132148158019384,0.15086952494835482,-1.5818528717830582,0.1136831617995335,-0.6311726454267919,0.39900843920796286,-1.4132148158019384,0.15086952494835482,-1.5818528717830582,0.1136831617995335,NA,NA,NA,NA,NA,NA,NA,no data
Problem solving individual:TCAs,Problem solving individual,TCAs,-0.20981322740897201,0.6332291531307727,-1.450919561506085,1.0312931066881408,-0.3313385468303636,0.7403887779713267,NA,0,NA,NA,NA,-0.4020901702735815,0.3900537765791228,-1.166581524402495,0.36240118385533193,-1.0308582929257117,0.30260727734041315,-0.34920231572072913,0.33210489111462693,-1.000115941394994,0.3017113099535357,-1.0514820018118944,0.2930372713697521,0.1922769428646095,0.7437211231357839,-1.2653896730232055,1.6499435587524243,0.25853365849541,0.7959950758949706,0.25853365849541,no
Problem solving individual:Trazodone,Problem solving individual,Trazodone,NA,NA,NA,NA,NA,NA,NA,NA,NA,NA,NA,-0.5763832633951491,0.3726924224602691,-1.306846988728263,0.15408046193796487,-1.546538723782597,0.12197451545695065,-0.5763832633951491,0.3726924224602691,-1.306846988728263,0.15408046193796487,-1.546538723782597,0.12197451545695065,NA,NA,NA,NA,NA,NA,NA,no data
Problem solving individual:Waitlist,Problem solving individual,Waitlist,-0.6279240765895361,0.587494582046134,-1.7793922985123705,0.5235441453332982,-1.0688167955568095,0.2851522296938611,NA,0,NA,NA,NA,-2.1649436353940725,0.416847170604677,-2.9819490768366625,-1.3479381939514823,-5.193614801927557,2.0624965979418936e-7,-1.6502605943219675,0.3399649139512906,-2.3165795816737553,-0.9839416069701795,-4.854208556823052,1.2086848200039312e-6,1.5370195588045363,0.7203550843679014,0.12514953736313772,2.948889580245935,2.133697105994946,0.03286758312762219,2.133697105994946,YES
Problem solving individual:Yoga group,Problem solving individual,Yoga group,NA,NA,NA,NA,NA,NA,NA,NA,NA,NA,NA,-0.09208951080643901,0.5720748935730688,-1.213335698669238,1.02915667705636,-0.16097457140841434,0.8721134285025293,-0.09208951080643901,0.5720748935730688,-1.213335698669238,1.02915667705636,-0.16097457140841434,0.8721134285025293,NA,NA,NA,NA,NA,NA,NA,no data
Problem solving individual:Yoga group + AD,Problem solving individual,Yoga group + AD,NA,NA,NA,NA,NA,NA,NA,NA,NA,NA,NA,0.8814509983871077,0.8027182355127036,-0.691847832951332,2.4547498297255474,1.0980826887832151,0.27216838377180125,0.8814509983871077,0.8027182355127036,-0.691847832951332,2.4547498297255474,1.0980826887832151,0.27216838377180125,NA,NA,NA,NA,NA,NA,NA,no data
Psychoeducation group:Psychoeducation group + AD,Psychoeducation group,Psychoeducation group + AD,NA,NA,NA,NA,NA,NA,NA,NA,NA,NA,NA,-0.8919804294973401,0.892288571882378,-2.64083389420348,0.8568730352087994,-0.999654660616814,0.3174776607616793,-0.8919804294973401,0.892288571882378,-2.64083389420348,0.8568730352087994,-0.999654660616814,0.3174776607616793,NA,NA,NA,NA,NA,NA,NA,no data
Psychoeducation group:Relaxation individual + AD,Psychoeducation group,Relaxation individual + AD,NA,NA,NA,NA,NA,NA,NA,NA,NA,NA,NA,-0.5620930808919802,0.9100939532377231,-2.345844451785597,1.2216582900016368,-0.6176209378078984,0.5368252394170886,-0.5620930808919802,0.9100939532377231,-2.345844451785597,1.2216582900016368,-0.6176209378078984,0.5368252394170886,NA,NA,NA,NA,NA,NA,NA,no data
Psychoeducation group:Relaxation individual + placebo,Psychoeducation group,Relaxation individual + placebo,NA,NA,NA,NA,NA,NA,NA,NA,NA,NA,NA,-1.1945205824964367,0.9043654710170344,-2.9670443345514257,0.5780031695585524,-1.3208383344767671,0.18655527467536942,-1.1945205824964367,0.9043654710170344,-2.9670443345514257,0.5780031695585524,-1.3208383344767671,0.18655527467536942,NA,NA,NA,NA,NA,NA,NA,no data
Psychoeducation group:Self-help,Psychoeducation group,Self-help,NA,NA,NA,NA,NA,NA,NA,NA,NA,NA,NA,-0.7006462198173398,0.6967812848724136,-2.0663124432688136,0.6650200036341343,-1.005546840922448,0.31463360641195515,-0.7006462198173398,0.6967812848724136,-2.0663124432688136,0.6650200036341343,-1.005546840922448,0.31463360641195515,NA,NA,NA,NA,NA,NA,NA,no data
Psychoeducation group:Self-help with support,Psychoeducation group,Self-help with support,NA,NA,NA,NA,NA,NA,NA,NA,NA,NA,NA,-0.7213779824831947,0.6938743035578501,-2.0813466272543932,0.6385906622880038,-1.0396378404335183,0.29850818951401786,-0.7213779824831947,0.6938743035578501,-2.0813466272543932,0.6385906622880038,-1.0396378404335183,0.29850818951401786,NA,NA,NA,NA,NA,NA,NA,no data
Psychoeducation group:Sham acupuncture,Psychoeducation group,Sham acupuncture,NA,NA,NA,NA,NA,NA,NA,NA,NA,NA,NA,-1.1997024041897841,0.7635055773710664,-2.6961458378325336,0.2967410294529653,-1.5713079769772587,0.11611112921102082,-1.1997024041897841,0.7635055773710664,-2.6961458378325336,0.2967410294529653,-1.5713079769772587,0.11611112921102082,NA,NA,NA,NA,NA,NA,NA,no data
Psychoeducation group:Short-term psychodynamic psychotherapies individual,Psychoeducation group,Short-term psychodynamic psychotherapies individual,NA,NA,NA,NA,NA,NA,NA,NA,NA,NA,NA,-0.6405854763832646,0.7319202022065272,-2.0751227122653315,0.7939517594988021,-0.875212180852619,0.38145846669929034,-0.6405854763832646,0.7319202022065272,-2.0751227122653315,0.7939517594988021,-0.875212180852619,0.38145846669929034,NA,NA,NA,NA,NA,NA,NA,no data
Psychoeducation group:Short-term psychodynamic psychotherapies individual + AD,Psychoeducation group,Short-term psychodynamic psychotherapies individual + AD,NA,NA,NA,NA,NA,NA,NA,NA,NA,NA,NA,-0.8483472486996684,0.8863194922042676,-2.585501532215862,0.8888070348165251,-0.9571573864293984,0.33848782208182565,-0.8483472486996684,0.8863194922042676,-2.585501532215862,0.8888070348165251,-0.9571573864293984,0.33848782208182565,NA,NA,NA,NA,NA,NA,NA,no data
Psychoeducation group:SNRIs,Psychoeducation group,SNRIs,NA,NA,NA,NA,NA,NA,NA,NA,NA,NA,NA,-0.639030870591629,0.6699321200065533,-1.9520736978910387,0.6740119567077807,-0.9538740590395606,0.3401473958718388,-0.639030870591629,0.6699321200065533,-1.9520736978910387,0.6740119567077807,-0.9538740590395606,0.3401473958718388,NA,NA,NA,NA,NA,NA,NA,no data
Psychoeducation group:SSRIs,Psychoeducation group,SSRIs,NA,NA,NA,NA,NA,NA,NA,NA,NA,NA,NA,-0.8285454038658671,0.6667177786726265,-2.135288237916762,0.4781974301850276,-1.2427228287138592,0.2139699885491704,-0.8285454038658671,0.6667177786726265,-2.135288237916762,0.4781974301850276,-1.2427228287138592,0.2139699885491704,NA,NA,NA,NA,NA,NA,NA,no data
Psychoeducation group:TAU,Psychoeducation group,TAU,NA,NA,NA,NA,NA,NA,NA,NA,NA,NA,NA,-1.004983635882918,0.7021615091248683,-2.381194905097952,0.37122763333211606,-1.431271328352175,0.1523524678415838,-1.004983635882918,0.7021615091248683,-2.381194905097952,0.37122763333211606,-1.431271328352175,0.1523524678415838,NA,NA,NA,NA,NA,NA,NA,no data
Psychoeducation group:TCAs,Psychoeducation group,TCAs,NA,NA,NA,NA,NA,NA,NA,NA,NA,NA,NA,-0.7230133061768553,0.6682974605336804,-2.0328522597824468,0.5868256474287361,-1.081873490286018,0.2793087457884273,-0.7230133061768553,0.6682974605336804,-2.0328522597824468,0.5868256474287361,-1.081873490286018,0.2793087457884273,NA,NA,NA,NA,NA,NA,NA,no data
Psychoeducation group:Trazodone,Psychoeducation group,Trazodone,NA,NA,NA,NA,NA,NA,NA,NA,NA,NA,NA,-0.9501942538512753,0.6884455406513607,-2.2995227188451475,0.39913421114259706,-1.380202496412811,0.1675243055894007,-0.9501942538512753,0.6884455406513607,-2.2995227188451475,0.39913421114259706,-1.380202496412811,0.1675243055894007,NA,NA,NA,NA,NA,NA,NA,no data
Psychoeducation group:Waitlist,Psychoeducation group,Waitlist,NA,NA,NA,NA,NA,NA,NA,NA,NA,NA,NA,-2.0240715847780937,0.6888624808188804,-3.3742172374840127,-0.6739259320721747,-2.9382810664502923,0.003300376672119544,-2.0240715847780937,0.6888624808188804,-3.3742172374840127,-0.6739259320721747,-2.9382810664502923,0.003300376672119544,NA,NA,NA,NA,NA,NA,NA,no data
Psychoeducation group:Yoga group,Psychoeducation group,Yoga group,NA,NA,NA,NA,NA,NA,NA,NA,NA,NA,NA,-0.4659005012625652,0.8215589818740949,-2.076126516911186,1.1443255143860556,-0.567093186906409,0.5706508715108081,-0.4659005012625652,0.8215589818740949,-2.076126516911186,1.1443255143860556,-0.567093186906409,0.5706508715108081,NA,NA,NA,NA,NA,NA,NA,no data
Psychoeducation group:Yoga group + AD,Psychoeducation group,Yoga group + AD,NA,NA,NA,NA,NA,NA,NA,NA,NA,NA,NA,0.5076400079309815,0.9869495398847772,-1.426745544801559,2.442025560663522,0.514352545308696,0.6070055307987339,0.5076400079309815,0.9869495398847772,-1.426745544801559,2.442025560663522,0.514352545308696,0.6070055307987339,NA,NA,NA,NA,NA,NA,NA,no data
Psychoeducation group + AD:Relaxation individual + AD,Psychoeducation group + AD,Relaxation individual + AD,NA,NA,NA,NA,NA,NA,NA,NA,NA,NA,NA,0.32988734860535995,0.8654727032764435,-1.3664079794189898,2.02618267662971,0.38116435949567956,0.7030812934416459,0.32988734860535995,0.8654727032764435,-1.3664079794189898,2.02618267662971,0.38116435949567956,0.7030812934416459,NA,NA,NA,NA,NA,NA,NA,no data
Psychoeducation group + AD:Relaxation individual + placebo,Psychoeducation group + AD,Relaxation individual + placebo,NA,NA,NA,NA,NA,NA,NA,NA,NA,NA,NA,-0.30254015299909653,0.8595015931701565,-1.9871323202674005,1.3820520142692074,-0.35199487168280597,0.7248421084808137,-0.30254015299909653,0.8595015931701565,-1.9871323202674005,1.3820520142692074,-0.35199487168280597,0.7248421084808137,NA,NA,NA,NA,NA,NA,NA,no data
Psychoeducation group + AD:Self-help,Psychoeducation group + AD,Self-help,NA,NA,NA,NA,NA,NA,NA,NA,NA,NA,NA,0.19133420968000037,0.6564394873807461,-1.095263543616197,1.4779319629761978,0.29147273032498616,0.7706897969574569,0.19133420968000037,0.6564394873807461,-1.095263543616197,1.4779319629761978,0.29147273032498616,0.7706897969574569,NA,NA,NA,NA,NA,NA,NA,no data
Psychoeducation group + AD:Self-help with support,Psychoeducation group + AD,Self-help with support,NA,NA,NA,NA,NA,NA,NA,NA,NA,NA,NA,0.1706024470141454,0.6535691867054166,-1.1103696203336053,1.451574514361896,0.2610319618556942,0.7940678594676605,0.1706024470141454,0.6535691867054166,-1.1103696203336053,1.451574514361896,0.2610319618556942,0.7940678594676605,NA,NA,NA,NA,NA,NA,NA,no data
Psychoeducation group + AD:Sham acupuncture,Psychoeducation group + AD,Sham acupuncture,NA,NA,NA,NA,NA,NA,NA,NA,NA,NA,NA,-0.307721974692444,0.7176336362101703,-1.7142580557588967,1.0988141063740087,-0.4288009356940493,0.6680680978724531,-0.307721974692444,0.7176336362101703,-1.7142580557588967,1.0988141063740087,-0.4288009356940493,0.6680680978724531,NA,NA,NA,NA,NA,NA,NA,no data
Psychoeducation group + AD:Short-term psychodynamic psychotherapies individual,Psychoeducation group + AD,Short-term psychodynamic psychotherapies individual,NA,NA,NA,NA,NA,NA,NA,NA,NA,NA,NA,0.25139495311407556,0.684337177352708,-1.0898812677790315,1.5926711740071826,0.3673553935599006,0.7133539398492892,0.25139495311407556,0.684337177352708,-1.0898812677790315,1.5926711740071826,0.3673553935599006,0.7133539398492892,NA,NA,NA,NA,NA,NA,NA,no data
Psychoeducation group + AD:Short-term psychodynamic psychotherapies individual + AD,Psychoeducation group + AD,Short-term psychodynamic psychotherapies individual + AD,NA,NA,NA,NA,NA,NA,NA,NA,NA,NA,NA,0.043633180797671756,0.8061626550193605,-1.5364165887214627,1.6236829503168062,0.0541245374317468,0.9568359428538622,0.043633180797671756,0.8061626550193605,-1.5364165887214627,1.6236829503168062,0.0541245374317468,0.9568359428538622,NA,NA,NA,NA,NA,NA,NA,no data
Psychoeducation group + AD:SNRIs,Psychoeducation group + AD,SNRIs,NA,NA,NA,NA,NA,NA,NA,NA,NA,NA,NA,0.25294955890571114,0.6119431289180829,-0.9464369343604824,1.4523360521719046,0.41335468436899786,0.6793467703283393,0.25294955890571114,0.6119431289180829,-0.9464369343604824,1.4523360521719046,0.41335468436899786,0.6793467703283393,NA,NA,NA,NA,NA,NA,NA,no data
Psychoeducation group + AD:SSRIs,Psychoeducation group + AD,SSRIs,NA,NA,NA,NA,NA,NA,NA,NA,NA,NA,NA,0.06343502563147307,0.6102446597464914,-1.1326225292295495,1.2594925804924957,0.10395015280891655,0.917208906469904,0.06343502563147307,0.6102446597464914,-1.1326225292295495,1.2594925804924957,0.10395015280891655,0.917208906469904,NA,NA,NA,NA,NA,NA,NA,no data
Psychoeducation group + AD:TAU,Psychoeducation group + AD,TAU,NA,NA,NA,NA,NA,NA,NA,NA,NA,NA,NA,-0.11300320638557793,0.6469393314297696,-1.3809809961703474,1.1549745833991916,-0.17467357586040558,0.8613361319442582,-0.11300320638557793,0.6469393314297696,-1.3809809961703474,1.1549745833991916,-0.17467357586040558,0.8613361319442582,NA,NA,NA,NA,NA,NA,NA,no data
Psychoeducation group + AD:TCAs,Psychoeducation group + AD,TCAs,NA,NA,NA,NA,NA,NA,NA,NA,NA,NA,NA,0.1689671233204848,0.610865959065623,-1.028308155829655,1.3662424024706246,0.2766026176658066,0.7820852544900543,0.1689671233204848,0.610865959065623,-1.028308155829655,1.3662424024706246,0.2766026176658066,0.7820852544900543,NA,NA,NA,NA,NA,NA,NA,no data
Psychoeducation group + AD:Trazodone,Psychoeducation group + AD,Trazodone,NA,NA,NA,NA,NA,NA,NA,NA,NA,NA,NA,-0.058213824353935184,0.6333890697776287,-1.2996335893194142,1.1832059406115438,-0.09190847637199201,0.9267707567986684,-0.058213824353935184,0.6333890697776287,-1.2996335893194142,1.1832059406115438,-0.09190847637199201,0.9267707567986684,NA,NA,NA,NA,NA,NA,NA,no data
Psychoeducation group + AD:Waitlist,Psychoeducation group + AD,Waitlist,NA,NA,NA,NA,NA,NA,NA,NA,NA,NA,NA,-1.1320911552807535,0.6438959456708363,-2.394104018586952,0.12992170802544467,-1.7581896001865582,0.07871525417514048,-1.1320911552807535,0.6438959456708363,-2.394104018586952,0.12992170802544467,-1.7581896001865582,0.07871525417514048,NA,NA,NA,NA,NA,NA,NA,no data
Psychoeducation group + AD:Yoga group,Psychoeducation group + AD,Yoga group,NA,NA,NA,NA,NA,NA,NA,NA,NA,NA,NA,0.4260799282347749,0.7799300562603112,-1.102554892495733,1.9547147489652827,0.5463053062447507,0.5848560893811507,0.4260799282347749,0.7799300562603112,-1.102554892495733,1.9547147489652827,0.5463053062447507,0.5848560893811507,NA,NA,NA,NA,NA,NA,NA,no data
Psychoeducation group + AD:Yoga group + AD,Psychoeducation group + AD,Yoga group + AD,NA,NA,NA,NA,NA,NA,NA,NA,NA,NA,NA,1.3996204374283217,0.9046870270343073,-0.3735335528395345,3.1727744276961776,1.5470769399849542,0.12184469378268713,1.3996204374283217,0.9046870270343073,-0.3735335528395345,3.1727744276961776,1.5470769399849542,0.12184469378268713,NA,NA,NA,NA,NA,NA,NA,no data
Relaxation individual + AD:Relaxation individual + placebo,Relaxation individual + AD,Relaxation individual + placebo,-0.6313887160830933,0.7236878731581659,-2.049790883521489,0.7870134513553024,-0.8724599920787949,0.38295748485750003,NA,0,NA,NA,NA,NA,NA,NA,NA,NA,NA,-0.6324275016044565,0.7236859218730862,-2.050825844594373,0.7859708413854596,-0.8738977538316216,0.38217393805135663,NA,NA,NA,NA,NA,NA,NA,no data
Relaxation individual + AD:Self-help,Relaxation individual + AD,Self-help,NA,NA,NA,NA,NA,NA,NA,NA,NA,NA,NA,-0.1385531389253596,0.6811967051478596,-1.4736741474025146,1.1965678695517954,-0.20339666630549166,0.838825005256407,-0.1385531389253596,0.6811967051478596,-1.4736741474025146,1.1965678695517954,-0.20339666630549166,0.838825005256407,NA,NA,NA,NA,NA,NA,NA,no data
Relaxation individual + AD:Self-help with support,Relaxation individual + AD,Self-help with support,NA,NA,NA,NA,NA,NA,NA,NA,NA,NA,NA,-0.15928490159121456,0.6790496732167894,-1.4901978048098146,1.1716280016273855,-0.23457032360629998,0.8145422452573668,-0.15928490159121456,0.6790496732167894,-1.4901978048098146,1.1716280016273855,-0.23457032360629998,0.8145422452573668,NA,NA,NA,NA,NA,NA,NA,no data
Relaxation individual + AD:Sham acupuncture,Relaxation individual + AD,Sham acupuncture,NA,NA,NA,NA,NA,NA,NA,NA,NA,NA,NA,-0.637609323297804,0.732111198611383,-2.0725209052545646,0.7973022586589567,-0.8709186862694854,0.3837985530450442,-0.637609323297804,0.732111198611383,-2.0725209052545646,0.7973022586589567,-0.8709186862694854,0.3837985530450442,NA,NA,NA,NA,NA,NA,NA,no data
Relaxation individual + AD:Short-term psychodynamic psychotherapies individual,Relaxation individual + AD,Short-term psychodynamic psychotherapies individual,NA,NA,NA,NA,NA,NA,NA,NA,NA,NA,NA,-0.0784923954912844,0.7062212411133348,-1.462660593190598,1.3056758022080293,-0.11114420088461752,0.9115019986104375,-0.0784923954912844,0.7062212411133348,-1.462660593190598,1.3056758022080293,-0.11114420088461752,0.9115019986104375,NA,NA,NA,NA,NA,NA,NA,no data
Relaxation individual + AD:Short-term psychodynamic psychotherapies individual + AD,Relaxation individual + AD,Short-term psychodynamic psychotherapies individual + AD,NA,NA,NA,NA,NA,NA,NA,NA,NA,NA,NA,-0.2862541678076882,0.8212718695137184,-1.8959174535704548,1.3234091179550784,-0.348549826718382,0.7274273005604521,-0.2862541678076882,0.8212718695137184,-1.8959174535704548,1.3234091179550784,-0.348549826718382,0.7274273005604521,NA,NA,NA,NA,NA,NA,NA,no data
Relaxation individual + AD:SNRIs,Relaxation individual + AD,SNRIs,NA,NA,NA,NA,NA,NA,NA,NA,NA,NA,NA,-0.07693778969964882,0.6253330593262453,-1.3025680643213382,1.1486924849220406,-0.12303489884661489,0.9020794626162713,-0.07693778969964882,0.6253330593262453,-1.3025680643213382,1.1486924849220406,-0.12303489884661489,0.9020794626162713,NA,NA,NA,NA,NA,NA,NA,no data
Relaxation individual + AD:SSRIs,Relaxation individual + AD,SSRIs,NA,NA,NA,NA,NA,NA,NA,NA,NA,NA,NA,-0.2664523229738869,0.6227973701155852,-1.4871127380666957,0.954208092118922,-0.4278314838170172,0.6687738132894571,-0.2664523229738869,0.6227973701155852,-1.4871127380666957,0.954208092118922,-0.4278314838170172,0.6687738132894571,NA,NA,NA,NA,NA,NA,NA,no data
Relaxation individual + AD:TAU,Relaxation individual + AD,TAU,NA,NA,NA,NA,NA,NA,NA,NA,NA,NA,NA,-0.4428905549909379,0.6772262550573286,-1.7702296242882383,0.8844485143063625,-0.6539772368297303,0.513126471175775,-0.4428905549909379,0.6772262550573286,-1.7702296242882383,0.8844485143063625,-0.6539772368297303,0.513126471175775,NA,NA,NA,NA,NA,NA,NA,no data
Relaxation individual + AD:TCAs,Relaxation individual + AD,TCAs,-0.40276203277345546,0.7284680107622347,-1.8305330977569714,1.0250090322100607,-0.5528891136235676,0.5803393423688106,NA,0,NA,NA,NA,0.48988424631948746,1.1950059274043872,-1.8522843327049974,2.8320528253439723,0.40994294261246106,0.6818478032411086,-0.16092022528487515,0.622008113902595,-1.3800337266256488,1.0581932760558985,-0.2587108137146823,0.7958583754212737,-0.8926462790929429,1.3995373554269663,-3.635689090748229,1.850396532562343,-0.6378152577575303,0.5235939462318786,-0.6378152577575303,no
Relaxation individual + AD:Trazodone,Relaxation individual + AD,Trazodone,NA,NA,NA,NA,NA,NA,NA,NA,NA,NA,NA,-0.38810117295929514,0.6451192017628589,-1.6525115741497267,0.8763092282311364,-0.6015960645703402,0.5474430491418452,-0.38810117295929514,0.6451192017628589,-1.6525115741497267,0.8763092282311364,-0.6015960645703402,0.5474430491418452,NA,NA,NA,NA,NA,NA,NA,no data
Relaxation individual + AD:Waitlist,Relaxation individual + AD,Waitlist,NA,NA,NA,NA,NA,NA,NA,NA,NA,NA,NA,-1.4619785038861135,0.667953137084372,-2.771142595932028,-0.15281441184019906,-2.1887441239780343,0.02861544298850725,-1.4619785038861135,0.667953137084372,-2.771142595932028,-0.15281441184019906,-2.1887441239780343,0.02861544298850725,NA,NA,NA,NA,NA,NA,NA,no data
Relaxation individual + AD:Yoga group,Relaxation individual + AD,Yoga group,NA,NA,NA,NA,NA,NA,NA,NA,NA,NA,NA,0.09619257962941496,0.794340441653984,-1.4606860774760335,1.6530712367348634,0.12109742194306734,0.9036138711411108,0.09619257962941496,0.794340441653984,-1.4606860774760335,1.6530712367348634,0.12109742194306734,0.9036138711411108,NA,NA,NA,NA,NA,NA,NA,no data
Relaxation individual + AD:Yoga group + AD,Relaxation individual + AD,Yoga group + AD,NA,NA,NA,NA,NA,NA,NA,NA,NA,NA,NA,1.0697330888229617,0.9639070965877218,-0.8194901049315437,2.958956282577467,1.1097885808807395,0.26709014112516954,1.0697330888229617,0.9639070965877218,-0.8194901049315437,2.958956282577467,1.1097885808807395,0.26709014112516954,NA,NA,NA,NA,NA,NA,NA,no data
Relaxation individual + placebo:Self-help,Relaxation individual + placebo,Self-help,NA,NA,NA,NA,NA,NA,NA,NA,NA,NA,NA,0.4938743626790969,0.6735260418916502,-0.8262124220783529,1.8139611474365467,0.7332669146570968,0.46339565009672784,0.4938743626790969,0.6735260418916502,-0.8262124220783529,1.8139611474365467,0.7332669146570968,0.46339565009672784,NA,NA,NA,NA,NA,NA,NA,no data
Relaxation individual + placebo:Self-help with support,Relaxation individual + placebo,Self-help with support,NA,NA,NA,NA,NA,NA,NA,NA,NA,NA,NA,0.47314260001324193,0.6713553154378337,-0.8426896390744392,1.788974839100923,0.7047573604219927,0.4809612480860473,0.47314260001324193,0.6713553154378337,-0.8426896390744392,1.788974839100923,0.7047573604219927,0.4809612480860473,NA,NA,NA,NA,NA,NA,NA,no data
Relaxation individual + placebo:Sham acupuncture,Relaxation individual + placebo,Sham acupuncture,NA,NA,NA,NA,NA,NA,NA,NA,NA,NA,NA,-0.005181821693347466,0.7249662687615683,-1.4260895984724062,1.4157259550857113,-0.007147672818211764,0.9942970307727679,-0.005181821693347466,0.7249662687615683,-1.4260895984724062,1.4157259550857113,-0.007147672818211764,0.9942970307727679,NA,NA,NA,NA,NA,NA,NA,no data
Relaxation individual + placebo:Short-term psychodynamic psychotherapies individual,Relaxation individual + placebo,Short-term psychodynamic psychotherapies individual,NA,NA,NA,NA,NA,NA,NA,NA,NA,NA,NA,0.5539351061131721,0.6988217011380351,-0.8157302597323897,1.9236004719587338,0.7926701549352083,0.4279700230622787,0.5539351061131721,0.6988217011380351,-0.8157302597323897,1.9236004719587338,0.7926701549352083,0.4279700230622787,NA,NA,NA,NA,NA,NA,NA,no data
Relaxation individual + placebo:Short-term psychodynamic psychotherapies individual + AD,Relaxation individual + placebo,Short-term psychodynamic psychotherapies individual + AD,NA,NA,NA,NA,NA,NA,NA,NA,NA,NA,NA,0.3461733337967683,0.8155605096318851,-1.252295892294858,1.9446425598883945,0.42446063744922935,0.6712299063187341,0.3461733337967683,0.8155605096318851,-1.252295892294858,1.9446425598883945,0.42446063744922935,0.6712299063187341,NA,NA,NA,NA,NA,NA,NA,no data
Relaxation individual + placebo:SNRIs,Relaxation individual + placebo,SNRIs,NA,NA,NA,NA,NA,NA,NA,NA,NA,NA,NA,0.5554897119048077,0.6169431540495601,-0.6536966505408763,1.7646760743504917,0.9003904302343295,0.36791251174640016,0.5554897119048077,0.6169431540495601,-0.6536966505408763,1.7646760743504917,0.9003904302343295,0.36791251174640016,NA,NA,NA,NA,NA,NA,NA,no data
Relaxation individual + placebo:SSRIs,Relaxation individual + placebo,SSRIs,NA,NA,NA,NA,NA,NA,NA,NA,NA,NA,NA,0.3659751786305696,0.6143735800570329,-0.8381749113341501,1.5701252685952893,0.5956883409546937,0.5513834484011605,0.3659751786305696,0.6143735800570329,-0.8381749113341501,1.5701252685952893,0.5956883409546937,0.5513834484011605,NA,NA,NA,NA,NA,NA,NA,no data
Relaxation individual + placebo:TAU,Relaxation individual + placebo,TAU,NA,NA,NA,NA,NA,NA,NA,NA,NA,NA,NA,0.1895369466135186,0.6695187992281103,-1.1226957868460807,1.501769680073118,0.28309428627252314,0.7771045614159005,0.1895369466135186,0.6695187992281103,-1.1226957868460807,1.501769680073118,0.28309428627252314,0.7771045614159005,NA,NA,NA,NA,NA,NA,NA,no data
Relaxation individual + placebo:TCAs,Relaxation individual + placebo,TCAs,0.2286266833096379,0.721508984400087,-1.185504940636604,1.64275830725588,0.3168729541181446,0.7513400047964998,NA,0,NA,NA,NA,1.1060869491678498,1.166241292896139,-1.1797039821920106,3.3918778805277103,0.9484203276845846,0.34291551497160594,0.47150727631958134,0.6135798542790604,-0.7310871397067114,1.674101692345874,0.7684529943923755,0.44221810659451527,-0.8774602658582119,1.3713839607586575,-3.5653234379210708,1.8104029062046467,-0.6398355901528816,0.5222794918831644,-0.6398355901528816,no
Relaxation individual + placebo:Trazodone,Relaxation individual + placebo,Trazodone,NA,NA,NA,NA,NA,NA,NA,NA,NA,NA,NA,0.24432632864516135,0.6369903203024455,-1.0041517576482648,1.4928044149385875,0.3835636443096251,0.7013018902431407,0.24432632864516135,0.6369903203024455,-1.0041517576482648,1.4928044149385875,0.3835636443096251,0.7013018902431407,NA,NA,NA,NA,NA,NA,NA,no data
Relaxation individual + placebo:Waitlist,Relaxation individual + placebo,Waitlist,NA,NA,NA,NA,NA,NA,NA,NA,NA,NA,NA,-0.829551002281657,0.6601269187754724,-2.12337598830698,0.464273983743666,-1.2566538019998705,0.2088790235396468,-0.829551002281657,0.6601269187754724,-2.12337598830698,0.464273983743666,-1.2566538019998705,0.2088790235396468,NA,NA,NA,NA,NA,NA,NA,no data
Relaxation individual + placebo:Yoga group,Relaxation individual + placebo,Yoga group,NA,NA,NA,NA,NA,NA,NA,NA,NA,NA,NA,0.7286200812338715,0.787764513841396,-0.8153699941939694,2.2726101566617123,0.9249211768639881,0.35500691019739117,0.7286200812338715,0.787764513841396,-0.8153699941939694,2.2726101566617123,0.9249211768639881,0.35500691019739117,NA,NA,NA,NA,NA,NA,NA,no data
Relaxation individual + placebo:Yoga group + AD,Relaxation individual + placebo,Yoga group + AD,NA,NA,NA,NA,NA,NA,NA,NA,NA,NA,NA,1.7021605904274182,0.9585661729559827,-0.17659458536469974,3.580915766219536,1.7757361342914626,0.07577641863849609,1.7021605904274182,0.9585661729559827,-0.17659458536469974,3.580915766219536,1.7757361342914626,0.07577641863849609,NA,NA,NA,NA,NA,NA,NA,no data
Self-help:Self-help with support,Self-help,Self-help with support,0.124147556202173,0.7042692806677361,-1.2561948693245204,1.5044899817288664,0.1762785338080705,0.8600751254893777,NA,0,NA,NA,NA,-0.05673787286755961,0.3510941965865525,-0.744869853358228,0.6313941076231088,-0.1616029926418122,0.8716185005056409,-0.02073176266585497,0.31421365635573495,-0.6365792125737404,0.5951156872420305,-0.06597982693146742,0.9473938862283114,0.18088542906973262,0.7869322426797667,-1.3614734248559435,1.7232442829954087,0.22986150428117855,0.8181993905211246,0.22986150428117855,no
Self-help:Sham acupuncture,Self-help,Sham acupuncture,NA,NA,NA,NA,NA,NA,NA,NA,NA,NA,NA,-0.49905618437244437,0.44816128387272597,-1.3774361600282186,0.3793237912833297,-1.1135638046640641,0.2654663616036617,-0.49905618437244437,0.44816128387272597,-1.3774361600282186,0.3793237912833297,-1.1135638046640641,0.2654663616036617,NA,NA,NA,NA,NA,NA,NA,no data
Self-help:Short-term psychodynamic psychotherapies individual,Self-help,Short-term psychodynamic psychotherapies individual,NA,NA,NA,NA,NA,NA,NA,NA,NA,NA,NA,0.06006074343407519,0.4067272465408496,-0.737110011317133,0.8572314981852834,0.1476683550091179,0.8826045068336732,0.06006074343407519,0.4067272465408496,-0.737110011317133,0.8572314981852834,0.1476683550091179,0.8826045068336732,NA,NA,NA,NA,NA,NA,NA,no data
Self-help:Short-term psychodynamic psychotherapies individual + AD,Self-help,Short-term psychodynamic psychotherapies individual + AD,NA,NA,NA,NA,NA,NA,NA,NA,NA,NA,NA,-0.1477010288823286,0.6484121394031727,-1.4185654692511116,1.1231634114864544,-0.22778880885586011,0.8198104272450246,-0.1477010288823286,0.6484121394031727,-1.4185654692511116,1.1231634114864544,-0.22778880885586011,0.8198104272450246,NA,NA,NA,NA,NA,NA,NA,no data
Self-help:SNRIs,Self-help,SNRIs,NA,NA,NA,NA,NA,NA,NA,NA,NA,NA,NA,0.06161534922571077,0.2916203172091933,-0.509949969664454,0.6331806681158756,0.21128620191957034,0.8326639491680419,0.06161534922571077,0.2916203172091933,-0.509949969664454,0.6331806681158756,0.21128620191957034,0.8326639491680419,NA,NA,NA,NA,NA,NA,NA,no data
Self-help:SSRIs,Self-help,SSRIs,NA,NA,NA,NA,NA,NA,NA,NA,NA,NA,NA,-0.1278991840485273,0.28466257296507275,-0.685827574806575,0.4300292067095204,-0.4493010188038318,0.6532145229430066,-0.1278991840485273,0.28466257296507275,-0.685827574806575,0.4300292067095204,-0.4493010188038318,0.6532145229430066,NA,NA,NA,NA,NA,NA,NA,no data
Self-help:TAU,Self-help,TAU,NA,NA,NA,NA,NA,NA,NA,NA,NA,NA,NA,-0.3043374160655783,0.3577249337354646,-1.0054654025590661,0.39679057042790955,-0.8507581869890958,0.3949036930379992,-0.3043374160655783,0.3577249337354646,-1.0054654025590661,0.39679057042790955,-0.8507581869890958,0.3949036930379992,NA,NA,NA,NA,NA,NA,NA,no data
Self-help:TCAs,Self-help,TCAs,NA,NA,NA,NA,NA,NA,NA,NA,NA,NA,NA,-0.022367086359515564,0.2863916627835258,-0.5836844308877661,0.538950258168735,-0.0780996420849797,0.9377487919011696,-0.022367086359515564,0.2863916627835258,-0.5836844308877661,0.538950258168735,-0.0780996420849797,0.9377487919011696,NA,NA,NA,NA,NA,NA,NA,no data
Self-help:Trazodone,Self-help,Trazodone,NA,NA,NA,NA,NA,NA,NA,NA,NA,NA,NA,-0.24954803403393555,0.3320082933081837,-0.9002723314865861,0.40117626341871504,-0.751631929273209,0.4522724364530513,-0.24954803403393555,0.3320082933081837,-0.9002723314865861,0.40117626341871504,-0.751631929273209,0.4522724364530513,NA,NA,NA,NA,NA,NA,NA,no data
Self-help:Waitlist,Self-help,Waitlist,-1.5932528752226176,0.29557778506959653,-2.1725746885891475,-1.0139310618560877,-5.390299798232372,7.034023861473174e-8,NA,13.907085290150691,0.19463046967944123,0.44116943420803895,0.7123768268802602,-0.7531212098370429,0.429716416351358,-1.5953499094513233,0.08910748977723737,-1.7526005085671492,0.07967060393101813,-1.323425364960754,0.24352939020142428,-1.800734198932547,-0.8461165309889609,-5.4343558445497795,5.499473576293628e-8,-0.8401316653855747,0.5215576914479377,-1.8623659564833868,0.18210262571223723,-1.610812531693701,0.10722058887590724,-1.610812531693701,no
Self-help:Yoga group,Self-help,Yoga group,NA,NA,NA,NA,NA,NA,NA,NA,NA,NA,NA,0.23474571855477455,0.5337967109747188,-0.8114766100216106,1.2809680471311597,0.43976613892229915,0.6601064945421196,0.23474571855477455,0.5337967109747188,-0.8114766100216106,1.2809680471311597,0.43976613892229915,0.6601064945421196,NA,NA,NA,NA,NA,NA,NA,no data
Self-help:Yoga group + AD,Self-help,Yoga group + AD,NA,NA,NA,NA,NA,NA,NA,NA,NA,NA,NA,1.2082862277483213,0.7801497916302476,-0.32077926639339127,2.737351721890034,1.5487874773681787,0.12143281684262938,1.2082862277483213,0.7801497916302476,-0.32077926639339127,2.737351721890034,1.5487874773681787,0.12143281684262938,NA,NA,NA,NA,NA,NA,NA,no data
Self-help with support:Sham acupuncture,Self-help with support,Sham acupuncture,NA,NA,NA,NA,NA,NA,NA,NA,NA,NA,NA,-0.4783244217065894,0.4509002511765874,-1.3620726746327647,0.4054238312195858,-1.0608209253785974,0.288771290628076,-0.4783244217065894,0.4509002511765874,-1.3620726746327647,0.4054238312195858,-1.0608209253785974,0.288771290628076,NA,NA,NA,NA,NA,NA,NA,no data
Self-help with support:Short-term psychodynamic psychotherapies individual,Self-help with support,Short-term psychodynamic psychotherapies individual,0.5313115901674856,0.601970319809412,-0.6485285564210197,1.711151736755991,0.8826209078475873,0.37744112823393594,NA,0,NA,NA,NA,-0.2105762218032292,0.484105427313335,-1.1594054240577387,0.7382529804512802,-0.43498008888657785,0.6635768800985666,0.08079250609993016,0.37724842006934517,-0.6586008104606236,0.8201858226604839,0.21416260957455838,0.8304202528331579,0.74188781197071485,0.772480634505275,-0.7721464104142728,2.2559220343557023,0.9603966479313064,0.3368556245268968,0.9603966479313064,no
Self-help with support:Short-term psychodynamic psychotherapies individual + AD,Self-help with support,Short-term psychodynamic psychotherapies individual + AD,NA,NA,NA,NA,NA,NA,NA,NA,NA,NA,NA,-0.12696926621647364,0.6455981876739115,-1.3923184625416707,1.1383799301087234,-0.196669180057558,0.8440864297760029,-0.12696926621647364,0.6455981876739115,-1.3923184625416707,1.1383799301087234,-0.196669180057558,0.8440864297760029,NA,NA,NA,NA,NA,NA,NA,no data
Self-help with support:SNRIs,Self-help with support,SNRIs,NA,NA,NA,NA,NA,NA,NA,NA,NA,NA,NA,0.08234711189156574,0.28651058351324254,-0.4792033129839449,0.6438975367670764,0.28741385704434075,0.7737954522155222,0.08234711189156574,0.28651058351324254,-0.4792033129839449,0.6438975367670764,0.28741385704434075,0.7737954522155222,NA,NA,NA,NA,NA,NA,NA,no data
Self-help with support:SSRIs,Self-help with support,SSRIs,NA,NA,NA,NA,NA,NA,NA,NA,NA,NA,NA,-0.10716742138267232,0.27937162064432236,-0.6547257361481307,0.44039089338278603,-0.38360167412677487,0.7012736990019689,-0.10716742138267232,0.27937162064432236,-0.6547257361481307,0.44039089338278603,-0.38360167412677487,0.7012736990019689,NA,NA,NA,NA,NA,NA,NA,no data
Self-help with support:TAU,Self-help with support,TAU,NA,NA,NA,NA,NA,NA,NA,NA,NA,NA,NA,-0.2836056533997233,0.3556056347866135,-0.9805798902809895,0.4133685834815428,-0.7975285700124104,0.4251441169625898,-0.2836056533997233,0.3556056347866135,-0.9805798902809895,0.4133685834815428,-0.7975285700124104,0.4251441169625898,NA,NA,NA,NA,NA,NA,NA,no data
Self-help with support:TCAs,Self-help with support,TCAs,NA,NA,NA,NA,NA,NA,NA,NA,NA,NA,NA,-0.0016353236936605953,0.2814400239594149,-0.5532476344622036,0.5499769870748824,-0.005810558394126691,0.995363871255649,-0.0016353236936605953,0.2814400239594149,-0.5532476344622036,0.5499769870748824,-0.005810558394126691,0.995363871255649,NA,NA,NA,NA,NA,NA,NA,no data
Self-help with support:Trazodone,Self-help with support,Trazodone,NA,NA,NA,NA,NA,NA,NA,NA,NA,NA,NA,-0.22881627136808058,0.3275607141139211,-0.8708234737815868,0.4131909310454256,-0.6985461366667476,0.48483571538344666,-0.22881627136808058,0.3275607141139211,-0.8708234737815868,0.4131909310454256,-0.6985461366667476,0.48483571538344666,NA,NA,NA,NA,NA,NA,NA,no data
Self-help with support:Waitlist,Self-help with support,Waitlist,-1.3749673275183223,0.33981087731815407,-2.040984408616863,-0.7089502464197817,-4.046272262882816,5.2039703666785384e-5,NA,2.4529694695084117,0,0,0,-1.1850766352396127,0.4334929556278746,-2.0347072158220665,-0.33544605465715893,-2.733785220392194,0.006261087052724129,-1.302693602294899,0.2674363434565018,-1.8268592036267264,-0.7785280009630714,-4.8710417793562915,1.1101136080617402e-6,-0.18989069227870958,0.5508062952824014,-1.2694511934901505,0.8896698089327313,-0.3447504030093766,0.7302820222791228,-0.3447504030093766,no
Self-help with support:Yoga group,Self-help with support,Yoga group,NA,NA,NA,NA,NA,NA,NA,NA,NA,NA,NA,0.2554774812206295,0.5382124940836892,-0.7993996232128779,1.310354585654137,0.4746777230721517,0.6350166984963264,0.2554774812206295,0.5382124940836892,-0.7993996232128779,1.310354585654137,0.4746777230721517,0.6350166984963264,NA,NA,NA,NA,NA,NA,NA,no data
Self-help with support:Yoga group + AD,Self-help with support,Yoga group + AD,NA,NA,NA,NA,NA,NA,NA,NA,NA,NA,NA,1.2290179904141763,0.777648804659212,-0.2951456593385029,2.753181640166855,1.580428058335108,0.11400887015294812,1.2290179904141763,0.777648804659212,-0.2951456593385029,2.753181640166855,1.580428058335108,0.11400887015294812,NA,NA,NA,NA,NA,NA,NA,no data
Sham acupuncture:Short-term psychodynamic psychotherapies individual,Sham acupuncture,Short-term psychodynamic psychotherapies individual,NA,NA,NA,NA,NA,NA,NA,NA,NA,NA,NA,0.5591169278065196,0.503886035671009,-0.42848155442132274,1.5467154100343619,1.1096098883985965,0.26716716834036897,0.5591169278065196,0.503886035671009,-0.42848155442132274,1.5467154100343619,1.1096098883985965,0.26716716834036897,NA,NA,NA,NA,NA,NA,NA,no data
Sham acupuncture:Short-term psychodynamic psychotherapies individual + AD,Sham acupuncture,Short-term psychodynamic psychotherapies individual + AD,NA,NA,NA,NA,NA,NA,NA,NA,NA,NA,NA,0.35135515549011576,0.7096004198734207,-1.0394361108762888,1.7421464218565204,0.49514507834252813,0.6204977156536282,0.35135515549011576,0.7096004198734207,-1.0394361108762888,1.7421464218565204,0.49514507834252813,0.6204977156536282,NA,NA,NA,NA,NA,NA,NA,no data
Sham acupuncture:SNRIs,Sham acupuncture,SNRIs,NA,NA,NA,NA,NA,NA,NA,NA,NA,NA,NA,0.5606715335981551,0.39434883963903083,-0.21223798943950634,1.3335810566358166,1.4217653945967448,0.15509436873256277,0.5606715335981551,0.39434883963903083,-0.21223798943950634,1.3335810566358166,1.4217653945967448,0.15509436873256277,NA,NA,NA,NA,NA,NA,NA,no data
Sham acupuncture:SSRIs,Sham acupuncture,SSRIs,NA,NA,NA,NA,NA,NA,NA,NA,NA,NA,NA,0.3711570003239171,0.3881331277137045,-0.3895699512018287,1.1318839518496628,0.9562621013831383,0.3389398319593365,0.3711570003239171,0.3881331277137045,-0.3895699512018287,1.1318839518496628,0.9562621013831383,0.3389398319593365,NA,NA,NA,NA,NA,NA,NA,no data
Sham acupuncture:TAU,Sham acupuncture,TAU,NA,NA,NA,NA,NA,NA,NA,NA,NA,NA,NA,0.19471876830686607,0.4659658452945984,-0.7185575064963092,1.1079950431100414,0.4178820621150005,0.6760333481944367,0.19471876830686607,0.4659658452945984,-0.7185575064963092,1.1079950431100414,0.4178820621150005,0.6760333481944367,NA,NA,NA,NA,NA,NA,NA,no data
Sham acupuncture:TCAs,Sham acupuncture,TCAs,NA,NA,NA,NA,NA,NA,NA,NA,NA,NA,NA,0.4766890980129288,0.39124980365085504,-0.29014642610111463,1.2435246221269722,1.2183753028495279,0.22308138588303691,0.4766890980129288,0.39124980365085504,-0.29014642610111463,1.2435246221269722,1.2183753028495279,0.22308138588303691,NA,NA,NA,NA,NA,NA,NA,no data
Sham acupuncture:Trazodone,Sham acupuncture,Trazodone,NA,NA,NA,NA,NA,NA,NA,NA,NA,NA,NA,0.24950815033850882,0.42466780751818217,-0.582825457790716,1.0818417584677338,0.587537237156424,0.5568429491918896,0.24950815033850882,0.42466780751818217,-0.582825457790716,1.0818417584677338,0.587537237156424,0.5568429491918896,NA,NA,NA,NA,NA,NA,NA,no data
Sham acupuncture:Waitlist,Sham acupuncture,Waitlist,0,0.6063435320400851,-1.1884114850573748,1.1884114850573748,0,1,NA,0,NA,NA,NA,-1.518708984275217,0.556472756002648,-2.6093755444181523,-0.428042424132282,-2.729170418305241,0.0063493882002219485,-0.8243691805883095,0.40998455794387284,-1.627924148375875,-0.020814212800744025,-2.010732269338706,0.0443537436183234,1.518708984275217,0.8229911342292991,-0.09432399840997818,3.131741966960412,1.8453527882744838,0.0649862361478409,1.8453527882744838,no
Sham acupuncture:Yoga group,Sham acupuncture,Yoga group,NA,NA,NA,NA,NA,NA,NA,NA,NA,NA,NA,0.7338019029272189,0.6123211885918521,-0.4663255736835692,1.933929379538007,1.1983937786225143,0.23076375333438728,0.7338019029272189,0.6123211885918521,-0.4663255736835692,1.933929379538007,1.1983937786225143,0.23076375333438728,NA,NA,NA,NA,NA,NA,NA,no data
Sham acupuncture:Yoga group + AD,Sham acupuncture,Yoga group + AD,NA,NA,NA,NA,NA,NA,NA,NA,NA,NA,NA,1.7073424121207657,0.8340649291342256,0.07260519024973133,3.3420796339918,2.0470137905127097,0.04065673053228023,1.7073424121207657,0.8340649291342256,0.07260519024973133,3.3420796339918,2.0470137905127097,0.04065673053228023,NA,NA,NA,NA,NA,NA,NA,no data
Short-term psychodynamic psychotherapies individual:Short-term psychodynamic psychotherapies individual + AD,Short-term psychodynamic psychotherapies individual,Short-term psychodynamic psychotherapies individual + AD,NA,NA,NA,NA,NA,NA,NA,NA,NA,NA,NA,-0.2077617723164038,0.6765966986907199,-1.5338669338089133,1.1183433891761057,-0.3070688531564563,0.7587909647238514,-0.2077617723164038,0.6765966986907199,-1.5338669338089133,1.1183433891761057,-0.3070688531564563,0.7587909647238514,NA,NA,NA,NA,NA,NA,NA,no data
Short-term psychodynamic psychotherapies individual:SNRIs,Short-term psychodynamic psychotherapies individual,SNRIs,NA,NA,NA,NA,NA,NA,NA,NA,NA,NA,NA,0.001554605791635577,0.34501206190540573,-0.6746566097748631,0.6777658213581342,0.004505946206778747,0.9964047872557381,0.001554605791635577,0.34501206190540573,-0.6746566097748631,0.6777658213581342,0.004505946206778747,0.9964047872557381,NA,NA,NA,NA,NA,NA,NA,no data
Short-term psychodynamic psychotherapies individual:SSRIs,Short-term psychodynamic psychotherapies individual,SSRIs,0.0356212187118657,0.6384864280161262,-1.2157891848173672,1.2870316222410985,0.05579009537061925,0.9555090254050581,NA,0,NA,NA,NA,-0.2754430766697715,0.3993891708473949,-1.0582314673459798,0.5073453140064368,-0.689660854062108,0.49040748873941137,-0.18795992748260248,0.33860143308248714,-0.8516065414379262,0.4756866864727213,-0.5551067098904254,0.5788216735149805,0.3110642953816372,0.7531112989133555,-1.1650067268387183,1.7871353176019926,0.4130389436866287,0.67957808155184,0.4130389436866287,no
Short-term psychodynamic psychotherapies individual:TAU,Short-term psychodynamic psychotherapies individual,TAU,NA,NA,NA,NA,NA,NA,NA,NA,NA,NA,NA,-0.3643981594996535,0.41257701291217974,-1.1730342456566425,0.4442379266573354,-0.8832245813394807,0.3771149428660277,-0.3643981594996535,0.41257701291217974,-1.1730342456566425,0.4442379266573354,-0.8832245813394807,0.3771149428660277,NA,NA,NA,NA,NA,NA,NA,no data
Short-term psychodynamic psychotherapies individual:TCAs,Short-term psychodynamic psychotherapies individual,TCAs,NA,NA,NA,NA,NA,NA,NA,NA,NA,NA,NA,-0.08242782979359076,0.3417190393422069,-0.7521848397359419,0.5873291801487603,-0.2412152098761031,0.8093883231228742,-0.08242782979359076,0.3417190393422069,-0.7521848397359419,0.5873291801487603,-0.2412152098761031,0.8093883231228742,NA,NA,NA,NA,NA,NA,NA,no data
Short-term psychodynamic psychotherapies individual:Trazodone,Short-term psychodynamic psychotherapies individual,Trazodone,NA,NA,NA,NA,NA,NA,NA,NA,NA,NA,NA,-0.30960877746801074,0.3796905487029834,-1.0537885781961094,0.4345710232600879,-0.8154239775670719,0.4148296640084213,-0.30960877746801074,0.3796905487029834,-1.0537885781961094,0.4345710232600879,-0.8154239775670719,0.4148296640084213,NA,NA,NA,NA,NA,NA,NA,no data
Short-term psychodynamic psychotherapies individual:Waitlist,Short-term psychodynamic psychotherapies individual,Waitlist,NA,NA,NA,NA,NA,NA,NA,NA,NA,NA,NA,-1.383486108394829,0.3833653261429558,-2.134868340556474,-0.6321038762331842,-3.6087930077404318,3.076249334074318e-4,-1.383486108394829,0.3833653261429558,-2.134868340556474,-0.6321038762331842,-3.6087930077404318,3.076249334074318e-4,NA,NA,NA,NA,NA,NA,NA,no data
Short-term psychodynamic psychotherapies individual:Yoga group,Short-term psychodynamic psychotherapies individual,Yoga group,NA,NA,NA,NA,NA,NA,NA,NA,NA,NA,NA,0.17468497512069936,0.5884368531481998,-0.9786300642258567,1.3280000144672555,0.2968627375836781,0.7665713054993563,0.17468497512069936,0.5884368531481998,-0.9786300642258567,1.3280000144672555,0.2968627375836781,0.7665713054993563,NA,NA,NA,NA,NA,NA,NA,no data
Short-term psychodynamic psychotherapies individual:Yoga group + AD,Short-term psychodynamic psychotherapies individual,Yoga group + AD,NA,NA,NA,NA,NA,NA,NA,NA,NA,NA,NA,1.148225484314246,0.8043049273983659,-0.42818320597465376,2.724634174603146,1.4275997139894918,0.15340710599437662,1.148225484314246,0.8043049273983659,-0.42818320597465376,2.724634174603146,1.4275997139894918,0.15340710599437662,NA,NA,NA,NA,NA,NA,NA,no data
Short-term psychodynamic psychotherapies individual + AD:SNRIs,Short-term psychodynamic psychotherapies individual + AD,SNRIs,NA,NA,NA,NA,NA,NA,NA,NA,NA,NA,NA,0.20931637810803938,0.6031373561971354,-0.9728111177690517,1.3914438739851305,0.3470459522318567,0.7285567967095061,0.20931637810803938,0.6031373561971354,-0.9728111177690517,1.3914438739851305,0.3470459522318567,0.7285567967095061,NA,NA,NA,NA,NA,NA,NA,no data
Short-term psychodynamic psychotherapies individual + AD:SSRIs,Short-term psychodynamic psychotherapies individual + AD,SSRIs,NA,NA,NA,NA,NA,NA,NA,NA,NA,NA,NA,0.01980184483380132,0.6004675902484532,-1.1570930059367213,1.196696695604324,0.032977374891470804,0.9736926300473004,0.01980184483380132,0.6004675902484532,-1.1570930059367213,1.196696695604324,0.032977374891470804,0.9736926300473004,NA,NA,NA,NA,NA,NA,NA,no data
Short-term psychodynamic psychotherapies individual + AD:TAU,Short-term psychodynamic psychotherapies individual + AD,TAU,NA,NA,NA,NA,NA,NA,NA,NA,NA,NA,NA,-0.15663638718324968,0.6388545955122019,-1.4087683857450692,1.0954956113785699,-0.24518315792604795,0.8063146164896677,-0.15663638718324968,0.6388545955122019,-1.4087683857450692,1.0954956113785699,-0.24518315792604795,0.8063146164896677,NA,NA,NA,NA,NA,NA,NA,no data
Short-term psychodynamic psychotherapies individual + AD:TCAs,Short-term psychodynamic psychotherapies individual + AD,TCAs,NA,NA,NA,NA,NA,NA,NA,NA,NA,NA,NA,0.12533394252281305,0.6006681367146971,-1.0519539720987743,1.3026218571444004,0.2086575512533698,0.8347155798622263,0.12533394252281305,0.6006681367146971,-1.0519539720987743,1.3026218571444004,0.2086575512533698,0.8347155798622263,NA,NA,NA,NA,NA,NA,NA,no data
Short-term psychodynamic psychotherapies individual + AD:Trazodone,Short-term psychodynamic psychotherapies individual + AD,Trazodone,NA,NA,NA,NA,NA,NA,NA,NA,NA,NA,NA,-0.10184700515160694,0.6239921450909105,-1.3248491361656831,1.1211551258624692,-0.16321840900219772,0.8703464722790898,-0.10184700515160694,0.6239921450909105,-1.3248491361656831,1.1211551258624692,-0.16321840900219772,0.8703464722790898,NA,NA,NA,NA,NA,NA,NA,no data
Short-term psychodynamic psychotherapies individual + AD:Waitlist,Short-term psychodynamic psychotherapies individual + AD,Waitlist,NA,NA,NA,NA,NA,NA,NA,NA,NA,NA,NA,-1.1757243360784253,0.6356076047669574,-2.4214923497214307,0.07004367756458008,-1.849764425819762,0.0643475102379999,-1.1757243360784253,0.6356076047669574,-2.4214923497214307,0.07004367756458008,-1.849764425819762,0.0643475102379999,NA,NA,NA,NA,NA,NA,NA,no data
Short-term psychodynamic psychotherapies individual + AD:Yoga group,Short-term psychodynamic psychotherapies individual + AD,Yoga group,NA,NA,NA,NA,NA,NA,NA,NA,NA,NA,NA,0.38244674743710316,0.7725377722293293,-1.1316994628291894,1.8965929577033958,0.4950524895805006,0.6205630694164566,0.38244674743710316,0.7725377722293293,-1.1316994628291894,1.8965929577033958,0.4950524895805006,0.6205630694164566,NA,NA,NA,NA,NA,NA,NA,no data
Short-term psychodynamic psychotherapies individual + AD:Yoga group + AD,Short-term psychodynamic psychotherapies individual + AD,Yoga group + AD,NA,NA,NA,NA,NA,NA,NA,NA,NA,NA,NA,1.35598725663065,0.900371194488662,-0.4087078572844356,3.1206823705457354,1.506031362321338,0.1320591228452727,1.35598725663065,0.900371194488662,-0.4087078572844356,3.1206823705457354,1.506031362321338,0.1320591228452727,NA,NA,NA,NA,NA,NA,NA,no data
SNRIs:SSRIs,SNRIs,SSRIs,-0.32138660712215783,0.10174009230766022,-0.5207935238289524,-0.12197969041536325,-3.1588983244706568,0.0015836673030424995,NA,894.472096136454,0.570234744628332,0.7551388909520764,0.9619887527549957,-0.024081429095007413,0.11395330320658952,-0.24742579929929545,0.19926294110928064,-0.21132717014222427,0.8326319829359509,-0.18951453327423806,0.07589306634394134,-0.33826220998467194,-0.04076685656380416,-2.497125790324155,0.012520453409247175,-0.2973051780271504,0.15276256640441777,-0.5967143063657177,0.0021039503114168023,-1.9461913021287955,0.051631764339440805,-1.9461913021287955,no
SNRIs:TAU,SNRIs,TAU,NA,NA,NA,NA,NA,NA,NA,NA,NA,NA,NA,-0.36595276529128906,0.28366737143086795,-0.9219305968849364,0.19002506630235827,-1.290077048500006,0.19702390784347212,-0.36595276529128906,0.28366737143086795,-0.9219305968849364,0.19002506630235827,-1.290077048500006,0.19702390784347212,NA,NA,NA,NA,NA,NA,NA,no data
SNRIs:TCAs,SNRIs,TCAs,0.07580237533103726,0.22868687430760878,-0.3724156620489141,0.5240204127109885,0.3314679758536329,0.7402910265993882,NA,9.715476745809761,0.021054806734917005,0.14510274544238302,0.3824286592433284,-0.11736089149139321,0.10452173573096174,-0.32221972912569147,0.08749794614290506,-1.1228371847314071,0.2615066495507114,-0.08398243558522633,0.09506312547575993,-0.2703027377755278,0.10233786660507518,-0.8834386116059371,0.376999336765297,0.19316326682243046,0.2514408075885795,-0.2996516602948508,0.6859781939397117,0.7682256061573515,0.44235316331600194,0.7682256061573515,no
SNRIs:Trazodone,SNRIs,Trazodone,-0.3737639768479396,0.4203463274598849,-1.197627639702994,0.4500996860071146,-0.8891810215318443,0.37390580075310603,NA,0.9594480169112158,0,0,0,-0.2964822262908702,0.20356268602100377,-0.6954577594882726,0.10249330690653224,-1.4564664678293686,0.14526371275390348,-0.3111633832596463,0.18320989377846392,-0.6702481766768444,0.0479214101575518,-1.698398360712456,0.08943260129580112,-0.07728175055706943,0.4670426127764988,-0.9926684508444933,0.8381049497303544,-0.16547044839793296,0.8685737079433191,-0.16547044839793296,no
SNRIs:Waitlist,SNRIs,Waitlist,NA,NA,NA,NA,NA,NA,NA,NA,NA,NA,NA,-1.3850407141864647,0.2589982335474029,-1.892667923998868,-0.8774135043740615,-5.34768401782543,8.908681822794514e-8,-1.3850407141864647,0.2589982335474029,-1.892667923998868,-0.8774135043740615,-5.34768401782543,8.908681822794514e-8,NA,NA,NA,NA,NA,NA,NA,no data
SNRIs:Yoga group,SNRIs,Yoga group,NA,NA,NA,NA,NA,NA,NA,NA,NA,NA,NA,0.17313036932906378,0.5024987016393352,-0.8117489881621712,1.158009726820299,0.3445389386365556,0.7304410176686997,0.17313036932906378,0.5024987016393352,-0.8117489881621712,1.158009726820299,0.3445389386365556,0.7304410176686997,NA,NA,NA,NA,NA,NA,NA,no data
SNRIs:Yoga group + AD,SNRIs,Yoga group + AD,NA,NA,NA,NA,NA,NA,NA,NA,NA,NA,NA,1.1466708785226105,0.7468198022988594,-0.31706903692447685,2.610410793969698,1.5354050267453143,0.12468436974620346,1.1466708785226105,0.7468198022988594,-0.31706903692447685,2.610410793969698,1.5354050267453143,0.12468436974620346,NA,NA,NA,NA,NA,NA,NA,no data
SSRIs:TAU,SSRIs,TAU,0.16210296808748964,0.657136060263912,-1.12586004297232,1.4500659791472994,0.2466809811386512,0.8051551266318658,NA,0,NA,NA,NA,-0.24929451182418966,0.30484777582068895,-0.8467851731998801,0.34819614955150086,-0.8177671992293766,0.4134901308622499,-0.176438232017051,0.27654001492085445,-0.7184467015460948,0.3655702375119928,-0.638020620876684,0.5234602568955375,0.4113974799116793,0.7244031806404475,-1.0084066644298604,1.831201624253219,0.567912304785798,0.5700945163050717,0.567912304785798,no
SSRIs:TCAs,SSRIs,TCAs,0.024310857328386337,0.10160320610294132,-0.17482776734717884,0.2234494820039515,0.2392725412990935,0.810894255946158,NA,71.41532151647242,0.03540763181904892,0.18816915745958188,0.49590649127447595,0.19837447432687366,0.10862898666461403,-0.014534427212851586,0.4112833758665989,1.8261651923472677,0.06782538268570988,0.10553209768901173,0.07420386644932091,-0.03990480806527727,0.25096900344330075,1.422191359274885,0.1549707065108199,-0.17406361699848732,0.1487395987428286,-0.46558787360937043,0.11746063961239578,-1.1702574060283977,0.24189739728223955,-1.1702574060283977,no
SSRIs:Trazodone,SSRIs,Trazodone,-0.0333929001457235,0.24968104144159295,-0.5227587489936983,0.4559729487022513,-0.13374223350287887,0.8936064076390792,NA,12.87764455432788,0.056458357963126,0.23760967565132107,0.6117302369306649,-0.20591492535460695,0.24397198190683012,-0.6840912231288516,0.27226137241963766,-0.8440105447569112,0.39866351319491317,-0.12164884998540826,0.1744976879551378,-0.46365803376298703,0.22036033379217052,-0.6971373168949,0.485716862551625,0.17252202520888346,0.3490887428876862,-0.5116793382593443,0.8567233886771113,0.49420678473264235,0.6211601486386036,0.49420678473264235,no
SSRIs:Waitlist,SSRIs,Waitlist,NA,NA,NA,NA,NA,NA,NA,NA,NA,NA,NA,-1.1955261809122266,0.25102485484273185,-1.6875258556283759,-0.7035265061960774,-4.7625809072222305,1.9113252532621654e-6,-1.1955261809122266,0.25102485484273185,-1.6875258556283759,-0.7035265061960774,-4.7625809072222305,1.9113252532621654e-6,NA,NA,NA,NA,NA,NA,NA,no data
SSRIs:Yoga group,SSRIs,Yoga group,NA,NA,NA,NA,NA,NA,NA,NA,NA,NA,NA,0.36264490260330184,0.49870343484720986,-0.6147958686636467,1.3400856738702505,0.7271754659448196,0.46711847353627045,0.36264490260330184,0.49870343484720986,-0.6147958686636467,1.3400856738702505,0.7271754659448196,0.46711847353627045,NA,NA,NA,NA,NA,NA,NA,no data
SSRIs:Yoga group + AD,SSRIs,Yoga group + AD,NA,NA,NA,NA,NA,NA,NA,NA,NA,NA,NA,1.3361854117968486,0.7446538052422379,-0.12330922742864114,2.7956800510223383,1.7943712936002305,0.07275392564949032,1.3361854117968486,0.7446538052422379,-0.12330922742864114,2.7956800510223383,1.7943712936002305,0.07275392564949032,NA,NA,NA,NA,NA,NA,NA,no data
TAU:TCAs,TAU,TCAs,-0.16305781697492186,0.6342661101536327,-1.4061965494903563,1.0800809155405124,-0.25708108058213264,0.7971161823394385,NA,0,NA,NA,NA,0.38778102377672335,0.3092733857143097,-0.21838367360008798,0.9939457211535347,1.253845438013004,0.20989819003821997,0.28197032970606273,0.2779866953379901,-0.2628735813377062,0.8268142407498317,1.01433030585593,0.31042516772922946,-0.5508388407516452,0.7056511359025877,-1.9338896527704956,0.8322119712672053,-0.780610719271465,0.4350314852935107,-0.780610719271465,no
TAU:Trazodone,TAU,Trazodone,NA,NA,NA,NA,NA,NA,NA,NA,NA,NA,NA,0.05478938203164274,0.32502823922256313,-0.5822542608030499,0.6918330248663354,0.1685680670783984,0.8661363998467303,0.05478938203164274,0.32502823922256313,-0.5822542608030499,0.6918330248663354,0.1685680670783984,0.8661363998467303,NA,NA,NA,NA,NA,NA,NA,no data
TAU:Waitlist,TAU,Waitlist,NA,NA,NA,NA,NA,NA,NA,NA,NA,NA,NA,-1.0190879488951756,0.33644953819969103,-1.678516926381703,-0.3596589714086482,-3.028947384942826,0.0024540741892798406,-1.0190879488951756,0.33644953819969103,-1.678516926381703,-0.3596589714086482,-3.028947384942826,0.0024540741892798406,NA,NA,NA,NA,NA,NA,NA,no data
TAU:Yoga group,TAU,Yoga group,NA,NA,NA,NA,NA,NA,NA,NA,NA,NA,NA,0.5390831346203528,0.5564504028876996,-0.5515396142223412,1.629705883463047,0.9687891891582442,0.33265038162754945,0.5390831346203528,0.5564504028876996,-0.5515396142223412,1.629705883463047,0.9687891891582442,0.33265038162754945,NA,NA,NA,NA,NA,NA,NA,no data
TAU:Yoga group + AD,TAU,Yoga group + AD,NA,NA,NA,NA,NA,NA,NA,NA,NA,NA,NA,1.5126236438138996,0.7706415931420478,0.0021938762669166945,3.0230534113608822,1.9628108024206872,0.049668162141548934,1.5126236438138996,0.7706415931420478,0.0021938762669166945,3.0230534113608822,1.9628108024206872,0.049668162141548934,NA,NA,NA,NA,NA,NA,NA,no data
TCAs:Trazodone,TCAs,Trazodone,-0.6387070219585798,0.4486961608142616,-1.5181353371559245,0.24072129323876512,-1.423473338393402,0.15459898567909036,NA,0.17958439045888988,0,0,0,-0.1447925737097147,0.2007643701940302,-0.5382835086688805,0.2486983612494511,-0.7212065246924982,0.4707824580110009,-0.22718094767442,0.1832565280003412,-0.5863571424869447,0.13199524713810468,-1.2396881581975459,0.2150907588007628,-0.49391444824886505,0.49156340086387973,-1.4573610100600944,0.4695321135623643,-1.0047827958323454,0.3150014498094972,-1.0047827958323454,no
TCAs:Waitlist,TCAs,Waitlist,NA,NA,NA,NA,NA,NA,NA,NA,NA,NA,NA,-1.3010582786012383,0.25285883212323057,-1.7966524827356298,-0.8054640744668469,-5.145393845555565,2.669601296705645e-7,-1.3010582786012383,0.25285883212323057,-1.7966524827356298,-0.8054640744668469,-5.145393845555565,2.669601296705645e-7,NA,NA,NA,NA,NA,NA,NA,no data
TCAs:Yoga group,TCAs,Yoga group,0.05389191363663416,0.6801269582643358,-1.27913242947624,1.3869162567495086,0.0792380201693001,0.9368433039268858,NA,0,NA,NA,NA,0.48880564068991145,0.726209817949113,-0.9345394477097388,1.9121507290895619,0.6730914793610833,0.5008890943327384,0.2571128049142901,0.49641481512501945,-0.715842354122857,1.2300679639514374,0.5179394270284573,0.6045005322933411,-0.4349137270532773,0.9949640089187052,-2.385007350447528,1.5151798963409735,-0.43711503446835986,0.6620279244739603,-0.43711503446835986,no
TCAs:Yoga group + AD,TCAs,Yoga group + AD,NA,NA,NA,NA,NA,NA,NA,NA,NA,NA,NA,1.2306533141078368,0.7451053226848087,-0.2297262830434832,2.691032911259157,1.6516501448056662,0.09860589140275143,1.2306533141078368,0.7451053226848087,-0.2297262830434832,2.691032911259157,1.6516501448056662,0.09860589140275143,NA,NA,NA,NA,NA,NA,NA,no data
Trazodone:Waitlist,Trazodone,Waitlist,NA,NA,NA,NA,NA,NA,NA,NA,NA,NA,NA,-1.0738773309268184,0.30367841408920804,-1.669076085423907,-0.4786785764297298,-3.5362320175030884,4.058780564752786e-4,-1.0738773309268184,0.30367841408920804,-1.669076085423907,-0.4786785764297298,-3.5362320175030884,4.058780564752786e-4,NA,NA,NA,NA,NA,NA,NA,no data
Trazodone:Yoga group,Trazodone,Yoga group,NA,NA,NA,NA,NA,NA,NA,NA,NA,NA,NA,0.4842937525887101,0.5266397522699423,-0.5479011946874728,1.516488699864893,0.9195920940287723,0.3577859597095337,0.4842937525887101,0.5266397522699423,-0.5479011946874728,1.516488699864893,0.9195920940287723,0.3577859597095337,NA,NA,NA,NA,NA,NA,NA,no data
Trazodone:Yoga group + AD,Trazodone,Yoga group + AD,NA,NA,NA,NA,NA,NA,NA,NA,NA,NA,NA,1.4578342617822568,0.7638663445274824,-0.03931626249387277,2.9549847860583864,1.9084939037130295,0.056327410352542864,1.4578342617822568,0.7638663445274824,-0.03931626249387277,2.9549847860583864,1.9084939037130295,0.056327410352542864,NA,NA,NA,NA,NA,NA,NA,no data
Waitlist:Yoga group,Waitlist,Yoga group,1.7596794801230073,0.6772552607012366,0.4322835608082989,3.087075399437716,2.5982514750804864,0.009369984479470767,NA,0,NA,NA,NA,1.3247657530697323,0.7288886683822718,-0.10382978569887902,2.7533612918383437,1.817514540334365,0.06913836394820638,1.5581710835155285,0.4961422530890225,0.5857501362524882,2.5305920307785685,3.140573240465264,0.001686175403455879,0.434913727053275,0.9949640089187053,-1.515179896340976,2.385007350447526,0.4371150344683575,0.662027924473962,0.4371150344683575,no
Waitlist:Yoga group + AD,Waitlist,Yoga group + AD,NA,NA,NA,NA,NA,NA,NA,NA,NA,NA,NA,2.531711592709075,0.7698678575744051,1.0227983190082297,4.040624866409921,3.28850148476863,0.0010072225321356653,2.531711592709075,0.7698678575744051,1.0227983190082297,4.040624866409921,3.28850148476863,0.0010072225321356653,NA,NA,NA,NA,NA,NA,NA,no data
Yoga group:Yoga group + AD,Yoga group,Yoga group + AD,NA,NA,NA,NA,NA,NA,NA,NA,NA,NA,NA,0.9735405091935467,0.8878863685934801,-0.7666847956137293,2.7137658140008227,1.0964697101226513,0.27287327181689,0.9735405091935467,0.8878863685934801,-0.7666847956137293,2.7137658140008227,1.0964697101226513,0.27287327181689,NA,NA,NA,NA,NA,NA,NA,no data
